20251125  10:15,379.9,380.35,377.6,378.35,235
20251125  10:16,378.6,379.2,378.4,378.4,29
20251125  10:17,378.6,380.1,378.6,379.7,45
20251125  10:18,379.95,380.2,379.55,379.55,41
20251125  10:19,379.45,379.75,378.85,378.85,30
20251125  10:20,378.7,379.55,378.7,379.55,21
20251125  10:21,379.35,379.65,379.35,379.65,9
20251125  10:22,379.45,379.55,379.45,379.55,2
20251125  10:23,379.6,380.15,379.6,379.7,22
20251125  10:24,379.7,379.7,379.7,379.7,0
20251125  10:25,379.7,379.75,379.7,379.75,2
20251125  10:26,379.75,379.75,379.55,379.55,7
20251125  10:27,379.95,380.25,379.85,380.0,34
20251125  10:28,379.75,380.0,379.7,379.9,17
20251125  10:29,379.85,379.85,379.7,379.7,5
20251125  10:30,379.65,379.65,378.75,378.8,23
20251125  10:31,379.3,379.3,378.75,378.75,18
20251125  10:32,379.2,379.2,378.65,378.65,7
20251125  10:33,378.65,378.65,377.9,377.9,9
20251125  10:34,377.75,377.95,377.2,377.85,22
20251125  10:35,377.6,377.8,377.45,377.8,14
20251125  10:36,377.95,378.1,377.85,377.9,13
20251125  10:37,377.85,378.0,377.65,377.65,12
20251125  10:38,377.7,377.7,377.4,377.4,4
20251125  10:39,377.35,377.75,377.1,377.75,21
20251125  10:40,377.5,377.5,377.25,377.45,6
20251125  10:41,377.65,377.75,377.55,377.7,10
20251125  10:42,377.9,378.2,377.9,378.1,20
20251125  10:43,378.0,378.0,378.0,378.0,1
20251125  10:44,378.0,378.15,378.0,378.15,5
20251125  10:45,378.15,378.15,378.05,378.05,2
20251125  10:46,378.05,378.15,378.05,378.15,3
20251125  10:47,378.15,378.15,378.15,378.15,0
20251125  10:48,378.2,378.2,378.0,378.2,5
20251125  10:49,378.05,378.05,378.05,378.05,1
20251125  10:50,378.2,378.2,378.2,378.2,1
20251125  10:51,378.35,378.55,378.35,378.55,4
20251125  10:52,378.5,378.65,378.35,378.35,16
20251125  10:53,378.15,378.15,378.15,378.15,1
20251125  10:54,378.1,378.1,378.1,378.1,2
20251125  10:55,378.05,378.05,378.05,378.05,2
20251125  10:56,377.8,377.95,377.75,377.95,4
20251125  10:57,378.0,378.0,377.8,378.0,4
20251125  10:58,377.85,377.85,377.75,377.75,3
20251125  10:59,377.8,377.8,377.8,377.8,2
20251125  11:00,378.15,378.2,378.15,378.2,2
20251125  11:01,378.2,378.3,377.9,378.15,11
20251125  11:02,377.9,377.9,377.85,377.85,5
20251125  11:03,378.2,378.35,378.2,378.35,3
20251125  11:04,377.9,377.9,377.8,377.8,2
20251125  11:05,378.0,378.0,378.0,378.0,1
20251125  11:06,378.5,378.5,378.5,378.5,2
20251125  11:07,378.45,379.0,378.45,379.0,13
20251125  11:08,378.55,378.55,378.55,378.55,1
20251125  11:09,378.35,378.35,378.0,378.0,8
20251125  11:10,378.0,378.45,378.0,378.45,2
20251125  11:11,378.2,378.4,378.2,378.4,3
20251125  11:12,378.4,378.4,378.4,378.4,1
20251125  11:13,378.2,378.2,378.1,378.15,3
20251125  11:14,378.2,378.2,378.1,378.15,5
20251125  11:15,377.95,378.35,377.95,378.1,6
20251125  11:16,378.1,378.1,378.1,378.1,0
20251125  11:17,378.1,378.1,378.1,378.1,0
20251125  11:18,378.1,378.1,378.1,378.1,1
20251125  11:19,378.1,378.1,378.1,378.1,0
20251125  11:20,378.4,378.4,378.15,378.15,2
20251125  11:21,378.15,378.15,378.15,378.15,0
20251125  11:22,377.9,377.95,377.7,377.9,7
20251125  11:23,377.9,377.9,377.9,377.9,0
20251125  11:24,377.85,377.85,377.85,377.85,1
20251125  11:25,377.65,377.7,377.4,377.65,14
20251125  11:26,377.5,377.5,376.55,376.75,20
20251125  11:27,376.85,376.9,376.65,376.65,6
20251125  11:28,376.8,376.95,376.75,376.95,8
20251125  11:29,377.0,377.1,377.0,377.1,3
20251125  11:30,377.1,377.1,377.1,377.1,1
20251125  11:31,377.1,377.1,376.6,376.6,4
20251125  11:32,376.6,376.7,376.55,376.7,4
20251125  11:33,376.7,376.95,376.7,376.95,6
20251125  11:34,376.8,376.8,376.55,376.65,24
20251125  11:35,376.8,376.8,376.8,376.8,1
20251125  11:36,376.8,376.8,376.8,376.8,0
20251125  11:37,376.8,376.8,376.8,376.8,0
20251125  11:38,377.0,377.05,376.95,376.95,3
20251125  11:39,376.95,376.95,376.95,376.95,0
20251125  11:40,376.95,376.95,376.95,376.95,0
20251125  11:41,376.95,377.05,376.95,377.05,6
20251125  11:42,377.3,377.4,377.2,377.4,5
20251125  11:43,377.3,377.3,377.25,377.25,2
20251125  11:44,377.25,378.0,377.2,377.4,8
20251125  11:45,377.4,377.45,377.4,377.45,3
20251125  11:46,377.2,377.2,377.1,377.1,6
20251125  11:47,377.1,377.1,377.1,377.1,0
20251125  11:48,377.2,377.3,377.2,377.3,2
20251125  11:49,377.3,377.3,377.3,377.3,0
20251125  11:50,377.25,377.25,377.25,377.25,1
20251125  11:51,377.15,377.15,377.1,377.1,3
20251125  11:52,377.1,377.1,377.1,377.1,0
20251125  11:53,377.1,377.1,377.1,377.1,0
20251125  11:54,377.1,377.1,377.1,377.1,0
20251125  11:55,377.0,377.0,377.0,377.0,1
20251125  11:56,377.0,377.2,377.0,377.15,9
20251125  11:57,377.1,377.1,376.8,377.05,4
20251125  11:58,377.05,377.05,377.05,377.05,0
20251125  11:59,377.05,377.05,376.9,376.9,3
20251125  12:00,376.85,376.85,376.75,376.75,2
20251125  12:01,376.65,376.65,375.15,375.8,62
20251125  12:02,375.75,376.15,375.65,375.65,41
20251125  12:03,375.65,375.65,375.65,375.65,0
20251125  12:04,375.35,375.35,375.35,375.35,5
20251125  12:05,375.5,375.95,375.5,375.9,13
20251125  12:06,375.8,375.8,375.8,375.8,2
20251125  12:07,375.75,375.85,375.75,375.8,4
20251125  12:08,375.45,375.85,375.15,375.85,22
20251125  12:09,375.7,375.7,375.2,375.4,8
20251125  12:10,375.55,375.75,375.55,375.7,3
20251125  12:11,375.75,375.95,375.75,375.95,9
20251125  12:12,375.75,375.95,375.75,375.9,5
20251125  12:13,375.7,375.7,375.4,375.5,20
20251125  12:14,375.15,375.15,375.15,375.15,1
20251125  12:15,375.05,375.25,374.8,375.25,23
20251125  12:16,375.25,375.3,375.25,375.3,4
20251125  12:17,375.4,375.45,375.35,375.35,5
20251125  12:18,375.15,375.15,375.15,375.15,1
20251125  12:19,375.3,375.4,375.3,375.4,5
20251125  12:20,375.3,375.5,375.3,375.5,2
20251125  12:21,375.7,375.7,375.65,375.65,4
20251125  12:22,375.85,375.85,375.85,375.85,1
20251125  12:23,375.85,375.85,375.85,375.85,0
20251125  12:24,375.55,375.95,375.25,375.45,37
20251125  12:25,375.25,375.25,374.95,375.25,12
20251125  12:26,375.2,375.3,375.2,375.2,8
20251125  12:27,375.1,375.15,375.1,375.1,6
20251125  12:28,374.95,374.95,374.15,374.35,42
20251125  12:29,374.35,374.4,373.95,374.05,33
20251125  12:30,374.2,375.0,374.1,374.75,16
20251125  12:31,374.9,375.15,374.9,375.15,9
20251125  12:32,375.2,375.2,374.7,374.8,43
20251125  12:33,374.8,374.9,374.7,374.7,15
20251125  12:34,374.75,374.9,374.75,374.9,3
20251125  12:35,374.85,374.85,374.5,374.5,6
20251125  12:36,374.65,374.75,374.65,374.75,3
20251125  12:37,374.75,374.8,374.6,374.8,7
20251125  12:38,374.65,374.65,374.65,374.65,2
20251125  12:39,374.5,374.6,374.5,374.6,6
20251125  12:40,374.8,374.8,374.1,374.1,16
20251125  12:41,373.95,374.05,373.65,374.05,11
20251125  12:42,374.15,374.15,373.9,373.9,7
20251125  12:43,374.0,374.65,374.0,374.6,17
20251125  12:44,374.45,374.45,374.25,374.25,4
20251125  12:45,374.25,374.25,374.25,374.25,0
20251125  12:46,374.3,374.3,374.15,374.2,11
20251125  12:47,374.2,374.2,374.2,374.2,0
20251125  12:48,374.35,374.55,374.2,374.4,10
20251125  12:49,374.4,374.5,374.4,374.5,3
20251125  12:50,374.5,374.5,374.5,374.5,0
20251125  12:51,374.5,374.5,374.4,374.4,7
20251125  12:52,374.55,374.6,374.2,374.2,12
20251125  12:53,374.2,374.2,374.2,374.2,0
20251125  12:54,374.25,374.35,374.2,374.35,7
20251125  12:55,374.2,374.2,373.95,373.95,6
20251125  12:56,374.35,374.35,374.2,374.2,2
20251125  12:57,374.2,374.2,374.2,374.2,0
20251125  12:58,374.15,374.35,374.15,374.35,6
20251125  12:59,374.35,374.35,374.35,374.35,3
20251125  13:00,374.45,374.45,374.25,374.25,4
20251125  13:01,374.25,374.25,374.25,374.25,0
20251125  13:02,374.6,374.8,374.55,374.8,5
20251125  13:03,375.0,375.4,375.0,375.3,10
20251125  13:04,375.25,375.25,375.25,375.25,1
20251125  13:05,375.25,375.6,375.25,375.6,13
20251125  13:06,375.25,375.3,375.25,375.3,3
20251125  13:07,375.5,375.5,374.9,375.0,16
20251125  13:08,375.0,375.0,375.0,375.0,1
20251125  13:09,375.1,375.1,375.0,375.1,5
20251125  13:10,374.9,374.9,374.9,374.9,1
20251125  13:11,374.8,374.8,374.7,374.7,2
20251125  13:12,374.7,374.9,374.7,374.9,5
20251125  13:13,375.05,375.05,375.05,375.05,1
20251125  13:14,375.2,375.25,375.05,375.05,6
20251125  13:15,375.15,375.15,375.15,375.15,1
20251125  13:16,375.15,375.3,375.1,375.1,3
20251125  13:17,375.25,375.75,375.25,375.6,10
20251125  13:18,375.85,375.95,375.65,375.65,25
20251125  13:19,375.5,375.9,375.5,375.9,14
20251125  13:20,375.85,375.95,375.4,375.65,38
20251125  13:21,375.65,375.65,375.3,375.3,7
20251125  13:22,375.05,375.05,375.0,375.0,5
20251125  13:23,375.15,375.3,375.0,375.3,3
20251125  13:24,375.0,375.0,374.95,374.95,12
20251125  13:25,374.75,375.0,374.75,374.8,6
20251125  13:26,374.8,374.8,374.8,374.8,0
20251125  13:27,374.75,374.95,374.75,374.95,2
20251125  13:28,374.95,374.95,374.95,374.95,0
20251125  13:29,374.95,374.95,374.95,374.95,0
20251125  13:30,374.75,374.75,374.15,374.15,8
20251126  10:15,380.05,381.3,379.05,379.7,92
20251126  10:16,379.25,379.5,379.05,379.4,12
20251126  10:17,380.0,381.0,380.0,380.55,21
20251126  10:18,380.5,380.5,380.4,380.5,9
20251126  10:19,380.45,380.45,380.3,380.3,5
20251126  10:20,380.8,381.25,380.8,381.0,16
20251126  10:21,380.9,381.5,380.85,381.3,31
20251126  10:22,381.05,381.05,380.5,380.65,8
20251126  10:23,380.45,380.7,380.45,380.7,7
20251126  10:24,380.6,380.75,380.45,380.75,8
20251126  10:25,380.75,380.8,380.7,380.8,12
20251126  10:26,380.8,380.8,380.55,380.6,11
20251126  10:27,380.95,381.05,380.95,381.05,3
20251126  10:28,381.15,381.75,381.15,381.75,5
20251126  10:29,381.75,381.95,381.2,381.6,32
20251126  10:30,381.65,382.1,381.65,381.85,28
20251126  10:31,381.75,381.75,381.35,381.35,3
20251126  10:32,381.3,381.3,381.0,381.2,17
20251126  10:33,381.2,381.2,381.2,381.2,0
20251126  10:34,381.0,381.0,381.0,381.0,2
20251126  10:35,381.2,381.2,381.2,381.2,1
20251126  10:36,381.25,381.25,381.0,381.0,5
20251126  10:37,381.1,381.1,381.1,381.1,1
20251126  10:38,381.55,381.55,381.45,381.45,3
20251126  10:39,381.3,381.5,381.25,381.5,5
20251126  10:40,381.4,381.95,381.4,381.75,16
20251126  10:41,381.6,381.6,381.4,381.4,2
20251126  10:42,381.4,381.7,381.4,381.65,19
20251126  10:43,381.85,382.25,381.85,381.95,20
20251126  10:44,382.1,382.1,382.1,382.1,5
20251126  10:45,382.15,382.15,381.8,381.85,5
20251126  10:46,381.95,382.5,381.95,382.5,15
20251126  10:47,382.45,382.7,382.45,382.7,10
20251126  10:48,382.55,382.55,382.4,382.5,6
20251126  10:49,382.5,382.5,382.5,382.5,0
20251126  10:50,382.15,382.35,382.15,382.35,4
20251126  10:51,382.35,382.35,381.85,381.85,28
20251126  10:52,382.15,382.15,381.95,381.95,6
20251126  10:53,382.15,382.65,382.05,382.65,11
20251126  10:54,382.4,382.4,382.25,382.25,4
20251126  10:55,382.3,382.3,382.1,382.1,2
20251126  10:56,382.1,382.1,382.1,382.1,2
20251126  10:57,382.1,382.1,381.8,381.8,10
20251126  10:58,381.7,381.7,381.05,381.2,16
20251126  10:59,381.45,381.65,381.45,381.65,4
20251126  11:00,381.65,381.95,381.65,381.95,15
20251126  11:01,381.75,381.75,381.6,381.65,6
20251126  11:02,381.5,381.5,381.5,381.5,1
20251126  11:03,381.65,381.85,381.65,381.85,4
20251126  11:04,382.0,382.0,382.0,382.0,1
20251126  11:05,382.05,382.15,381.7,381.7,6
20251126  11:06,381.65,381.8,381.5,381.8,5
20251126  11:07,381.65,381.65,381.2,381.25,12
20251126  11:08,381.35,381.35,381.35,381.35,1
20251126  11:09,381.5,381.55,381.5,381.55,2
20251126  11:10,381.8,381.8,381.6,381.6,2
20251126  11:11,381.7,381.7,381.7,381.7,1
20251126  11:12,381.7,381.7,381.7,381.7,0
20251126  11:13,381.6,381.75,381.5,381.5,9
20251126  11:14,381.45,381.45,381.45,381.45,1
20251126  11:15,381.4,381.45,381.3,381.3,6
20251126  11:16,381.1,381.15,380.9,380.9,24
20251126  11:17,380.75,380.75,380.7,380.7,4
20251126  11:18,380.65,381.05,380.65,381.0,7
20251126  11:19,380.8,380.9,380.8,380.9,8
20251126  11:20,380.85,380.85,380.85,380.85,1
20251126  11:21,381.2,381.3,381.2,381.3,3
20251126  11:22,381.4,381.4,381.3,381.3,2
20251126  11:23,381.45,381.45,381.45,381.45,1
20251126  11:24,381.2,381.2,381.2,381.2,1
20251126  11:25,381.15,381.2,381.15,381.2,3
20251126  11:26,381.15,381.15,381.15,381.15,1
20251126  11:27,381.4,381.4,381.4,381.4,1
20251126  11:28,381.4,381.4,381.4,381.4,0
20251126  11:29,381.1,381.1,381.0,381.0,2
20251126  11:30,381.0,381.0,381.0,381.0,1
20251126  11:31,381.1,381.1,381.0,381.0,5
20251126  11:32,381.05,381.05,381.0,381.0,2
20251126  11:33,380.85,381.2,380.85,381.2,13
20251126  11:34,381.2,381.5,381.2,381.5,6
20251126  11:35,381.5,381.5,381.5,381.5,1
20251126  11:36,381.35,381.4,381.35,381.4,2
20251126  11:37,381.55,381.55,381.55,381.55,2
20251126  11:38,381.55,381.55,381.55,381.55,0
20251126  11:39,381.7,381.7,381.6,381.6,3
20251126  11:40,381.45,381.5,381.45,381.5,2
20251126  11:41,381.45,381.45,381.4,381.4,2
20251126  11:42,381.3,381.3,381.3,381.3,1
20251126  11:43,381.3,381.3,381.3,381.3,0
20251126  11:44,381.5,381.8,381.5,381.8,8
20251126  11:45,381.7,381.85,381.6,381.75,15
20251126  11:46,381.35,381.5,381.3,381.5,5
20251126  11:47,381.55,381.55,381.25,381.25,4
20251126  11:48,381.25,381.25,381.25,381.25,0
20251126  11:49,381.15,381.15,381.15,381.15,1
20251126  11:50,381.15,381.15,381.15,381.15,0
20251126  11:51,381.6,381.6,381.6,381.6,1
20251126  11:52,381.6,381.6,381.6,381.6,0
20251126  11:53,381.55,381.55,381.5,381.55,3
20251126  11:54,381.5,381.8,381.5,381.8,15
20251126  11:55,381.45,381.45,381.45,381.45,1
20251126  11:56,381.45,381.45,381.45,381.45,0
20251126  11:57,381.1,381.1,380.3,380.3,14
20251126  11:58,380.55,380.55,380.0,380.0,30
20251126  11:59,380.35,380.4,380.2,380.25,6
20251126  12:00,380.1,380.2,380.0,380.15,9
20251126  12:01,380.0,380.3,380.0,380.15,10
20251126  12:02,380.0,380.1,379.85,380.0,22
20251126  12:03,380.0,380.25,380.0,380.2,6
20251126  12:04,380.05,380.05,380.0,380.0,2
20251126  12:05,380.05,380.05,379.5,379.8,14
20251126  12:06,379.75,379.75,379.5,379.65,15
20251126  12:07,379.7,379.7,378.8,379.5,32
20251126  12:08,379.35,379.35,379.0,379.0,4
20251126  12:09,379.0,379.75,379.0,379.75,9
20251126  12:10,379.8,380.4,379.8,380.4,19
20251126  12:11,380.45,380.45,380.05,380.15,13
20251126  12:12,380.15,380.15,380.15,380.15,0
20251126  12:13,380.05,380.2,380.05,380.05,3
20251126  12:14,379.75,379.75,379.55,379.6,8
20251126  12:15,379.7,379.75,379.65,379.75,4
20251126  12:16,379.75,379.75,379.75,379.75,1
20251126  12:17,379.85,379.85,379.35,379.35,7
20251126  12:18,379.85,379.95,379.65,379.65,5
20251126  12:19,379.55,379.65,379.55,379.65,3
20251126  12:20,379.65,379.65,379.4,379.6,8
20251126  12:21,379.45,379.45,379.1,379.2,17
20251126  12:22,379.05,379.2,378.85,379.2,26
20251126  12:23,379.25,379.25,378.8,378.9,8
20251126  12:24,378.9,379.5,378.7,379.3,22
20251126  12:25,379.3,379.3,379.2,379.3,3
20251126  12:26,379.35,379.55,379.3,379.55,9
20251126  12:27,379.5,380.2,379.5,379.95,24
20251126  12:28,379.95,379.95,379.95,379.95,0
20251126  12:29,379.75,379.85,379.75,379.85,3
20251126  12:30,379.6,379.6,379.4,379.5,20
20251126  12:31,379.35,379.7,379.35,379.7,5
20251126  12:32,379.85,380.2,379.85,380.0,6
20251126  12:33,380.0,380.0,380.0,380.0,6
20251126  12:34,379.85,379.85,379.85,379.85,1
20251126  12:35,379.85,379.85,379.85,379.85,0
20251126  12:36,380.15,380.15,380.15,380.15,2
20251126  12:37,380.1,380.1,380.1,380.1,1
20251126  12:38,380.05,380.05,380.05,380.05,1
20251126  12:39,380.05,380.05,380.05,380.05,0
20251126  12:40,380.0,380.0,379.9,380.0,7
20251126  12:41,379.8,379.8,379.8,379.8,1
20251126  12:42,379.8,379.95,379.8,379.95,2
20251126  12:43,379.85,379.85,379.85,379.85,1
20251126  12:44,379.8,379.8,379.4,379.4,23
20251126  12:45,379.35,380.0,379.3,380.0,28
20251126  12:46,379.6,379.8,379.55,379.8,8
20251126  12:47,379.8,379.8,379.6,379.6,2
20251126  12:48,379.75,379.75,379.6,379.6,4
20251126  12:49,379.55,379.55,379.5,379.5,2
20251126  12:50,379.6,379.6,379.25,379.25,4
20251126  12:51,379.2,379.2,379.2,379.2,4
20251126  12:52,378.95,379.15,378.95,378.95,6
20251126  12:53,378.9,379.0,378.5,378.7,22
20251126  12:54,378.7,379.55,378.7,379.4,25
20251126  12:55,379.4,379.4,379.4,379.4,1
20251126  12:56,379.75,379.75,379.55,379.55,6
20251126  12:57,379.45,379.45,379.45,379.45,2
20251126  12:58,379.65,379.65,379.65,379.65,1
20251126  12:59,379.8,379.8,379.65,379.7,8
20251126  13:00,379.8,379.8,379.3,379.3,7
20251126  13:01,379.3,379.35,379.2,379.35,5
20251126  13:02,379.2,379.2,379.0,379.0,5
20251126  13:03,378.75,378.9,378.75,378.85,7
20251126  13:04,379.0,379.15,379.0,379.05,7
20251126  13:05,379.2,379.45,379.05,379.05,10
20251126  13:06,379.25,379.7,379.25,379.4,10
20251126  13:07,379.3,379.6,379.3,379.6,5
20251126  13:08,379.8,379.9,379.7,379.9,9
20251126  13:09,380.0,380.1,379.85,380.1,7
20251126  13:10,380.05,380.05,379.95,379.95,2
20251126  13:11,379.8,379.95,379.8,379.95,4
20251126  13:12,379.7,379.85,379.7,379.7,3
20251126  13:13,379.6,379.6,379.6,379.6,1
20251126  13:14,379.6,379.6,379.6,379.6,0
20251126  13:15,379.6,379.85,379.6,379.7,9
20251126  13:16,379.65,379.8,379.45,379.45,5
20251126  13:17,379.6,379.6,379.55,379.55,2
20251126  13:18,379.55,380.05,379.55,379.9,13
20251126  13:19,379.5,379.6,379.5,379.5,3
20251126  13:20,379.55,379.55,379.55,379.55,1
20251126  13:21,379.55,379.55,379.55,379.55,0
20251126  13:22,379.65,379.7,379.65,379.7,2
20251126  13:23,379.55,379.8,379.55,379.8,4
20251126  13:24,380.0,380.0,379.85,380.0,10
20251126  13:25,380.0,380.1,380.0,380.0,6
20251126  13:26,380.05,380.3,380.05,380.25,6
20251126  13:27,380.4,380.4,380.2,380.2,3
20251126  13:28,380.6,380.6,380.6,380.6,1
20251126  13:29,380.65,380.65,380.6,380.6,2
20251126  13:30,380.3,380.35,380.2,380.35,6
20251128  10:15,380.3,381.0,379.65,380.9,170
20251128  10:16,380.35,380.45,380.15,380.45,10
20251128  10:17,380.6,380.95,380.4,380.4,10
20251128  10:18,379.95,380.1,379.75,380.0,9
20251128  10:19,379.75,380.4,379.65,380.0,18
20251128  10:20,379.85,380.05,379.85,380.05,4
20251128  10:21,380.25,380.3,380.0,380.3,5
20251128  10:22,380.15,380.25,379.85,379.95,6
20251128  10:23,379.95,380.4,379.95,380.15,14
20251128  10:24,380.15,380.15,380.15,380.15,0
20251128  10:25,380.05,380.2,379.9,380.2,8
20251128  10:26,380.75,381.05,380.75,380.75,35
20251128  10:27,380.6,380.6,380.55,380.55,10
20251128  10:28,380.6,380.6,380.55,380.55,3
20251128  10:29,380.55,380.6,380.55,380.55,21
20251128  10:30,380.6,381.1,380.6,380.95,20
20251128  10:31,381.0,381.0,381.0,381.0,1
20251128  10:32,381.25,381.25,381.15,381.15,3
20251128  10:33,381.15,381.4,381.05,381.4,7
20251128  10:34,381.4,381.4,381.4,381.4,1
20251128  10:35,381.4,381.4,381.4,381.4,1
20251128  10:36,381.15,381.15,380.85,381.0,10
20251128  10:37,381.4,381.4,381.4,381.4,1
20251128  10:38,381.55,381.6,381.35,381.55,14
20251128  10:39,381.35,381.35,381.2,381.2,10
20251128  10:40,381.15,381.15,381.1,381.15,6
20251128  10:41,381.35,381.85,381.35,381.85,5
20251128  10:42,381.7,381.7,381.7,381.7,1
20251128  10:43,381.65,381.8,381.65,381.8,4
20251128  10:44,381.7,382.05,381.4,381.4,21
20251128  10:45,381.55,381.65,381.55,381.65,2
20251128  10:46,381.65,383.0,381.65,382.45,53
20251128  10:47,382.25,382.3,382.0,382.3,9
20251128  10:48,382.05,382.15,381.85,382.15,9
20251128  10:49,382.05,382.35,382.05,382.35,11
20251128  10:50,382.35,382.35,382.35,382.35,0
20251128  10:51,382.45,382.45,382.4,382.4,5
20251128  10:52,382.4,383.4,382.4,383.35,38
20251128  10:53,383.35,383.9,383.35,383.5,38
20251128  10:54,383.7,383.95,383.65,383.65,19
20251128  10:55,383.75,383.75,383.55,383.6,12
20251128  10:56,383.75,383.9,383.35,383.35,12
20251128  10:57,383.55,384.6,383.45,384.55,50
20251128  10:58,384.3,384.4,383.85,383.9,14
20251128  10:59,383.85,383.85,383.7,383.7,4
20251128  11:00,384.1,384.85,384.1,384.5,33
20251128  11:01,384.6,384.8,384.5,384.65,15
20251128  11:02,384.45,384.45,384.4,384.4,2
20251128  11:03,384.6,384.7,384.3,384.7,6
20251128  11:04,384.25,384.25,384.25,384.25,2
20251128  11:05,384.3,384.75,384.2,384.75,16
20251128  11:06,384.8,385.0,384.4,384.6,126
20251128  11:07,384.4,384.55,384.25,384.55,15
20251128  11:08,384.3,384.35,384.05,384.05,39
20251128  11:09,384.0,384.0,384.0,384.0,4
20251128  11:10,384.4,384.4,384.25,384.25,3
20251128  11:11,384.5,384.5,384.35,384.35,3
20251128  11:12,384.8,384.9,384.8,384.8,11
20251128  11:13,384.75,384.85,384.3,384.3,19
20251128  11:14,384.05,384.1,383.95,384.1,8
20251128  11:15,384.1,384.1,383.9,383.9,3
20251128  11:16,384.0,384.0,384.0,384.0,1
20251128  11:17,383.8,383.8,383.4,383.55,20
20251128  11:18,383.4,383.4,383.35,383.35,2
20251128  11:19,383.3,383.5,383.2,383.35,15
20251128  11:20,383.2,383.25,383.2,383.2,3
20251128  11:21,383.25,383.25,383.0,383.25,21
20251128  11:22,383.25,383.25,383.25,383.25,0
20251128  11:23,383.4,383.4,383.0,383.0,7
20251128  11:24,383.0,383.1,383.0,383.05,3
20251128  11:25,382.95,382.95,382.95,382.95,2
20251128  11:26,383.05,383.15,382.75,382.85,13
20251128  11:27,382.9,383.0,382.9,383.0,2
20251128  11:28,383.0,383.0,383.0,383.0,0
20251128  11:29,383.0,383.0,382.8,382.8,2
20251128  11:30,382.8,382.8,382.8,382.8,0
20251128  11:31,383.0,383.2,383.0,383.2,3
20251128  11:32,383.2,383.2,383.2,383.2,0
20251128  11:33,383.05,383.1,383.05,383.1,4
20251128  11:34,383.1,383.1,383.1,383.1,0
20251128  11:35,382.65,382.65,382.65,382.65,1
20251128  11:36,382.65,382.65,382.65,382.65,0
20251128  11:37,382.65,382.65,382.65,382.65,0
20251128  11:38,382.65,382.65,382.65,382.65,0
20251128  11:39,382.6,382.6,382.6,382.6,1
20251128  11:40,382.6,382.6,382.6,382.6,5
20251128  11:41,382.6,382.6,382.6,382.6,0
20251128  11:42,382.7,382.7,382.7,382.7,1
20251128  11:43,382.7,382.7,382.7,382.7,0
20251128  11:44,382.65,382.85,382.65,382.85,5
20251128  11:45,382.65,382.65,382.65,382.65,1
20251128  11:46,382.5,382.5,382.5,382.5,1
20251128  11:47,382.45,382.45,382.45,382.45,6
20251128  11:48,382.45,382.45,382.45,382.45,0
20251128  11:49,382.45,382.45,382.45,382.45,0
20251128  11:50,382.45,382.45,382.45,382.45,0
20251128  11:51,382.45,382.45,382.45,382.45,0
20251128  11:52,382.6,382.6,382.6,382.6,1
20251128  11:53,382.6,382.6,382.6,382.6,0
20251128  11:54,382.75,382.75,382.75,382.75,5
20251128  11:55,382.75,382.75,382.75,382.75,0
20251128  11:56,382.75,382.75,382.75,382.75,0
20251128  11:57,382.3,382.3,382.2,382.25,5
20251128  11:58,382.15,382.15,382.15,382.15,1
20251128  11:59,382.05,382.1,382.05,382.1,2
20251128  12:00,382.0,382.0,381.65,381.65,29
20251128  12:01,381.6,381.75,380.75,380.75,25
20251128  12:02,380.7,380.75,380.2,380.6,21
20251128  12:03,381.0,381.0,381.0,381.0,1
20251128  12:04,381.0,381.0,381.0,381.0,0
20251128  12:05,381.0,381.0,381.0,381.0,0
20251128  12:06,380.95,381.0,380.8,381.0,5
20251128  12:07,381.3,381.3,381.25,381.3,4
20251128  12:08,381.3,381.3,381.3,381.3,0
20251128  12:09,381.2,381.2,381.2,381.2,1
20251128  12:10,381.45,381.7,381.45,381.7,4
20251128  12:11,381.8,381.85,381.8,381.85,3
20251128  12:12,382.15,382.3,382.0,382.0,17
20251128  12:13,382.0,382.0,382.0,382.0,0
20251128  12:14,382.0,382.0,382.0,382.0,0
20251128  12:15,382.0,382.0,382.0,382.0,0
20251128  12:16,382.0,382.0,382.0,382.0,0
20251128  12:17,382.0,382.0,382.0,382.0,0
20251128  12:18,382.0,382.0,382.0,382.0,0
20251128  12:19,381.8,381.8,381.8,381.8,1
20251128  12:20,381.8,381.8,381.8,381.8,0
20251128  12:21,381.9,382.0,381.9,382.0,3
20251128  12:22,382.05,382.05,382.05,382.05,2
20251128  12:23,382.0,382.2,382.0,382.2,10
20251128  12:24,382.15,382.15,382.15,382.15,2
20251128  12:25,381.9,381.9,381.9,381.9,1
20251128  12:26,381.9,381.9,381.9,381.9,0
20251128  12:27,381.9,381.9,381.9,381.9,1
20251128  12:28,381.9,381.9,381.9,381.9,0
20251128  12:29,381.9,381.9,381.9,381.9,0
20251128  12:30,381.9,381.9,381.8,381.8,4
20251128  12:31,382.0,382.05,382.0,382.05,2
20251128  12:32,381.95,381.95,381.95,381.95,3
20251128  12:33,381.95,381.95,381.5,381.55,24
20251128  12:34,381.7,381.95,381.7,381.95,9
20251128  12:35,382.1,382.1,382.1,382.1,1
20251128  12:36,381.75,381.75,381.7,381.7,3
20251128  12:37,381.5,381.5,380.6,380.6,34
20251128  12:38,380.6,380.6,380.6,380.6,0
20251128  12:39,381.05,381.05,380.85,380.85,2
20251128  12:40,380.85,380.85,380.85,380.85,0
20251128  12:41,380.85,380.85,380.85,380.85,0
20251128  12:42,380.85,380.85,380.85,380.85,0
20251128  12:43,381.5,381.8,381.5,381.5,15
20251128  12:44,381.5,381.5,381.5,381.5,2
20251128  12:45,381.5,381.5,381.5,381.5,0
20251128  12:46,381.5,381.5,381.5,381.5,0
20251128  12:47,381.9,381.9,381.9,381.9,2
20251128  12:48,381.7,381.7,381.7,381.7,1
20251128  12:49,381.95,381.95,381.95,381.95,2
20251128  12:50,381.75,381.75,381.75,381.75,1
20251128  12:51,381.95,381.95,381.95,381.95,1
20251128  12:52,381.65,381.65,381.45,381.45,6
20251128  12:53,381.5,381.75,381.5,381.75,2
20251128  12:54,381.4,381.4,381.4,381.4,1
20251128  12:55,381.35,381.35,381.35,381.35,1
20251128  12:56,381.45,381.85,381.45,381.85,11
20251128  12:57,381.65,381.65,381.65,381.65,2
20251128  12:58,381.8,381.8,381.8,381.8,1
20251128  12:59,381.8,381.8,381.8,381.8,0
20251128  13:00,382.0,382.25,381.9,382.1,9
20251128  13:01,382.1,382.1,382.1,382.1,0
20251128  13:02,382.25,382.25,382.05,382.05,3
20251128  13:03,382.15,382.15,382.0,382.0,4
20251128  13:04,382.0,382.0,382.0,382.0,0
20251128  13:05,382.1,382.1,382.1,382.1,2
20251128  13:06,382.15,382.15,382.15,382.15,2
20251128  13:07,382.25,382.25,382.25,382.25,2
20251128  13:08,382.25,382.25,382.25,382.25,1
20251128  13:09,382.25,382.35,382.25,382.35,3
20251128  13:10,382.35,382.35,382.35,382.35,0
20251128  13:11,382.35,382.35,382.35,382.35,0
20251128  13:12,382.35,382.35,382.35,382.35,0
20251128  13:13,382.25,382.3,382.1,382.3,5
20251128  13:14,382.3,382.3,382.3,382.3,0
20251128  13:15,382.4,382.4,382.25,382.35,6
20251128  13:16,382.5,382.5,382.5,382.5,1
20251128  13:17,382.5,382.5,382.5,382.5,0
20251128  13:18,382.65,382.8,382.65,382.8,8
20251128  13:19,382.8,382.8,382.8,382.8,0
20251128  13:20,382.55,382.7,382.55,382.7,4
20251128  13:21,382.55,382.55,382.55,382.55,2
20251128  13:22,382.45,382.45,382.3,382.3,6
20251128  13:23,382.55,382.55,382.25,382.25,8
20251128  13:24,382.25,382.25,382.25,382.25,0
20251128  13:25,382.25,382.25,382.25,382.25,0
20251128  13:26,382.2,382.2,382.1,382.15,6
20251128  13:27,382.05,382.2,382.05,382.2,5
20251128  13:28,382.15,382.2,382.15,382.2,3
20251128  13:29,382.2,382.2,382.2,382.2,0
20251128  13:30,382.2,382.2,382.2,382.2,0
20251201  10:15,376.5,376.5,374.5,375.65,269
20251201  10:16,375.45,375.7,375.1,375.5,25
20251201  10:17,375.3,375.3,374.35,375.0,49
20251201  10:18,375.05,375.2,374.7,374.9,9
20251201  10:19,374.8,375.35,374.8,375.15,14
20251201  10:20,375.2,375.65,375.1,375.45,18
20251201  10:21,375.3,375.45,375.0,375.45,17
20251201  10:22,375.55,375.95,375.55,375.65,8
20251201  10:23,375.65,376.0,375.65,376.0,9
20251201  10:24,376.2,376.5,375.8,375.8,11
20251201  10:25,375.8,375.85,375.8,375.85,4
20251201  10:26,375.45,375.85,375.0,375.85,32
20251201  10:27,375.8,375.9,375.7,375.9,5
20251201  10:28,376.1,376.3,376.1,376.3,9
20251201  10:29,376.3,376.3,376.0,376.2,6
20251201  10:30,376.15,376.5,376.15,376.5,6
20251201  10:31,376.75,376.75,376.25,376.55,14
20251201  10:32,376.5,376.5,376.3,376.45,5
20251201  10:33,376.45,376.45,376.45,376.45,1
20251201  10:34,376.45,377.1,376.45,377.1,15
20251201  10:35,377.15,377.15,376.55,376.55,16
20251201  10:36,376.45,376.6,376.35,376.6,4
20251201  10:37,376.35,376.6,376.35,376.6,3
20251201  10:38,376.6,376.6,376.6,376.6,0
20251201  10:39,376.35,376.35,376.35,376.35,1
20251201  10:40,376.35,376.35,376.35,376.35,0
20251201  10:41,376.55,376.55,376.55,376.55,1
20251201  10:42,376.8,377.15,376.8,376.9,14
20251201  10:43,376.9,376.9,376.9,376.9,1
20251201  10:44,376.95,377.0,376.95,377.0,3
20251201  10:45,376.75,376.8,376.75,376.8,2
20251201  10:46,376.8,376.8,376.8,376.8,0
20251201  10:47,376.9,377.0,376.85,377.0,5
20251201  10:48,376.95,376.95,376.95,376.95,1
20251201  10:49,377.05,377.05,377.0,377.0,3
20251201  10:50,376.95,377.15,376.55,376.7,18
20251201  10:51,376.7,376.9,376.7,376.9,4
20251201  10:52,376.9,376.9,376.7,376.7,2
20251201  10:53,376.5,376.5,376.5,376.5,1
20251201  10:54,376.45,376.6,376.45,376.55,6
20251201  10:55,376.55,376.6,376.35,376.6,20
20251201  10:56,376.75,376.75,376.5,376.5,5
20251201  10:57,376.65,376.7,376.55,376.55,10
20251201  10:58,376.55,376.55,376.55,376.55,0
20251201  10:59,376.75,376.75,376.75,376.75,2
20251201  11:00,376.8,377.1,376.45,376.65,29
20251201  11:01,376.6,376.6,376.55,376.55,2
20251201  11:02,376.4,376.45,375.45,375.6,41
20251201  11:03,375.75,375.85,375.7,375.85,11
20251201  11:04,375.75,375.75,375.6,375.7,6
20251201  11:05,375.8,376.0,375.8,376.0,3
20251201  11:06,375.75,375.75,375.75,375.75,1
20251201  11:07,375.65,375.65,375.6,375.6,2
20251201  11:08,375.6,375.6,375.6,375.6,0
20251201  11:09,375.6,375.6,375.6,375.6,1
20251201  11:10,375.3,375.4,375.2,375.4,7
20251201  11:11,375.3,375.3,375.3,375.3,5
20251201  11:12,375.2,375.25,375.1,375.25,6
20251201  11:13,375.4,375.55,375.4,375.55,3
20251201  11:14,375.4,375.4,375.2,375.2,3
20251201  11:15,375.2,375.2,375.0,375.0,4
20251201  11:16,375.0,375.1,374.7,375.1,36
20251201  11:17,375.3,375.3,375.3,375.3,1
20251201  11:18,375.3,375.3,375.25,375.25,3
20251201  11:19,375.25,375.25,375.25,375.25,2
20251201  11:20,375.3,375.3,375.0,375.0,4
20251201  11:21,375.1,375.1,374.95,375.0,6
20251201  11:22,374.95,375.15,374.95,375.15,10
20251201  11:23,375.0,375.0,375.0,375.0,1
20251201  11:24,375.0,375.15,375.0,375.15,5
20251201  11:25,375.25,375.45,375.25,375.25,7
20251201  11:26,375.25,375.3,375.2,375.3,5
20251201  11:27,375.5,375.5,375.35,375.4,4
20251201  11:28,375.25,375.3,375.25,375.3,2
20251201  11:29,375.4,375.5,375.4,375.5,3
20251201  11:30,375.55,375.95,375.55,375.95,29
20251201  11:31,375.45,375.45,375.35,375.45,6
20251201  11:32,375.55,375.65,375.5,375.6,7
20251201  11:33,375.4,375.5,375.1,375.1,33
20251201  11:34,375.1,375.1,375.1,375.1,0
20251201  11:35,375.1,375.35,375.0,375.35,33
20251201  11:36,375.15,375.3,375.15,375.3,4
20251201  11:37,375.35,375.85,375.25,375.85,12
20251201  11:38,375.65,375.65,375.65,375.65,1
20251201  11:39,375.7,375.9,375.65,375.9,5
20251201  11:40,375.65,375.65,375.35,375.35,6
20251201  11:41,375.5,375.5,375.35,375.5,6
20251201  11:42,375.5,375.5,375.5,375.5,0
20251201  11:43,375.5,375.85,375.5,375.85,5
20251201  11:44,375.75,375.75,375.65,375.65,3
20251201  11:45,375.85,376.25,375.6,375.6,14
20251201  11:46,375.7,375.7,375.65,375.65,3
20251201  11:47,375.7,375.8,375.7,375.75,6
20251201  11:48,375.8,375.85,375.8,375.85,2
20251201  11:49,375.95,375.95,375.95,375.95,1
20251201  11:50,375.85,375.85,375.6,375.6,7
20251201  11:51,375.7,375.85,375.7,375.8,3
20251201  11:52,375.7,375.8,375.7,375.8,4
20251201  11:53,375.8,375.8,375.65,375.65,3
20251201  11:54,375.5,376.0,375.5,375.9,26
20251201  11:55,375.95,376.0,375.8,375.8,4
20251201  11:56,376.0,376.0,375.95,375.95,2
20251201  11:57,375.9,375.9,375.25,375.25,20
20251201  11:58,375.15,375.15,375.15,375.15,1
20251201  11:59,375.1,375.1,375.1,375.1,1
20251201  12:00,375.0,375.2,374.8,374.9,8
20251201  12:01,374.7,374.8,374.6,374.75,19
20251201  12:02,374.95,374.95,374.95,374.95,1
20251201  12:03,374.9,375.3,374.9,375.3,2
20251201  12:04,375.15,375.15,375.15,375.15,1
20251201  12:05,375.15,375.15,375.15,375.15,0
20251201  12:06,375.15,375.15,375.15,375.15,0
20251201  12:07,375.05,375.05,375.05,375.05,1
20251201  12:08,375.05,375.05,375.05,375.05,0
20251201  12:09,375.1,375.25,375.1,375.25,7
20251201  12:10,375.15,375.15,375.05,375.05,4
20251201  12:11,375.05,375.05,375.05,375.05,0
20251201  12:12,375.05,375.05,375.05,375.05,0
20251201  12:13,375.05,375.05,375.05,375.05,0
20251201  12:14,375.4,375.4,375.4,375.4,1
20251201  12:15,375.4,375.65,375.4,375.65,5
20251201  12:16,375.65,376.05,375.65,376.05,11
20251201  12:17,375.95,375.95,375.95,375.95,1
20251201  12:18,375.85,375.85,375.85,375.85,1
20251201  12:19,375.85,375.85,375.85,375.85,1
20251201  12:20,375.65,375.65,375.5,375.5,7
20251201  12:21,375.6,375.6,375.5,375.6,3
20251201  12:22,375.6,375.6,375.6,375.6,0
20251201  12:23,375.6,375.6,375.6,375.6,0
20251201  12:24,375.6,375.6,375.6,375.6,0
20251201  12:25,375.6,375.6,375.6,375.6,0
20251201  12:26,375.25,375.4,375.25,375.3,3
20251201  12:27,375.3,375.3,375.25,375.25,3
20251201  12:28,375.25,375.25,375.25,375.25,2
20251201  12:29,375.25,375.25,375.25,375.25,0
20251201  12:30,375.4,375.4,375.4,375.4,1
20251201  12:31,375.4,375.4,375.4,375.4,1
20251201  12:32,375.3,375.35,375.3,375.35,2
20251201  12:33,375.35,375.35,375.35,375.35,0
20251201  12:34,375.25,375.3,375.2,375.2,8
20251201  12:35,375.2,375.2,375.2,375.2,0
20251201  12:36,375.2,375.2,375.2,375.2,0
20251201  12:37,375.45,375.6,375.45,375.6,5
20251201  12:38,375.5,375.5,375.5,375.5,2
20251201  12:39,375.5,375.5,375.5,375.5,0
20251201  12:40,375.5,375.5,375.5,375.5,0
20251201  12:41,375.5,375.5,375.5,375.5,0
20251201  12:42,375.5,375.5,375.5,375.5,0
20251201  12:43,375.5,375.5,375.4,375.4,3
20251201  12:44,375.55,376.05,375.55,375.95,34
20251201  12:45,375.95,377.0,375.95,377.0,29
20251201  12:46,376.35,376.55,376.05,376.1,23
20251201  12:47,375.9,376.0,375.9,376.0,4
20251201  12:48,376.0,376.0,376.0,376.0,0
20251201  12:49,375.95,376.1,375.9,375.9,5
20251201  12:50,375.75,375.75,375.55,375.55,5
20251201  12:51,375.5,375.95,375.5,375.95,19
20251201  12:52,375.95,376.0,375.65,375.65,11
20251201  12:53,375.65,375.65,375.65,375.65,0
20251201  12:54,375.75,375.75,375.75,375.75,1
20251201  12:55,375.65,375.75,375.65,375.75,3
20251201  12:56,375.45,375.8,375.3,375.8,14
20251201  12:57,375.45,375.75,375.45,375.65,12
20251201  12:58,375.7,375.9,375.65,375.75,7
20251201  12:59,375.65,375.85,375.6,375.85,6
20251201  13:00,375.85,375.85,375.6,375.75,18
20251201  13:01,375.75,375.75,375.75,375.75,1
20251201  13:02,375.6,375.85,375.2,375.85,20
20251201  13:03,375.8,375.9,375.8,375.9,5
20251201  13:04,375.95,376.0,375.85,375.85,10
20251201  13:05,375.85,375.9,375.65,375.8,9
20251201  13:06,376.0,376.05,375.75,375.9,24
20251201  13:07,375.9,375.9,375.9,375.9,0
20251201  13:08,375.65,375.65,375.65,375.65,1
20251201  13:09,375.7,375.75,375.7,375.75,2
20251201  13:10,375.5,375.7,375.5,375.65,14
20251201  13:11,375.85,375.85,375.75,375.75,3
20251201  13:12,375.75,376.3,375.75,376.3,14
20251201  13:13,376.35,376.5,376.35,376.4,7
20251201  13:14,376.4,376.7,376.4,376.7,8
20251201  13:15,376.65,376.75,376.35,376.4,17
20251201  13:16,376.35,376.75,376.35,376.65,17
20251201  13:17,376.55,376.7,376.55,376.7,4
20251201  13:18,376.7,376.7,376.7,376.7,0
20251201  13:19,376.55,376.65,376.55,376.65,3
20251201  13:20,377.0,377.05,376.95,376.95,6
20251201  13:21,377.0,377.05,376.9,376.95,6
20251201  13:22,376.75,376.75,376.7,376.7,3
20251201  13:23,376.65,376.75,376.65,376.65,4
20251201  13:24,376.7,376.75,376.7,376.75,2
20251201  13:25,376.55,376.55,376.55,376.55,2
20251201  13:26,376.6,376.6,376.4,376.4,5
20251201  13:27,376.25,376.4,376.05,376.35,17
20251201  13:28,376.25,376.45,376.25,376.45,6
20251201  13:29,376.6,376.6,376.6,376.6,1
20251201  13:30,376.55,376.55,376.55,376.55,1
20251202  10:15,378.45,378.9,377.65,378.15,148
20251202  10:16,378.5,379.1,378.5,378.9,18
20251202  10:17,378.55,378.55,377.75,378.15,27
20251202  10:18,378.15,378.15,377.95,377.95,7
20251202  10:19,377.8,377.95,377.75,377.85,8
20251202  10:20,377.95,378.55,377.95,378.1,32
20251202  10:21,378.15,378.15,377.9,378.15,7
20251202  10:22,377.75,378.05,377.75,378.05,4
20251202  10:23,378.0,378.2,378.0,378.2,3
20251202  10:24,378.4,378.6,378.2,378.6,5
20251202  10:25,378.7,378.7,378.65,378.65,2
20251202  10:26,378.5,378.6,378.5,378.55,8
20251202  10:27,378.5,378.5,378.3,378.3,4
20251202  10:28,378.3,378.3,378.3,378.3,4
20251202  10:29,378.25,378.5,378.25,378.45,7
20251202  10:30,378.5,378.5,378.5,378.5,1
20251202  10:31,378.75,379.1,378.5,378.9,26
20251202  10:32,378.7,379.0,378.7,378.75,8
20251202  10:33,378.75,379.35,378.75,379.25,15
20251202  10:34,378.85,378.85,378.85,378.85,5
20251202  10:35,378.8,378.8,378.8,378.8,2
20251202  10:36,378.7,378.9,378.7,378.9,2
20251202  10:37,379.2,379.2,378.9,379.0,5
20251202  10:38,379.1,379.1,379.1,379.1,1
20251202  10:39,379.2,379.2,379.2,379.2,2
20251202  10:40,379.3,379.8,379.3,379.8,9
20251202  10:41,379.6,379.7,379.35,379.7,12
20251202  10:42,379.6,379.8,379.6,379.6,8
20251202  10:43,379.45,379.5,379.1,379.4,17
20251202  10:44,379.5,379.5,378.7,378.7,11
20251202  10:45,378.8,378.8,378.8,378.8,2
20251202  10:46,378.6,378.7,378.4,378.4,5
20251202  10:47,378.5,379.1,378.5,378.8,7
20251202  10:48,378.8,378.95,378.8,378.95,3
20251202  10:49,378.7,378.7,378.65,378.65,3
20251202  10:50,378.65,378.65,378.6,378.6,4
20251202  10:51,378.65,378.65,378.65,378.65,1
20251202  10:52,378.65,378.65,378.65,378.65,0
20251202  10:53,378.75,378.75,378.45,378.45,6
20251202  10:54,378.5,378.5,378.45,378.45,2
20251202  10:55,378.65,378.8,378.65,378.8,2
20251202  10:56,378.8,378.8,378.05,378.7,15
20251202  10:57,378.7,378.8,378.6,378.8,4
20251202  10:58,378.6,378.9,378.6,378.9,25
20251202  10:59,378.9,378.9,378.9,378.9,0
20251202  11:00,379.3,379.3,378.4,378.4,25
20251202  11:01,378.45,378.45,378.45,378.45,3
20251202  11:02,378.1,378.2,377.9,378.2,10
20251202  11:03,378.2,378.2,377.65,377.85,21
20251202  11:04,377.85,377.85,377.85,377.85,3
20251202  11:05,377.85,377.85,377.85,377.85,1
20251202  11:06,377.65,378.15,377.35,378.1,29
20251202  11:07,377.8,378.0,377.7,378.0,6
20251202  11:08,378.0,378.0,378.0,378.0,0
20251202  11:09,377.8,377.8,377.6,377.6,3
20251202  11:10,377.95,377.95,377.3,377.3,28
20251202  11:11,377.15,377.45,377.05,377.35,55
20251202  11:12,377.3,377.55,377.3,377.5,4
20251202  11:13,377.7,377.8,377.7,377.8,4
20251202  11:14,377.8,377.95,377.75,377.95,3
20251202  11:15,377.55,377.55,377.35,377.55,10
20251202  11:16,377.45,377.65,377.45,377.55,4
20251202  11:17,377.4,377.65,377.4,377.65,2
20251202  11:18,377.5,377.5,377.5,377.5,1
20251202  11:19,377.7,377.9,377.7,377.9,3
20251202  11:20,377.75,377.8,377.45,377.8,12
20251202  11:21,377.55,377.85,377.55,377.85,4
20251202  11:22,377.8,377.8,377.5,377.5,13
20251202  11:23,377.7,377.9,377.65,377.75,8
20251202  11:24,377.75,377.8,377.45,377.45,17
20251202  11:25,377.5,378.1,377.05,377.75,65
20251202  11:26,377.85,378.3,377.85,378.2,15
20251202  11:27,378.1,378.1,377.15,377.35,18
20251202  11:28,377.4,377.5,377.05,377.05,71
20251202  11:29,377.05,377.05,376.65,376.65,34
20251202  11:30,376.8,377.45,376.55,377.4,42
20251202  11:31,377.35,377.45,377.2,377.2,19
20251202  11:32,377.35,377.35,377.35,377.35,2
20251202  11:33,377.15,377.15,377.15,377.15,2
20251202  11:34,377.15,377.15,377.15,377.15,0
20251202  11:35,377.15,377.4,377.15,377.2,31
20251202  11:36,377.2,377.2,377.2,377.2,0
20251202  11:37,377.35,377.35,377.35,377.35,1
20251202  11:38,377.35,377.35,377.35,377.35,0
20251202  11:39,377.4,377.5,377.4,377.4,8
20251202  11:40,377.4,377.4,377.4,377.4,0
20251202  11:41,377.2,377.35,377.2,377.35,4
20251202  11:42,377.4,377.4,377.4,377.4,1
20251202  11:43,377.4,377.4,377.4,377.4,0
20251202  11:44,377.6,377.6,377.6,377.6,1
20251202  11:45,377.6,377.6,377.35,377.35,4
20251202  11:46,377.2,377.2,376.9,376.9,7
20251202  11:47,377.25,377.25,377.2,377.2,2
20251202  11:48,377.2,377.2,377.2,377.2,0
20251202  11:49,377.0,377.0,376.9,376.95,5
20251202  11:50,376.75,376.8,376.75,376.8,4
20251202  11:51,376.8,376.8,376.8,376.8,0
20251202  11:52,376.8,376.8,376.6,376.6,5
20251202  11:53,376.6,376.6,376.15,376.15,53
20251202  11:54,376.15,376.45,376.15,376.45,12
20251202  11:55,376.35,376.35,376.2,376.25,3
20251202  11:56,376.15,376.45,376.05,376.45,26
20251202  11:57,376.55,376.55,376.4,376.4,2
20251202  11:58,376.4,376.4,376.4,376.4,0
20251202  11:59,376.3,376.3,376.3,376.3,1
20251202  12:00,376.25,376.4,376.05,376.4,16
20251202  12:01,376.3,376.3,376.15,376.15,2
20251202  12:02,376.15,376.35,376.15,376.2,6
20251202  12:03,376.3,376.4,376.1,376.1,9
20251202  12:04,376.05,376.05,375.55,375.85,29
20251202  12:05,375.9,375.9,375.7,375.7,5
20251202  12:06,375.75,375.8,375.6,375.7,8
20251202  12:07,375.9,375.9,375.9,375.9,1
20251202  12:08,376.0,376.0,375.9,375.9,6
20251202  12:09,376.05,376.05,376.05,376.05,3
20251202  12:10,376.25,376.55,376.25,376.5,22
20251202  12:11,376.6,376.8,376.1,376.2,28
20251202  12:12,376.05,376.25,376.05,376.25,5
20251202  12:13,376.2,376.35,376.2,376.35,4
20251202  12:14,376.1,376.25,376.1,376.25,6
20251202  12:15,376.35,377.5,376.25,377.45,130
20251202  12:16,377.5,378.1,377.35,377.95,37
20251202  12:17,377.95,377.95,376.9,377.15,24
20251202  12:18,377.05,377.05,377.05,377.05,2
20251202  12:19,377.0,377.05,377.0,377.05,2
20251202  12:20,377.05,377.15,377.05,377.15,3
20251202  12:21,377.05,377.4,377.05,377.35,8
20251202  12:22,377.55,377.55,377.3,377.3,5
20251202  12:23,377.3,377.3,377.3,377.3,0
20251202  12:24,377.3,377.3,377.3,377.3,0
20251202  12:25,377.2,377.2,377.2,377.2,3
20251202  12:26,376.75,376.75,376.75,376.75,1
20251202  12:27,376.45,376.8,376.45,376.8,6
20251202  12:28,376.7,376.7,376.5,376.5,10
20251202  12:29,376.5,376.5,376.5,376.5,0
20251202  12:30,376.8,376.8,376.5,376.65,6
20251202  12:31,376.7,376.8,376.65,376.8,4
20251202  12:32,377.0,377.0,377.0,377.0,1
20251202  12:33,377.0,377.0,377.0,377.0,0
20251202  12:34,376.75,376.75,376.75,376.75,1
20251202  12:35,376.75,376.75,376.75,376.75,1
20251202  12:36,376.7,376.75,376.35,376.75,7
20251202  12:37,376.9,376.9,376.45,376.6,9
20251202  12:38,376.65,376.65,376.25,376.25,19
20251202  12:39,376.2,376.3,376.2,376.25,3
20251202  12:40,376.45,376.45,376.45,376.45,1
20251202  12:41,376.5,376.6,376.5,376.6,4
20251202  12:42,376.8,377.4,376.6,377.1,13
20251202  12:43,377.15,377.4,377.15,377.25,6
20251202  12:44,377.25,377.25,377.25,377.25,1
20251202  12:45,377.1,377.1,377.1,377.1,1
20251202  12:46,377.0,377.2,376.85,376.85,4
20251202  12:47,376.8,377.05,376.5,377.05,8
20251202  12:48,377.15,377.15,377.15,377.15,1
20251202  12:49,377.15,377.15,377.15,377.15,0
20251202  12:50,377.15,377.15,377.15,377.15,0
20251202  12:51,377.15,377.15,377.15,377.15,0
20251202  12:52,377.25,377.45,377.25,377.45,3
20251202  12:53,377.3,377.6,377.25,377.45,13
20251202  12:54,377.3,377.3,377.3,377.3,2
20251202  12:55,377.3,377.3,377.3,377.3,0
20251202  12:56,377.3,377.3,377.3,377.3,0
20251202  12:57,377.45,377.65,377.45,377.6,7
20251202  12:58,377.4,377.4,377.2,377.4,5
20251202  12:59,377.25,377.25,376.5,376.7,27
20251202  13:00,376.9,377.35,376.8,377.35,18
20251202  13:01,377.2,377.5,377.05,377.4,19
20251202  13:02,377.6,377.6,377.25,377.25,6
20251202  13:03,377.2,377.35,376.75,376.85,16
20251202  13:04,376.85,376.85,376.85,376.85,0
20251202  13:05,377.1,377.1,377.05,377.05,2
20251202  13:06,377.1,377.1,377.0,377.05,3
20251202  13:07,377.35,377.35,377.25,377.25,6
20251202  13:08,377.25,377.25,377.0,377.0,2
20251202  13:09,377.05,377.05,377.05,377.05,1
20251202  13:10,377.0,377.0,377.0,377.0,2
20251202  13:11,376.85,376.85,376.85,376.85,1
20251202  13:12,376.85,376.85,376.55,376.8,4
20251202  13:13,376.85,376.85,376.6,376.6,6
20251202  13:14,376.5,376.5,376.3,376.3,6
20251202  13:15,376.35,376.45,376.35,376.45,3
20251202  13:16,376.65,376.65,376.4,376.4,5
20251202  13:17,376.65,376.65,376.65,376.65,2
20251202  13:18,376.65,376.65,376.65,376.65,0
20251202  13:19,376.6,376.6,376.45,376.55,6
20251202  13:20,376.55,376.8,376.55,376.8,7
20251202  13:21,376.75,376.75,376.6,376.65,5
20251202  13:22,376.6,377.1,376.6,376.9,8
20251202  13:23,377.05,377.45,377.05,377.25,13
20251202  13:24,377.5,377.6,377.35,377.35,5
20251202  13:25,377.55,377.75,377.55,377.6,5
20251202  13:26,377.6,377.6,377.4,377.4,2
20251202  13:27,377.75,377.85,377.7,377.7,14
20251202  13:28,377.8,377.95,377.8,377.8,5
20251202  13:29,378.0,378.6,378.0,378.5,31
20251202  13:30,378.6,379.5,378.5,379.5,40
20251203  10:15,374.0,374.75,373.55,374.0,163
20251203  10:16,374.0,374.4,373.6,373.6,22
20251203  10:17,374.1,374.4,374.1,374.35,20
20251203  10:18,374.25,374.4,374.1,374.2,12
20251203  10:19,374.2,374.35,374.2,374.3,5
20251203  10:20,374.45,374.6,373.6,374.4,35
20251203  10:21,374.65,374.75,374.1,374.2,17
20251203  10:22,374.2,374.25,374.05,374.1,6
20251203  10:23,374.4,374.55,374.4,374.4,7
20251203  10:24,374.35,374.45,374.2,374.3,13
20251203  10:25,374.3,374.6,373.9,374.0,28
20251203  10:26,374.0,374.05,373.9,374.0,9
20251203  10:27,374.1,374.25,374.1,374.25,3
20251203  10:28,374.1,374.3,374.1,374.2,8
20251203  10:29,374.05,374.2,374.0,374.2,5
20251203  10:30,374.2,374.2,374.2,374.2,0
20251203  10:31,374.2,374.4,374.1,374.25,5
20251203  10:32,374.35,374.55,374.35,374.45,6
20251203  10:33,374.35,374.35,374.35,374.35,1
20251203  10:34,374.2,374.35,374.2,374.3,3
20251203  10:35,374.25,374.25,374.2,374.2,2
20251203  10:36,374.25,374.3,374.25,374.25,3
20251203  10:37,374.2,374.3,373.95,374.3,46
20251203  10:38,374.35,374.65,374.1,374.65,30
20251203  10:39,374.65,374.65,374.5,374.5,7
20251203  10:40,374.5,374.5,374.3,374.3,17
20251203  10:41,374.3,374.3,374.3,374.3,0
20251203  10:42,374.1,374.2,374.1,374.2,5
20251203  10:43,374.0,374.05,374.0,374.05,2
20251203  10:44,374.15,374.15,373.2,373.3,28
20251203  10:45,373.35,373.35,373.15,373.15,7
20251203  10:46,373.4,373.8,373.4,373.8,7
20251203  10:47,373.8,373.8,373.8,373.8,1
20251203  10:48,374.0,374.0,374.0,374.0,1
20251203  10:49,374.1,374.1,373.95,373.95,4
20251203  10:50,374.0,374.0,374.0,374.0,1
20251203  10:51,374.05,374.15,374.05,374.15,2
20251203  10:52,374.0,374.0,373.95,373.95,3
20251203  10:53,374.0,374.0,374.0,374.0,1
20251203  10:54,373.95,374.1,373.85,373.85,30
20251203  10:55,373.85,373.85,373.75,373.75,3
20251203  10:56,373.55,373.6,373.55,373.6,2
20251203  10:57,373.55,373.55,373.55,373.55,1
20251203  10:58,373.55,373.55,373.55,373.55,0
20251203  10:59,373.65,373.95,373.65,373.95,5
20251203  11:00,374.0,374.05,373.95,374.05,10
20251203  11:01,374.1,374.1,374.05,374.05,2
20251203  11:02,373.9,374.05,373.9,374.05,2
20251203  11:03,373.95,374.0,373.95,374.0,5
20251203  11:04,373.8,373.8,373.8,373.8,1
20251203  11:05,373.95,374.1,373.95,374.0,37
20251203  11:06,374.0,374.0,374.0,374.0,0
20251203  11:07,373.9,373.9,373.9,373.9,3
20251203  11:08,374.05,374.05,374.05,374.05,1
20251203  11:09,373.95,374.0,373.95,374.0,6
20251203  11:10,374.1,374.1,374.1,374.1,1
20251203  11:11,374.1,374.15,374.1,374.1,4
20251203  11:12,374.1,374.1,374.1,374.1,0
20251203  11:13,374.1,374.1,374.05,374.05,3
20251203  11:14,374.15,374.2,373.95,373.95,18
20251203  11:15,373.95,374.3,373.95,374.25,21
20251203  11:16,374.2,374.2,374.2,374.2,1
20251203  11:17,374.05,374.05,374.05,374.05,1
20251203  11:18,374.0,374.1,374.0,374.05,3
20251203  11:19,374.05,374.1,374.05,374.1,3
20251203  11:20,374.1,374.1,374.1,374.1,0
20251203  11:21,374.0,374.0,373.95,374.0,4
20251203  11:22,373.9,374.15,373.9,374.15,3
20251203  11:23,374.15,374.15,374.15,374.15,1
20251203  11:24,374.25,374.95,374.25,374.55,41
20251203  11:25,374.45,374.5,374.3,374.4,6
20251203  11:26,374.4,374.65,374.4,374.65,11
20251203  11:27,374.55,374.55,374.55,374.55,3
20251203  11:28,374.5,374.5,374.35,374.35,27
20251203  11:29,374.25,374.25,374.25,374.25,2
20251203  11:30,374.0,374.0,374.0,374.0,4
20251203  11:31,374.05,374.1,374.05,374.05,3
20251203  11:32,373.95,373.95,373.9,373.9,2
20251203  11:33,373.9,373.95,373.9,373.95,3
20251203  11:34,373.8,373.85,373.8,373.85,2
20251203  11:35,373.8,373.9,373.8,373.9,3
20251203  11:36,373.7,373.7,373.7,373.7,1
20251203  11:37,373.7,373.85,373.7,373.75,5
20251203  11:38,373.6,373.6,373.4,373.4,3
20251203  11:39,373.55,373.55,373.5,373.55,6
20251203  11:40,373.6,373.6,373.5,373.5,4
20251203  11:41,373.7,373.7,373.6,373.6,4
20251203  11:42,373.65,373.65,373.65,373.65,1
20251203  11:43,373.8,374.0,373.8,373.9,5
20251203  11:44,373.9,373.9,373.9,373.9,0
20251203  11:45,373.9,373.9,373.9,373.9,0
20251203  11:46,373.9,373.9,373.9,373.9,0
20251203  11:47,373.9,374.0,373.9,373.95,5
20251203  11:48,373.95,373.95,373.95,373.95,0
20251203  11:49,373.85,373.9,373.85,373.9,4
20251203  11:50,373.9,373.9,373.9,373.9,0
20251203  11:51,373.65,373.65,373.65,373.65,1
20251203  11:52,373.7,373.7,373.7,373.7,1
20251203  11:53,373.85,373.85,373.75,373.75,4
20251203  11:54,373.75,373.75,373.75,373.75,1
20251203  11:55,373.75,373.75,373.75,373.75,0
20251203  11:56,373.7,373.7,373.7,373.7,2
20251203  11:57,373.7,373.7,373.7,373.7,0
20251203  11:58,373.8,373.9,373.8,373.8,9
20251203  11:59,374.0,374.0,374.0,374.0,2
20251203  12:00,374.0,374.2,374.0,374.0,10
20251203  12:01,374.0,374.0,374.0,374.0,0
20251203  12:02,374.0,374.0,373.95,373.95,3
20251203  12:03,373.95,373.95,373.95,373.95,0
20251203  12:04,373.95,373.95,373.95,373.95,0
20251203  12:05,374.1,374.2,374.1,374.2,3
20251203  12:06,374.15,374.15,374.05,374.05,2
20251203  12:07,373.95,374.1,372.6,372.75,70
20251203  12:08,372.75,373.4,372.75,372.9,40
20251203  12:09,372.9,373.3,372.8,373.3,9
20251203  12:10,373.25,373.5,373.25,373.5,12
20251203  12:11,373.45,373.45,373.3,373.3,3
20251203  12:12,373.3,373.3,373.3,373.3,1
20251203  12:13,373.45,373.45,373.45,373.45,1
20251203  12:14,373.45,373.45,373.45,373.45,0
20251203  12:15,373.5,374.1,373.5,374.1,18
20251203  12:16,373.85,373.85,373.85,373.85,2
20251203  12:17,373.85,373.85,373.85,373.85,0
20251203  12:18,374.05,374.05,374.05,374.05,1
20251203  12:19,374.05,374.05,374.05,374.05,0
20251203  12:20,374.0,374.0,374.0,374.0,3
20251203  12:21,374.0,374.0,374.0,374.0,0
20251203  12:22,374.1,374.2,374.1,374.2,5
20251203  12:23,374.2,374.2,374.2,374.2,0
20251203  12:24,374.1,374.1,374.1,374.1,1
20251203  12:25,374.2,374.2,374.05,374.05,2
20251203  12:26,374.05,374.05,374.05,374.05,1
20251203  12:27,373.95,373.95,373.95,373.95,2
20251203  12:28,373.95,374.15,373.95,374.15,2
20251203  12:29,374.05,374.05,374.05,374.05,1
20251203  12:30,374.3,374.3,374.3,374.3,2
20251203  12:31,374.4,374.4,374.4,374.4,1
20251203  12:32,374.5,374.75,374.5,374.6,8
20251203  12:33,374.6,374.6,374.6,374.6,3
20251203  12:34,374.7,374.7,374.6,374.7,4
20251203  12:35,374.7,374.7,374.7,374.7,2
20251203  12:36,374.55,374.55,374.35,374.35,18
20251203  12:37,374.45,374.5,374.3,374.3,3
20251203  12:38,374.45,374.5,374.45,374.5,2
20251203  12:39,374.6,375.0,374.55,374.55,31
20251203  12:40,374.4,374.5,374.35,374.5,4
20251203  12:41,374.35,374.55,374.35,374.55,4
20251203  12:42,374.65,374.75,374.65,374.75,5
20251203  12:43,374.85,374.85,374.85,374.85,7
20251203  12:44,374.7,374.7,374.5,374.5,9
20251203  12:45,374.6,374.6,374.35,374.45,10
20251203  12:46,374.45,374.45,374.45,374.45,0
20251203  12:47,374.45,374.45,374.45,374.45,0
20251203  12:48,374.55,374.55,374.55,374.55,1
20251203  12:49,374.55,374.55,374.55,374.55,0
20251203  12:50,374.45,374.7,374.45,374.7,4
20251203  12:51,374.85,374.85,374.85,374.85,1
20251203  12:52,374.75,374.8,374.45,374.45,4
20251203  12:53,374.5,374.5,374.15,374.15,9
20251203  12:54,374.1,374.1,373.85,373.95,13
20251203  12:55,374.0,374.0,374.0,374.0,1
20251203  12:56,374.1,374.15,374.1,374.15,4
20251203  12:57,374.15,374.15,374.15,374.15,0
20251203  12:58,374.15,374.15,374.15,374.15,0
20251203  12:59,374.15,374.15,373.95,373.95,6
20251203  13:00,374.0,374.0,374.0,374.0,1
20251203  13:01,374.3,374.4,374.3,374.3,6
20251203  13:02,374.55,374.55,374.55,374.55,2
20251203  13:03,374.5,374.6,374.5,374.6,3
20251203  13:04,374.55,374.55,374.55,374.55,2
20251203  13:05,374.45,374.45,374.45,374.45,2
20251203  13:06,374.35,374.4,374.35,374.4,3
20251203  13:07,374.4,374.4,374.4,374.4,0
20251203  13:08,374.4,374.4,374.0,374.2,22
20251203  13:09,374.4,374.4,374.25,374.25,7
20251203  13:10,374.25,374.25,374.25,374.25,0
20251203  13:11,374.15,374.2,374.15,374.15,4
20251203  13:12,374.05,374.05,373.75,373.75,6
20251203  13:13,373.7,373.9,373.7,373.9,7
20251203  13:14,373.8,373.8,373.8,373.8,1
20251203  13:15,373.9,373.9,373.9,373.9,2
20251203  13:16,373.75,374.0,373.6,374.0,5
20251203  13:17,374.0,374.0,374.0,374.0,0
20251203  13:18,373.85,373.85,373.85,373.85,1
20251203  13:19,373.9,374.0,373.8,373.8,7
20251203  13:20,373.8,373.8,373.8,373.8,0
20251203  13:21,373.8,373.8,373.8,373.8,0
20251203  13:22,373.85,373.85,373.4,373.4,5
20251203  13:23,373.25,373.55,373.25,373.4,8
20251203  13:24,373.5,373.65,373.5,373.6,6
20251203  13:25,373.6,373.6,373.6,373.6,0
20251203  13:26,373.6,373.6,373.6,373.6,1
20251203  13:27,373.6,373.6,373.6,373.6,0
20251203  13:28,373.75,373.75,373.75,373.75,1
20251203  13:29,373.65,373.65,373.6,373.65,4
20251203  13:30,373.8,373.8,373.75,373.75,2
20251204  10:15,374.0,374.05,372.7,372.8,138
20251204  10:16,372.8,373.5,372.8,373.5,9
20251204  10:17,373.2,373.2,372.4,372.4,37
20251204  10:18,372.25,372.6,372.0,372.0,16
20251204  10:19,371.95,372.25,371.9,372.0,19
20251204  10:20,371.95,372.0,371.5,371.55,28
20251204  10:21,371.5,371.7,371.4,371.55,17
20251204  10:22,371.7,371.85,371.7,371.85,3
20251204  10:23,371.9,372.05,371.8,372.05,14
20251204  10:24,372.05,372.35,372.05,372.3,7
20251204  10:25,372.45,372.5,372.3,372.5,11
20251204  10:26,372.65,372.8,372.65,372.8,5
20251204  10:27,372.9,372.9,372.6,372.75,6
20251204  10:28,372.75,372.75,372.75,372.75,0
20251204  10:29,372.65,372.75,372.45,372.55,8
20251204  10:30,372.6,372.6,372.6,372.6,1
20251204  10:31,372.8,372.9,372.75,372.75,6
20251204  10:32,372.85,373.3,372.85,373.1,30
20251204  10:33,373.25,373.55,373.25,373.35,21
20251204  10:34,373.6,373.8,373.5,373.5,22
20251204  10:35,373.55,373.6,373.35,373.35,9
20251204  10:36,373.2,373.2,373.2,373.2,2
20251204  10:37,373.5,373.5,373.35,373.35,3
20251204  10:38,373.25,373.3,372.85,372.85,15
20251204  10:39,373.0,373.0,372.9,372.95,4
20251204  10:40,372.75,372.8,372.6,372.6,5
20251204  10:41,372.7,372.7,372.5,372.5,2
20251204  10:42,372.4,372.4,372.3,372.3,2
20251204  10:43,372.35,372.6,372.35,372.6,3
20251204  10:44,372.6,372.7,372.6,372.6,10
20251204  10:45,372.5,372.6,372.4,372.5,14
20251204  10:46,372.6,373.15,372.6,373.15,24
20251204  10:47,373.15,373.4,373.1,373.3,10
20251204  10:48,373.05,373.05,372.8,372.9,6
20251204  10:49,373.05,373.05,373.05,373.05,1
20251204  10:50,372.9,372.9,372.9,372.9,2
20251204  10:51,372.7,372.85,372.7,372.7,4
20251204  10:52,373.2,373.35,373.2,373.35,7
20251204  10:53,373.5,373.65,373.5,373.65,7
20251204  10:54,373.65,373.65,373.35,373.5,6
20251204  10:55,373.5,373.65,373.45,373.45,17
20251204  10:56,373.45,373.45,373.45,373.45,0
20251204  10:57,373.6,373.8,373.6,373.8,8
20251204  10:58,373.75,374.0,373.6,374.0,24
20251204  10:59,373.95,373.95,373.75,373.75,4
20251204  11:00,373.95,374.4,373.65,374.0,22
20251204  11:01,374.0,374.15,374.0,374.15,3
20251204  11:02,374.25,374.25,373.85,373.85,6
20251204  11:03,373.8,373.9,373.6,373.85,38
20251204  11:04,373.95,374.0,373.95,374.0,2
20251204  11:05,373.95,374.1,373.95,374.1,3
20251204  11:06,374.2,374.2,374.2,374.2,1
20251204  11:07,374.15,374.2,374.0,374.0,6
20251204  11:08,373.85,373.95,373.8,373.85,5
20251204  11:09,373.75,373.75,373.75,373.75,1
20251204  11:10,373.6,373.7,373.3,373.45,11
20251204  11:11,373.4,373.4,373.4,373.4,2
20251204  11:12,373.6,373.6,373.05,373.05,12
20251204  11:13,373.0,373.1,372.85,373.1,10
20251204  11:14,373.2,373.2,373.2,373.2,1
20251204  11:15,373.4,373.4,372.8,372.8,4
20251204  11:16,372.8,372.95,372.65,372.85,7
20251204  11:17,373.1,373.2,373.1,373.2,3
20251204  11:18,373.25,373.3,373.25,373.3,3
20251204  11:19,373.25,373.25,373.15,373.15,3
20251204  11:20,373.1,373.1,372.6,372.8,12
20251204  11:21,372.85,372.85,372.8,372.8,4
20251204  11:22,372.7,372.7,372.7,372.7,1
20251204  11:23,372.65,372.65,372.5,372.5,2
20251204  11:24,372.55,372.85,372.55,372.85,13
20251204  11:25,372.8,372.8,372.5,372.5,10
20251204  11:26,372.8,372.8,372.8,372.8,1
20251204  11:27,372.95,372.95,372.95,372.95,1
20251204  11:28,372.95,372.95,372.95,372.95,0
20251204  11:29,372.7,372.85,372.7,372.85,2
20251204  11:30,372.95,372.95,372.95,372.95,2
20251204  11:31,372.95,373.85,372.95,373.4,22
20251204  11:32,373.5,373.5,373.5,373.5,2
20251204  11:33,373.8,373.8,373.75,373.75,2
20251204  11:34,373.8,373.8,373.8,373.8,2
20251204  11:35,373.95,373.95,373.95,373.95,1
20251204  11:36,373.8,373.8,373.75,373.75,3
20251204  11:37,373.9,373.9,373.9,373.9,1
20251204  11:38,373.9,373.9,373.9,373.9,0
20251204  11:39,373.75,373.75,373.65,373.65,2
20251204  11:40,373.75,373.75,373.6,373.65,4
20251204  11:41,373.45,373.5,373.4,373.5,3
20251204  11:42,373.3,373.3,373.3,373.3,1
20251204  11:43,373.4,373.45,373.25,373.25,6
20251204  11:44,373.25,373.25,373.25,373.25,0
20251204  11:45,373.25,373.25,373.25,373.25,0
20251204  11:46,373.25,373.25,373.25,373.25,0
20251204  11:47,373.6,373.65,373.6,373.65,2
20251204  11:48,373.75,373.75,373.75,373.75,1
20251204  11:49,373.75,373.75,373.75,373.75,0
20251204  11:50,373.75,373.75,373.75,373.75,0
20251204  11:51,373.6,373.6,373.55,373.55,2
20251204  11:52,373.7,373.7,373.6,373.6,2
20251204  11:53,373.6,373.6,373.6,373.6,0
20251204  11:54,373.6,373.6,373.6,373.6,0
20251204  11:55,373.7,373.7,373.65,373.65,3
20251204  11:56,373.65,373.65,373.65,373.65,0
20251204  11:57,373.65,373.65,373.65,373.65,0
20251204  11:58,373.6,373.75,373.6,373.65,5
20251204  11:59,373.6,373.6,373.6,373.6,1
20251204  12:00,373.35,373.35,372.95,373.15,8
20251204  12:01,373.4,373.75,373.4,373.75,17
20251204  12:02,373.75,373.75,373.75,373.75,0
20251204  12:03,373.8,373.8,373.8,373.8,3
20251204  12:04,373.9,373.9,373.9,373.9,1
20251204  12:05,374.05,374.05,374.05,374.05,1
20251204  12:06,374.0,374.25,373.9,373.95,17
20251204  12:07,373.95,373.95,373.95,373.95,0
20251204  12:08,373.7,373.7,373.5,373.55,5
20251204  12:09,373.35,373.35,373.35,373.35,1
20251204  12:10,373.3,373.3,373.1,373.1,3
20251204  12:11,373.1,373.1,373.1,373.1,0
20251204  12:12,373.35,373.35,373.35,373.35,3
20251204  12:13,373.45,373.5,373.45,373.5,2
20251204  12:14,373.35,373.35,373.2,373.3,5
20251204  12:15,373.15,373.15,373.05,373.05,2
20251204  12:16,373.05,373.05,373.05,373.05,0
20251204  12:17,373.05,373.05,373.05,373.05,0
20251204  12:18,373.2,373.2,373.0,373.0,3
20251204  12:19,372.95,373.05,372.75,372.75,5
20251204  12:20,372.75,372.75,372.75,372.75,0
20251204  12:21,373.1,373.5,373.1,373.15,13
20251204  12:22,373.6,373.65,373.45,373.45,9
20251204  12:23,373.45,373.45,373.45,373.45,0
20251204  12:24,373.6,373.75,373.55,373.55,5
20251204  12:25,373.7,374.0,373.7,373.7,11
20251204  12:26,373.85,374.0,373.85,374.0,12
20251204  12:27,374.0,374.6,374.0,374.6,25
20251204  12:28,374.55,374.6,374.2,374.2,16
20251204  12:29,374.15,374.15,374.05,374.05,5
20251204  12:30,374.1,374.6,373.9,374.6,20
20251204  12:31,374.35,374.7,374.3,374.65,18
20251204  12:32,374.7,375.95,374.5,375.65,116
20251204  12:33,375.8,375.8,375.25,375.4,38
20251204  12:34,375.4,375.5,375.35,375.5,5
20251204  12:35,375.7,375.85,375.3,375.75,10
20251204  12:36,375.55,375.8,375.5,375.5,11
20251204  12:37,375.5,375.5,375.4,375.4,8
20251204  12:38,375.5,375.6,375.4,375.6,10
20251204  12:39,375.8,375.8,375.55,375.55,2
20251204  12:40,375.3,375.3,375.3,375.3,3
20251204  12:41,375.15,375.15,375.1,375.1,3
20251204  12:42,375.25,375.25,375.1,375.1,4
20251204  12:43,375.0,375.0,375.0,375.0,3
20251204  12:44,375.0,375.0,375.0,375.0,0
20251204  12:45,375.05,375.05,375.05,375.05,1
20251204  12:46,375.0,375.0,375.0,375.0,2
20251204  12:47,375.0,375.0,374.95,375.0,3
20251204  12:48,374.9,374.9,374.9,374.9,1
20251204  12:49,374.7,375.25,374.7,375.25,14
20251204  12:50,375.25,375.25,375.25,375.25,0
20251204  12:51,375.2,375.2,375.05,375.05,2
20251204  12:52,375.25,375.25,375.25,375.25,2
20251204  12:53,375.15,375.15,375.15,375.15,2
20251204  12:54,375.25,375.25,375.25,375.25,1
20251204  12:55,375.3,375.3,375.3,375.3,1
20251204  12:56,375.35,375.55,375.3,375.4,9
20251204  12:57,375.55,375.55,375.3,375.3,4
20251204  12:58,375.15,375.15,375.05,375.1,3
20251204  12:59,375.05,375.2,375.05,375.2,8
20251204  13:00,375.05,375.25,375.0,375.15,15
20251204  13:01,375.05,375.25,374.95,374.95,16
20251204  13:02,375.1,375.1,375.1,375.1,1
20251204  13:03,375.0,375.0,375.0,375.0,2
20251204  13:04,374.85,374.95,374.85,374.95,2
20251204  13:05,374.95,374.95,374.95,374.95,1
20251204  13:06,374.95,375.0,374.9,374.9,3
20251204  13:07,374.9,374.9,374.9,374.9,0
20251204  13:08,374.8,374.8,374.55,374.7,12
20251204  13:09,374.75,374.8,374.65,374.65,6
20251204  13:10,375.0,375.0,375.0,375.0,1
20251204  13:11,375.0,375.0,374.85,374.85,3
20251204  13:12,374.9,374.9,374.9,374.9,1
20251204  13:13,375.0,375.0,374.75,374.8,26
20251204  13:14,374.8,374.8,374.8,374.8,0
20251204  13:15,374.8,374.8,374.8,374.8,0
20251204  13:16,374.8,374.8,374.8,374.8,0
20251204  13:17,374.8,375.3,374.8,375.25,23
20251204  13:18,375.35,375.6,375.3,375.55,24
20251204  13:19,375.4,375.55,375.4,375.55,4
20251204  13:20,375.45,375.6,375.4,375.55,9
20251204  13:21,375.55,375.65,375.55,375.65,2
20251204  13:22,375.65,375.7,375.65,375.65,5
20251204  13:23,375.4,376.45,375.3,376.3,72
20251204  13:24,376.45,376.8,376.4,376.55,32
20251204  13:25,376.35,376.4,376.2,376.2,5
20251204  13:26,376.15,376.15,375.8,376.05,13
20251204  13:27,375.9,376.05,375.7,375.95,11
20251204  13:28,375.9,376.15,375.9,376.05,15
20251204  13:29,376.0,376.3,376.0,376.25,14
20251204  13:30,376.35,376.35,376.35,376.35,6
20251205  10:15,376.7,377.4,376.05,376.85,133
20251205  10:16,377.0,377.55,376.8,376.9,35
20251205  10:17,376.85,377.55,376.85,377.55,14
20251205  10:18,377.45,377.45,377.05,377.05,13
20251205  10:19,377.3,377.55,377.25,377.25,9
20251205  10:20,377.4,377.5,377.3,377.5,10
20251205  10:21,377.7,377.85,377.35,377.45,12
20251205  10:22,377.6,377.8,377.45,377.5,7
20251205  10:23,377.3,377.3,377.2,377.25,7
20251205  10:24,377.2,377.25,377.2,377.25,4
20251205  10:25,377.6,377.6,377.55,377.6,7
20251205  10:26,377.6,377.6,377.55,377.55,2
20251205  10:27,377.75,377.9,377.75,377.9,4
20251205  10:28,377.7,377.7,377.65,377.65,2
20251205  10:29,377.6,377.6,377.6,377.6,1
20251205  10:30,377.75,377.95,377.3,377.95,13
20251205  10:31,378.05,378.4,377.95,378.15,11
20251205  10:32,377.7,377.7,377.6,377.6,7
20251205  10:33,377.6,377.75,377.6,377.7,7
20251205  10:34,377.7,377.7,377.65,377.7,3
20251205  10:35,377.85,377.85,377.7,377.75,9
20251205  10:36,377.8,378.2,377.8,377.95,8
20251205  10:37,378.0,378.0,377.95,378.0,4
20251205  10:38,378.1,378.1,377.8,377.95,13
20251205  10:39,377.9,377.9,377.9,377.9,1
20251205  10:40,377.9,377.9,377.9,377.9,0
20251205  10:41,377.85,377.9,377.7,377.9,8
20251205  10:42,377.65,377.65,377.4,377.4,6
20251205  10:43,377.2,377.4,377.15,377.4,4
20251205  10:44,377.45,377.55,377.4,377.4,7
20251205  10:45,377.35,377.35,377.35,377.35,1
20251205  10:46,377.35,377.35,377.35,377.35,0
20251205  10:47,377.25,377.25,377.1,377.15,4
20251205  10:48,377.15,377.15,377.1,377.1,3
20251205  10:49,377.0,377.1,376.95,377.1,12
20251205  10:50,377.2,377.2,377.2,377.2,1
20251205  10:51,377.2,377.2,377.2,377.2,0
20251205  10:52,377.2,377.25,377.2,377.25,3
20251205  10:53,377.25,377.25,377.25,377.25,0
20251205  10:54,377.1,377.3,377.1,377.3,2
20251205  10:55,377.3,377.3,377.3,377.3,0
20251205  10:56,377.3,377.3,377.3,377.3,0
20251205  10:57,377.35,377.35,377.35,377.35,1
20251205  10:58,377.55,377.85,377.5,377.65,20
20251205  10:59,377.8,377.8,377.8,377.8,1
20251205  11:00,377.9,377.95,377.5,377.85,15
20251205  11:01,377.9,377.9,377.65,377.65,11
20251205  11:02,377.65,377.65,377.65,377.65,0
20251205  11:03,377.85,378.0,377.85,378.0,6
20251205  11:04,378.0,378.0,378.0,378.0,0
20251205  11:05,378.2,378.2,378.0,378.05,4
20251205  11:06,377.9,377.9,377.65,377.75,9
20251205  11:07,377.75,377.75,377.75,377.75,0
20251205  11:08,377.7,377.7,377.5,377.65,8
20251205  11:09,377.4,377.4,377.1,377.1,9
20251205  11:10,376.9,376.95,376.8,376.8,5
20251205  11:11,376.75,376.85,376.7,376.85,7
20251205  11:12,376.75,376.75,376.75,376.75,4
20251205  11:13,376.75,376.75,376.75,376.75,0
20251205  11:14,376.75,376.75,376.75,376.75,0
20251205  11:15,376.85,377.1,376.75,376.95,18
20251205  11:16,377.15,377.15,376.95,377.0,10
20251205  11:17,377.1,377.15,377.1,377.15,2
20251205  11:18,377.4,377.5,377.4,377.5,6
20251205  11:19,377.25,377.35,377.25,377.35,6
20251205  11:20,377.3,377.35,376.7,376.95,13
20251205  11:21,377.0,377.1,376.8,376.9,14
20251205  11:22,377.05,377.05,377.0,377.0,3
20251205  11:23,377.0,377.05,377.0,377.05,2
20251205  11:24,377.0,377.05,376.85,377.05,4
20251205  11:25,377.05,377.05,377.05,377.05,1
20251205  11:26,377.05,377.05,376.9,376.9,5
20251205  11:27,376.95,376.95,376.9,376.9,2
20251205  11:28,376.85,376.85,376.85,376.85,1
20251205  11:29,376.85,376.85,376.85,376.85,0
20251205  11:30,377.2,377.45,377.2,377.35,4
20251205  11:31,377.45,377.45,377.35,377.35,2
20251205  11:32,377.2,377.5,377.2,377.5,8
20251205  11:33,377.25,377.25,377.2,377.25,3
20251205  11:34,377.35,377.35,377.35,377.35,3
20251205  11:35,377.45,377.45,377.45,377.45,3
20251205  11:36,377.55,377.55,377.35,377.4,4
20251205  11:37,377.4,377.4,377.4,377.4,3
20251205  11:38,377.35,377.35,377.25,377.25,3
20251205  11:39,377.25,377.25,377.15,377.15,5
20251205  11:40,377.15,377.15,377.15,377.15,0
20251205  11:41,377.1,377.35,377.1,377.35,4
20251205  11:42,377.4,377.45,377.4,377.45,2
20251205  11:43,377.25,377.45,377.25,377.35,8
20251205  11:44,377.1,377.55,377.1,377.55,10
20251205  11:45,377.55,377.9,377.45,377.45,38
20251205  11:46,377.2,377.2,377.15,377.2,3
20251205  11:47,377.2,377.2,377.2,377.2,0
20251205  11:48,377.2,377.2,377.2,377.2,0
20251205  11:49,377.2,377.2,377.2,377.2,0
20251205  11:50,377.05,377.2,377.05,377.2,2
20251205  11:51,377.1,377.1,377.1,377.1,2
20251205  11:52,377.15,377.15,377.1,377.1,2
20251205  11:53,377.15,377.15,377.1,377.15,4
20251205  11:54,377.05,377.05,376.95,377.0,4
20251205  11:55,376.95,377.05,376.85,377.05,4
20251205  11:56,376.85,376.95,376.8,376.95,4
20251205  11:57,376.9,376.9,376.9,376.9,1
20251205  11:58,376.9,376.9,376.9,376.9,0
20251205  11:59,377.3,377.3,376.8,376.8,16
20251205  12:00,376.9,376.9,376.2,376.25,28
20251205  12:01,376.25,376.35,375.85,376.35,38
20251205  12:02,376.25,376.25,375.65,375.95,22
20251205  12:03,375.85,375.9,375.7,375.85,7
20251205  12:04,375.65,375.9,375.65,375.9,11
20251205  12:05,375.9,375.95,375.7,375.95,8
20251205  12:06,375.7,375.8,375.65,375.65,3
20251205  12:07,376.1,376.1,376.0,376.0,6
20251205  12:08,375.9,375.95,375.9,375.95,2
20251205  12:09,375.85,375.9,375.85,375.9,2
20251205  12:10,375.85,375.85,375.8,375.8,3
20251205  12:11,375.8,375.8,375.8,375.8,3
20251205  12:12,375.65,375.65,375.35,375.35,17
20251205  12:13,375.25,375.7,375.0,375.65,42
20251205  12:14,375.65,375.65,375.65,375.65,0
20251205  12:15,375.65,375.65,375.65,375.65,1
20251205  12:16,375.55,375.65,375.55,375.65,2
20251205  12:17,375.5,375.65,375.45,375.65,9
20251205  12:18,375.65,375.65,375.65,375.65,0
20251205  12:19,375.55,375.55,375.55,375.55,2
20251205  12:20,375.55,375.55,375.55,375.55,0
20251205  12:21,375.35,375.75,375.25,375.75,24
20251205  12:22,375.85,376.2,375.85,376.15,38
20251205  12:23,375.95,376.05,375.7,375.7,21
20251205  12:24,375.9,375.9,375.9,375.9,1
20251205  12:25,375.8,375.8,375.65,375.7,5
20251205  12:26,375.8,375.8,375.8,375.8,2
20251205  12:27,375.75,375.75,375.75,375.75,1
20251205  12:28,375.85,375.85,375.85,375.85,1
20251205  12:29,376.0,376.05,376.0,376.05,2
20251205  12:30,376.0,376.2,375.95,376.05,12
20251205  12:31,376.05,376.1,375.95,375.95,3
20251205  12:32,376.2,376.25,376.2,376.25,2
20251205  12:33,376.25,376.25,376.25,376.25,0
20251205  12:34,376.35,376.5,376.3,376.3,4
20251205  12:35,376.3,376.3,376.3,376.3,0
20251205  12:36,376.35,376.35,376.35,376.35,2
20251205  12:37,376.25,376.35,376.25,376.35,3
20251205  12:38,376.35,376.35,376.35,376.35,0
20251205  12:39,376.35,376.5,376.3,376.5,11
20251205  12:40,376.55,376.6,376.45,376.5,4
20251205  12:41,376.5,376.5,376.5,376.5,0
20251205  12:42,376.5,376.65,376.45,376.45,9
20251205  12:43,376.4,376.4,376.4,376.4,1
20251205  12:44,376.4,376.4,376.4,376.4,0
20251205  12:45,376.3,376.35,376.3,376.35,3
20251205  12:46,376.45,376.45,376.4,376.4,5
20251205  12:47,376.35,376.35,375.85,376.15,25
20251205  12:48,376.1,376.1,376.1,376.1,1
20251205  12:49,376.15,376.15,376.05,376.05,3
20251205  12:50,376.1,376.35,376.1,376.35,3
20251205  12:51,376.35,376.35,376.35,376.35,0
20251205  12:52,376.35,376.35,376.35,376.35,0
20251205  12:53,376.3,376.3,376.25,376.3,3
20251205  12:54,376.3,376.3,376.3,376.3,0
20251205  12:55,376.35,376.35,376.35,376.35,2
20251205  12:56,376.45,376.55,376.35,376.35,23
20251205  12:57,376.4,376.45,376.4,376.45,2
20251205  12:58,376.25,376.25,375.9,375.9,5
20251205  12:59,375.8,375.8,375.75,375.75,3
20251205  13:00,375.65,375.65,375.0,375.45,137
20251205  13:01,375.35,375.35,375.15,375.2,14
20251205  13:02,375.25,375.4,375.25,375.4,3
20251205  13:03,375.6,375.65,375.5,375.65,4
20251205  13:04,375.75,375.85,375.75,375.85,2
20251205  13:05,375.8,375.8,375.8,375.8,1
20251205  13:06,375.9,375.9,375.9,375.9,1
20251205  13:07,375.9,375.9,375.9,375.9,0
20251205  13:08,375.9,375.9,375.9,375.9,0
20251205  13:09,376.2,376.3,376.2,376.3,5
20251205  13:10,376.2,376.55,376.2,376.55,4
20251205  13:11,376.45,376.6,376.35,376.35,10
20251205  13:12,376.5,376.75,376.35,376.35,11
20251205  13:13,376.1,376.25,376.0,376.15,15
20251205  13:14,376.25,376.25,376.2,376.2,4
20251205  13:15,376.05,376.2,376.05,376.05,4
20251205  13:16,376.25,376.25,375.95,376.15,3
20251205  13:17,376.1,376.1,376.0,376.05,4
20251205  13:18,375.95,376.4,375.8,376.2,40
20251205  13:19,376.0,376.05,375.95,375.95,4
20251205  13:20,376.15,376.25,376.05,376.2,7
20251205  13:21,376.0,376.05,375.95,375.95,3
20251205  13:22,375.95,375.95,375.95,375.95,2
20251205  13:23,375.95,375.95,375.95,375.95,1
20251205  13:24,376.0,376.0,375.4,375.6,10
20251205  13:25,375.3,375.35,375.05,375.35,20
20251205  13:26,375.45,375.45,375.35,375.35,2
20251205  13:27,375.3,375.35,375.2,375.3,7
20251205  13:28,375.25,375.4,375.25,375.4,3
20251205  13:29,375.35,375.35,375.35,375.35,2
20251205  13:30,375.45,375.45,375.3,375.35,5
20251208  10:15,373.2,374.85,372.85,374.15,232
20251208  10:16,373.95,374.3,373.95,374.15,27
20251208  10:17,374.0,374.15,373.6,374.0,25
20251208  10:18,374.1,374.3,374.05,374.25,7
20251208  10:19,374.3,374.45,374.25,374.4,19
20251208  10:20,374.45,374.6,374.2,374.6,7
20251208  10:21,374.6,375.0,374.6,375.0,89
20251208  10:22,374.85,375.45,374.85,375.2,21
20251208  10:23,375.25,375.25,374.15,374.25,27
20251208  10:24,374.45,374.55,374.45,374.55,3
20251208  10:25,374.6,374.6,374.4,374.4,5
20251208  10:26,374.25,374.25,374.2,374.2,3
20251208  10:27,374.05,374.05,373.35,373.65,22
20251208  10:28,373.8,373.8,373.65,373.8,9
20251208  10:29,373.95,373.95,373.75,373.8,5
20251208  10:30,373.45,373.45,373.35,373.45,5
20251208  10:31,373.4,373.8,373.4,373.55,6
20251208  10:32,373.75,373.95,373.75,373.95,3
20251208  10:33,373.95,373.95,373.8,373.95,6
20251208  10:34,373.95,374.05,373.95,374.0,5
20251208  10:35,373.9,374.0,373.9,374.0,4
20251208  10:36,374.2,374.2,374.15,374.15,2
20251208  10:37,374.15,374.15,374.15,374.15,0
20251208  10:38,373.95,373.95,373.95,373.95,1
20251208  10:39,373.85,374.0,373.85,373.9,4
20251208  10:40,373.55,373.55,373.55,373.55,1
20251208  10:41,373.7,373.8,373.7,373.8,3
20251208  10:42,373.85,373.85,373.85,373.85,1
20251208  10:43,373.6,373.6,373.4,373.4,4
20251208  10:44,373.5,373.6,373.0,373.3,17
20251208  10:45,373.4,373.4,373.2,373.2,3
20251208  10:46,373.25,373.65,373.05,373.65,18
20251208  10:47,373.85,373.95,373.6,373.6,9
20251208  10:48,373.55,373.55,373.5,373.5,4
20251208  10:49,373.6,373.7,373.6,373.7,3
20251208  10:50,373.5,373.5,373.5,373.5,2
20251208  10:51,373.65,373.65,373.65,373.65,1
20251208  10:52,373.65,373.65,373.65,373.65,1
20251208  10:53,373.55,373.7,373.55,373.7,4
20251208  10:54,373.7,373.7,373.65,373.65,2
20251208  10:55,373.65,373.65,373.65,373.65,0
20251208  10:56,373.65,373.65,373.65,373.65,0
20251208  10:57,373.7,373.7,373.7,373.7,2
20251208  10:58,373.7,373.7,373.7,373.7,0
20251208  10:59,373.55,373.55,373.4,373.4,2
20251208  11:00,373.6,373.65,373.6,373.65,6
20251208  11:01,373.75,373.75,373.55,373.55,4
20251208  11:02,373.4,373.4,373.35,373.35,2
20251208  11:03,373.4,373.5,373.4,373.45,3
20251208  11:04,373.65,373.65,373.3,373.3,5
20251208  11:05,373.0,373.1,373.0,373.1,4
20251208  11:06,373.3,373.45,373.2,373.45,7
20251208  11:07,373.3,373.45,373.3,373.45,2
20251208  11:08,373.55,373.8,373.45,373.45,12
20251208  11:09,373.4,373.7,373.4,373.7,6
20251208  11:10,373.9,374.4,373.85,374.2,21
20251208  11:11,374.1,374.55,374.1,374.45,8
20251208  11:12,374.65,375.0,374.65,374.85,24
20251208  11:13,374.85,375.05,374.65,374.65,12
20251208  11:14,374.9,374.9,374.15,374.45,13
20251208  11:15,374.45,374.6,374.45,374.6,2
20251208  11:16,374.5,374.65,374.5,374.65,2
20251208  11:17,374.65,374.65,374.65,374.65,0
20251208  11:18,374.4,374.5,374.4,374.4,3
20251208  11:19,374.35,374.5,374.35,374.5,4
20251208  11:20,374.35,374.55,374.3,374.55,5
20251208  11:21,374.45,374.8,374.4,374.45,31
20251208  11:22,374.35,374.4,374.35,374.35,3
20251208  11:23,374.35,374.35,374.35,374.35,0
20251208  11:24,374.35,374.35,374.35,374.35,1
20251208  11:25,374.35,374.45,374.35,374.45,5
20251208  11:26,374.5,374.5,374.3,374.3,3
20251208  11:27,374.45,374.45,374.45,374.45,3
20251208  11:28,374.5,374.5,374.4,374.45,3
20251208  11:29,374.7,374.7,374.65,374.65,2
20251208  11:30,374.65,374.65,374.65,374.65,3
20251208  11:31,374.5,374.55,374.5,374.55,2
20251208  11:32,374.3,374.35,374.25,374.35,4
20251208  11:33,374.45,374.45,374.4,374.4,5
20251208  11:34,374.35,374.35,374.35,374.35,1
20251208  11:35,374.35,374.35,374.35,374.35,2
20251208  11:36,374.2,374.35,374.2,374.35,5
20251208  11:37,374.45,374.45,374.45,374.45,1
20251208  11:38,374.45,374.45,374.45,374.45,0
20251208  11:39,374.4,374.4,374.3,374.35,5
20251208  11:40,374.35,374.4,374.35,374.4,2
20251208  11:41,374.4,374.4,374.35,374.35,4
20251208  11:42,374.35,374.35,374.35,374.35,0
20251208  11:43,374.4,374.4,374.35,374.4,3
20251208  11:44,374.4,374.4,374.4,374.4,0
20251208  11:45,374.4,374.4,374.4,374.4,0
20251208  11:46,374.25,374.3,374.25,374.3,2
20251208  11:47,374.3,374.3,374.3,374.3,0
20251208  11:48,374.3,374.4,374.3,374.35,3
20251208  11:49,374.25,374.35,374.25,374.35,2
20251208  11:50,374.35,374.35,374.35,374.35,0
20251208  11:51,374.25,374.25,374.25,374.25,2
20251208  11:52,374.4,374.55,374.35,374.35,14
20251208  11:53,374.45,374.45,374.3,374.3,4
20251208  11:54,374.55,374.55,374.1,374.1,15
20251208  11:55,374.05,374.4,374.05,374.4,12
20251208  11:56,374.4,374.4,374.25,374.25,2
20251208  11:57,374.25,374.5,374.2,374.2,14
20251208  11:58,374.2,374.2,374.2,374.2,1
20251208  11:59,374.2,374.35,374.15,374.25,34
20251208  12:00,374.35,375.0,374.35,374.8,14
20251208  12:01,374.7,374.7,374.5,374.55,6
20251208  12:02,374.6,374.75,374.6,374.75,4
20251208  12:03,374.6,374.7,374.6,374.7,2
20251208  12:04,374.7,374.7,374.7,374.7,0
20251208  12:05,374.55,374.65,374.45,374.65,7
20251208  12:06,374.6,374.6,374.6,374.6,2
20251208  12:07,374.4,374.4,374.3,374.3,3
20251208  12:08,374.3,374.3,374.3,374.3,0
20251208  12:09,374.3,374.3,374.3,374.3,4
20251208  12:10,374.3,374.3,374.3,374.3,0
20251208  12:11,374.3,374.3,374.3,374.3,0
20251208  12:12,374.15,374.15,374.15,374.15,1
20251208  12:13,374.15,374.15,374.15,374.15,0
20251208  12:14,374.15,374.15,374.15,374.15,0
20251208  12:15,374.15,374.15,374.15,374.15,0
20251208  12:16,374.05,374.05,374.05,374.05,1
20251208  12:17,374.15,374.2,374.15,374.2,2
20251208  12:18,374.2,374.2,374.2,374.2,0
20251208  12:19,374.1,374.15,374.0,374.15,9
20251208  12:20,374.45,374.55,374.35,374.4,20
20251208  12:21,374.4,374.55,374.35,374.55,10
20251208  12:22,374.55,374.55,374.55,374.55,0
20251208  12:23,374.55,374.55,374.55,374.55,0
20251208  12:24,374.55,374.55,374.55,374.55,0
20251208  12:25,374.45,374.65,374.45,374.65,4
20251208  12:26,374.6,374.6,374.6,374.6,3
20251208  12:27,374.6,374.6,374.5,374.5,3
20251208  12:28,374.5,374.5,374.5,374.5,1
20251208  12:29,374.3,374.3,374.3,374.3,1
20251208  12:30,374.25,374.25,374.25,374.25,1
20251208  12:31,374.4,374.4,374.4,374.4,1
20251208  12:32,374.25,374.25,374.25,374.25,1
20251208  12:33,374.25,374.25,374.05,374.05,2
20251208  12:34,374.05,374.05,374.05,374.05,0
20251208  12:35,374.05,374.05,374.05,374.05,0
20251208  12:36,374.45,374.5,374.45,374.5,3
20251208  12:37,374.45,374.45,374.45,374.45,1
20251208  12:38,374.45,374.45,374.45,374.45,1
20251208  12:39,374.35,374.65,374.35,374.6,5
20251208  12:40,374.65,375.0,374.65,374.95,24
20251208  12:41,375.0,375.25,375.0,375.25,15
20251208  12:42,375.25,375.35,374.25,374.75,46
20251208  12:43,374.95,374.95,374.8,374.8,4
20251208  12:44,374.95,374.95,374.95,374.95,1
20251208  12:45,374.95,374.95,374.95,374.95,0
20251208  12:46,375.0,375.0,374.75,374.95,12
20251208  12:47,374.75,374.75,374.4,374.45,45
20251208  12:48,374.4,374.6,374.4,374.6,3
20251208  12:49,374.65,374.75,374.65,374.75,5
20251208  12:50,374.7,374.75,374.65,374.75,5
20251208  12:51,374.75,374.8,374.7,374.7,4
20251208  12:52,374.8,374.8,374.8,374.8,1
20251208  12:53,374.8,374.8,374.8,374.8,0
20251208  12:54,374.9,374.9,374.9,374.9,3
20251208  12:55,374.9,375.05,374.9,375.0,6
20251208  12:56,374.85,375.1,374.85,375.1,12
20251208  12:57,375.15,375.15,375.15,375.15,1
20251208  12:58,375.15,375.15,375.15,375.15,1
20251208  12:59,375.15,375.15,375.1,375.15,3
20251208  13:00,375.0,375.0,375.0,375.0,1
20251208  13:01,375.1,375.1,374.9,374.9,5
20251208  13:02,375.05,375.25,375.05,375.25,7
20251208  13:03,375.35,375.55,375.35,375.55,17
20251208  13:04,375.6,376.0,375.4,375.4,32
20251208  13:05,375.45,376.5,375.3,376.5,84
20251208  13:06,376.6,376.8,376.6,376.6,46
20251208  13:07,376.55,376.55,376.45,376.55,5
20251208  13:08,376.55,376.55,376.55,376.55,0
20251208  13:09,376.65,376.65,376.3,376.3,14
20251208  13:10,376.15,376.4,376.15,376.3,8
20251208  13:11,376.1,376.1,375.85,375.85,4
20251208  13:12,376.15,376.55,376.0,376.55,21
20251208  13:13,376.7,376.8,376.65,376.65,9
20251208  13:14,376.55,376.55,376.5,376.5,2
20251208  13:15,376.5,376.7,376.5,376.65,7
20251208  13:16,376.45,376.45,376.45,376.45,1
20251208  13:17,376.45,376.45,376.45,376.45,1
20251208  13:18,376.4,376.4,376.3,376.35,7
20251208  13:19,376.5,376.65,376.5,376.65,6
20251208  13:20,376.5,376.5,376.45,376.45,10
20251208  13:21,376.45,376.55,376.45,376.55,2
20251208  13:22,376.5,376.55,376.5,376.55,2
20251208  13:23,376.5,376.55,376.5,376.55,6
20251208  13:24,376.65,376.65,376.5,376.5,2
20251208  13:25,376.5,376.6,376.5,376.6,3
20251208  13:26,376.65,376.65,376.65,376.65,1
20251208  13:27,376.55,376.55,376.55,376.55,2
20251208  13:28,376.65,376.65,376.6,376.6,2
20251208  13:29,376.6,376.6,376.6,376.6,0
20251208  13:30,376.6,376.95,376.55,376.9,21
20251209  10:15,369.55,369.95,368.45,368.85,223
20251209  10:16,369.2,369.2,368.7,369.0,11
20251209  10:17,369.0,369.25,368.95,369.0,29
20251209  10:18,369.0,369.0,368.65,369.0,9
20251209  10:19,369.0,369.25,368.95,369.1,7
20251209  10:20,369.2,369.2,369.2,369.2,4
20251209  10:21,369.3,369.3,369.15,369.2,6
20251209  10:22,369.15,369.15,368.95,369.05,10
20251209  10:23,369.3,369.5,369.25,369.3,11
20251209  10:24,369.25,369.6,369.25,369.6,8
20251209  10:25,369.6,369.65,369.4,369.45,42
20251209  10:26,369.4,369.4,369.4,369.4,2
20251209  10:27,369.15,369.15,369.05,369.15,3
20251209  10:28,369.3,369.3,369.25,369.25,3
20251209  10:29,369.15,369.35,369.15,369.15,8
20251209  10:30,369.3,369.55,369.3,369.3,16
20251209  10:31,369.45,369.7,369.45,369.5,15
20251209  10:32,369.6,369.65,369.4,369.45,13
20251209  10:33,369.5,369.75,369.3,369.35,15
20251209  10:34,369.35,369.35,369.35,369.35,2
20251209  10:35,369.35,369.6,369.3,369.6,22
20251209  10:36,369.6,369.6,369.6,369.6,0
20251209  10:37,369.45,369.6,369.35,369.6,8
20251209  10:38,369.6,369.65,369.6,369.65,4
20251209  10:39,369.55,369.55,369.55,369.55,2
20251209  10:40,369.4,369.45,369.4,369.45,4
20251209  10:41,369.35,369.6,369.25,369.45,9
20251209  10:42,369.6,369.6,369.45,369.45,4
20251209  10:43,369.45,369.45,369.45,369.45,0
20251209  10:44,369.45,369.5,369.4,369.4,3
20251209  10:45,369.8,370.4,369.8,370.25,44
20251209  10:46,370.25,370.25,370.1,370.25,18
20251209  10:47,370.15,370.2,370.05,370.2,6
20251209  10:48,370.2,370.2,370.1,370.1,8
20251209  10:49,370.15,370.2,370.1,370.1,4
20251209  10:50,370.0,370.05,370.0,370.05,3
20251209  10:51,370.05,370.05,369.95,369.95,3
20251209  10:52,370.05,370.05,369.95,370.0,9
20251209  10:53,369.95,369.95,369.8,369.95,8
20251209  10:54,370.1,370.2,370.1,370.2,4
20251209  10:55,370.1,370.2,369.95,370.2,8
20251209  10:56,370.2,370.4,369.9,369.9,34
20251209  10:57,369.85,370.15,369.85,369.95,10
20251209  10:58,370.05,370.15,369.95,370.0,8
20251209  10:59,370.15,370.25,370.1,370.25,5
20251209  11:00,370.1,370.3,370.1,370.3,4
20251209  11:01,370.3,370.35,370.25,370.25,9
20251209  11:02,370.1,370.2,369.9,369.9,12
20251209  11:03,369.95,370.0,369.95,369.95,7
20251209  11:04,369.9,370.3,369.8,370.15,22
20251209  11:05,370.15,370.15,370.15,370.15,0
20251209  11:06,370.3,370.8,370.3,370.7,37
20251209  11:07,370.65,370.65,370.65,370.65,1
20251209  11:08,370.8,371.15,370.8,370.9,42
20251209  11:09,370.75,370.8,370.55,370.7,16
20251209  11:10,370.7,370.8,370.5,370.5,13
20251209  11:11,370.8,370.8,370.8,370.8,2
20251209  11:12,370.9,370.9,370.35,370.4,15
20251209  11:13,370.5,370.5,370.5,370.5,3
20251209  11:14,370.65,370.65,370.55,370.55,7
20251209  11:15,370.55,370.6,370.55,370.6,2
20251209  11:16,370.6,370.6,370.6,370.6,0
20251209  11:17,370.7,370.95,370.7,370.95,3
20251209  11:18,370.95,371.0,370.85,370.95,17
20251209  11:19,371.0,371.0,370.55,370.6,30
20251209  11:20,370.6,370.7,370.6,370.7,2
20251209  11:21,370.85,371.5,370.85,371.35,34
20251209  11:22,371.45,371.7,371.4,371.45,41
20251209  11:23,371.5,371.65,371.5,371.65,14
20251209  11:24,371.65,372.0,371.35,371.35,45
20251209  11:25,371.3,371.45,371.25,371.35,9
20251209  11:26,371.5,371.5,371.35,371.45,21
20251209  11:27,371.4,371.4,371.35,371.4,8
20251209  11:28,371.35,371.35,371.35,371.35,3
20251209  11:29,371.35,371.5,371.35,371.5,5
20251209  11:30,371.5,372.1,371.5,371.9,34
20251209  11:31,372.0,372.25,372.0,372.15,15
20251209  11:32,372.25,372.3,372.1,372.3,11
20251209  11:33,372.15,372.25,372.05,372.2,22
20251209  11:34,372.25,372.35,372.25,372.35,9
20251209  11:35,372.4,372.45,372.4,372.45,6
20251209  11:36,372.35,372.45,371.85,372.0,43
20251209  11:37,371.95,372.0,371.9,371.9,7
20251209  11:38,371.9,371.9,371.8,371.85,4
20251209  11:39,371.8,371.8,371.5,371.7,30
20251209  11:40,371.6,371.75,371.55,371.75,4
20251209  11:41,371.75,371.75,371.75,371.75,0
20251209  11:42,371.6,371.65,371.45,371.45,22
20251209  11:43,371.35,371.45,371.35,371.4,7
20251209  11:44,371.4,371.4,371.4,371.4,0
20251209  11:45,371.3,371.3,371.0,371.0,6
20251209  11:46,371.45,371.55,371.45,371.55,2
20251209  11:47,371.5,371.55,371.5,371.55,6
20251209  11:48,371.3,371.5,371.3,371.3,12
20251209  11:49,371.5,372.05,371.5,372.05,34
20251209  11:50,371.9,372.0,371.6,371.6,19
20251209  11:51,371.6,371.6,371.6,371.6,0
20251209  11:52,371.65,371.65,371.6,371.6,3
20251209  11:53,371.65,371.75,371.65,371.75,3
20251209  11:54,371.8,371.8,371.6,371.6,12
20251209  11:55,371.9,372.0,371.85,372.0,6
20251209  11:56,372.0,372.0,372.0,372.0,4
20251209  11:57,371.85,371.9,371.75,371.9,6
20251209  11:58,371.85,371.85,371.85,371.85,1
20251209  11:59,371.95,372.0,371.85,371.85,6
20251209  12:00,371.9,371.9,371.45,371.45,13
20251209  12:01,371.75,371.75,371.75,371.75,7
20251209  12:02,371.6,371.75,371.35,371.75,20
20251209  12:03,371.65,371.65,371.25,371.45,14
20251209  12:04,371.45,371.45,371.45,371.45,0
20251209  12:05,371.5,371.5,371.35,371.45,6
20251209  12:06,371.55,371.65,371.55,371.65,3
20251209  12:07,371.8,371.8,371.8,371.8,1
20251209  12:08,371.6,371.6,371.6,371.6,1
20251209  12:09,371.6,371.6,371.5,371.5,14
20251209  12:10,371.45,371.45,371.3,371.45,6
20251209  12:11,371.4,371.55,371.35,371.55,10
20251209  12:12,371.55,371.55,371.55,371.55,0
20251209  12:13,371.45,371.45,371.3,371.3,7
20251209  12:14,371.35,371.45,371.35,371.45,2
20251209  12:15,371.35,371.35,371.35,371.35,2
20251209  12:16,371.3,371.45,371.3,371.45,4
20251209  12:17,371.4,371.4,370.9,371.1,28
20251209  12:18,371.3,371.55,371.3,371.55,12
20251209  12:19,371.65,371.65,371.35,371.35,5
20251209  12:20,371.35,371.35,371.35,371.35,0
20251209  12:21,371.55,372.0,371.55,371.8,46
20251209  12:22,371.9,371.9,371.35,371.4,22
20251209  12:23,371.25,371.25,370.9,371.15,28
20251209  12:24,371.3,371.3,371.3,371.3,1
20251209  12:25,371.15,371.3,371.15,371.3,5
20251209  12:26,371.2,371.25,371.1,371.25,4
20251209  12:27,371.25,371.6,371.0,371.25,8
20251209  12:28,371.1,371.2,370.95,371.05,7
20251209  12:29,371.1,371.1,371.1,371.1,1
20251209  12:30,371.2,371.2,371.2,371.2,1
20251209  12:31,371.2,371.2,371.2,371.2,0
20251209  12:32,371.2,371.2,371.2,371.2,1
20251209  12:33,371.4,371.4,371.1,371.1,9
20251209  12:34,371.1,371.1,371.1,371.1,0
20251209  12:35,371.05,371.05,370.8,370.8,10
20251209  12:36,371.2,371.2,370.7,371.05,10
20251209  12:37,371.05,371.2,371.05,371.05,5
20251209  12:38,371.05,371.2,371.0,371.15,7
20251209  12:39,371.0,371.0,371.0,371.0,1
20251209  12:40,370.95,370.95,370.7,370.85,9
20251209  12:41,371.0,371.25,371.0,371.25,7
20251209  12:42,371.2,371.2,371.1,371.15,7
20251209  12:43,371.15,371.3,370.95,371.3,9
20251209  12:44,371.1,371.1,371.1,371.1,1
20251209  12:45,371.35,371.35,371.2,371.3,5
20251209  12:46,371.4,371.55,371.3,371.55,5
20251209  12:47,371.25,371.35,371.2,371.35,3
20251209  12:48,371.35,371.35,371.35,371.35,0
20251209  12:49,371.55,371.7,371.3,371.4,14
20251209  12:50,371.3,371.35,370.6,371.25,28
20251209  12:51,371.25,371.25,371.25,371.25,0
20251209  12:52,371.25,371.25,371.25,371.25,0
20251209  12:53,371.3,371.35,371.3,371.35,2
20251209  12:54,371.45,371.45,371.25,371.35,6
20251209  12:55,371.3,371.3,371.15,371.15,14
20251209  12:56,371.0,371.1,371.0,371.1,8
20251209  12:57,370.9,370.9,370.8,370.8,2
20251209  12:58,370.85,370.85,370.75,370.75,4
20251209  12:59,370.95,370.95,370.9,370.9,2
20251209  13:00,370.85,371.3,370.85,371.15,21
20251209  13:01,371.1,371.3,371.05,371.25,11
20251209  13:02,371.3,371.3,371.25,371.25,2
20251209  13:03,371.4,371.7,371.4,371.55,18
20251209  13:04,371.35,371.35,371.35,371.35,2
20251209  13:05,371.45,371.6,371.35,371.35,4
20251209  13:06,371.35,371.35,371.35,371.35,1
20251209  13:07,371.3,371.3,371.15,371.25,6
20251209  13:08,371.3,371.3,371.3,371.3,1
20251209  13:09,371.35,371.4,371.35,371.4,4
20251209  13:10,371.3,371.3,371.3,371.3,3
20251209  13:11,371.4,371.45,371.4,371.4,4
20251209  13:12,371.4,371.4,371.4,371.4,0
20251209  13:13,371.6,371.6,371.6,371.6,1
20251209  13:14,371.6,371.6,371.6,371.6,0
20251209  13:15,371.25,371.45,371.25,371.4,6
20251209  13:16,371.45,371.45,371.3,371.45,5
20251209  13:17,371.5,371.95,371.5,371.85,44
20251209  13:18,371.8,372.5,371.8,372.5,84
20251209  13:19,372.5,373.85,372.1,372.2,148
20251209  13:20,372.2,372.4,372.0,372.3,17
20251209  13:21,372.2,372.45,372.2,372.4,12
20251209  13:22,372.4,372.4,372.4,372.4,0
20251209  13:23,372.15,372.25,372.0,372.2,13
20251209  13:24,372.3,372.3,372.0,372.0,8
20251209  13:25,371.95,372.0,371.95,372.0,3
20251209  13:26,372.05,372.25,371.85,371.95,14
20251209  13:27,372.0,372.15,372.0,372.0,15
20251209  13:28,371.85,371.85,371.85,371.85,1
20251209  13:29,371.8,372.05,371.8,372.05,5
20251209  13:30,372.0,372.2,372.0,372.05,6
20251210  10:15,368.5,370.2,368.25,369.15,199
20251210  10:16,369.25,369.6,368.9,368.9,27
20251210  10:17,368.95,369.0,368.2,368.45,28
20251210  10:18,368.6,368.8,368.45,368.8,14
20251210  10:19,368.8,369.0,368.65,368.95,12
20251210  10:20,369.1,369.4,368.8,369.1,38
20251210  10:21,369.15,369.25,369.1,369.1,5
20251210  10:22,369.35,369.5,369.35,369.45,16
20251210  10:23,369.25,369.35,369.15,369.3,7
20251210  10:24,369.15,369.4,369.15,369.4,3
20251210  10:25,369.45,369.45,369.45,369.45,1
20251210  10:26,369.45,369.45,369.35,369.4,14
20251210  10:27,369.15,369.25,369.05,369.25,4
20251210  10:28,369.4,369.4,369.2,369.2,3
20251210  10:29,369.45,369.45,369.3,369.35,3
20251210  10:30,369.35,369.35,369.2,369.2,5
20251210  10:31,369.3,369.4,369.2,369.4,5
20251210  10:32,369.45,369.55,369.25,369.35,18
20251210  10:33,369.35,369.55,369.35,369.35,6
20251210  10:34,369.35,369.35,369.35,369.35,0
20251210  10:35,369.5,369.55,369.2,369.25,12
20251210  10:36,369.45,369.5,369.4,369.45,6
20251210  10:37,369.3,369.3,368.9,368.9,12
20251210  10:38,368.95,368.95,368.4,368.6,26
20251210  10:39,368.8,369.05,368.8,369.05,3
20251210  10:40,368.9,369.15,368.9,369.0,8
20251210  10:41,369.05,369.05,369.0,369.0,3
20251210  10:42,369.2,369.2,369.2,369.2,1
20251210  10:43,369.2,369.2,369.1,369.1,3
20251210  10:44,369.3,369.35,369.15,369.15,8
20251210  10:45,369.45,369.6,369.45,369.55,8
20251210  10:46,369.45,369.55,369.35,369.55,17
20251210  10:47,369.55,369.75,369.5,369.75,18
20251210  10:48,369.5,369.75,369.5,369.75,7
20251210  10:49,369.65,369.65,369.55,369.55,4
20251210  10:50,369.7,369.7,369.7,369.7,2
20251210  10:51,369.65,369.65,369.5,369.65,3
20251210  10:52,369.7,369.7,369.7,369.7,2
20251210  10:53,369.6,369.8,369.6,369.8,3
20251210  10:54,369.55,369.7,369.55,369.7,4
20251210  10:55,369.65,369.65,369.65,369.65,1
20251210  10:56,369.75,369.75,369.7,369.75,5
20251210  10:57,369.7,369.7,369.5,369.5,5
20251210  10:58,369.55,369.6,369.3,369.35,9
20251210  10:59,369.4,369.4,369.15,369.2,7
20251210  11:00,369.05,369.05,368.25,368.55,28
20251210  11:01,368.45,368.45,368.25,368.25,16
20251210  11:02,368.3,368.3,367.7,368.1,44
20251210  11:03,368.4,368.5,368.3,368.4,11
20251210  11:04,368.35,368.35,368.1,368.1,3
20251210  11:05,368.1,368.25,367.9,367.9,21
20251210  11:06,367.95,368.55,367.95,368.45,16
20251210  11:07,368.4,368.5,368.4,368.4,8
20251210  11:08,368.45,368.45,368.3,368.45,7
20251210  11:09,368.65,368.75,368.6,368.6,5
20251210  11:10,368.5,368.5,368.0,368.15,54
20251210  11:11,368.15,368.15,367.9,368.1,9
20251210  11:12,368.1,368.3,368.1,368.3,4
20251210  11:13,368.2,368.2,368.05,368.15,5
20251210  11:14,368.1,368.2,368.1,368.2,4
20251210  11:15,368.35,368.35,368.15,368.15,6
20251210  11:16,368.25,368.4,367.95,367.95,11
20251210  11:17,367.95,368.1,367.95,368.1,2
20251210  11:18,367.9,368.3,367.9,368.1,4
20251210  11:19,368.1,368.1,368.1,368.1,0
20251210  11:20,368.3,368.3,368.2,368.3,5
20251210  11:21,368.45,368.45,368.45,368.45,2
20251210  11:22,368.6,368.65,368.6,368.65,2
20251210  11:23,368.45,368.55,368.4,368.55,9
20251210  11:24,368.35,368.6,368.15,368.6,9
20251210  11:25,368.55,368.55,368.55,368.55,1
20251210  11:26,368.7,368.7,368.2,368.2,4
20251210  11:27,368.05,368.05,367.95,367.95,4
20251210  11:28,367.85,367.9,367.75,367.85,14
20251210  11:29,367.75,367.8,367.55,367.65,22
20251210  11:30,367.85,367.9,367.7,367.85,13
20251210  11:31,367.8,367.8,367.7,367.7,4
20251210  11:32,367.85,367.9,367.85,367.9,4
20251210  11:33,367.9,367.9,367.6,367.65,5
20251210  11:34,367.7,367.75,367.6,367.65,7
20251210  11:35,367.55,368.6,367.55,368.4,28
20251210  11:36,368.3,368.4,368.1,368.4,15
20251210  11:37,368.35,368.35,368.25,368.3,3
20251210  11:38,368.35,368.4,368.35,368.4,3
20251210  11:39,368.45,368.5,368.45,368.5,2
20251210  11:40,368.45,368.45,368.3,368.3,2
20251210  11:41,368.35,368.35,368.15,368.15,3
20251210  11:42,368.1,368.1,367.7,367.7,13
20251210  11:43,367.85,367.85,367.85,367.85,1
20251210  11:44,368.0,368.0,367.7,367.85,9
20251210  11:45,367.85,367.85,367.85,367.85,1
20251210  11:46,367.85,367.85,367.7,367.75,4
20251210  11:47,367.75,367.75,367.75,367.75,1
20251210  11:48,367.5,367.65,367.5,367.55,3
20251210  11:49,367.5,367.5,367.4,367.4,3
20251210  11:50,367.5,367.55,367.5,367.5,5
20251210  11:51,367.55,367.75,367.55,367.75,6
20251210  11:52,367.75,367.95,367.75,367.8,6
20251210  11:53,367.85,367.9,367.8,367.9,3
20251210  11:54,367.9,367.95,367.8,367.8,4
20251210  11:55,367.4,367.4,367.25,367.25,71
20251210  11:56,367.4,367.5,367.05,367.2,49
20251210  11:57,367.15,367.25,367.15,367.25,2
20251210  11:58,367.45,367.45,367.45,367.45,1
20251210  11:59,367.4,367.4,367.3,367.3,2
20251210  12:00,367.4,367.65,367.15,367.5,45
20251210  12:01,367.35,367.4,367.25,367.25,3
20251210  12:02,367.3,367.3,366.9,366.9,24
20251210  12:03,366.9,367.3,366.75,367.3,21
20251210  12:04,367.35,367.4,367.3,367.35,6
20251210  12:05,367.5,367.55,367.5,367.5,3
20251210  12:06,367.7,367.75,367.6,367.7,10
20251210  12:07,367.7,367.7,367.45,367.6,6
20251210  12:08,367.75,367.75,367.75,367.75,1
20251210  12:09,367.6,367.75,367.45,367.55,15
20251210  12:10,367.45,367.45,366.85,366.95,35
20251210  12:11,367.0,367.15,366.95,367.15,4
20251210  12:12,367.15,367.25,367.15,367.25,3
20251210  12:13,367.15,367.15,367.15,367.15,1
20251210  12:14,367.15,367.35,367.15,367.35,2
20251210  12:15,367.35,367.4,367.2,367.3,4
20251210  12:16,367.5,367.75,367.1,367.1,14
20251210  12:17,367.1,367.2,367.1,367.2,2
20251210  12:18,367.35,367.35,367.35,367.35,3
20251210  12:19,367.5,367.5,367.5,367.5,1
20251210  12:20,367.5,367.5,367.5,367.5,1
20251210  12:21,367.5,367.5,367.5,367.5,1
20251210  12:22,367.6,367.6,367.6,367.6,1
20251210  12:23,367.6,367.6,367.6,367.6,1
20251210  12:24,367.75,368.15,367.75,368.05,37
20251210  12:25,368.05,368.4,368.05,368.25,35
20251210  12:26,368.2,368.55,368.2,368.55,10
20251210  12:27,368.45,368.8,368.45,368.6,37
20251210  12:28,368.55,368.6,368.3,368.45,11
20251210  12:29,368.45,368.45,368.45,368.45,0
20251210  12:30,368.7,368.8,368.7,368.8,5
20251210  12:31,368.8,368.8,368.7,368.7,5
20251210  12:32,368.75,368.75,368.05,368.05,23
20251210  12:33,368.0,368.25,367.9,368.0,22
20251210  12:34,367.9,367.9,367.8,367.8,3
20251210  12:35,368.0,368.0,368.0,368.0,1
20251210  12:36,368.1,368.2,368.1,368.2,7
20251210  12:37,368.1,368.1,368.1,368.1,1
20251210  12:38,368.05,368.1,368.05,368.1,4
20251210  12:39,368.1,368.1,367.8,367.85,5
20251210  12:40,367.9,367.95,367.8,367.8,7
20251210  12:41,367.7,367.8,367.7,367.7,5
20251210  12:42,367.75,367.75,367.55,367.75,7
20251210  12:43,367.65,367.65,367.4,367.5,9
20251210  12:44,367.5,367.5,367.5,367.5,3
20251210  12:45,367.7,367.75,367.7,367.75,2
20251210  12:46,367.8,368.1,367.8,368.0,6
20251210  12:47,367.9,368.05,367.8,367.8,8
20251210  12:48,367.75,367.85,367.75,367.75,7
20251210  12:49,367.75,367.75,367.75,367.75,1
20251210  12:50,367.8,367.8,367.7,367.7,3
20251210  12:51,367.65,368.0,367.65,368.0,21
20251210  12:52,367.8,368.35,367.8,368.35,28
20251210  12:53,368.3,368.95,368.3,368.5,41
20251210  12:54,368.25,368.6,368.25,368.55,5
20251210  12:55,368.35,368.45,368.35,368.35,3
20251210  12:56,368.5,368.5,368.5,368.5,1
20251210  12:57,368.65,368.65,368.65,368.65,1
20251210  12:58,368.65,368.65,368.65,368.65,1
20251210  12:59,368.65,368.65,368.65,368.65,1
20251210  13:00,368.7,368.7,368.55,368.55,3
20251210  13:01,368.55,368.8,368.55,368.8,10
20251210  13:02,368.8,369.15,368.8,369.0,7
20251210  13:03,369.3,369.45,369.1,369.4,22
20251210  13:04,369.3,369.5,369.25,369.45,10
20251210  13:05,369.4,369.5,369.4,369.4,10
20251210  13:06,369.35,369.5,369.35,369.5,4
20251210  13:07,369.5,369.75,369.5,369.75,10
20251210  13:08,369.75,370.15,369.75,370.0,24
20251210  13:09,369.85,369.95,369.75,369.9,13
20251210  13:10,370.1,370.3,370.1,370.25,9
20251210  13:11,370.15,370.35,370.15,370.35,14
20251210  13:12,370.4,370.6,370.35,370.5,11
20251210  13:13,370.25,370.25,370.0,370.0,7
20251210  13:14,369.9,370.0,369.6,369.65,23
20251210  13:15,369.75,369.8,369.3,369.5,40
20251210  13:16,369.55,369.7,369.45,369.55,9
20251210  13:17,369.95,370.0,369.9,370.0,7
20251210  13:18,370.15,370.15,369.95,370.15,5
20251210  13:19,370.0,370.1,370.0,370.0,5
20251210  13:20,370.1,370.1,369.9,369.95,11
20251210  13:21,369.95,369.95,369.85,369.85,3
20251210  13:22,369.95,369.95,369.9,369.9,4
20251210  13:23,370.05,370.05,370.05,370.05,1
20251210  13:24,370.35,370.4,370.1,370.2,13
20251210  13:25,370.35,370.5,370.2,370.2,6
20251210  13:26,370.45,370.5,370.45,370.5,3
20251210  13:27,370.5,370.5,370.35,370.4,11
20251210  13:28,370.55,370.6,370.55,370.6,2
20251210  13:29,370.65,371.3,370.65,371.1,50
20251210  13:30,371.1,371.3,371.0,371.3,22
20251211  10:15,371.35,372.95,371.35,372.5,104
20251211  10:16,372.7,372.7,372.2,372.3,17
20251211  10:17,371.9,372.25,371.7,372.2,11
20251211  10:18,372.15,372.15,371.85,372.1,9
20251211  10:19,372.15,372.45,372.15,372.35,6
20251211  10:20,372.15,372.15,371.9,371.9,8
20251211  10:21,371.95,372.0,371.85,372.0,7
20251211  10:22,372.0,372.0,371.75,371.75,5
20251211  10:23,371.8,372.15,371.8,372.05,7
20251211  10:24,372.2,372.25,372.05,372.15,4
20251211  10:25,372.3,372.7,372.3,372.35,11
20251211  10:26,372.45,372.45,372.45,372.45,1
20251211  10:27,372.4,372.5,372.15,372.2,8
20251211  10:28,372.2,372.2,372.2,372.2,1
20251211  10:29,372.35,372.4,372.35,372.4,2
20251211  10:30,372.4,372.5,372.3,372.5,6
20251211  10:31,372.35,373.3,372.35,373.3,21
20251211  10:32,372.8,372.8,372.55,372.6,21
20251211  10:33,372.6,372.7,372.6,372.7,3
20251211  10:34,372.8,373.0,372.8,372.8,7
20251211  10:35,372.75,372.75,372.55,372.65,8
20251211  10:36,372.65,372.65,372.6,372.6,2
20251211  10:37,372.35,372.85,372.35,372.8,8
20251211  10:38,372.7,372.7,372.7,372.7,1
20251211  10:39,372.75,372.9,372.75,372.9,2
20251211  10:40,372.95,372.95,372.95,372.95,1
20251211  10:41,372.8,372.8,372.55,372.6,6
20251211  10:42,372.7,372.7,372.65,372.65,3
20251211  10:43,372.65,372.65,372.65,372.65,0
20251211  10:44,372.8,372.8,372.6,372.6,6
20251211  10:45,372.6,372.6,372.6,372.6,0
20251211  10:46,372.65,372.65,372.5,372.5,5
20251211  10:47,372.5,372.5,372.5,372.5,0
20251211  10:48,372.45,372.45,372.45,372.45,1
20251211  10:49,372.4,372.5,372.4,372.5,3
20251211  10:50,372.45,372.45,372.35,372.35,7
20251211  10:51,372.5,372.75,372.5,372.75,6
20251211  10:52,372.75,372.75,372.75,372.75,0
20251211  10:53,372.5,372.5,372.25,372.25,5
20251211  10:54,372.1,372.1,371.6,371.6,12
20251211  10:55,371.6,371.6,371.6,371.6,0
20251211  10:56,371.6,371.6,371.6,371.6,0
20251211  10:57,371.65,371.65,371.65,371.65,1
20251211  10:58,371.85,372.6,371.85,372.25,44
20251211  10:59,372.25,372.25,372.15,372.25,4
20251211  11:00,372.35,372.55,372.15,372.2,18
20251211  11:01,372.25,372.35,372.25,372.35,3
20251211  11:02,372.4,372.4,372.3,372.3,2
20251211  11:03,372.15,372.2,372.15,372.2,3
20251211  11:04,372.4,373.55,372.4,373.25,44
20251211  11:05,373.3,373.4,373.25,373.35,8
20251211  11:06,373.45,373.5,373.15,373.15,6
20251211  11:07,373.4,373.4,373.1,373.15,7
20251211  11:08,373.0,373.1,372.85,373.1,6
20251211  11:09,373.1,373.2,372.9,373.2,7
20251211  11:10,373.05,373.05,372.35,372.65,27
20251211  11:11,372.6,372.6,372.4,372.4,3
20251211  11:12,372.4,372.4,372.4,372.4,0
20251211  11:13,372.65,372.8,372.65,372.8,3
20251211  11:14,372.8,372.8,372.8,372.8,0
20251211  11:15,372.75,372.75,372.75,372.75,1
20251211  11:16,372.8,373.5,372.6,373.5,35
20251211  11:17,373.7,373.7,373.4,373.4,4
20251211  11:18,373.35,373.9,373.35,373.85,16
20251211  11:19,373.65,373.85,373.6,373.6,14
20251211  11:20,373.5,373.7,373.5,373.7,8
20251211  11:21,373.6,373.6,373.6,373.6,1
20251211  11:22,373.55,373.55,373.25,373.25,9
20251211  11:23,373.25,373.25,373.25,373.25,0
20251211  11:24,373.45,373.6,373.45,373.45,4
20251211  11:25,373.6,373.8,373.6,373.7,5
20251211  11:26,373.7,373.7,373.7,373.7,1
20251211  11:27,373.7,373.7,373.7,373.7,1
20251211  11:28,373.6,373.6,373.45,373.45,5
20251211  11:29,373.4,373.55,373.3,373.55,10
20251211  11:30,373.6,373.6,373.45,373.45,3
20251211  11:31,373.5,373.5,373.45,373.45,4
20251211  11:32,373.6,373.65,372.6,373.0,43
20251211  11:33,373.2,373.2,373.1,373.1,3
20251211  11:34,372.85,372.85,372.85,372.85,1
20251211  11:35,373.0,373.0,373.0,373.0,3
20251211  11:36,373.0,373.0,373.0,373.0,0
20251211  11:37,373.0,373.25,373.0,373.25,3
20251211  11:38,373.25,373.25,373.25,373.25,0
20251211  11:39,373.15,373.15,373.15,373.15,1
20251211  11:40,373.05,373.35,373.05,373.35,3
20251211  11:41,373.4,373.6,373.3,373.6,10
20251211  11:42,373.65,373.7,373.6,373.7,6
20251211  11:43,373.7,373.9,373.7,373.9,5
20251211  11:44,373.9,374.3,373.8,374.1,30
20251211  11:45,374.1,374.15,374.0,374.15,6
20251211  11:46,374.0,374.2,373.85,374.1,14
20251211  11:47,374.1,374.15,374.1,374.15,3
20251211  11:48,374.15,374.15,374.15,374.15,0
20251211  11:49,374.0,374.0,373.85,373.85,2
20251211  11:50,373.85,373.85,373.85,373.85,0
20251211  11:51,373.9,374.3,373.9,374.3,11
20251211  11:52,374.4,374.55,374.15,374.25,17
20251211  11:53,374.25,374.25,374.25,374.25,0
20251211  11:54,374.2,374.5,374.2,374.5,4
20251211  11:55,374.25,374.25,374.25,374.25,3
20251211  11:56,374.3,374.3,374.25,374.25,2
20251211  11:57,374.3,374.3,374.3,374.3,3
20251211  11:58,374.2,374.35,374.2,374.35,2
20251211  11:59,374.5,374.5,374.4,374.5,5
20251211  12:00,374.5,374.5,374.5,374.5,2
20251211  12:01,374.4,374.8,374.35,374.8,12
20251211  12:02,374.8,374.8,374.8,374.8,0
20251211  12:03,374.6,374.75,374.6,374.65,4
20251211  12:04,374.8,374.85,374.8,374.85,2
20251211  12:05,374.85,374.85,374.85,374.85,1
20251211  12:06,374.7,374.85,374.65,374.7,9
20251211  12:07,374.6,374.6,374.6,374.6,1
20251211  12:08,374.6,374.6,374.6,374.6,0
20251211  12:09,374.7,374.7,374.7,374.7,2
20251211  12:10,374.8,374.9,374.65,374.65,22
20251211  12:11,374.65,374.65,374.6,374.6,4
20251211  12:12,374.7,374.9,374.7,374.9,5
20251211  12:13,374.9,375.15,374.9,374.95,30
20251211  12:14,374.95,375.15,374.85,375.15,7
20251211  12:15,375.15,375.25,375.15,375.15,6
20251211  12:16,375.05,375.05,375.05,375.05,2
20251211  12:17,375.0,375.25,375.0,375.25,4
20251211  12:18,375.2,375.2,375.2,375.2,1
20251211  12:19,375.3,375.35,375.15,375.15,5
20251211  12:20,375.1,375.1,375.1,375.1,1
20251211  12:21,375.2,375.2,375.2,375.2,1
20251211  12:22,375.05,375.05,374.9,374.95,6
20251211  12:23,374.75,374.9,374.75,374.9,4
20251211  12:24,374.9,374.9,374.9,374.9,0
20251211  12:25,374.85,374.9,374.8,374.9,7
20251211  12:26,375.0,375.0,374.9,374.9,6
20251211  12:27,375.0,375.0,375.0,375.0,1
20251211  12:28,375.0,375.0,375.0,375.0,0
20251211  12:29,375.1,375.1,375.1,375.1,1
20251211  12:30,375.1,375.1,375.1,375.1,0
20251211  12:31,375.35,375.65,375.3,375.45,62
20251211  12:32,375.45,375.45,375.3,375.3,4
20251211  12:33,375.3,375.6,375.2,375.6,65
20251211  12:34,375.6,375.75,375.1,375.2,32
20251211  12:35,375.15,375.15,375.15,375.15,2
20251211  12:36,375.15,375.15,375.15,375.15,0
20251211  12:37,375.15,375.15,375.15,375.15,0
20251211  12:38,375.2,375.3,375.2,375.3,2
20251211  12:39,375.45,375.45,375.3,375.3,10
20251211  12:40,375.3,375.45,375.25,375.4,11
20251211  12:41,375.65,376.3,375.6,376.3,40
20251211  12:42,376.2,376.2,376.1,376.2,17
20251211  12:43,376.15,376.2,376.15,376.15,11
20251211  12:44,376.35,376.4,376.25,376.25,11
20251211  12:45,376.4,376.7,376.3,376.3,26
20251211  12:46,376.4,376.7,376.4,376.7,13
20251211  12:47,376.7,376.7,376.55,376.6,18
20251211  12:48,376.45,376.45,376.2,376.2,3
20251211  12:49,376.3,376.45,376.3,376.45,7
20251211  12:50,376.6,376.6,376.6,376.6,8
20251211  12:51,376.5,376.7,376.1,376.15,18
20251211  12:52,376.2,376.3,376.2,376.3,6
20251211  12:53,376.25,376.25,375.95,376.0,19
20251211  12:54,375.95,375.95,375.5,375.6,38
20251211  12:55,375.85,375.85,375.85,375.85,1
20251211  12:56,375.85,375.85,375.6,375.6,4
20251211  12:57,375.4,375.45,375.25,375.45,3
20251211  12:58,375.3,375.3,375.3,375.3,1
20251211  12:59,375.4,375.4,375.2,375.2,4
20251211  13:00,375.25,375.35,375.15,375.35,8
20251211  13:01,375.6,375.65,375.55,375.55,7
20251211  13:02,375.5,375.5,375.4,375.4,5
20251211  13:03,375.5,375.75,375.5,375.6,8
20251211  13:04,375.6,375.6,375.6,375.6,0
20251211  13:05,375.7,375.8,375.7,375.8,2
20251211  13:06,375.8,375.8,375.8,375.8,0
20251211  13:07,376.2,376.3,375.9,376.0,21
20251211  13:08,376.1,376.1,375.95,375.95,4
20251211  13:09,375.85,375.85,375.75,375.75,6
20251211  13:10,375.8,375.8,375.45,375.55,11
20251211  13:11,375.65,375.65,375.6,375.6,2
20251211  13:12,375.75,375.8,375.7,375.8,34
20251211  13:13,375.85,375.95,375.7,375.75,8
20251211  13:14,375.8,375.8,375.8,375.8,1
20251211  13:15,375.8,375.8,375.8,375.8,0
20251211  13:16,375.85,376.0,375.75,375.75,17
20251211  13:17,375.65,376.45,375.65,376.05,50
20251211  13:18,375.95,375.95,375.95,375.95,1
20251211  13:19,376.05,376.1,376.05,376.05,5
20251211  13:20,376.05,376.1,376.05,376.1,3
20251211  13:21,376.0,376.0,375.9,375.9,2
20251211  13:22,375.75,375.75,375.5,375.5,6
20251211  13:23,375.65,376.0,375.65,376.0,4
20251211  13:24,376.0,376.2,376.0,376.2,3
20251211  13:25,376.2,376.2,376.15,376.15,5
20251211  13:26,375.9,375.9,375.7,375.7,2
20251211  13:27,375.8,375.85,375.7,375.75,9
20251211  13:28,375.75,376.2,375.75,376.2,16
20251211  13:29,376.3,376.6,376.15,376.6,30
20251211  13:30,376.7,378.4,376.7,377.7,317
20251212  10:15,375.15,376.65,375.15,375.5,81
20251212  10:16,375.55,376.2,375.3,376.2,24
20251212  10:17,376.35,376.9,376.05,376.05,34
20251212  10:18,376.05,376.45,376.05,376.45,6
20251212  10:19,376.7,376.8,376.1,376.1,13
20251212  10:20,375.85,375.85,375.45,375.8,10
20251212  10:21,375.9,376.25,375.65,376.25,22
20251212  10:22,376.8,377.0,376.8,376.9,9
20251212  10:23,376.95,377.0,376.95,376.95,4
20251212  10:24,376.95,376.95,376.95,376.95,2
20251212  10:25,377.15,377.5,377.15,377.4,12
20251212  10:26,377.55,377.6,377.3,377.3,8
20251212  10:27,377.3,377.65,377.25,377.4,11
20251212  10:28,377.5,377.5,377.35,377.45,4
20251212  10:29,377.3,377.6,377.3,377.3,9
20251212  10:30,377.35,377.35,377.2,377.2,6
20251212  10:31,377.15,377.55,377.15,377.55,9
20251212  10:32,377.45,377.45,377.35,377.35,2
20251212  10:33,377.15,377.15,376.55,376.9,14
20251212  10:34,377.0,377.0,376.9,376.9,6
20251212  10:35,377.15,377.2,377.1,377.2,3
20251212  10:36,377.1,377.1,377.1,377.1,1
20251212  10:37,377.15,377.15,377.15,377.15,1
20251212  10:38,377.2,377.2,377.15,377.15,3
20251212  10:39,377.0,377.0,377.0,377.0,1
20251212  10:40,377.0,377.1,377.0,377.1,2
20251212  10:41,377.0,377.0,376.8,376.9,3
20251212  10:42,377.2,377.3,377.2,377.3,5
20251212  10:43,377.2,377.35,377.2,377.35,9
20251212  10:44,377.5,377.65,377.5,377.55,7
20251212  10:45,377.65,377.65,377.6,377.6,2
20251212  10:46,377.9,377.9,377.8,377.8,2
20251212  10:47,377.95,378.1,377.75,377.75,20
20251212  10:48,377.95,378.1,377.95,378.1,4
20251212  10:49,378.2,378.4,378.2,378.4,10
20251212  10:50,378.3,378.3,378.0,378.0,9
20251212  10:51,378.15,378.3,378.15,378.3,3
20251212  10:52,378.4,378.55,378.4,378.4,12
20251212  10:53,378.25,378.25,378.25,378.25,3
20251212  10:54,378.15,378.15,378.05,378.15,3
20251212  10:55,378.05,378.05,378.05,378.05,1
20251212  10:56,378.05,378.05,378.05,378.05,0
20251212  10:57,378.0,378.0,377.85,377.9,6
20251212  10:58,378.0,378.25,378.0,378.25,5
20251212  10:59,378.05,378.95,378.05,378.7,35
20251212  11:00,378.7,378.9,378.5,378.9,18
20251212  11:01,378.9,378.9,378.55,378.55,7
20251212  11:02,378.15,378.55,378.05,378.4,10
20251212  11:03,378.4,378.4,378.15,378.15,4
20251212  11:04,378.15,378.5,378.15,378.5,4
20251212  11:05,378.45,378.45,378.4,378.4,2
20251212  11:06,378.35,378.35,378.35,378.35,2
20251212  11:07,378.6,378.6,378.3,378.3,4
20251212  11:08,378.3,378.3,378.3,378.3,0
20251212  11:09,378.55,378.55,378.55,378.55,1
20251212  11:10,378.4,378.55,378.4,378.55,3
20251212  11:11,378.35,378.5,378.35,378.5,3
20251212  11:12,378.4,378.6,378.4,378.6,2
20251212  11:13,378.7,378.7,378.45,378.45,7
20251212  11:14,378.45,378.45,378.45,378.45,0
20251212  11:15,378.45,378.45,378.4,378.45,4
20251212  11:16,378.35,378.5,378.35,378.5,3
20251212  11:17,378.65,378.65,378.4,378.4,12
20251212  11:18,378.25,378.25,377.85,377.9,15
20251212  11:19,377.9,377.9,377.9,377.9,0
20251212  11:20,377.75,377.9,377.4,377.45,13
20251212  11:21,377.3,377.4,377.2,377.25,10
20251212  11:22,377.3,377.3,377.05,377.15,14
20251212  11:23,377.3,377.3,377.1,377.2,7
20251212  11:24,377.45,377.75,377.4,377.45,5
20251212  11:25,377.3,377.5,377.3,377.5,4
20251212  11:26,377.25,377.25,377.0,377.2,9
20251212  11:27,377.35,377.4,377.25,377.25,4
20251212  11:28,377.5,377.55,377.0,377.0,19
20251212  11:29,376.8,377.1,376.7,377.1,9
20251212  11:30,377.0,377.0,376.85,376.85,5
20251212  11:31,377.25,377.35,377.25,377.35,4
20251212  11:32,377.4,377.4,377.4,377.4,1
20251212  11:33,377.6,377.6,377.25,377.25,8
20251212  11:34,377.1,377.2,376.65,376.95,29
20251212  11:35,376.8,377.0,376.8,377.0,5
20251212  11:36,377.2,377.2,376.95,377.05,8
20251212  11:37,377.05,377.15,377.05,377.15,5
20251212  11:38,377.15,377.2,377.15,377.15,4
20251212  11:39,377.25,377.25,377.25,377.25,1
20251212  11:40,377.05,377.2,377.05,377.2,7
20251212  11:41,377.65,377.65,377.65,377.65,1
20251212  11:42,377.6,377.6,377.6,377.6,1
20251212  11:43,377.65,377.65,377.55,377.55,3
20251212  11:44,377.5,377.5,377.5,377.5,1
20251212  11:45,377.5,377.7,377.5,377.65,9
20251212  11:46,377.55,377.55,377.5,377.5,3
20251212  11:47,377.55,377.55,377.55,377.55,2
20251212  11:48,377.55,377.55,377.55,377.55,0
20251212  11:49,377.75,377.8,377.7,377.7,6
20251212  11:50,377.7,377.7,377.55,377.55,4
20251212  11:51,377.65,377.65,377.6,377.6,6
20251212  11:52,377.7,377.7,377.7,377.7,1
20251212  11:53,377.75,377.75,377.75,377.75,2
20251212  11:54,377.75,377.75,377.75,377.75,0
20251212  11:55,377.65,377.65,377.65,377.65,1
20251212  11:56,377.85,377.85,377.85,377.85,2
20251212  11:57,377.8,377.85,377.7,377.7,6
20251212  11:58,377.7,377.7,377.55,377.55,6
20251212  11:59,377.6,377.6,377.45,377.45,4
20251212  12:00,377.45,377.45,377.45,377.45,1
20251212  12:01,377.25,377.25,377.25,377.25,1
20251212  12:02,377.55,377.55,377.55,377.55,1
20251212  12:03,377.55,377.55,377.55,377.55,1
20251212  12:04,377.55,377.6,377.5,377.6,7
20251212  12:05,377.45,377.45,377.35,377.35,2
20251212  12:06,377.3,377.3,376.9,376.9,14
20251212  12:07,376.95,376.95,376.85,376.85,2
20251212  12:08,376.95,376.95,376.7,376.7,6
20251212  12:09,376.75,377.2,376.75,377.15,11
20251212  12:10,377.25,377.45,377.1,377.1,14
20251212  12:11,377.1,377.1,377.0,377.0,3
20251212  12:12,376.95,377.0,376.95,377.0,2
20251212  12:13,377.0,377.0,377.0,377.0,0
20251212  12:14,377.0,377.0,377.0,377.0,0
20251212  12:15,377.0,377.0,377.0,377.0,0
20251212  12:16,377.0,377.0,377.0,377.0,1
20251212  12:17,376.9,376.9,376.9,376.9,1
20251212  12:18,377.0,377.0,376.75,376.85,5
20251212  12:19,377.15,377.65,377.15,377.55,7
20251212  12:20,377.5,377.55,377.15,377.15,10
20251212  12:21,377.15,377.15,377.15,377.15,0
20251212  12:22,377.15,377.35,377.15,377.35,2
20251212  12:23,377.35,377.35,377.35,377.35,1
20251212  12:24,377.15,377.15,377.15,377.15,3
20251212  12:25,376.95,376.95,376.95,376.95,1
20251212  12:26,376.9,376.9,376.9,376.9,3
20251212  12:27,377.0,377.0,376.75,376.75,8
20251212  12:28,376.6,376.6,376.1,376.5,28
20251212  12:29,376.5,376.5,376.5,376.5,1
20251212  12:30,376.5,376.5,376.5,376.5,0
20251212  12:31,376.5,376.5,376.5,376.5,1
20251212  12:32,376.55,376.7,376.5,376.7,4
20251212  12:33,376.75,376.75,376.75,376.75,2
20251212  12:34,376.7,376.7,376.45,376.45,3
20251212  12:35,376.35,376.6,375.8,375.8,39
20251212  12:36,375.7,375.75,375.5,375.75,14
20251212  12:37,375.65,375.7,375.65,375.7,6
20251212  12:38,375.85,376.25,375.85,376.2,10
20251212  12:39,376.0,376.15,376.0,376.15,4
20251212  12:40,376.1,376.1,376.1,376.1,1
20251212  12:41,376.15,376.15,376.15,376.15,1
20251212  12:42,376.35,376.6,376.35,376.35,12
20251212  12:43,376.45,376.45,376.45,376.45,1
20251212  12:44,376.25,376.35,376.25,376.35,2
20251212  12:45,376.4,376.5,376.4,376.5,9
20251212  12:46,376.5,376.5,376.5,376.5,0
20251212  12:47,376.3,376.3,376.25,376.25,2
20251212  12:48,376.25,376.25,376.25,376.25,0
20251212  12:49,376.2,376.2,375.95,376.1,10
20251212  12:50,376.15,376.15,376.15,376.15,1
20251212  12:51,376.35,376.35,376.35,376.35,1
20251212  12:52,376.4,376.4,376.2,376.2,6
20251212  12:53,375.95,375.95,375.85,375.85,3
20251212  12:54,375.7,375.7,375.5,375.6,5
20251212  12:55,375.75,376.4,375.65,376.3,28
20251212  12:56,376.3,376.3,376.2,376.2,4
20251212  12:57,376.15,376.15,376.0,376.0,10
20251212  12:58,376.0,376.0,376.0,376.0,0
20251212  12:59,376.0,376.0,376.0,376.0,2
20251212  13:00,376.05,376.05,375.75,375.75,8
20251212  13:01,375.75,375.8,375.75,375.8,2
20251212  13:02,375.7,375.7,375.6,375.6,6
20251212  13:03,375.5,375.5,375.15,375.2,19
20251212  13:04,375.3,375.3,375.3,375.3,3
20251212  13:05,375.15,375.25,375.15,375.25,4
20251212  13:06,375.15,375.15,374.9,374.9,34
20251212  13:07,374.9,374.9,374.45,374.7,47
20251212  13:08,374.6,374.7,374.5,374.5,6
20251212  13:09,374.55,374.55,374.2,374.3,18
20251212  13:10,374.4,374.55,374.05,374.25,44
20251212  13:11,374.3,374.7,374.3,374.7,11
20251212  13:12,374.55,374.6,374.05,374.35,13
20251212  13:13,374.2,374.3,374.05,374.2,17
20251212  13:14,374.3,374.45,374.2,374.2,14
20251212  13:15,374.25,374.35,374.25,374.35,3
20251212  13:16,374.35,374.4,374.35,374.4,3
20251212  13:17,374.4,374.55,374.1,374.1,26
20251212  13:18,374.2,374.45,373.9,374.45,65
20251212  13:19,374.45,374.6,374.45,374.6,9
20251212  13:20,374.6,374.65,374.45,374.65,12
20251212  13:21,374.6,374.6,374.6,374.6,2
20251212  13:22,374.9,374.9,374.3,374.45,24
20251212  13:23,374.5,374.5,374.4,374.4,2
20251212  13:24,374.4,374.4,374.4,374.4,0
20251212  13:25,374.45,374.5,374.45,374.45,3
20251212  13:26,374.6,374.6,374.6,374.6,1
20251212  13:27,374.55,374.6,374.55,374.6,2
20251212  13:28,374.6,374.6,374.6,374.6,0
20251212  13:29,374.8,374.95,374.8,374.95,10
20251212  13:30,375.15,375.15,375.0,375.0,3
20251215  10:15,368.0,369.95,367.95,369.95,379
20251215  10:16,369.7,370.0,369.15,370.0,95
20251215  10:17,369.95,370.65,369.8,370.55,39
20251215  10:18,370.55,370.55,370.25,370.25,4
20251215  10:19,370.0,370.0,369.75,369.95,13
20251215  10:20,369.95,369.95,369.2,369.2,25
20251215  10:21,369.25,369.7,369.05,369.7,25
20251215  10:22,369.55,369.8,369.3,369.8,17
20251215  10:23,369.8,370.15,369.8,370.0,15
20251215  10:24,370.1,370.5,370.1,370.25,19
20251215  10:25,370.35,370.35,369.95,370.3,20
20251215  10:26,370.15,370.15,370.0,370.0,7
20251215  10:27,370.15,370.2,370.15,370.2,3
20251215  10:28,370.1,370.4,370.1,370.1,7
20251215  10:29,370.1,370.1,369.95,369.95,3
20251215  10:30,369.85,369.9,369.55,369.55,17
20251215  10:31,369.5,369.5,368.45,368.8,38
20251215  10:32,368.9,369.15,368.75,369.15,12
20251215  10:33,369.25,369.65,369.2,369.65,14
20251215  10:34,369.5,369.9,369.5,369.85,6
20251215  10:35,369.65,369.65,369.5,369.5,9
20251215  10:36,369.15,369.15,369.15,369.15,1
20251215  10:37,369.45,369.65,369.1,369.25,13
20251215  10:38,369.1,369.25,369.05,369.05,5
20251215  10:39,369.25,369.25,369.1,369.1,4
20251215  10:40,369.4,369.4,369.4,369.4,1
20251215  10:41,369.35,369.35,368.85,368.9,12
20251215  10:42,368.85,369.3,368.85,369.3,6
20251215  10:43,369.2,369.2,368.95,368.95,4
20251215  10:44,368.75,368.75,368.35,368.35,11
20251215  10:45,368.3,368.4,368.05,368.1,19
20251215  10:46,368.05,368.2,368.05,368.2,5
20251215  10:47,368.0,368.0,367.7,367.75,23
20251215  10:48,367.6,367.9,367.6,367.9,23
20251215  10:49,368.05,368.6,368.05,368.6,23
20251215  10:50,368.35,368.7,368.15,368.7,6
20251215  10:51,368.5,368.85,368.5,368.85,5
20251215  10:52,368.85,368.85,368.65,368.7,8
20251215  10:53,368.7,368.7,368.6,368.6,2
20251215  10:54,368.55,369.15,368.55,369.15,14
20251215  10:55,368.9,368.9,368.35,368.35,17
20251215  10:56,368.4,368.75,368.2,368.6,13
20251215  10:57,368.7,368.7,368.5,368.5,2
20251215  10:58,368.55,368.55,368.3,368.3,3
20251215  10:59,368.0,368.0,368.0,368.0,1
20251215  11:00,368.25,368.25,367.6,367.7,41
20251215  11:01,367.8,367.8,367.6,367.7,6
20251215  11:02,367.7,367.8,367.7,367.7,3
20251215  11:03,367.65,367.75,367.65,367.75,3
20251215  11:04,367.65,367.7,367.6,367.7,15
20251215  11:05,367.85,367.85,367.65,367.65,3
20251215  11:06,367.75,367.75,367.6,367.6,26
20251215  11:07,367.75,368.05,367.75,368.05,17
20251215  11:08,367.9,368.05,367.85,368.05,3
20251215  11:09,368.25,368.75,368.25,368.5,48
20251215  11:10,368.2,368.2,368.2,368.2,1
20251215  11:11,368.15,368.15,368.15,368.15,3
20251215  11:12,368.35,368.65,368.25,368.65,26
20251215  11:13,368.4,368.4,368.25,368.25,3
20251215  11:14,368.35,368.35,368.2,368.2,2
20251215  11:15,368.2,368.2,368.05,368.05,6
20251215  11:16,367.9,368.1,367.9,368.1,3
20251215  11:17,367.95,367.95,367.95,367.95,1
20251215  11:18,367.8,367.8,367.6,367.8,19
20251215  11:19,367.8,367.8,367.2,367.2,20
20251215  11:20,367.1,367.2,366.3,367.15,130
20251215  11:21,367.0,367.55,367.0,367.5,26
20251215  11:22,367.0,367.25,367.0,367.25,16
20251215  11:23,367.45,367.5,367.0,367.1,26
20251215  11:24,367.0,367.1,366.9,366.9,11
20251215  11:25,367.0,367.0,367.0,367.0,4
20251215  11:26,367.05,367.1,367.05,367.1,5
20251215  11:27,367.25,367.3,367.0,367.25,16
20251215  11:28,367.0,367.0,366.85,366.85,8
20251215  11:29,366.9,367.1,366.9,367.0,8
20251215  11:30,367.1,367.1,366.7,366.7,4
20251215  11:31,366.45,366.65,366.45,366.5,3
20251215  11:32,366.6,366.95,366.5,366.85,24
20251215  11:33,367.0,367.1,366.85,366.95,7
20251215  11:34,366.8,367.05,366.8,367.05,5
20251215  11:35,366.95,366.95,366.8,366.95,5
20251215  11:36,367.0,367.1,367.0,367.0,8
20251215  11:37,367.1,367.1,367.05,367.05,2
20251215  11:38,367.15,367.2,367.15,367.2,4
20251215  11:39,367.1,367.1,367.0,367.0,2
20251215  11:40,367.0,367.15,367.0,367.15,10
20251215  11:41,367.15,367.15,367.15,367.15,0
20251215  11:42,367.1,367.1,366.95,366.95,11
20251215  11:43,366.9,367.05,366.8,366.85,13
20251215  11:44,366.9,366.9,366.15,366.45,41
20251215  11:45,366.45,366.45,366.45,366.45,0
20251215  11:46,366.6,366.6,366.35,366.4,9
20251215  11:47,366.5,366.5,366.35,366.35,4
20251215  11:48,366.5,366.5,366.4,366.45,9
20251215  11:49,366.4,366.5,366.4,366.5,6
20251215  11:50,366.6,366.9,366.55,366.9,13
20251215  11:51,366.9,367.0,366.9,367.0,2
20251215  11:52,366.95,367.2,366.95,367.2,7
20251215  11:53,367.2,367.45,367.2,367.4,15
20251215  11:54,367.5,367.5,367.35,367.35,10
20251215  11:55,367.3,367.7,367.3,367.6,12
20251215  11:56,367.55,367.55,367.05,367.05,13
20251215  11:57,367.3,367.3,367.3,367.3,1
20251215  11:58,367.35,367.5,367.35,367.5,2
20251215  11:59,367.5,367.85,367.5,367.85,9
20251215  12:00,367.8,367.8,367.8,367.8,2
20251215  12:01,367.7,367.7,367.6,367.7,13
20251215  12:02,367.65,368.0,367.65,367.9,17
20251215  12:03,367.85,368.15,367.85,368.15,11
20251215  12:04,368.1,368.3,367.95,368.05,14
20251215  12:05,368.05,368.05,367.65,367.7,15
20251215  12:06,367.7,367.7,367.7,367.7,0
20251215  12:07,367.95,368.05,367.95,367.95,11
20251215  12:08,368.0,368.0,367.05,367.05,23
20251215  12:09,367.15,367.3,367.15,367.2,5
20251215  12:10,367.2,367.2,367.2,367.2,0
20251215  12:11,367.3,367.9,367.3,367.75,22
20251215  12:12,367.75,368.05,367.6,367.6,18
20251215  12:13,367.6,367.6,367.6,367.6,0
20251215  12:14,367.7,367.7,367.5,367.6,5
20251215  12:15,367.6,367.6,367.4,367.4,3
20251215  12:16,367.3,367.45,367.3,367.35,6
20251215  12:17,367.1,367.1,366.75,366.75,6
20251215  12:18,366.85,366.85,366.75,366.75,5
20251215  12:19,366.9,366.9,366.7,366.7,7
20251215  12:20,366.65,366.75,366.55,366.55,7
20251215  12:21,366.4,366.45,366.2,366.4,11
20251215  12:22,366.4,366.6,366.3,366.3,13
20251215  12:23,366.3,366.55,366.05,366.5,36
20251215  12:24,366.55,367.0,366.45,366.7,29
20251215  12:25,366.75,366.8,366.75,366.8,2
20251215  12:26,366.65,366.8,366.6,366.6,12
20251215  12:27,366.5,366.75,366.4,366.5,15
20251215  12:28,366.45,366.45,366.45,366.45,2
20251215  12:29,366.3,366.3,366.3,366.3,2
20251215  12:30,366.2,366.2,365.65,365.7,84
20251215  12:31,365.8,366.1,365.8,366.1,10
20251215  12:32,366.1,366.1,366.1,366.1,1
20251215  12:33,366.1,366.1,365.8,365.8,2
20251215  12:34,365.9,366.0,365.55,365.55,21
20251215  12:35,365.75,365.8,365.55,365.55,13
20251215  12:36,365.5,365.6,365.15,365.3,33
20251215  12:37,365.2,365.5,365.05,365.15,36
20251215  12:38,365.1,365.55,365.05,365.4,65
20251215  12:39,365.5,365.5,365.5,365.5,1
20251215  12:40,365.6,365.9,365.6,365.9,35
20251215  12:41,366.0,366.1,365.85,365.85,16
20251215  12:42,365.65,365.65,365.35,365.55,18
20251215  12:43,365.6,365.75,365.6,365.75,3
20251215  12:44,365.8,365.95,365.8,365.8,9
20251215  12:45,365.8,365.8,365.7,365.7,3
20251215  12:46,365.7,365.7,365.7,365.7,0
20251215  12:47,365.85,365.9,365.7,365.8,13
20251215  12:48,365.8,365.8,365.8,365.8,0
20251215  12:49,365.75,365.8,365.7,365.8,7
20251215  12:50,365.7,365.7,365.7,365.7,1
20251215  12:51,365.75,365.75,365.55,365.55,12
20251215  12:52,365.6,365.7,364.85,365.2,262
20251215  12:53,365.35,365.35,364.9,365.25,23
20251215  12:54,365.15,365.15,364.9,365.05,12
20251215  12:55,365.0,365.1,364.85,364.95,32
20251215  12:56,365.05,365.4,365.05,365.35,21
20251215  12:57,365.3,365.3,365.2,365.2,2
20251215  12:58,365.25,365.4,365.2,365.4,25
20251215  12:59,365.25,365.5,365.25,365.5,4
20251215  13:00,365.5,365.55,364.85,365.4,86
20251215  13:01,365.35,365.35,365.05,365.05,17
20251215  13:02,365.15,365.5,365.1,365.1,16
20251215  13:03,365.0,365.2,365.0,365.2,10
20251215  13:04,365.4,365.4,365.3,365.4,8
20251215  13:05,365.25,365.35,365.25,365.35,3
20251215  13:06,365.3,365.4,365.3,365.4,9
20251215  13:07,365.35,365.35,365.1,365.2,9
20251215  13:08,365.1,365.25,365.1,365.25,8
20251215  13:09,365.2,365.35,365.15,365.25,7
20251215  13:10,365.1,365.15,365.1,365.1,16
20251215  13:11,365.0,365.0,364.3,364.45,85
20251215  13:12,364.35,364.65,364.35,364.5,16
20251215  13:13,364.45,364.45,364.1,364.25,18
20251215  13:14,364.15,364.7,364.1,364.35,24
20251215  13:15,364.45,364.55,364.4,364.45,9
20251215  13:16,364.45,364.45,364.05,364.2,13
20251215  13:17,364.1,364.15,364.1,364.15,2
20251215  13:18,364.05,364.3,364.05,364.3,16
20251215  13:19,364.15,364.25,364.05,364.15,37
20251215  13:20,364.1,364.2,364.1,364.2,2
20251215  13:21,364.2,364.35,364.2,364.35,7
20251215  13:22,364.3,364.65,364.3,364.65,28
20251215  13:23,364.45,364.45,364.45,364.45,1
20251215  13:24,364.35,364.35,362.5,362.85,309
20251215  13:25,362.8,362.9,362.55,362.55,9
20251215  13:26,362.7,362.7,362.3,362.3,33
20251215  13:27,362.35,362.45,362.35,362.35,15
20251215  13:28,362.3,362.3,361.8,361.8,114
20251215  13:29,361.8,362.4,361.8,362.4,35
20251215  13:30,362.25,362.5,362.2,362.3,19
20251216  10:15,361.95,362.8,360.15,360.15,185
20251216  10:16,360.65,360.9,360.4,360.85,19
20251216  10:17,360.6,360.9,360.3,360.3,16
20251216  10:18,360.45,360.8,359.15,359.55,69
20251216  10:19,359.65,359.8,359.4,359.6,22
20251216  10:20,359.85,359.85,359.05,359.6,25
20251216  10:21,360.0,360.35,360.0,360.35,4
20251216  10:22,360.35,360.35,359.35,359.5,32
20251216  10:23,359.55,359.8,359.55,359.65,10
20251216  10:24,359.85,359.85,359.5,359.8,9
20251216  10:25,359.8,359.8,359.75,359.75,2
20251216  10:26,359.65,359.65,359.5,359.5,5
20251216  10:27,359.95,359.95,359.95,359.95,1
20251216  10:28,360.1,360.1,359.9,359.9,5
20251216  10:29,359.9,359.9,359.35,359.35,9
20251216  10:30,359.7,360.1,359.7,360.1,13
20251216  10:31,360.3,360.35,360.05,360.3,14
20251216  10:32,360.45,360.45,360.3,360.3,3
20251216  10:33,360.1,360.15,360.1,360.1,4
20251216  10:34,360.1,360.1,360.1,360.1,0
20251216  10:35,360.1,360.3,360.1,360.3,9
20251216  10:36,360.2,360.3,360.2,360.3,4
20251216  10:37,360.3,360.3,360.3,360.3,0
20251216  10:38,360.15,360.15,360.15,360.15,2
20251216  10:39,360.0,360.0,359.85,359.85,14
20251216  10:40,360.05,360.3,359.85,359.85,10
20251216  10:41,360.0,360.0,360.0,360.0,1
20251216  10:42,359.95,359.95,359.95,359.95,1
20251216  10:43,360.15,360.25,360.15,360.25,5
20251216  10:44,360.05,360.2,359.9,360.2,5
20251216  10:45,360.0,360.05,360.0,360.05,4
20251216  10:46,360.1,360.1,360.1,360.1,1
20251216  10:47,360.3,360.45,360.2,360.35,9
20251216  10:48,360.6,360.65,360.6,360.65,3
20251216  10:49,361.0,361.35,360.85,360.85,11
20251216  10:50,360.7,360.75,360.35,360.35,7
20251216  10:51,360.4,360.7,360.4,360.5,10
20251216  10:52,360.5,360.5,360.5,360.5,1
20251216  10:53,360.7,360.7,360.5,360.55,6
20251216  10:54,360.55,360.75,360.55,360.75,6
20251216  10:55,360.75,360.9,360.75,360.75,3
20251216  10:56,360.75,360.75,360.75,360.75,0
20251216  10:57,360.85,360.85,360.7,360.7,2
20251216  10:58,360.65,360.65,360.65,360.65,1
20251216  10:59,360.55,360.65,360.55,360.65,7
20251216  11:00,360.6,360.6,360.45,360.6,13
20251216  11:01,360.4,360.4,360.4,360.4,5
20251216  11:02,360.4,360.4,360.4,360.4,0
20251216  11:03,360.4,360.5,360.3,360.3,17
20251216  11:04,360.4,360.4,360.4,360.4,1
20251216  11:05,360.45,360.45,360.4,360.4,2
20251216  11:06,360.4,360.4,360.15,360.15,24
20251216  11:07,360.25,360.65,360.25,360.45,14
20251216  11:08,360.3,360.3,360.15,360.15,3
20251216  11:09,360.05,360.4,360.05,360.4,15
20251216  11:10,360.45,360.55,360.45,360.5,10
20251216  11:11,360.55,360.9,360.55,360.6,17
20251216  11:12,360.5,360.7,360.35,360.35,5
20251216  11:13,360.6,360.7,360.6,360.7,3
20251216  11:14,360.9,361.0,360.85,360.85,5
20251216  11:15,360.95,360.95,360.95,360.95,2
20251216  11:16,360.75,360.95,360.75,360.8,8
20251216  11:17,360.85,361.0,360.75,360.75,7
20251216  11:18,360.8,361.05,360.8,361.05,6
20251216  11:19,360.9,361.5,360.9,361.4,31
20251216  11:20,361.25,361.5,361.25,361.25,13
20251216  11:21,361.3,361.5,361.3,361.4,8
20251216  11:22,361.5,361.5,361.5,361.5,1
20251216  11:23,361.5,361.75,361.5,361.75,3
20251216  11:24,361.7,361.7,361.65,361.65,9
20251216  11:25,361.7,361.85,361.5,361.5,15
20251216  11:26,361.5,361.5,361.35,361.35,7
20251216  11:27,361.2,361.2,361.05,361.05,6
20251216  11:28,361.0,361.0,360.55,360.55,21
20251216  11:29,360.5,360.5,360.4,360.45,3
20251216  11:30,360.55,360.6,360.25,360.25,12
20251216  11:31,360.25,360.3,360.25,360.3,3
20251216  11:32,360.2,360.9,360.2,360.9,13
20251216  11:33,360.65,360.65,360.6,360.6,2
20251216  11:34,360.65,360.75,360.65,360.65,6
20251216  11:35,360.55,360.55,360.55,360.55,1
20251216  11:36,360.55,360.55,360.55,360.55,0
20251216  11:37,360.55,360.7,360.45,360.7,8
20251216  11:38,360.7,360.7,360.7,360.7,0
20251216  11:39,360.25,360.3,360.25,360.3,2
20251216  11:40,360.3,360.3,360.3,360.3,0
20251216  11:41,360.3,360.3,360.3,360.3,0
20251216  11:42,360.3,360.3,359.95,360.0,22
20251216  11:43,360.05,360.05,359.9,359.9,5
20251216  11:44,359.9,359.9,359.55,359.6,50
20251216  11:45,359.6,359.6,359.5,359.55,14
20251216  11:46,359.35,359.6,359.05,359.45,35
20251216  11:47,359.4,359.55,359.4,359.55,2
20251216  11:48,359.6,359.6,359.4,359.4,4
20251216  11:49,359.45,359.95,359.4,359.45,52
20251216  11:50,359.4,359.55,359.4,359.55,3
20251216  11:51,359.7,359.75,359.7,359.75,6
20251216  11:52,359.75,359.75,359.75,359.75,3
20251216  11:53,359.75,359.75,359.75,359.75,1
20251216  11:54,359.65,359.85,359.6,359.85,8
20251216  11:55,359.95,359.95,359.95,359.95,4
20251216  11:56,359.85,359.85,359.85,359.85,1
20251216  11:57,359.7,359.7,359.65,359.65,2
20251216  11:58,359.55,359.85,359.45,359.85,110
20251216  11:59,359.8,359.85,359.35,359.75,27
20251216  12:00,359.55,359.65,359.45,359.65,17
20251216  12:01,359.65,360.05,359.65,360.0,73
20251216  12:02,359.95,359.95,359.85,359.85,9
20251216  12:03,359.55,359.65,359.5,359.55,22
20251216  12:04,359.55,359.55,359.55,359.55,1
20251216  12:05,359.8,359.95,359.8,359.8,6
20251216  12:06,359.75,359.85,359.75,359.85,3
20251216  12:07,359.9,359.9,359.6,359.6,3
20251216  12:08,359.8,360.05,359.8,360.05,10
20251216  12:09,360.1,360.15,360.1,360.15,3
20251216  12:10,360.2,360.25,360.1,360.1,6
20251216  12:11,359.85,359.85,359.85,359.85,1
20251216  12:12,359.85,359.85,359.7,359.75,10
20251216  12:13,359.85,359.85,359.85,359.85,1
20251216  12:14,359.65,359.65,359.55,359.55,8
20251216  12:15,359.55,359.65,359.55,359.65,2
20251216  12:16,359.5,359.5,358.4,358.4,118
20251216  12:17,358.7,358.7,358.4,358.55,8
20251216  12:18,358.55,358.55,358.55,358.55,1
20251216  12:19,358.6,358.6,358.6,358.6,2
20251216  12:20,358.6,359.05,358.6,359.05,12
20251216  12:21,358.95,358.95,358.95,358.95,5
20251216  12:22,358.95,358.95,358.95,358.95,0
20251216  12:23,358.65,358.65,358.65,358.65,2
20251216  12:24,358.65,358.65,358.55,358.55,2
20251216  12:25,358.55,358.85,358.55,358.55,22
20251216  12:26,358.5,358.5,358.25,358.3,25
20251216  12:27,358.3,358.6,358.3,358.55,14
20251216  12:28,358.5,358.75,358.35,358.35,24
20251216  12:29,358.55,358.55,358.45,358.5,5
20251216  12:30,358.6,358.6,358.5,358.5,2
20251216  12:31,358.5,358.5,358.5,358.5,1
20251216  12:32,358.5,358.5,358.5,358.5,0
20251216  12:33,358.55,358.55,358.35,358.35,4
20251216  12:34,358.3,358.3,358.3,358.3,1
20251216  12:35,358.35,358.35,358.05,358.15,34
20251216  12:36,358.25,358.35,358.25,358.35,4
20251216  12:37,358.45,358.45,357.85,357.85,106
20251216  12:38,357.8,357.8,357.3,357.5,49
20251216  12:39,357.55,357.6,357.5,357.5,5
20251216  12:40,357.25,357.3,356.65,356.7,113
20251216  12:41,356.9,356.95,356.65,356.8,21
20251216  12:42,356.8,357.0,356.75,357.0,6
20251216  12:43,356.85,357.0,356.8,356.8,5
20251216  12:44,357.0,357.0,356.95,356.95,13
20251216  12:45,356.9,356.9,356.7,356.7,6
20251216  12:46,356.7,356.8,356.4,356.5,45
20251216  12:47,356.45,356.5,356.45,356.45,8
20251216  12:48,356.5,357.05,356.5,357.0,24
20251216  12:49,356.9,357.05,356.8,356.9,19
20251216  12:50,356.6,356.6,356.6,356.6,2
20251216  12:51,356.6,356.75,356.55,356.7,14
20251216  12:52,356.65,356.75,356.6,356.6,13
20251216  12:53,356.65,356.75,356.65,356.7,8
20251216  12:54,356.75,356.75,356.75,356.75,3
20251216  12:55,356.8,356.8,356.45,356.6,40
20251216  12:56,356.6,356.65,356.5,356.5,6
20251216  12:57,356.45,356.5,356.4,356.4,7
20251216  12:58,356.5,356.55,356.45,356.45,9
20251216  12:59,356.4,356.6,356.3,356.3,85
20251216  13:00,356.4,356.45,355.7,355.7,124
20251216  13:01,355.8,356.15,355.8,356.15,40
20251216  13:02,356.0,356.4,355.75,356.4,27
20251216  13:03,356.0,356.05,356.0,356.0,3
20251216  13:04,355.9,355.9,355.65,355.65,16
20251216  13:05,355.6,355.6,355.5,355.55,17
20251216  13:06,355.6,355.6,355.5,355.55,11
20251216  13:07,355.45,355.55,355.3,355.45,41
20251216  13:08,355.4,355.45,355.1,355.2,15
20251216  13:09,355.1,355.45,355.05,355.4,43
20251216  13:10,355.45,355.55,355.4,355.5,15
20251216  13:11,355.55,355.55,355.5,355.5,7
20251216  13:12,355.45,355.5,355.35,355.5,8
20251216  13:13,355.5,355.6,355.45,355.45,6
20251216  13:14,355.45,355.45,355.45,355.45,0
20251216  13:15,355.35,355.45,355.25,355.45,26
20251216  13:16,355.45,355.45,355.35,355.45,17
20251216  13:17,355.5,355.7,355.5,355.7,13
20251216  13:18,355.75,355.9,355.75,355.9,5
20251216  13:19,355.9,355.95,355.65,355.75,39
20251216  13:20,355.6,355.7,355.6,355.65,7
20251216  13:21,355.7,355.9,355.65,355.9,16
20251216  13:22,355.9,356.05,355.9,355.9,7
20251216  13:23,355.9,356.2,355.9,356.1,9
20251216  13:24,356.1,356.4,356.1,356.25,18
20251216  13:25,356.25,356.3,356.25,356.3,2
20251216  13:26,356.5,356.5,356.15,356.3,14
20251216  13:27,356.25,356.55,356.2,356.45,21
20251216  13:28,356.4,356.6,356.25,356.6,18
20251216  13:29,356.6,356.6,356.25,356.25,8
20251216  13:30,356.4,356.4,356.35,356.35,5
20251217  10:15,351.5,352.8,351.3,352.8,508
20251217  10:16,352.85,353.0,351.75,352.4,83
20251217  10:17,352.4,352.6,352.35,352.5,9
20251217  10:18,352.7,352.7,351.85,352.25,21
20251217  10:19,352.05,352.35,352.05,352.15,17
20251217  10:20,352.15,352.55,352.05,352.25,38
20251217  10:21,352.05,354.0,352.0,353.7,57
20251217  10:22,353.7,354.05,353.4,353.7,40
20251217  10:23,353.75,353.85,353.3,353.4,15
20251217  10:24,353.35,353.35,352.1,352.1,48
20251217  10:25,351.95,352.3,351.55,351.75,75
20251217  10:26,351.8,351.85,351.75,351.85,8
20251217  10:27,351.8,352.55,351.6,351.6,37
20251217  10:28,351.8,352.45,351.8,352.35,26
20251217  10:29,352.3,352.65,352.1,352.4,35
20251217  10:30,352.45,352.5,352.45,352.5,2
20251217  10:31,352.55,352.7,352.4,352.4,6
20251217  10:32,352.4,352.45,351.9,351.9,7
20251217  10:33,351.8,352.45,351.8,352.4,27
20251217  10:34,352.45,352.75,352.25,352.75,21
20251217  10:35,352.55,352.9,352.55,352.7,3
20251217  10:36,352.95,353.35,352.95,353.2,25
20251217  10:37,353.3,353.3,353.05,353.05,12
20251217  10:38,353.1,353.35,353.05,353.35,9
20251217  10:39,353.0,353.0,352.7,352.7,8
20251217  10:40,352.45,353.2,352.45,353.1,32
20251217  10:41,353.2,353.5,353.0,353.05,36
20251217  10:42,353.15,353.15,352.85,353.1,8
20251217  10:43,353.0,353.15,353.0,353.0,5
20251217  10:44,352.85,352.85,352.85,352.85,1
20251217  10:45,352.8,353.2,352.8,353.2,9
20251217  10:46,353.2,353.2,353.0,353.05,7
20251217  10:47,353.15,353.15,353.15,353.15,1
20251217  10:48,353.2,353.2,353.2,353.2,5
20251217  10:49,352.9,352.9,352.35,352.35,23
20251217  10:50,352.25,352.4,352.0,352.4,41
20251217  10:51,352.4,352.45,352.25,352.25,10
20251217  10:52,352.0,352.2,352.0,352.2,18
20251217  10:53,352.25,352.25,352.0,352.25,11
20251217  10:54,352.0,352.1,352.0,352.1,14
20251217  10:55,352.0,352.2,352.0,352.0,21
20251217  10:56,352.1,352.4,352.05,352.4,34
20251217  10:57,352.3,352.45,352.3,352.45,9
20251217  10:58,352.3,352.35,352.3,352.35,7
20251217  10:59,352.25,352.5,352.0,352.2,47
20251217  11:00,352.2,352.2,352.1,352.2,6
20251217  11:01,352.35,352.45,352.25,352.45,5
20251217  11:02,352.25,352.3,352.0,352.15,10
20251217  11:03,352.2,352.25,352.2,352.2,3
20251217  11:04,352.15,352.45,352.15,352.45,5
20251217  11:05,352.1,352.15,352.0,352.1,6
20251217  11:06,352.1,352.45,352.1,352.45,5
20251217  11:07,352.5,352.65,352.5,352.65,2
20251217  11:08,352.45,352.55,352.4,352.55,5
20251217  11:09,352.4,352.5,352.2,352.5,16
20251217  11:10,352.45,352.55,352.45,352.5,6
20251217  11:11,352.5,352.5,352.5,352.5,1
20251217  11:12,352.65,352.85,352.65,352.85,6
20251217  11:13,352.9,353.5,352.8,353.5,22
20251217  11:14,353.5,353.5,352.75,353.45,19
20251217  11:15,353.25,353.25,353.2,353.2,3
20251217  11:16,353.05,353.05,352.9,353.0,6
20251217  11:17,353.0,353.25,352.8,352.95,28
20251217  11:18,352.85,353.1,352.8,352.8,38
20251217  11:19,352.9,353.05,352.9,353.05,4
20251217  11:20,352.95,353.2,352.95,353.2,5
20251217  11:21,353.15,353.3,353.05,353.05,9
20251217  11:22,353.25,353.4,353.25,353.4,9
20251217  11:23,353.35,353.4,353.35,353.4,2
20251217  11:24,353.4,353.4,353.2,353.2,5
20251217  11:25,353.2,353.3,353.15,353.25,15
20251217  11:26,353.35,353.35,353.35,353.35,2
20251217  11:27,353.2,353.4,353.1,353.4,8
20251217  11:28,353.4,353.4,353.4,353.4,1
20251217  11:29,353.3,353.4,353.3,353.4,4
20251217  11:30,353.3,353.3,353.25,353.3,3
20251217  11:31,353.35,353.4,353.35,353.35,10
20251217  11:32,353.3,353.35,353.2,353.35,9
20251217  11:33,353.2,353.2,352.95,352.95,11
20251217  11:34,352.85,353.05,352.85,353.05,9
20251217  11:35,353.0,353.1,352.9,353.1,4
20251217  11:36,353.15,353.2,353.1,353.1,12
20251217  11:37,353.05,353.2,353.0,353.2,5
20251217  11:38,353.25,353.55,353.1,353.5,30
20251217  11:39,353.35,353.45,353.35,353.4,5
20251217  11:40,353.35,353.55,353.35,353.55,8
20251217  11:41,353.45,353.45,353.3,353.45,6
20251217  11:42,353.45,353.45,353.45,353.45,0
20251217  11:43,353.55,354.0,353.55,353.7,48
20251217  11:44,353.7,353.95,353.65,353.7,20
20251217  11:45,353.6,354.0,353.6,353.75,16
20251217  11:46,353.95,353.95,353.85,353.9,6
20251217  11:47,353.9,353.95,353.9,353.9,7
20251217  11:48,353.85,353.95,353.8,353.8,8
20251217  11:49,353.85,353.85,353.5,353.6,24
20251217  11:50,353.55,353.7,353.55,353.65,5
20251217  11:51,353.6,353.8,353.6,353.8,19
20251217  11:52,353.9,353.95,353.8,353.85,5
20251217  11:53,353.8,353.8,353.7,353.8,5
20251217  11:54,353.8,353.8,353.8,353.8,0
20251217  11:55,353.85,354.0,353.8,354.0,11
20251217  11:56,354.1,355.9,354.1,354.85,140
20251217  11:57,354.5,354.55,354.35,354.5,9
20251217  11:58,354.5,354.7,354.4,354.4,5
20251217  11:59,354.45,354.8,354.45,354.75,7
20251217  12:00,354.7,354.95,354.65,354.65,19
20251217  12:01,354.5,354.6,354.05,354.1,30
20251217  12:02,353.95,354.15,353.95,354.15,3
20251217  12:03,354.15,354.2,354.15,354.2,2
20251217  12:04,354.35,354.35,354.25,354.25,3
20251217  12:05,354.45,354.45,353.95,354.1,8
20251217  12:06,354.15,354.15,354.15,354.15,1
20251217  12:07,354.1,354.15,354.1,354.15,2
20251217  12:08,354.05,354.15,353.85,353.85,8
20251217  12:09,353.9,354.0,353.9,354.0,8
20251217  12:10,353.9,353.9,353.8,353.9,3
20251217  12:11,353.9,354.1,353.8,354.1,5
20251217  12:12,354.15,354.15,353.8,353.8,4
20251217  12:13,353.75,354.1,353.75,354.1,8
20251217  12:14,354.1,354.4,354.1,354.15,23
20251217  12:15,354.0,354.15,354.0,354.1,4
20251217  12:16,354.25,354.4,354.25,354.35,6
20251217  12:17,354.5,354.5,354.3,354.5,14
20251217  12:18,354.6,354.6,354.4,354.5,11
20251217  12:19,354.5,354.55,354.45,354.45,3
20251217  12:20,354.4,354.4,354.4,354.4,2
20251217  12:21,354.45,354.5,354.35,354.45,9
20251217  12:22,354.4,354.5,354.4,354.5,2
20251217  12:23,354.2,354.95,354.1,354.5,27
20251217  12:24,354.5,354.75,354.5,354.65,14
20251217  12:25,354.55,354.55,354.4,354.4,2
20251217  12:26,354.35,354.35,354.05,354.15,8
20251217  12:27,354.05,354.05,353.85,353.95,14
20251217  12:28,353.95,354.1,353.95,354.1,5
20251217  12:29,354.05,354.15,354.05,354.15,9
20251217  12:30,354.05,354.2,354.05,354.2,4
20251217  12:31,354.35,354.45,354.35,354.45,2
20251217  12:32,354.45,354.7,354.3,354.65,15
20251217  12:33,354.6,354.6,354.6,354.6,1
20251217  12:34,354.5,354.7,354.5,354.6,8
20251217  12:35,354.4,354.6,354.3,354.45,20
20251217  12:36,354.55,354.55,354.55,354.55,1
20251217  12:37,354.35,354.5,354.35,354.5,2
20251217  12:38,354.35,354.45,354.3,354.45,6
20251217  12:39,354.45,354.45,354.45,354.45,1
20251217  12:40,354.3,354.3,354.3,354.3,1
20251217  12:41,354.4,354.4,354.2,354.2,6
20251217  12:42,354.4,354.4,354.35,354.35,3
20251217  12:43,354.35,354.4,354.35,354.4,2
20251217  12:44,354.25,354.25,354.0,354.1,26
20251217  12:45,354.0,354.05,353.9,354.05,14
20251217  12:46,354.1,354.15,353.8,353.9,14
20251217  12:47,353.95,354.05,353.95,354.05,5
20251217  12:48,353.85,353.85,353.8,353.85,11
20251217  12:49,353.95,354.0,353.9,354.0,10
20251217  12:50,354.05,354.1,353.95,354.05,12
20251217  12:51,354.15,354.15,354.15,354.15,1
20251217  12:52,354.25,354.45,354.25,354.35,6
20251217  12:53,354.5,354.5,354.35,354.45,7
20251217  12:54,354.35,354.35,354.35,354.35,1
20251217  12:55,354.35,354.4,354.35,354.4,2
20251217  12:56,354.3,354.3,354.25,354.25,3
20251217  12:57,354.15,354.15,354.15,354.15,2
20251217  12:58,354.3,354.3,354.15,354.25,7
20251217  12:59,354.45,354.45,354.45,354.45,1
20251217  13:00,354.45,354.55,354.3,354.3,11
20251217  13:01,354.45,354.5,354.3,354.35,9
20251217  13:02,354.2,354.35,354.05,354.35,13
20251217  13:03,354.15,354.35,354.15,354.35,3
20251217  13:04,354.35,354.35,354.35,354.35,1
20251217  13:05,354.3,354.4,354.25,354.4,3
20251217  13:06,354.25,354.25,354.0,354.0,48
20251217  13:07,353.9,354.2,353.9,353.9,23
20251217  13:08,354.1,354.25,354.0,354.25,5
20251217  13:09,354.1,354.1,353.8,353.9,10
20251217  13:10,354.0,354.0,353.8,353.9,13
20251217  13:11,353.9,353.9,353.4,353.7,45
20251217  13:12,353.5,353.7,353.5,353.7,5
20251217  13:13,353.8,353.8,353.7,353.8,8
20251217  13:14,353.7,353.95,353.7,353.95,5
20251217  13:15,353.85,353.85,353.85,353.85,2
20251217  13:16,353.9,353.9,353.9,353.9,1
20251217  13:17,353.85,354.05,353.85,354.05,6
20251217  13:18,353.9,353.9,353.9,353.9,1
20251217  13:19,353.75,353.95,353.7,353.7,4
20251217  13:20,353.5,353.5,353.4,353.4,8
20251217  13:21,353.25,353.25,352.75,352.75,31
20251217  13:22,352.75,352.95,352.65,352.9,23
20251217  13:23,352.7,352.9,352.7,352.9,3
20251217  13:24,353.0,353.0,352.65,353.0,19
20251217  13:25,353.05,353.35,353.05,353.1,32
20251217  13:26,353.05,353.05,352.9,353.0,8
20251217  13:27,353.0,353.0,352.95,352.95,2
20251217  13:28,352.9,353.35,352.9,353.3,21
20251217  13:29,353.0,353.1,352.85,353.0,4
20251217  13:30,352.8,352.85,352.6,352.75,12
20251218  10:15,348.75,348.85,347.5,347.85,191
20251218  10:16,347.95,348.5,347.35,347.35,54
20251218  10:17,347.65,347.95,347.35,347.6,22
20251218  10:18,347.7,348.0,347.65,347.65,21
20251218  10:19,347.55,347.6,347.05,347.15,68
20251218  10:20,347.3,347.45,347.2,347.4,4
20251218  10:21,347.4,347.4,346.95,346.95,30
20251218  10:22,346.9,347.1,346.25,346.5,32
20251218  10:23,346.6,346.85,346.4,346.75,21
20251218  10:24,346.7,346.75,346.65,346.75,5
20251218  10:25,346.8,346.8,346.65,346.65,4
20251218  10:26,346.6,346.75,346.5,346.75,18
20251218  10:27,346.65,347.4,346.6,347.3,25
20251218  10:28,347.05,347.05,346.15,346.2,51
20251218  10:29,346.15,346.5,346.05,346.3,52
20251218  10:30,346.7,347.1,346.45,347.1,15
20251218  10:31,347.1,348.0,347.1,348.0,21
20251218  10:32,347.85,347.85,347.65,347.8,8
20251218  10:33,347.9,347.9,347.65,347.65,5
20251218  10:34,347.65,347.85,347.5,347.85,24
20251218  10:35,347.95,348.1,347.65,347.65,23
20251218  10:36,347.85,348.05,347.85,347.9,9
20251218  10:37,347.8,347.85,347.7,347.85,4
20251218  10:38,347.55,347.55,347.1,347.45,23
20251218  10:39,347.25,347.4,347.1,347.35,14
20251218  10:40,347.45,347.45,347.3,347.35,5
20251218  10:41,347.45,347.6,347.3,347.3,14
20251218  10:42,347.45,347.45,347.4,347.4,2
20251218  10:43,347.45,347.45,347.15,347.35,9
20251218  10:44,347.45,347.65,347.4,347.65,15
20251218  10:45,347.75,347.85,347.55,347.55,10
20251218  10:46,347.55,347.55,347.5,347.5,2
20251218  10:47,347.6,347.6,347.55,347.55,3
20251218  10:48,347.45,347.5,347.35,347.5,5
20251218  10:49,347.5,347.55,347.45,347.5,4
20251218  10:50,347.55,347.55,347.55,347.55,3
20251218  10:51,347.55,347.55,347.35,347.35,8
20251218  10:52,347.5,347.5,347.4,347.4,2
20251218  10:53,347.4,347.4,347.3,347.3,3
20251218  10:54,347.35,347.45,347.3,347.3,8
20251218  10:55,347.5,347.5,347.35,347.45,7
20251218  10:56,347.45,347.85,347.4,347.8,13
20251218  10:57,347.8,347.8,347.5,347.5,2
20251218  10:58,347.35,347.5,347.35,347.35,13
20251218  10:59,347.5,347.6,347.4,347.6,9
20251218  11:00,347.8,348.1,347.7,348.1,48
20251218  11:01,348.05,348.7,347.75,348.3,40
20251218  11:02,348.1,348.5,348.1,348.25,37
20251218  11:03,348.1,348.1,348.1,348.1,2
20251218  11:04,348.3,348.3,348.0,348.0,11
20251218  11:05,347.95,348.6,347.85,348.55,34
20251218  11:06,348.35,348.7,348.3,348.45,13
20251218  11:07,348.55,348.55,348.55,348.55,1
20251218  11:08,348.3,348.3,348.0,348.0,9
20251218  11:09,348.0,348.05,348.0,348.05,5
20251218  11:10,347.95,348.0,347.75,347.75,28
20251218  11:11,347.65,347.8,347.65,347.8,5
20251218  11:12,347.85,347.85,347.8,347.8,2
20251218  11:13,347.75,347.85,347.75,347.85,2
20251218  11:14,347.85,347.85,347.65,347.85,5
20251218  11:15,347.8,348.05,347.6,347.6,27
20251218  11:16,347.75,348.0,347.75,348.0,10
20251218  11:17,347.8,348.0,347.8,348.0,8
20251218  11:18,348.1,348.1,347.9,347.9,6
20251218  11:19,348.0,348.15,348.0,348.15,5
20251218  11:20,348.05,348.2,348.0,348.2,3
20251218  11:21,348.15,348.15,347.9,347.95,8
20251218  11:22,347.9,347.9,347.9,347.9,1
20251218  11:23,348.0,348.05,348.0,348.0,8
20251218  11:24,348.0,348.4,348.0,348.25,32
20251218  11:25,347.9,347.9,347.55,347.55,12
20251218  11:26,347.65,347.7,347.5,347.7,24
20251218  11:27,347.7,348.2,347.7,348.05,27
20251218  11:28,348.05,348.15,348.0,348.05,7
20251218  11:29,348.1,348.1,347.85,347.9,9
20251218  11:30,347.95,348.25,347.95,348.25,15
20251218  11:31,348.3,348.3,348.1,348.1,4
20251218  11:32,348.0,348.15,348.0,348.1,5
20251218  11:33,348.0,348.1,348.0,348.0,11
20251218  11:34,348.1,348.1,348.0,348.1,14
20251218  11:35,348.15,348.3,348.1,348.3,5
20251218  11:36,348.15,348.25,348.15,348.25,2
20251218  11:37,348.2,348.5,348.15,348.15,28
20251218  11:38,348.1,348.2,348.0,348.15,6
20251218  11:39,348.15,348.15,348.15,348.15,0
20251218  11:40,348.3,348.3,347.95,348.1,4
20251218  11:41,348.1,348.2,348.1,348.2,2
20251218  11:42,348.2,348.25,348.2,348.25,2
20251218  11:43,348.3,348.3,348.3,348.3,1
20251218  11:44,348.4,349.4,348.25,348.9,56
20251218  11:45,348.95,348.95,348.4,348.65,12
20251218  11:46,348.65,348.65,348.45,348.45,3
20251218  11:47,348.6,348.6,348.45,348.45,4
20251218  11:48,348.4,348.45,348.4,348.45,4
20251218  11:49,348.45,348.6,348.4,348.5,11
20251218  11:50,348.4,348.5,348.4,348.4,5
20251218  11:51,348.4,348.4,348.4,348.4,2
20251218  11:52,348.4,348.5,348.35,348.5,8
20251218  11:53,348.35,348.4,348.15,348.15,8
20251218  11:54,348.3,348.4,348.25,348.3,8
20251218  11:55,348.4,349.0,348.35,348.5,56
20251218  11:56,348.45,348.5,348.4,348.45,8
20251218  11:57,348.35,349.0,348.25,348.9,26
20251218  11:58,348.85,349.0,348.4,348.5,24
20251218  11:59,348.6,348.7,348.45,348.7,10
20251218  12:00,349.0,349.0,348.7,348.7,15
20251218  12:01,348.65,348.65,348.4,348.45,5
20251218  12:02,348.35,348.6,348.35,348.6,4
20251218  12:03,348.6,348.65,348.5,348.5,14
20251218  12:04,348.45,348.65,348.4,348.4,6
20251218  12:05,348.55,348.6,348.55,348.55,3
20251218  12:06,348.6,348.7,348.55,348.7,3
20251218  12:07,348.65,348.65,348.65,348.65,2
20251218  12:08,348.55,348.7,348.5,348.65,5
20251218  12:09,348.5,348.5,348.5,348.5,2
20251218  12:10,348.55,348.55,348.45,348.45,4
20251218  12:11,348.55,348.6,348.5,348.55,6
20251218  12:12,348.4,348.55,348.35,348.35,3
20251218  12:13,348.45,348.65,348.4,348.4,8
20251218  12:14,348.4,348.45,348.35,348.45,4
20251218  12:15,348.45,348.45,348.35,348.45,4
20251218  12:16,348.5,348.5,348.35,348.35,2
20251218  12:17,348.45,348.45,348.35,348.35,2
20251218  12:18,348.25,348.4,348.25,348.35,5
20251218  12:19,348.25,348.5,348.25,348.5,3
20251218  12:20,348.55,348.55,348.45,348.45,9
20251218  12:21,348.4,348.55,348.25,348.35,14
20251218  12:22,348.55,348.7,348.55,348.65,8
20251218  12:23,348.8,348.85,348.7,348.7,4
20251218  12:24,348.7,349.05,348.7,348.8,20
20251218  12:25,348.75,349.4,348.75,349.2,22
20251218  12:26,349.25,350.45,349.25,350.1,140
20251218  12:27,350.0,350.45,349.8,349.8,32
20251218  12:28,349.8,349.8,349.4,349.5,12
20251218  12:29,349.5,349.6,349.5,349.55,7
20251218  12:30,349.6,349.7,349.6,349.7,8
20251218  12:31,349.9,350.15,349.9,350.15,5
20251218  12:32,350.15,350.3,349.95,350.25,33
20251218  12:33,350.05,350.05,349.9,349.9,6
20251218  12:34,349.9,349.9,349.9,349.9,3
20251218  12:35,349.95,350.5,349.95,349.95,40
20251218  12:36,350.0,350.05,349.9,349.95,10
20251218  12:37,350.1,350.1,349.95,349.95,3
20251218  12:38,349.9,350.0,349.85,350.0,10
20251218  12:39,350.05,350.1,349.95,349.95,7
20251218  12:40,349.9,349.9,349.9,349.9,3
20251218  12:41,350.1,350.3,350.1,350.2,8
20251218  12:42,350.0,350.0,350.0,350.0,2
20251218  12:43,350.05,350.2,350.05,350.2,3
20251218  12:44,350.2,350.2,350.2,350.2,1
20251218  12:45,350.05,350.05,350.05,350.05,1
20251218  12:46,350.05,350.05,350.05,350.05,0
20251218  12:47,349.6,349.75,349.6,349.75,2
20251218  12:48,349.8,350.0,349.75,349.95,8
20251218  12:49,349.9,349.9,349.85,349.85,6
20251218  12:50,349.65,349.65,349.15,349.2,13
20251218  12:51,349.05,349.35,349.05,349.2,7
20251218  12:52,349.2,349.6,349.15,349.6,7
20251218  12:53,349.45,349.45,349.4,349.4,2
20251218  12:54,349.4,349.4,349.4,349.4,0
20251218  12:55,349.1,349.15,348.95,349.05,23
20251218  12:56,349.15,349.2,349.05,349.05,6
20251218  12:57,349.2,349.3,349.2,349.3,3
20251218  12:58,349.35,349.95,349.35,349.55,33
20251218  12:59,349.8,349.85,349.5,349.5,9
20251218  13:00,349.5,349.85,349.5,349.85,9
20251218  13:01,349.7,349.85,349.55,349.55,20
20251218  13:02,349.6,349.8,349.6,349.6,25
20251218  13:03,349.6,349.8,349.5,349.5,8
20251218  13:04,349.7,350.15,349.7,350.1,31
20251218  13:05,350.0,350.0,349.7,349.9,9
20251218  13:06,350.1,350.1,350.0,350.0,11
20251218  13:07,350.1,350.1,349.9,349.9,2
20251218  13:08,349.9,349.9,349.9,349.9,0
20251218  13:09,349.95,350.0,349.7,349.7,16
20251218  13:10,349.8,350.0,349.8,350.0,2
20251218  13:11,350.0,350.0,349.7,349.7,6
20251218  13:12,349.65,349.8,349.3,349.3,12
20251218  13:13,349.2,349.3,348.85,348.85,30
20251218  13:14,349.05,349.2,349.05,349.2,5
20251218  13:15,349.25,349.25,349.05,349.05,7
20251218  13:16,349.15,349.25,349.15,349.25,7
20251218  13:17,349.35,349.35,349.35,349.35,1
20251218  13:18,349.3,349.3,349.15,349.25,4
20251218  13:19,349.15,349.15,349.15,349.15,2
20251218  13:20,349.2,349.2,349.2,349.2,1
20251218  13:21,349.05,349.15,349.0,349.15,5
20251218  13:22,349.15,349.15,348.1,348.4,69
20251218  13:23,348.25,348.25,347.35,347.65,77
20251218  13:24,347.8,347.85,347.75,347.75,3
20251218  13:25,347.35,347.65,347.15,347.5,42
20251218  13:26,347.75,347.8,347.7,347.8,7
20251218  13:27,348.0,348.0,347.65,347.9,10
20251218  13:28,347.65,347.8,347.55,347.75,7
20251218  13:29,347.75,347.75,347.75,347.75,2
20251218  13:30,347.7,347.7,347.3,347.3,22
20251219  10:15,346.6,347.3,346.3,346.6,237
20251219  10:16,346.45,347.15,346.45,347.05,62
20251219  10:17,347.3,347.5,347.2,347.25,26
20251219  10:18,347.2,347.2,347.0,347.05,9
20251219  10:19,347.4,347.8,347.4,347.5,23
20251219  10:20,347.35,348.05,347.35,348.0,59
20251219  10:21,348.1,348.25,347.8,348.25,33
20251219  10:22,348.05,348.2,347.9,348.0,20
20251219  10:23,348.0,348.55,347.85,348.05,40
20251219  10:24,348.25,348.45,348.25,348.4,5
20251219  10:25,348.45,348.45,348.3,348.35,19
20251219  10:26,348.0,348.15,347.6,348.05,37
20251219  10:27,347.85,348.0,347.7,347.7,7
20251219  10:28,347.75,347.8,347.55,347.75,9
20251219  10:29,347.75,347.75,347.75,347.75,0
20251219  10:30,348.0,348.0,347.45,347.5,14
20251219  10:31,347.65,348.35,347.65,348.2,8
20251219  10:32,348.3,348.3,348.05,348.05,4
20251219  10:33,348.05,348.2,347.8,348.2,27
20251219  10:34,348.0,348.0,347.8,347.95,16
20251219  10:35,347.85,347.85,347.7,347.7,3
20251219  10:36,347.7,347.7,347.7,347.7,0
20251219  10:37,347.85,347.85,347.7,347.7,3
20251219  10:38,347.8,347.95,347.3,347.3,13
20251219  10:39,347.2,347.35,347.1,347.2,15
20251219  10:40,347.2,347.55,347.2,347.35,11
20251219  10:41,347.1,347.1,346.8,346.95,20
20251219  10:42,347.15,347.25,347.1,347.2,10
20251219  10:43,347.05,347.65,347.05,347.5,11
20251219  10:44,347.5,347.5,347.4,347.4,2
20251219  10:45,347.35,347.35,347.35,347.35,2
20251219  10:46,347.25,347.25,347.2,347.2,2
20251219  10:47,347.15,347.15,347.15,347.15,1
20251219  10:48,347.15,347.15,347.15,347.15,0
20251219  10:49,347.25,347.25,347.15,347.15,3
20251219  10:50,347.15,347.15,347.15,347.15,0
20251219  10:51,347.3,347.45,347.3,347.45,2
20251219  10:52,347.05,347.05,347.05,347.05,1
20251219  10:53,347.35,347.65,347.35,347.65,6
20251219  10:54,347.6,347.6,347.6,347.6,3
20251219  10:55,347.45,347.45,347.45,347.45,1
20251219  10:56,347.1,347.1,347.1,347.1,1
20251219  10:57,347.3,347.5,346.85,347.3,17
20251219  10:58,347.35,347.35,347.35,347.35,2
20251219  10:59,347.35,347.5,347.3,347.45,14
20251219  11:00,347.45,347.7,347.35,347.5,14
20251219  11:01,347.6,347.6,347.6,347.6,7
20251219  11:02,347.4,347.4,347.4,347.4,1
20251219  11:03,347.15,347.15,346.3,346.4,26
20251219  11:04,346.4,346.55,346.15,346.15,17
20251219  11:05,346.05,346.2,346.05,346.2,7
20251219  11:06,346.4,346.4,346.2,346.2,8
20251219  11:07,346.2,346.2,346.2,346.2,3
20251219  11:08,346.2,346.2,346.2,346.2,0
20251219  11:09,346.35,346.4,346.05,346.25,25
20251219  11:10,346.05,346.05,345.9,345.95,16
20251219  11:11,346.0,346.0,346.0,346.0,4
20251219  11:12,346.1,346.1,345.85,345.85,7
20251219  11:13,346.0,346.0,346.0,346.0,1
20251219  11:14,345.85,345.85,345.85,345.85,1
20251219  11:15,345.85,345.85,345.85,345.85,1
20251219  11:16,345.7,345.8,345.5,345.6,9
20251219  11:17,345.55,345.7,345.55,345.7,3
20251219  11:18,345.45,345.45,345.25,345.3,16
20251219  11:19,345.45,345.95,345.45,345.8,43
20251219  11:20,345.75,345.75,345.75,345.75,1
20251219  11:21,345.75,345.75,345.75,345.75,0
20251219  11:22,345.75,346.1,345.75,346.1,25
20251219  11:23,346.1,346.1,346.0,346.05,10
20251219  11:24,346.0,346.3,346.0,346.1,15
20251219  11:25,346.1,346.1,346.0,346.05,24
20251219  11:26,346.0,346.15,346.0,346.15,17
20251219  11:27,346.0,346.15,346.0,346.15,16
20251219  11:28,346.05,346.05,345.65,345.65,17
20251219  11:29,345.6,345.7,345.6,345.65,18
20251219  11:30,345.85,345.9,345.75,345.9,5
20251219  11:31,345.85,345.95,345.8,345.95,9
20251219  11:32,345.95,346.45,345.95,346.45,42
20251219  11:33,346.45,346.5,345.35,345.65,52
20251219  11:34,345.7,345.7,345.7,345.7,1
20251219  11:35,345.7,345.8,345.7,345.7,10
20251219  11:36,345.7,345.7,345.7,345.7,0
20251219  11:37,345.6,345.85,345.45,345.85,17
20251219  11:38,345.9,345.9,345.85,345.85,2
20251219  11:39,345.85,345.85,345.85,345.85,0
20251219  11:40,346.0,346.25,346.0,346.25,13
20251219  11:41,346.35,346.45,346.3,346.45,7
20251219  11:42,346.4,346.6,346.4,346.6,11
20251219  11:43,346.6,346.6,346.25,346.25,11
20251219  11:44,346.4,346.4,346.35,346.4,3
20251219  11:45,346.15,346.15,346.15,346.15,1
20251219  11:46,346.3,346.3,346.3,346.3,1
20251219  11:47,346.35,346.4,346.35,346.4,4
20251219  11:48,346.25,346.7,346.25,346.5,28
20251219  11:49,346.4,346.4,346.4,346.4,2
20251219  11:50,346.35,346.35,346.05,346.1,14
20251219  11:51,346.05,346.6,346.0,346.2,28
20251219  11:52,346.35,346.4,346.3,346.3,7
20251219  11:53,346.2,346.4,346.15,346.3,7
20251219  11:54,346.3,346.3,346.3,346.3,0
20251219  11:55,346.3,346.45,346.3,346.45,3
20251219  11:56,346.45,346.45,346.25,346.25,2
20251219  11:57,346.25,346.25,346.25,346.25,0
20251219  11:58,346.45,346.45,346.3,346.3,4
20251219  11:59,346.35,346.4,346.35,346.4,4
20251219  12:00,346.35,346.35,346.35,346.35,3
20251219  12:01,346.35,346.35,346.35,346.35,1
20251219  12:02,346.4,346.45,346.35,346.45,4
20251219  12:03,346.55,346.55,346.45,346.45,5
20251219  12:04,346.5,346.55,346.5,346.55,3
20251219  12:05,346.6,346.65,346.45,346.45,11
20251219  12:06,346.55,346.6,346.55,346.6,3
20251219  12:07,346.65,347.05,346.65,347.05,33
20251219  12:08,347.05,347.05,346.9,347.0,9
20251219  12:09,347.0,347.0,346.9,346.9,4
20251219  12:10,347.05,347.05,346.9,346.95,3
20251219  12:11,346.9,346.9,346.7,346.7,7
20251219  12:12,346.65,346.9,346.65,346.75,14
20251219  12:13,346.8,346.9,346.8,346.8,34
20251219  12:14,346.85,346.85,346.8,346.8,4
20251219  12:15,346.9,347.15,346.75,346.75,25
20251219  12:16,346.85,346.85,346.55,346.6,5
20251219  12:17,346.6,346.6,346.15,346.4,21
20251219  12:18,346.45,346.45,346.05,346.25,11
20251219  12:19,346.35,346.35,345.8,345.8,21
20251219  12:20,345.75,345.75,345.5,345.65,10
20251219  12:21,345.6,345.6,345.4,345.45,16
20251219  12:22,345.55,345.8,345.55,345.7,11
20251219  12:23,345.7,345.7,345.7,345.7,0
20251219  12:24,345.7,345.7,345.7,345.7,0
20251219  12:25,345.75,345.75,345.6,345.6,3
20251219  12:26,345.8,345.8,345.8,345.8,1
20251219  12:27,346.0,346.0,346.0,346.0,1
20251219  12:28,345.9,345.9,345.9,345.9,1
20251219  12:29,345.95,345.95,345.85,345.85,4
20251219  12:30,345.85,345.85,345.85,345.85,0
20251219  12:31,345.9,345.9,345.9,345.9,1
20251219  12:32,345.85,345.85,345.85,345.85,1
20251219  12:33,345.8,345.8,345.8,345.8,1
20251219  12:34,345.95,345.95,345.7,345.7,13
20251219  12:35,345.55,345.55,345.5,345.5,3
20251219  12:36,345.6,345.6,345.6,345.6,2
20251219  12:37,345.65,345.85,345.55,345.55,6
20251219  12:38,345.7,345.7,345.7,345.7,1
20251219  12:39,345.55,345.6,345.05,345.15,76
20251219  12:40,345.2,345.2,345.05,345.05,5
20251219  12:41,345.2,345.4,345.2,345.4,4
20251219  12:42,345.35,345.65,345.35,345.6,6
20251219  12:43,345.75,346.1,345.75,346.05,7
20251219  12:44,345.85,345.85,345.6,345.7,12
20251219  12:45,345.8,346.3,345.75,345.95,37
20251219  12:46,346.05,346.05,345.9,346.0,7
20251219  12:47,346.1,346.1,346.1,346.1,1
20251219  12:48,346.15,346.15,345.65,345.7,8
20251219  12:49,345.7,345.8,345.7,345.75,3
20251219  12:50,345.7,345.7,345.7,345.7,1
20251219  12:51,345.6,345.6,345.35,345.4,7
20251219  12:52,345.55,345.75,345.45,345.5,15
20251219  12:53,345.45,345.55,345.4,345.4,9
20251219  12:54,345.6,345.8,345.4,345.8,4
20251219  12:55,345.75,345.8,345.5,345.5,7
20251219  12:56,345.75,345.75,345.75,345.75,1
20251219  12:57,346.0,346.0,345.8,346.0,4
20251219  12:58,345.75,345.75,345.6,345.6,3
20251219  12:59,345.6,345.6,345.6,345.6,0
20251219  13:00,345.55,345.55,345.5,345.5,3
20251219  13:01,345.45,345.7,345.25,345.7,7
20251219  13:02,345.7,345.7,345.7,345.7,0
20251219  13:03,345.7,345.7,345.7,345.7,3
20251219  13:04,345.75,345.75,345.65,345.75,3
20251219  13:05,345.75,345.75,345.75,345.75,0
20251219  13:06,345.95,345.95,345.85,345.85,6
20251219  13:07,345.85,345.85,345.85,345.85,0
20251219  13:08,345.7,345.7,345.7,345.7,1
20251219  13:09,345.65,345.65,345.35,345.35,5
20251219  13:10,345.45,345.55,345.45,345.55,4
20251219  13:11,345.55,345.55,345.55,345.55,0
20251219  13:12,345.5,345.6,345.5,345.55,14
20251219  13:13,345.55,345.55,345.55,345.55,1
20251219  13:14,345.3,345.3,345.25,345.25,25
20251219  13:15,345.4,345.4,345.4,345.4,1
20251219  13:16,345.3,345.35,345.2,345.35,6
20251219  13:17,345.25,345.45,345.25,345.45,7
20251219  13:18,345.45,345.45,345.45,345.45,0
20251219  13:19,345.2,345.2,344.75,344.8,71
20251219  13:20,344.95,344.95,344.5,344.5,34
20251219  13:21,344.5,344.6,344.25,344.4,48
20251219  13:22,344.25,344.5,344.25,344.45,16
20251219  13:23,344.5,344.75,344.5,344.75,6
20251219  13:24,344.55,344.65,344.55,344.6,3
20251219  13:25,344.55,344.85,344.55,344.85,10
20251219  13:26,344.85,344.85,344.85,344.85,0
20251219  13:27,344.85,344.9,344.7,344.9,13
20251219  13:28,344.9,344.9,344.9,344.9,0
20251219  13:29,344.7,344.95,344.6,344.75,12
20251219  13:30,344.75,345.0,344.75,344.85,7
20251222  10:15,341.1,343.8,341.1,343.2,271
20251222  10:16,343.15,343.7,343.05,343.35,35
20251222  10:17,343.05,343.05,342.8,343.0,28
20251222  10:18,343.0,343.55,343.0,343.55,25
20251222  10:19,343.35,343.35,342.8,342.9,45
20251222  10:20,343.1,343.2,342.9,343.2,10
20251222  10:21,343.25,343.3,343.15,343.15,11
20251222  10:22,343.0,343.0,343.0,343.0,3
20251222  10:23,342.9,342.9,342.5,342.5,10
20251222  10:24,342.35,342.35,342.1,342.15,10
20251222  10:25,342.25,342.65,342.25,342.65,16
20251222  10:26,342.55,342.75,342.45,342.6,13
20251222  10:27,342.7,342.75,342.7,342.7,3
20251222  10:28,342.65,342.9,342.65,342.9,8
20251222  10:29,343.0,343.0,342.65,342.65,6
20251222  10:30,342.55,342.55,342.35,342.35,4
20251222  10:31,342.55,342.55,342.3,342.35,4
20251222  10:32,342.25,342.4,342.15,342.35,7
20251222  10:33,342.2,342.2,341.65,341.85,49
20251222  10:34,341.85,341.85,341.5,341.5,11
20251222  10:35,341.6,341.75,341.2,341.75,16
20251222  10:36,341.65,342.25,341.65,342.25,2
20251222  10:37,342.05,342.05,341.9,341.9,3
20251222  10:38,341.85,341.85,341.85,341.85,2
20251222  10:39,341.8,341.8,341.6,341.6,6
20251222  10:40,341.65,341.75,341.65,341.65,6
20251222  10:41,341.7,342.15,341.7,342.15,4
20251222  10:42,342.05,342.05,341.95,341.95,10
20251222  10:43,341.85,342.0,341.85,342.0,6
20251222  10:44,342.1,342.1,341.8,341.8,8
20251222  10:45,341.95,342.5,341.95,342.15,19
20251222  10:46,342.15,342.35,342.15,342.25,8
20251222  10:47,342.35,342.65,342.35,342.35,13
20251222  10:48,342.3,342.55,342.3,342.45,6
20251222  10:49,342.6,342.6,342.15,342.15,5
20251222  10:50,342.2,342.4,342.2,342.4,9
20251222  10:51,342.3,342.3,342.1,342.3,7
20251222  10:52,342.15,342.15,342.1,342.1,6
20251222  10:53,342.35,342.35,342.35,342.35,1
20251222  10:54,342.05,342.4,342.05,342.4,19
20251222  10:55,342.25,342.25,342.1,342.1,3
20251222  10:56,342.4,342.4,342.4,342.4,2
20251222  10:57,342.3,342.35,342.3,342.35,3
20251222  10:58,342.25,342.25,342.0,342.05,12
20251222  10:59,342.05,342.05,341.8,341.8,8
20251222  11:00,341.7,341.75,341.5,341.55,11
20251222  11:01,341.75,341.75,341.75,341.75,2
20251222  11:02,341.55,341.55,341.4,341.4,7
20251222  11:03,341.35,341.5,341.35,341.45,5
20251222  11:04,341.35,341.4,341.15,341.25,56
20251222  11:05,341.35,341.35,341.25,341.3,4
20251222  11:06,341.25,341.55,341.25,341.4,12
20251222  11:07,341.35,341.6,341.3,341.4,13
20251222  11:08,341.3,341.6,341.3,341.6,9
20251222  11:09,341.8,341.85,341.75,341.85,6
20251222  11:10,341.65,341.85,341.65,341.85,7
20251222  11:11,341.7,341.7,341.7,341.7,1
20251222  11:12,341.65,342.05,341.65,341.9,20
20251222  11:13,341.95,342.15,341.9,342.05,11
20251222  11:14,342.1,342.1,342.1,342.1,2
20251222  11:15,341.95,341.95,341.95,341.95,1
20251222  11:16,341.7,342.1,341.7,342.1,9
20251222  11:17,342.05,342.1,342.0,342.1,10
20251222  11:18,342.45,342.65,342.45,342.65,13
20251222  11:19,342.6,342.6,342.55,342.55,4
20251222  11:20,342.55,342.65,342.25,342.5,18
20251222  11:21,342.55,342.65,342.55,342.65,3
20251222  11:22,342.4,342.5,342.4,342.45,4
20251222  11:23,342.65,342.8,342.55,342.75,13
20251222  11:24,342.75,343.1,342.7,343.1,10
20251222  11:25,343.1,343.1,342.65,342.65,9
20251222  11:26,342.7,342.75,342.7,342.75,2
20251222  11:27,342.65,342.65,342.1,342.1,5
20251222  11:28,342.3,342.35,342.25,342.35,6
20251222  11:29,342.35,342.35,342.35,342.35,0
20251222  11:30,342.5,342.55,342.4,342.4,6
20251222  11:31,342.35,342.45,342.35,342.45,4
20251222  11:32,342.45,342.45,342.45,342.45,0
20251222  11:33,342.3,342.3,342.15,342.15,6
20251222  11:34,342.1,342.15,342.05,342.15,5
20251222  11:35,342.2,342.2,342.2,342.2,1
20251222  11:36,342.05,342.05,342.05,342.05,1
20251222  11:37,342.2,342.2,342.2,342.2,2
20251222  11:38,342.2,342.2,342.2,342.2,0
20251222  11:39,342.25,342.25,342.25,342.25,3
20251222  11:40,342.2,342.2,342.0,342.15,26
20251222  11:41,342.25,342.3,342.15,342.2,7
20251222  11:42,342.1,342.1,342.1,342.1,2
20251222  11:43,342.1,342.1,342.1,342.1,0
20251222  11:44,342.05,342.3,342.05,342.3,2
20251222  11:45,342.2,342.2,341.95,341.95,2
20251222  11:46,341.9,342.0,341.9,341.95,10
20251222  11:47,341.95,341.95,341.9,341.9,2
20251222  11:48,341.95,342.0,341.85,341.85,13
20251222  11:49,341.75,341.85,341.75,341.8,3
20251222  11:50,341.6,341.7,341.45,341.45,7
20251222  11:51,341.35,341.35,341.2,341.3,7
20251222  11:52,341.3,341.3,341.3,341.3,0
20251222  11:53,341.2,341.25,341.2,341.25,8
20251222  11:54,341.2,341.25,341.0,341.0,16
20251222  11:55,341.1,341.4,341.1,341.35,8
20251222  11:56,341.7,341.85,341.7,341.8,7
20251222  11:57,341.85,342.15,341.85,342.0,5
20251222  11:58,342.0,342.1,341.95,341.95,8
20251222  11:59,341.85,341.85,341.55,341.55,15
20251222  12:00,341.8,342.1,341.8,342.1,8
20251222  12:01,341.85,341.85,341.7,341.85,8
20251222  12:02,341.95,342.0,341.75,341.75,6
20251222  12:03,341.55,341.55,341.55,341.55,1
20251222  12:04,341.7,341.75,341.7,341.75,2
20251222  12:05,341.85,342.0,341.85,341.9,8
20251222  12:06,341.8,341.8,341.65,341.8,9
20251222  12:07,341.8,341.8,341.8,341.8,0
20251222  12:08,341.85,341.85,341.85,341.85,3
20251222  12:09,341.75,341.95,341.6,341.95,12
20251222  12:10,342.05,342.15,341.95,341.95,5
20251222  12:11,342.0,342.45,341.95,342.45,22
20251222  12:12,342.5,342.7,342.45,342.65,17
20251222  12:13,342.65,342.65,342.25,342.25,9
20251222  12:14,342.2,342.2,342.2,342.2,1
20251222  12:15,342.2,342.2,342.2,342.2,0
20251222  12:16,342.15,342.45,342.15,342.25,4
20251222  12:17,342.2,342.2,342.2,342.2,2
20251222  12:18,342.35,342.65,342.35,342.65,3
20251222  12:19,342.4,342.8,342.4,342.4,23
20251222  12:20,342.55,342.65,342.55,342.65,3
20251222  12:21,342.65,342.65,342.65,342.65,0
20251222  12:22,342.65,342.65,342.65,342.65,0
20251222  12:23,342.65,342.65,342.65,342.65,0
20251222  12:24,342.4,342.65,342.4,342.4,7
20251222  12:25,342.55,342.6,342.1,342.1,20
20251222  12:26,342.1,342.3,342.1,342.25,7
20251222  12:27,342.25,342.25,342.25,342.25,0
20251222  12:28,342.25,342.25,342.25,342.25,0
20251222  12:29,342.6,342.6,342.15,342.15,3
20251222  12:30,342.35,342.5,342.35,342.5,4
20251222  12:31,342.65,342.9,342.6,342.85,21
20251222  12:32,342.85,342.95,342.7,342.95,15
20251222  12:33,342.65,342.65,342.6,342.6,7
20251222  12:34,342.55,342.55,342.45,342.45,2
20251222  12:35,342.45,342.45,342.45,342.45,0
20251222  12:36,342.5,342.5,342.35,342.35,2
20251222  12:37,342.25,342.25,342.0,342.2,86
20251222  12:38,341.85,341.85,341.75,341.75,13
20251222  12:39,341.95,341.95,341.3,341.3,13
20251222  12:40,341.3,341.5,341.2,341.5,25
20251222  12:41,341.55,341.55,341.55,341.55,1
20251222  12:42,341.65,341.7,341.65,341.7,6
20251222  12:43,341.65,341.65,341.65,341.65,1
20251222  12:44,341.05,341.25,341.05,341.05,5
20251222  12:45,341.05,341.05,341.05,341.05,0
20251222  12:46,341.4,341.4,341.35,341.4,3
20251222  12:47,341.4,341.4,341.4,341.4,0
20251222  12:48,341.2,341.3,341.2,341.3,3
20251222  12:49,341.35,341.35,341.2,341.2,2
20251222  12:50,341.45,341.45,340.8,340.95,63
20251222  12:51,340.85,340.95,340.8,340.9,13
20251222  12:52,341.05,341.55,341.05,341.55,9
20251222  12:53,341.6,341.95,341.6,341.85,12
20251222  12:54,341.85,341.95,341.6,341.65,15
20251222  12:55,341.5,341.65,341.3,341.35,16
20251222  12:56,341.5,341.65,341.5,341.65,6
20251222  12:57,341.5,341.55,341.4,341.55,10
20251222  12:58,341.5,341.55,341.3,341.3,6
20251222  12:59,341.45,341.5,341.1,341.35,36
20251222  13:00,341.25,341.25,341.0,341.0,8
20251222  13:01,341.2,341.25,341.2,341.25,6
20251222  13:02,341.25,341.25,341.25,341.25,0
20251222  13:03,341.25,341.25,341.25,341.25,0
20251222  13:04,341.3,341.3,341.05,341.05,5
20251222  13:05,341.0,341.0,340.95,341.0,6
20251222  13:06,340.85,340.85,340.65,340.7,29
20251222  13:07,340.8,340.85,340.55,340.8,17
20251222  13:08,340.95,341.1,340.75,341.1,28
20251222  13:09,341.15,341.2,341.05,341.05,7
20251222  13:10,341.1,341.1,340.95,341.1,10
20251222  13:11,341.3,341.3,341.3,341.3,1
20251222  13:12,341.25,341.4,341.25,341.4,6
20251222  13:13,341.25,341.25,341.25,341.25,2
20251222  13:14,341.15,341.15,341.15,341.15,1
20251222  13:15,341.1,341.45,341.1,341.35,6
20251222  13:16,341.35,341.35,341.35,341.35,1
20251222  13:17,341.35,341.35,341.35,341.35,0
20251222  13:18,341.5,341.5,341.5,341.5,1
20251222  13:19,341.4,341.4,341.25,341.35,9
20251222  13:20,341.35,341.35,341.25,341.25,2
20251222  13:21,341.25,341.25,341.25,341.25,0
20251222  13:22,341.25,341.35,341.25,341.35,3
20251222  13:23,341.35,341.35,341.25,341.25,2
20251222  13:24,341.45,341.45,341.45,341.45,2
20251222  13:25,341.5,341.65,341.25,341.6,14
20251222  13:26,341.5,341.65,341.35,341.35,6
20251222  13:27,341.35,341.35,341.35,341.35,0
20251222  13:28,341.3,341.3,341.1,341.3,7
20251222  13:29,341.1,341.1,340.95,341.0,8
20251222  13:30,341.05,341.05,341.0,341.0,3
20251223  10:15,350.0,350.65,348.7,349.05,276
20251223  10:16,348.9,349.2,348.35,348.6,42
20251223  10:17,348.65,348.85,348.35,348.65,25
20251223  10:18,348.7,348.8,348.3,348.35,19
20251223  10:19,348.35,348.6,348.15,348.45,25
20251223  10:20,348.6,348.7,348.5,348.5,6
20251223  10:21,348.75,348.75,348.4,348.7,10
20251223  10:22,348.8,348.8,348.6,348.75,10
20251223  10:23,348.85,348.85,348.5,348.55,8
20251223  10:24,348.4,348.4,348.2,348.35,10
20251223  10:25,348.45,348.7,348.2,348.25,14
20251223  10:26,348.35,348.95,348.35,348.95,9
20251223  10:27,348.95,349.0,348.6,348.6,11
20251223  10:28,348.6,348.9,348.55,348.6,9
20251223  10:29,348.4,348.55,348.4,348.5,5
20251223  10:30,348.75,348.75,348.75,348.75,1
20251223  10:31,348.75,348.75,348.5,348.55,9
20251223  10:32,348.55,348.7,348.55,348.7,6
20251223  10:33,348.75,348.75,348.65,348.65,6
20251223  10:34,348.7,348.7,348.35,348.35,18
20251223  10:35,348.6,348.6,348.2,348.2,5
20251223  10:36,348.15,348.3,347.75,347.8,29
20251223  10:37,347.9,348.0,347.55,347.55,10
20251223  10:38,347.55,347.75,347.5,347.75,9
20251223  10:39,347.65,347.8,347.65,347.8,2
20251223  10:40,347.9,347.9,347.7,347.7,6
20251223  10:41,347.75,347.8,347.75,347.8,2
20251223  10:42,347.9,348.1,347.75,348.05,26
20251223  10:43,348.3,348.4,348.2,348.3,14
20251223  10:44,348.25,348.35,348.25,348.3,6
20251223  10:45,348.45,348.45,348.45,348.45,2
20251223  10:46,348.45,348.75,348.45,348.7,12
20251223  10:47,348.65,348.65,348.65,348.65,1
20251223  10:48,348.75,348.75,348.65,348.65,3
20251223  10:49,348.45,348.45,348.4,348.4,5
20251223  10:50,348.45,348.65,348.45,348.45,7
20251223  10:51,348.3,348.45,348.3,348.45,7
20251223  10:52,348.4,348.45,348.4,348.45,2
20251223  10:53,348.45,348.45,348.45,348.45,0
20251223  10:54,348.55,348.55,348.5,348.5,3
20251223  10:55,348.55,348.55,348.5,348.5,2
20251223  10:56,348.55,348.55,348.55,348.55,1
20251223  10:57,348.55,348.55,348.45,348.45,2
20251223  10:58,348.4,348.4,348.3,348.4,5
20251223  10:59,348.15,348.15,348.1,348.1,2
20251223  11:00,348.15,348.4,348.1,348.4,5
20251223  11:01,348.3,348.3,348.05,348.05,3
20251223  11:02,348.0,348.0,347.7,347.7,5
20251223  11:03,347.55,347.55,347.25,347.25,19
20251223  11:04,347.1,347.95,347.1,347.85,46
20251223  11:05,347.6,348.0,347.55,347.75,24
20251223  11:06,347.75,347.9,347.65,347.8,16
20251223  11:07,347.7,347.7,347.7,347.7,1
20251223  11:08,347.8,348.1,347.8,348.1,9
20251223  11:09,348.25,348.4,348.25,348.35,11
20251223  11:10,348.3,348.4,348.3,348.3,13
20251223  11:11,348.25,348.5,348.2,348.5,17
20251223  11:12,348.2,348.5,348.2,348.45,6
20251223  11:13,348.25,348.25,348.25,348.25,2
20251223  11:14,348.25,348.25,348.25,348.25,1
20251223  11:15,348.35,348.4,348.3,348.3,3
20251223  11:16,348.6,348.6,348.6,348.6,1
20251223  11:17,348.45,348.8,348.45,348.65,13
20251223  11:18,348.65,348.7,348.1,348.1,15
20251223  11:19,348.1,348.4,348.1,348.25,15
20251223  11:20,348.35,348.45,348.35,348.45,2
20251223  11:21,348.5,348.5,348.25,348.25,3
20251223  11:22,348.25,348.45,348.25,348.45,3
20251223  11:23,348.45,348.45,348.3,348.3,2
20251223  11:24,348.15,348.15,348.1,348.1,3
20251223  11:25,347.85,347.85,347.65,347.75,8
20251223  11:26,347.55,347.9,347.4,347.9,24
20251223  11:27,347.8,347.85,347.45,347.6,10
20251223  11:28,347.5,347.6,347.45,347.6,6
20251223  11:29,347.4,347.85,347.4,347.85,5
20251223  11:30,347.75,347.75,347.7,347.7,2
20251223  11:31,347.75,348.3,347.65,347.95,64
20251223  11:32,348.0,348.2,348.0,348.2,8
20251223  11:33,348.2,348.2,348.2,348.2,0
20251223  11:34,348.2,348.2,348.2,348.2,1
20251223  11:35,348.2,348.4,348.2,348.4,13
20251223  11:36,348.4,348.8,348.4,348.75,5
20251223  11:37,348.7,348.7,348.7,348.7,1
20251223  11:38,348.6,348.6,348.4,348.4,2
20251223  11:39,348.6,348.6,348.6,348.6,1
20251223  11:40,348.6,349.6,348.6,349.6,37
20251223  11:41,349.4,350.35,349.4,350.35,45
20251223  11:42,349.9,349.9,349.6,349.6,15
20251223  11:43,349.75,349.9,349.75,349.9,2
20251223  11:44,349.9,349.9,349.7,349.75,12
20251223  11:45,350.0,350.35,349.8,350.0,44
20251223  11:46,350.0,350.0,349.55,349.7,22
20251223  11:47,349.55,350.0,349.55,350.0,13
20251223  11:48,350.0,350.8,350.0,350.75,46
20251223  11:49,350.9,351.0,350.55,350.75,66
20251223  11:50,350.55,350.9,350.3,350.65,19
20251223  11:51,350.7,351.0,350.55,350.8,41
20251223  11:52,350.95,351.0,350.7,351.0,28
20251223  11:53,350.95,351.0,350.75,351.0,14
20251223  11:54,350.8,350.95,350.6,350.8,10
20251223  11:55,350.85,350.85,350.45,350.5,10
20251223  11:56,350.45,350.45,350.1,350.3,17
20251223  11:57,350.45,350.45,350.45,350.45,1
20251223  11:58,350.3,350.4,350.15,350.15,6
20251223  11:59,350.15,350.15,350.15,350.15,3
20251223  12:00,350.25,350.35,350.25,350.35,2
20251223  12:01,350.4,350.65,350.35,350.5,25
20251223  12:02,350.4,350.4,350.35,350.4,3
20251223  12:03,350.4,350.4,350.4,350.4,0
20251223  12:04,350.65,350.9,350.6,350.85,21
20251223  12:05,350.65,351.85,350.65,351.35,80
20251223  12:06,351.3,351.3,350.25,350.35,31
20251223  12:07,350.25,350.25,349.9,349.9,28
20251223  12:08,350.05,350.35,349.9,350.35,8
20251223  12:09,350.15,350.3,350.15,350.3,2
20251223  12:10,350.2,350.25,350.2,350.25,2
20251223  12:11,350.4,350.45,350.35,350.45,6
20251223  12:12,350.45,350.45,350.45,350.45,1
20251223  12:13,350.3,350.55,350.3,350.55,2
20251223  12:14,350.4,350.6,350.4,350.55,15
20251223  12:15,350.65,350.85,350.65,350.85,3
20251223  12:16,350.95,351.05,350.95,350.95,8
20251223  12:17,350.95,350.95,350.7,350.7,10
20251223  12:18,350.85,351.15,350.85,351.15,13
20251223  12:19,351.2,351.35,351.0,351.0,18
20251223  12:20,351.0,351.0,351.0,351.0,0
20251223  12:21,351.1,351.1,351.1,351.1,1
20251223  12:22,351.05,351.1,351.0,351.0,7
20251223  12:23,351.1,351.1,350.8,350.9,10
20251223  12:24,350.95,351.15,350.75,350.9,26
20251223  12:25,350.9,350.9,350.9,350.9,0
20251223  12:26,350.85,350.9,350.7,350.9,4
20251223  12:27,350.9,350.9,350.9,350.9,0
20251223  12:28,350.95,350.95,350.85,350.85,4
20251223  12:29,350.8,350.8,350.1,350.4,65
20251223  12:30,350.45,350.45,350.1,350.1,12
20251223  12:31,350.25,350.25,349.55,349.65,40
20251223  12:32,349.55,349.85,349.55,349.85,18
20251223  12:33,349.7,349.85,349.55,349.85,8
20251223  12:34,349.85,350.0,349.85,350.0,3
20251223  12:35,350.0,350.15,349.95,350.15,12
20251223  12:36,350.15,350.15,350.15,350.15,0
20251223  12:37,350.4,350.65,350.4,350.65,6
20251223  12:38,350.6,350.6,350.3,350.4,9
20251223  12:39,350.4,350.4,350.4,350.4,1
20251223  12:40,350.4,350.4,350.4,350.4,0
20251223  12:41,350.5,350.5,350.35,350.45,8
20251223  12:42,350.65,350.65,350.55,350.55,3
20251223  12:43,350.4,350.4,350.25,350.25,8
20251223  12:44,350.45,350.45,350.45,350.45,1
20251223  12:45,350.45,350.55,350.45,350.5,5
20251223  12:46,350.8,350.8,350.8,350.8,1
20251223  12:47,350.7,350.7,350.6,350.6,4
20251223  12:48,350.65,351.0,350.65,350.95,17
20251223  12:49,350.95,350.95,350.95,350.95,0
20251223  12:50,351.05,351.4,350.9,351.4,15
20251223  12:51,351.45,351.45,351.4,351.4,6
20251223  12:52,351.6,351.65,351.3,351.3,6
20251223  12:53,351.25,351.25,351.15,351.15,7
20251223  12:54,351.15,351.15,351.15,351.15,0
20251223  12:55,351.45,351.45,351.45,351.45,1
20251223  12:56,351.5,351.5,351.4,351.4,4
20251223  12:57,351.55,351.6,351.5,351.55,8
20251223  12:58,351.4,351.4,350.95,351.15,16
20251223  12:59,351.25,351.25,351.2,351.2,9
20251223  13:00,351.25,351.35,351.25,351.3,8
20251223  13:01,351.25,351.25,350.9,350.9,5
20251223  13:02,351.1,351.1,350.95,350.95,2
20251223  13:03,350.95,351.2,350.95,351.2,6
20251223  13:04,351.25,351.25,351.15,351.2,4
20251223  13:05,351.15,351.15,351.15,351.15,3
20251223  13:06,350.85,350.85,350.85,350.85,3
20251223  13:07,350.95,351.0,350.95,351.0,4
20251223  13:08,350.95,350.95,350.8,350.8,6
20251223  13:09,350.9,351.05,350.9,351.0,5
20251223  13:10,351.05,351.05,350.55,350.55,8
20251223  13:11,350.65,350.65,350.55,350.65,4
20251223  13:12,350.75,350.9,350.7,350.9,5
20251223  13:13,350.8,350.8,350.8,350.8,2
20251223  13:14,350.7,350.95,350.7,350.9,16
20251223  13:15,350.9,350.9,350.9,350.9,0
20251223  13:16,350.9,350.9,350.9,350.9,0
20251223  13:17,350.9,350.9,350.9,350.9,0
20251223  13:18,350.75,350.75,350.6,350.6,6
20251223  13:19,350.6,350.6,350.6,350.6,0
20251223  13:20,350.6,350.6,350.6,350.6,0
20251223  13:21,350.65,350.7,350.6,350.6,4
20251223  13:22,350.65,350.65,350.6,350.6,7
20251223  13:23,350.55,350.55,350.55,350.55,2
20251223  13:24,350.65,350.65,350.65,350.65,2
20251223  13:25,350.7,350.75,350.4,350.4,11
20251223  13:26,350.35,350.35,350.0,350.25,25
20251223  13:27,350.3,350.3,350.15,350.15,3
20251223  13:28,350.05,350.1,350.0,350.1,13
20251223  13:29,350.1,350.1,350.1,350.1,2
20251223  13:30,350.1,350.15,349.95,350.05,13
20251224  10:15,348.1,348.4,346.85,347.05,99
20251224  10:16,347.05,347.7,347.0,347.15,23
20251224  10:17,347.15,347.35,347.05,347.3,15
20251224  10:18,347.05,347.4,346.7,346.7,29
20251224  10:19,346.65,346.85,346.5,346.65,17
20251224  10:20,346.4,346.4,346.25,346.25,11
20251224  10:21,346.35,346.5,346.15,346.15,12
20251224  10:22,346.0,346.1,345.8,345.85,22
20251224  10:23,345.85,345.95,345.65,345.95,6
20251224  10:24,345.85,345.85,345.45,345.55,28
20251224  10:25,345.7,345.8,345.05,345.2,19
20251224  10:26,345.3,345.35,345.15,345.35,3
20251224  10:27,345.4,345.4,345.4,345.4,1
20251224  10:28,345.35,345.6,345.35,345.5,8
20251224  10:29,345.65,345.95,345.65,345.7,10
20251224  10:30,345.65,345.65,345.5,345.5,8
20251224  10:31,345.5,345.5,345.5,345.5,1
20251224  10:32,345.55,345.55,345.25,345.25,3
20251224  10:33,345.3,345.7,345.05,345.7,24
20251224  10:34,345.75,345.9,345.75,345.8,4
20251224  10:35,345.55,345.55,345.25,345.25,4
20251224  10:36,345.2,345.45,345.05,345.45,13
20251224  10:37,345.7,345.75,345.5,345.6,10
20251224  10:38,345.7,345.7,345.5,345.5,6
20251224  10:39,345.2,345.45,345.15,345.2,5
20251224  10:40,345.35,345.35,345.1,345.1,4
20251224  10:41,345.05,345.05,344.05,344.05,58
20251224  10:42,344.25,344.25,343.65,343.85,38
20251224  10:43,344.1,344.1,343.05,343.55,28
20251224  10:44,343.35,343.45,343.1,343.1,6
20251224  10:45,343.4,343.5,343.4,343.4,13
20251224  10:46,343.75,343.95,343.4,343.4,15
20251224  10:47,343.65,343.65,343.25,343.25,3
20251224  10:48,343.45,343.45,343.45,343.45,1
20251224  10:49,343.3,343.55,343.3,343.55,2
20251224  10:50,343.5,343.5,343.5,343.5,1
20251224  10:51,343.5,343.5,343.5,343.5,1
20251224  10:52,343.5,343.5,343.5,343.5,2
20251224  10:53,343.65,344.25,343.65,344.25,6
20251224  10:54,344.25,344.25,344.25,344.25,0
20251224  10:55,344.35,344.4,344.35,344.4,2
20251224  10:56,344.45,344.6,344.4,344.4,6
20251224  10:57,344.5,344.5,344.25,344.35,5
20251224  10:58,344.5,344.95,344.5,344.85,20
20251224  10:59,344.8,345.0,344.65,344.9,17
20251224  11:00,344.8,345.15,344.75,344.95,16
20251224  11:01,344.8,344.9,344.8,344.9,4
20251224  11:02,345.15,345.25,345.1,345.15,11
20251224  11:03,345.0,345.1,344.8,344.8,12
20251224  11:04,344.9,345.1,344.9,345.0,8
20251224  11:05,345.2,345.2,344.8,344.85,21
20251224  11:06,344.75,344.8,344.5,344.65,20
20251224  11:07,344.55,345.15,344.5,345.1,12
20251224  11:08,345.05,345.2,345.05,345.2,3
20251224  11:09,345.15,345.35,345.15,345.25,11
20251224  11:10,345.15,345.4,344.8,345.3,13
20251224  11:11,345.35,345.45,345.3,345.45,12
20251224  11:12,345.25,345.4,345.25,345.4,13
20251224  11:13,345.45,345.5,345.35,345.45,6
20251224  11:14,345.5,345.5,345.5,345.5,1
20251224  11:15,345.5,345.65,345.5,345.65,2
20251224  11:16,345.65,346.15,345.6,346.1,21
20251224  11:17,346.25,346.75,346.25,346.65,49
20251224  11:18,346.8,347.3,346.5,346.55,26
20251224  11:19,346.55,346.7,346.55,346.7,8
20251224  11:20,346.95,346.95,346.75,346.75,2
20251224  11:21,346.8,347.15,346.8,347.15,9
20251224  11:22,347.15,347.25,346.9,347.25,13
20251224  11:23,347.35,347.35,347.3,347.35,12
20251224  11:24,347.3,347.5,347.3,347.3,14
20251224  11:25,347.25,347.45,347.05,347.2,10
20251224  11:26,347.4,347.8,347.4,347.7,11
20251224  11:27,347.8,347.8,347.65,347.8,7
20251224  11:28,347.8,347.95,347.8,347.9,8
20251224  11:29,347.8,347.9,347.75,347.8,12
20251224  11:30,348.0,348.0,347.9,348.0,7
20251224  11:31,348.0,348.1,347.9,348.1,15
20251224  11:32,347.9,347.95,347.5,347.9,14
20251224  11:33,348.0,348.05,348.0,348.05,3
20251224  11:34,348.05,348.4,348.05,348.2,34
20251224  11:35,348.3,348.35,348.05,348.3,38
20251224  11:36,348.4,348.65,348.35,348.35,12
20251224  11:37,348.3,348.35,348.3,348.3,4
20251224  11:38,348.0,348.05,347.9,348.05,6
20251224  11:39,347.8,348.05,347.55,348.05,11
20251224  11:40,348.05,348.05,348.05,348.05,4
20251224  11:41,348.1,348.45,348.1,348.45,4
20251224  11:42,348.6,348.6,348.05,348.05,12
20251224  11:43,348.25,348.25,348.25,348.25,1
20251224  11:44,348.45,348.45,348.45,348.45,1
20251224  11:45,348.3,348.4,348.3,348.4,5
20251224  11:46,348.1,348.1,348.1,348.1,1
20251224  11:47,348.3,348.3,348.25,348.25,4
20251224  11:48,348.0,348.2,347.95,347.95,11
20251224  11:49,347.8,347.8,347.75,347.8,3
20251224  11:50,347.85,347.85,347.45,347.45,14
20251224  11:51,347.45,347.45,347.45,347.45,1
20251224  11:52,347.45,347.45,347.45,347.45,0
20251224  11:53,347.55,347.55,347.55,347.55,1
20251224  11:54,347.6,348.0,347.45,347.75,7
20251224  11:55,347.6,347.6,347.6,347.6,4
20251224  11:56,347.6,347.6,347.6,347.6,1
20251224  11:57,347.45,347.85,347.4,347.85,10
20251224  11:58,347.85,347.85,347.85,347.85,0
20251224  11:59,347.8,347.8,347.65,347.65,5
20251224  12:00,347.75,347.75,347.45,347.6,5
20251224  12:01,347.85,347.95,347.85,347.95,6
20251224  12:02,347.75,347.8,347.75,347.8,2
20251224  12:03,347.8,347.8,347.8,347.8,0
20251224  12:04,347.6,347.7,347.6,347.7,2
20251224  12:05,347.75,347.75,347.65,347.7,8
20251224  12:06,347.8,347.8,347.75,347.8,3
20251224  12:07,347.75,348.0,347.7,348.0,13
20251224  12:08,347.95,347.95,347.75,347.75,3
20251224  12:09,347.75,347.75,347.75,347.75,0
20251224  12:10,347.8,347.85,347.8,347.85,4
20251224  12:11,347.65,347.65,347.35,347.4,10
20251224  12:12,347.3,347.6,347.3,347.6,5
20251224  12:13,347.65,347.65,347.65,347.65,1
20251224  12:14,347.6,347.6,347.6,347.6,1
20251224  12:15,347.65,347.65,347.6,347.6,5
20251224  12:16,347.55,347.6,346.95,347.0,26
20251224  12:17,347.05,347.05,346.95,346.95,2
20251224  12:18,347.05,347.05,347.05,347.05,3
20251224  12:19,346.85,346.85,346.65,346.75,10
20251224  12:20,346.75,346.9,346.75,346.9,5
20251224  12:21,346.95,346.95,346.95,346.95,3
20251224  12:22,347.0,347.0,347.0,347.0,1
20251224  12:23,346.95,346.95,346.9,346.9,3
20251224  12:24,346.65,346.65,346.65,346.65,2
20251224  12:25,346.75,346.75,346.65,346.65,5
20251224  12:26,346.85,346.85,346.85,346.85,1
20251224  12:27,346.8,346.8,346.8,346.8,3
20251224  12:28,346.65,346.8,346.6,346.8,8
20251224  12:29,346.85,346.85,346.85,346.85,1
20251224  12:30,347.0,347.05,346.35,346.45,22
20251224  12:31,346.35,346.35,345.95,345.95,6
20251224  12:32,345.95,346.15,345.75,345.8,11
20251224  12:33,345.8,345.8,345.8,345.8,0
20251224  12:34,346.0,346.0,346.0,346.0,2
20251224  12:35,346.0,346.0,345.9,345.9,5
20251224  12:36,345.65,345.7,345.65,345.7,6
20251224  12:37,345.75,345.8,345.75,345.8,4
20251224  12:38,345.85,345.85,345.6,345.65,8
20251224  12:39,345.6,345.6,345.6,345.6,6
20251224  12:40,345.65,345.7,345.45,345.45,7
20251224  12:41,345.45,345.45,345.45,345.45,0
20251224  12:42,345.55,345.6,345.55,345.55,4
20251224  12:43,345.55,345.55,345.4,345.4,2
20251224  12:44,345.45,345.45,345.45,345.45,1
20251224  12:45,345.45,345.45,345.3,345.3,4
20251224  12:46,345.3,345.3,345.3,345.3,2
20251224  12:47,345.25,345.25,345.05,345.05,8
20251224  12:48,345.1,345.15,344.9,344.95,31
20251224  12:49,344.95,344.95,344.95,344.95,8
20251224  12:50,345.1,345.1,345.1,345.1,1
20251224  12:51,345.15,345.15,345.15,345.15,2
20251224  12:52,345.35,345.65,345.35,345.5,8
20251224  12:53,345.7,345.75,345.7,345.75,2
20251224  12:54,345.9,346.15,345.75,345.8,9
20251224  12:55,346.0,346.0,345.95,345.95,3
20251224  12:56,345.9,346.15,345.9,346.15,5
20251224  12:57,346.05,346.05,346.05,346.05,3
20251224  12:58,345.8,345.85,345.8,345.85,2
20251224  12:59,345.65,345.65,345.65,345.65,1
20251224  13:00,345.65,345.65,345.65,345.65,0
20251224  13:01,345.65,345.65,345.65,345.65,1
20251224  13:02,345.65,345.65,345.3,345.45,14
20251224  13:03,345.45,345.45,345.45,345.45,0
20251224  13:04,345.55,345.6,345.55,345.6,3
20251224  13:05,345.75,345.8,345.75,345.8,2
20251224  13:06,345.95,345.95,345.95,345.95,1
20251224  13:07,345.95,346.25,345.95,346.25,4
20251224  13:08,346.2,346.3,346.2,346.3,5
20251224  13:09,346.45,346.45,346.4,346.4,2
20251224  13:10,346.4,346.4,346.4,346.4,0
20251224  13:11,346.4,346.4,346.4,346.4,0
20251224  13:12,346.4,346.4,346.4,346.4,0
20251224  13:13,346.4,346.4,346.4,346.4,0
20251224  13:14,346.4,346.4,346.4,346.4,0
20251224  13:15,346.15,346.15,346.15,346.15,1
20251224  13:16,346.2,346.2,346.2,346.2,1
20251224  13:17,346.15,346.15,346.15,346.15,1
20251224  13:18,346.0,346.15,345.85,345.85,5
20251224  13:19,345.7,345.7,345.55,345.7,11
20251224  13:20,345.8,345.8,345.8,345.8,1
20251224  13:21,345.75,345.75,345.75,345.75,2
20251224  13:22,345.75,345.75,345.75,345.75,0
20251224  13:23,345.75,345.75,345.75,345.75,0
20251224  13:24,345.75,345.75,345.75,345.75,0
20251224  13:25,346.0,346.0,346.0,346.0,2
20251224  13:26,346.0,346.0,346.0,346.0,0
20251224  13:27,346.0,346.0,346.0,346.0,0
20251224  13:28,346.0,346.0,345.9,346.0,11
20251224  13:29,346.0,346.0,345.65,345.65,8
20251224  13:30,345.55,345.6,345.45,345.6,7
20251226  13:30,345.8,346.5,344.3,344.4,87
20251229  10:15,349.5,349.5,348.05,348.2,171
20251229  10:16,348.2,348.2,347.05,347.75,47
20251229  10:17,347.8,348.15,347.8,348.0,11
20251229  10:18,348.0,348.25,347.95,348.05,18
20251229  10:19,347.95,349.2,347.95,349.05,35
20251229  10:20,349.3,349.35,348.75,349.35,39
20251229  10:21,349.25,349.95,349.25,349.65,93
20251229  10:22,349.65,350.3,349.65,350.3,44
20251229  10:23,350.05,350.45,349.95,350.45,34
20251229  10:24,350.45,351.0,350.45,350.55,21
20251229  10:25,350.55,350.55,349.8,349.8,23
20251229  10:26,349.3,349.3,349.25,349.25,3
20251229  10:27,349.3,349.5,349.15,349.3,9
20251229  10:28,349.3,349.65,349.3,349.65,11
20251229  10:29,349.55,349.55,349.4,349.5,7
20251229  10:30,349.45,349.8,349.25,349.55,15
20251229  10:31,349.45,349.45,349.35,349.35,3
20251229  10:32,349.55,349.8,349.55,349.8,9
20251229  10:33,349.85,350.1,349.5,349.55,24
20251229  10:34,349.55,349.7,349.5,349.6,47
20251229  10:35,349.45,349.45,348.8,349.2,71
20251229  10:36,349.45,349.65,349.45,349.45,10
20251229  10:37,349.4,349.4,349.4,349.4,1
20251229  10:38,349.45,349.45,349.45,349.45,2
20251229  10:39,349.45,349.45,349.45,349.45,0
20251229  10:40,349.7,349.7,349.7,349.7,1
20251229  10:41,349.65,349.65,349.65,349.65,1
20251229  10:42,349.85,349.85,349.65,349.8,5
20251229  10:43,349.9,349.95,349.9,349.95,5
20251229  10:44,349.9,349.9,349.8,349.8,4
20251229  10:45,349.65,349.7,349.55,349.55,3
20251229  10:46,349.6,349.65,349.5,349.5,6
20251229  10:47,349.5,349.5,349.35,349.4,4
20251229  10:48,349.45,349.45,349.3,349.45,4
20251229  10:49,349.55,350.15,349.55,350.15,32
20251229  10:50,350.05,350.05,349.8,349.8,17
20251229  10:51,350.05,350.1,350.0,350.0,10
20251229  10:52,349.9,350.0,349.8,350.0,7
20251229  10:53,350.05,350.25,350.05,350.25,4
20251229  10:54,350.15,350.15,349.85,349.95,11
20251229  10:55,349.95,349.95,349.95,349.95,0
20251229  10:56,349.8,349.8,349.6,349.6,5
20251229  10:57,349.6,349.8,349.6,349.8,3
20251229  10:58,349.8,349.8,349.8,349.8,0
20251229  10:59,349.7,349.7,349.7,349.7,1
20251229  11:00,349.7,349.7,349.7,349.7,0
20251229  11:01,349.4,349.4,348.9,349.1,11
20251229  11:02,349.0,349.2,349.0,349.15,5
20251229  11:03,349.45,349.5,349.45,349.5,2
20251229  11:04,349.65,350.4,349.65,350.35,89
20251229  11:05,350.4,350.4,350.2,350.35,48
20251229  11:06,350.4,350.7,350.4,350.5,14
20251229  11:07,350.5,350.5,350.4,350.4,4
20251229  11:08,350.4,350.7,350.4,350.7,6
20251229  11:09,350.65,350.9,350.25,350.6,69
20251229  11:10,350.65,350.9,350.6,350.85,11
20251229  11:11,350.75,350.75,350.6,350.6,3
20251229  11:12,350.75,350.75,350.75,350.75,3
20251229  11:13,350.85,350.85,350.35,350.35,10
20251229  11:14,350.3,350.4,350.3,350.35,3
20251229  11:15,350.4,350.55,350.4,350.5,6
20251229  11:16,350.55,350.65,350.55,350.65,2
20251229  11:17,350.7,350.75,350.6,350.6,11
20251229  11:18,350.5,350.6,350.5,350.6,5
20251229  11:19,350.55,350.55,350.5,350.5,2
20251229  11:20,350.3,350.4,350.3,350.35,8
20251229  11:21,350.4,350.4,350.4,350.4,3
20251229  11:22,350.65,351.0,350.65,350.9,10
20251229  11:23,350.8,350.8,350.6,350.75,9
20251229  11:24,350.8,351.0,350.8,351.0,27
20251229  11:25,351.15,351.15,350.85,350.85,6
20251229  11:26,350.8,350.85,350.75,350.75,4
20251229  11:27,350.6,350.6,350.6,350.6,1
20251229  11:28,350.7,351.1,350.7,350.8,13
20251229  11:29,350.75,350.85,350.65,350.65,4
20251229  11:30,350.6,350.65,350.25,350.65,30
20251229  11:31,350.6,350.6,350.1,350.2,17
20251229  11:32,350.3,350.45,350.25,350.25,3
20251229  11:33,350.15,350.15,350.1,350.1,3
20251229  11:34,350.05,350.15,350.0,350.0,13
20251229  11:35,349.95,350.3,349.9,350.3,15
20251229  11:36,350.8,350.85,350.7,350.8,16
20251229  11:37,350.8,350.9,350.55,350.65,9
20251229  11:38,350.65,350.75,350.65,350.7,5
20251229  11:39,350.7,350.7,350.7,350.7,0
20251229  11:40,350.55,350.6,350.45,350.45,4
20251229  11:41,350.35,350.35,350.25,350.25,7
20251229  11:42,350.2,350.5,350.2,350.25,9
20251229  11:43,350.25,350.25,350.25,350.25,0
20251229  11:44,350.2,350.25,350.2,350.25,2
20251229  11:45,350.15,350.2,350.15,350.2,5
20251229  11:46,350.1,350.15,349.85,349.9,15
20251229  11:47,349.8,349.8,349.6,349.6,3
20251229  11:48,349.6,349.9,349.6,349.9,4
20251229  11:49,349.8,350.15,349.8,350.0,8
20251229  11:50,350.05,350.05,349.95,349.95,6
20251229  11:51,349.95,349.95,349.95,349.95,0
20251229  11:52,349.8,349.8,349.7,349.7,2
20251229  11:53,349.75,349.75,349.75,349.75,1
20251229  11:54,349.75,349.75,349.75,349.75,0
20251229  11:55,349.95,349.95,349.8,349.9,3
20251229  11:56,349.85,349.9,349.8,349.8,9
20251229  11:57,349.95,349.95,349.95,349.95,1
20251229  11:58,350.2,350.2,350.2,350.2,1
20251229  11:59,350.05,350.05,350.05,350.05,3
20251229  12:00,350.05,350.05,350.05,350.05,0
20251229  12:01,349.65,349.65,349.65,349.65,1
20251229  12:02,349.6,349.6,349.2,349.2,7
20251229  12:03,349.1,349.1,348.7,348.7,17
20251229  12:04,348.85,348.85,348.85,348.85,4
20251229  12:05,348.75,348.9,348.65,348.7,17
20251229  12:06,348.75,348.75,348.55,348.55,5
20251229  12:07,348.65,348.65,348.55,348.55,10
20251229  12:08,348.45,348.65,348.25,348.55,32
20251229  12:09,348.45,348.45,348.25,348.25,16
20251229  12:10,348.35,348.35,348.35,348.35,3
20251229  12:11,348.25,348.3,348.25,348.3,4
20251229  12:12,348.4,348.4,348.05,348.05,10
20251229  12:13,348.35,348.4,348.3,348.35,16
20251229  12:14,348.3,348.3,348.3,348.3,2
20251229  12:15,348.3,348.3,348.3,348.3,0
20251229  12:16,348.25,348.25,348.15,348.15,8
20251229  12:17,348.05,348.15,347.95,348.05,29
20251229  12:18,348.1,348.15,348.1,348.15,3
20251229  12:19,348.2,348.6,348.2,348.5,16
20251229  12:20,348.55,348.9,348.55,348.75,15
20251229  12:21,349.05,349.35,349.05,349.2,10
20251229  12:22,349.3,349.3,349.0,349.0,3
20251229  12:23,348.9,349.2,348.9,349.2,6
20251229  12:24,349.1,349.1,348.95,349.05,5
20251229  12:25,349.15,349.15,349.15,349.15,1
20251229  12:26,349.0,349.0,349.0,349.0,2
20251229  12:27,348.9,348.9,348.7,348.7,2
20251229  12:28,348.8,348.9,348.75,348.9,3
20251229  12:29,348.9,348.9,348.9,348.9,0
20251229  12:30,348.85,348.85,348.7,348.7,5
20251229  12:31,348.85,348.85,348.85,348.85,1
20251229  12:32,349.0,349.0,349.0,349.0,1
20251229  12:33,349.0,349.0,349.0,349.0,0
20251229  12:34,348.85,349.0,348.85,349.0,3
20251229  12:35,349.05,349.05,348.95,348.95,6
20251229  12:36,348.95,348.95,348.95,348.95,1
20251229  12:37,348.95,348.95,348.95,348.95,1
20251229  12:38,349.15,349.15,349.15,349.15,2
20251229  12:39,349.1,349.1,349.1,349.1,2
20251229  12:40,349.1,349.1,349.1,349.1,0
20251229  12:41,349.1,349.1,349.1,349.1,0
20251229  12:42,349.1,349.1,349.1,349.1,0
20251229  12:43,349.1,349.1,349.1,349.1,0
20251229  12:44,349.25,349.35,349.25,349.35,2
20251229  12:45,349.45,349.45,349.4,349.45,4
20251229  12:46,349.7,349.7,349.7,349.7,5
20251229  12:47,349.7,349.7,349.7,349.7,0
20251229  12:48,349.55,349.55,349.4,349.5,5
20251229  12:49,349.7,349.7,349.7,349.7,1
20251229  12:50,349.7,349.7,349.7,349.7,0
20251229  12:51,349.7,349.7,349.7,349.7,0
20251229  12:52,349.45,349.6,349.45,349.6,3
20251229  12:53,349.6,349.6,349.6,349.6,0
20251229  12:54,349.65,349.8,349.6,349.8,9
20251229  12:55,349.9,350.1,349.75,349.8,23
20251229  12:56,349.75,349.75,349.45,349.5,11
20251229  12:57,349.5,349.5,349.5,349.5,2
20251229  12:58,349.55,349.55,349.55,349.55,2
20251229  12:59,349.55,349.55,349.55,349.55,0
20251229  13:00,349.5,349.5,349.3,349.3,3
20251229  13:01,349.2,349.2,349.2,349.2,5
20251229  13:02,349.1,349.1,349.0,349.0,3
20251229  13:03,348.95,348.95,348.95,348.95,1
20251229  13:04,349.0,349.1,349.0,349.05,4
20251229  13:05,349.0,349.0,348.95,349.0,5
20251229  13:06,349.0,349.0,349.0,349.0,0
20251229  13:07,349.15,349.25,349.15,349.25,2
20251229  13:08,349.25,349.3,349.05,349.1,8
20251229  13:09,349.1,349.1,349.0,349.0,3
20251229  13:10,349.0,349.0,349.0,349.0,0
20251229  13:11,349.05,349.1,349.0,349.0,5
20251229  13:12,349.05,349.1,349.05,349.1,2
20251229  13:13,349.05,349.05,349.05,349.05,1
20251229  13:14,349.05,349.05,349.05,349.05,0
20251229  13:15,349.0,349.0,349.0,349.0,1
20251229  13:16,348.85,348.9,348.75,348.9,9
20251229  13:17,348.85,348.85,348.6,348.7,12
20251229  13:18,348.7,348.7,348.7,348.7,1
20251229  13:19,348.65,349.65,348.6,348.95,20
20251229  13:20,348.85,349.6,348.8,349.6,30
20251229  13:21,349.7,350.5,349.7,350.3,36
20251229  13:22,350.5,350.6,349.95,349.95,26
20251229  13:23,349.95,349.95,349.75,349.75,6
20251229  13:24,349.65,349.65,349.65,349.65,1
20251229  13:25,349.5,349.65,349.5,349.65,2
20251229  13:26,349.7,349.8,349.7,349.75,3
20251229  13:27,349.8,349.8,349.75,349.75,3
20251229  13:28,349.6,349.6,349.55,349.55,3
20251229  13:29,349.85,349.85,349.65,349.65,3
20251229  13:30,349.6,349.6,349.6,349.6,1
20251230  10:15,350.55,350.7,350.05,350.65,72
20251230  10:16,350.75,350.85,350.25,350.5,21
20251230  10:17,350.8,351.1,350.75,350.9,18
20251230  10:18,351.05,351.3,351.0,351.3,7
20251230  10:19,351.45,351.85,351.45,351.65,13
20251230  10:20,351.5,351.5,351.3,351.3,3
20251230  10:21,351.35,351.75,351.25,351.75,12
20251230  10:22,351.75,351.75,351.45,351.5,8
20251230  10:23,351.55,351.65,351.5,351.65,4
20251230  10:24,351.75,352.15,351.75,351.95,42
20251230  10:25,351.8,351.8,351.75,351.75,3
20251230  10:26,351.75,351.75,351.75,351.75,1
20251230  10:27,351.85,351.85,351.85,351.85,1
20251230  10:28,351.7,351.7,351.7,351.7,2
20251230  10:29,351.85,351.95,351.85,351.95,2
20251230  10:30,352.05,352.4,352.05,352.4,14
20251230  10:31,352.45,352.75,352.4,352.6,16
20251230  10:32,352.45,352.5,352.45,352.5,3
20251230  10:33,352.4,352.4,352.4,352.4,1
20251230  10:34,352.35,352.4,352.25,352.4,5
20251230  10:35,352.3,352.3,352.25,352.25,2
20251230  10:36,352.45,352.45,352.35,352.35,2
20251230  10:37,352.35,352.35,352.35,352.35,0
20251230  10:38,352.5,352.7,352.45,352.7,12
20251230  10:39,352.85,352.85,352.6,352.6,19
20251230  10:40,352.4,352.4,352.3,352.3,2
20251230  10:41,352.3,352.3,352.3,352.3,0
20251230  10:42,352.3,352.3,352.25,352.25,11
20251230  10:43,352.2,352.25,352.2,352.25,4
20251230  10:44,352.2,352.2,352.2,352.2,1
20251230  10:45,352.25,352.25,352.25,352.25,1
20251230  10:46,352.25,352.85,352.25,352.8,22
20251230  10:47,352.9,353.05,352.9,353.0,14
20251230  10:48,353.0,353.0,353.0,353.0,0
20251230  10:49,352.85,352.85,352.8,352.8,2
20251230  10:50,352.8,352.8,352.8,352.8,0
20251230  10:51,352.65,352.65,352.55,352.55,2
20251230  10:52,352.8,352.8,352.65,352.65,2
20251230  10:53,352.35,352.35,352.35,352.35,1
20251230  10:54,352.15,352.15,352.15,352.15,2
20251230  10:55,352.25,352.25,352.1,352.1,4
20251230  10:56,352.1,353.0,352.1,352.75,40
20251230  10:57,352.9,353.05,352.75,352.75,9
20251230  10:58,353.0,353.2,353.0,353.2,6
20251230  10:59,353.2,353.35,353.2,353.35,16
20251230  11:00,353.1,353.2,353.05,353.05,4
20251230  11:01,353.0,353.0,352.6,352.75,15
20251230  11:02,352.7,353.2,352.7,353.05,29
20251230  11:03,353.0,353.0,353.0,353.0,2
20251230  11:04,353.0,353.0,353.0,353.0,0
20251230  11:05,353.05,353.05,353.05,353.05,2
20251230  11:06,353.0,353.05,353.0,353.05,6
20251230  11:07,353.3,353.3,353.2,353.25,3
20251230  11:08,353.25,353.25,353.25,353.25,0
20251230  11:09,353.05,354.0,353.05,353.7,77
20251230  11:10,353.75,354.45,353.75,354.35,46
20251230  11:11,354.2,354.2,354.2,354.2,1
20251230  11:12,353.95,353.95,353.45,353.5,35
20251230  11:13,353.5,353.5,353.35,353.35,5
20251230  11:14,353.25,353.4,353.25,353.4,10
20251230  11:15,353.25,353.4,353.25,353.4,4
20251230  11:16,353.4,353.4,353.35,353.35,6
20251230  11:17,353.35,353.35,353.35,353.35,0
20251230  11:18,353.2,353.8,353.2,353.8,16
20251230  11:19,353.9,354.0,353.7,353.9,14
20251230  11:20,353.9,354.0,353.9,353.9,12
20251230  11:21,353.9,353.9,353.9,353.9,1
20251230  11:22,354.05,354.1,354.0,354.1,5
20251230  11:23,354.1,354.25,354.0,354.25,15
20251230  11:24,354.1,354.15,354.1,354.15,2
20251230  11:25,354.15,354.15,354.15,354.15,0
20251230  11:26,354.15,354.15,354.1,354.1,5
20251230  11:27,354.1,354.35,354.05,354.35,7
20251230  11:28,354.2,354.2,354.2,354.2,2
20251230  11:29,354.05,354.05,353.7,353.7,4
20251230  11:30,353.85,353.85,353.8,353.8,4
20251230  11:31,353.95,354.0,353.95,354.0,2
20251230  11:32,354.0,354.0,354.0,354.0,0
20251230  11:33,354.0,354.0,354.0,354.0,0
20251230  11:34,354.1,354.1,354.05,354.05,2
20251230  11:35,354.05,354.05,354.05,354.05,5
20251230  11:36,354.05,354.05,354.05,354.05,0
20251230  11:37,354.2,354.25,354.2,354.2,6
20251230  11:38,354.15,354.15,353.9,354.0,17
20251230  11:39,354.15,354.25,354.15,354.25,7
20251230  11:40,354.4,355.6,354.4,355.5,150
20251230  11:41,355.5,355.6,355.35,355.35,46
20251230  11:42,355.4,355.4,355.25,355.25,4
20251230  11:43,355.5,355.7,355.5,355.7,8
20251230  11:44,355.65,355.65,355.6,355.6,2
20251230  11:45,355.45,355.45,355.1,355.1,14
20251230  11:46,355.2,355.2,355.2,355.2,2
20251230  11:47,355.2,355.2,354.7,355.15,14
20251230  11:48,355.2,355.2,354.55,354.9,16
20251230  11:49,354.95,354.95,354.95,354.95,1
20251230  11:50,355.1,355.1,354.8,355.1,14
20251230  11:51,355.0,355.0,354.9,354.9,7
20251230  11:52,354.65,354.65,354.65,354.65,2
20251230  11:53,355.0,355.25,354.95,355.15,14
20251230  11:54,355.3,355.3,355.1,355.1,3
20251230  11:55,355.0,355.0,354.8,355.0,8
20251230  11:56,354.95,354.95,354.95,354.95,2
20251230  11:57,355.0,355.05,355.0,355.05,3
20251230  11:58,355.3,355.3,355.2,355.2,4
20251230  11:59,355.1,355.15,354.95,354.95,20
20251230  12:00,354.95,354.95,354.95,354.95,0
20251230  12:01,355.3,355.65,355.3,355.65,18
20251230  12:02,355.6,355.6,355.4,355.4,10
20251230  12:03,355.3,355.35,355.1,355.1,7
20251230  12:04,355.1,355.15,355.0,355.0,8
20251230  12:05,354.95,354.95,354.9,354.95,12
20251230  12:06,354.95,354.95,354.95,354.95,0
20251230  12:07,354.9,354.95,354.75,354.9,11
20251230  12:08,354.9,354.9,354.8,354.8,2
20251230  12:09,354.9,354.9,354.9,354.9,5
20251230  12:10,355.0,355.3,355.0,355.1,14
20251230  12:11,355.3,355.3,355.3,355.3,1
20251230  12:12,355.25,355.25,355.25,355.25,3
20251230  12:13,355.25,355.25,355.2,355.25,6
20251230  12:14,355.25,355.25,355.25,355.25,2
20251230  12:15,355.2,355.3,355.2,355.3,5
20251230  12:16,355.2,355.2,355.2,355.2,1
20251230  12:17,355.4,355.4,355.35,355.35,6
20251230  12:18,355.3,355.55,355.3,355.55,7
20251230  12:19,355.35,355.35,355.35,355.35,1
20251230  12:20,355.4,355.55,355.4,355.55,5
20251230  12:21,355.45,355.9,355.45,355.7,36
20251230  12:22,355.65,356.3,355.65,356.2,149
20251230  12:23,356.1,356.4,356.0,356.1,41
20251230  12:24,356.1,356.25,356.1,356.25,16
20251230  12:25,356.25,356.4,356.15,356.4,14
20251230  12:26,356.3,356.3,355.95,355.95,25
20251230  12:27,356.0,356.65,356.0,356.35,40
20251230  12:28,356.45,356.5,356.45,356.45,8
20251230  12:29,356.45,356.45,356.3,356.3,11
20251230  12:30,356.3,356.3,356.3,356.3,0
20251230  12:31,356.55,356.65,356.55,356.65,6
20251230  12:32,356.65,357.15,356.6,356.95,54
20251230  12:33,357.0,357.35,357.0,357.3,22
20251230  12:34,357.3,357.6,357.2,357.3,81
20251230  12:35,357.45,357.45,357.05,357.05,15
20251230  12:36,357.2,357.25,356.95,357.25,16
20251230  12:37,357.25,357.3,357.25,357.3,10
20251230  12:38,357.25,357.25,357.15,357.15,3
20251230  12:39,357.15,357.2,357.1,357.1,4
20251230  12:40,357.0,357.45,357.0,357.3,16
20251230  12:41,357.3,357.3,357.3,357.3,0
20251230  12:42,357.2,357.5,357.2,357.5,15
20251230  12:43,357.65,357.65,357.0,357.0,41
20251230  12:44,357.05,357.05,356.85,356.85,20
20251230  12:45,356.8,356.8,356.6,356.7,10
20251230  12:46,356.75,356.9,356.65,356.65,24
20251230  12:47,356.65,356.65,356.55,356.65,10
20251230  12:48,356.9,356.9,356.65,356.75,14
20251230  12:49,356.85,356.85,356.85,356.85,1
20251230  12:50,356.7,356.95,356.7,356.95,3
20251230  12:51,356.9,356.9,356.9,356.9,3
20251230  12:52,356.75,356.95,356.75,356.95,3
20251230  12:53,357.15,357.15,357.1,357.1,4
20251230  12:54,357.25,357.25,357.25,357.25,2
20251230  12:55,357.15,357.15,357.15,357.15,1
20251230  12:56,357.35,357.35,357.35,357.35,5
20251230  12:57,357.3,357.45,357.25,357.4,9
20251230  12:58,357.5,357.55,357.45,357.45,18
20251230  12:59,357.5,357.65,357.5,357.5,20
20251230  13:00,357.35,357.35,357.25,357.25,2
20251230  13:01,357.35,357.35,357.15,357.3,7
20251230  13:02,357.3,357.55,357.15,357.55,12
20251230  13:03,357.65,357.65,357.55,357.65,9
20251230  13:04,357.5,357.9,357.45,357.45,42
20251230  13:05,357.45,357.45,357.15,357.2,26
20251230  13:06,356.9,357.1,356.9,356.95,10
20251230  13:07,357.15,357.15,357.15,357.15,1
20251230  13:08,357.25,357.25,357.25,357.25,2
20251230  13:09,357.45,357.6,357.45,357.6,23
20251230  13:10,357.7,358.4,357.65,357.85,124
20251230  13:11,357.85,358.0,357.75,358.0,22
20251230  13:12,358.0,358.1,357.8,357.95,30
20251230  13:13,357.9,357.9,357.75,357.75,5
20251230  13:14,358.0,358.0,357.95,357.95,6
20251230  13:15,358.15,358.35,358.1,358.1,29
20251230  13:16,358.35,358.35,358.35,358.35,1
20251230  13:17,358.3,358.65,358.3,358.35,77
20251230  13:18,358.35,358.35,358.15,358.2,8
20251230  13:19,358.35,358.55,358.2,358.35,10
20251230  13:20,358.4,358.4,358.25,358.25,5
20251230  13:21,358.25,358.35,358.0,358.15,7
20251230  13:22,358.35,358.35,357.9,358.05,8
20251230  13:23,358.2,358.2,358.0,358.05,7
20251230  13:24,358.1,358.3,358.1,358.3,4
20251230  13:25,358.3,358.5,358.3,358.5,8
20251230  13:26,358.5,358.65,358.25,358.25,37
20251230  13:27,358.35,358.4,358.05,358.2,13
20251230  13:28,358.1,358.15,357.95,358.0,24
20251230  13:29,358.0,358.05,357.8,358.05,14
20251230  13:30,358.15,358.25,357.9,358.25,18
20251231  10:15,349.5,350.7,349.05,350.35,105
20251231  10:16,350.3,350.7,350.2,350.4,16
20251231  10:17,350.5,350.55,349.65,349.9,26
20251231  10:18,349.65,349.8,349.2,349.8,17
20251231  10:19,349.85,349.85,349.65,349.65,5
20251231  10:20,349.6,349.6,349.55,349.55,2
20251231  10:21,349.55,349.95,349.55,349.8,14
20251231  10:22,350.0,350.0,349.75,349.8,8
20251231  10:23,349.55,349.55,349.55,349.55,1
20251231  10:24,349.75,349.75,349.7,349.7,2
20251231  10:25,349.55,349.8,349.55,349.55,10
20251231  10:26,349.7,350.1,349.7,350.1,5
20251231  10:27,350.1,350.1,349.8,350.0,10
20251231  10:28,349.8,349.8,349.8,349.8,2
20251231  10:29,349.55,349.85,349.55,349.85,5
20251231  10:30,349.6,349.85,349.55,349.8,7
20251231  10:31,349.95,350.1,349.95,350.1,6
20251231  10:32,350.2,350.2,350.1,350.1,6
20251231  10:33,350.2,350.25,350.1,350.25,6
20251231  10:34,350.4,350.45,350.4,350.45,6
20251231  10:35,350.55,350.55,350.35,350.35,5
20251231  10:36,350.45,350.5,350.2,350.2,8
20251231  10:37,350.3,350.3,350.3,350.3,1
20251231  10:38,350.2,350.2,349.95,349.95,7
20251231  10:39,350.2,350.2,350.2,350.2,1
20251231  10:40,350.05,350.05,350.05,350.05,2
20251231  10:41,350.1,350.1,349.8,349.8,8
20251231  10:42,349.9,349.9,349.8,349.8,3
20251231  10:43,349.8,350.1,349.8,350.05,4
20251231  10:44,350.05,350.05,350.05,350.05,0
20251231  10:45,350.2,350.2,350.05,350.2,7
20251231  10:46,350.1,350.1,350.05,350.05,2
20251231  10:47,350.0,350.0,349.85,349.85,4
20251231  10:48,349.7,349.75,349.7,349.75,3
20251231  10:49,349.6,349.75,349.55,349.75,16
20251231  10:50,349.9,349.9,349.75,349.85,8
20251231  10:51,349.85,349.85,349.85,349.85,0
20251231  10:52,349.85,349.9,349.85,349.9,3
20251231  10:53,349.8,349.8,349.7,349.7,2
20251231  10:54,349.55,349.55,349.25,349.3,18
20251231  10:55,349.35,349.4,349.25,349.4,4
20251231  10:56,349.25,349.45,349.25,349.3,6
20251231  10:57,349.3,349.3,348.75,348.9,26
20251231  10:58,348.7,348.9,348.6,348.85,13
20251231  10:59,348.85,348.85,348.45,348.45,6
20251231  11:00,348.45,348.65,348.3,348.65,15
20251231  11:01,348.7,348.75,348.7,348.75,2
20251231  11:02,348.85,348.9,348.75,348.8,8
20251231  11:03,348.75,348.75,348.75,348.75,2
20251231  11:04,348.75,348.75,348.75,348.75,0
20251231  11:05,348.75,348.75,348.75,348.75,1
20251231  11:06,348.8,348.85,348.8,348.8,3
20251231  11:07,348.8,348.8,348.8,348.8,0
20251231  11:08,348.75,348.75,348.75,348.75,2
20251231  11:09,349.0,349.25,349.0,349.25,10
20251231  11:10,349.2,349.2,349.2,349.2,1
20251231  11:11,349.2,349.2,349.2,349.2,0
20251231  11:12,349.25,349.45,349.2,349.45,10
20251231  11:13,349.4,349.4,349.3,349.3,5
20251231  11:14,349.35,349.35,349.25,349.3,4
20251231  11:15,349.25,349.25,349.1,349.1,6
20251231  11:16,349.1,349.1,349.1,349.1,0
20251231  11:17,349.3,349.3,349.3,349.3,2
20251231  11:18,349.3,349.3,349.3,349.3,0
20251231  11:19,349.35,349.45,349.35,349.45,3
20251231  11:20,349.35,349.35,349.15,349.15,4
20251231  11:21,349.3,349.3,349.3,349.3,1
20251231  11:22,349.3,349.3,349.3,349.3,0
20251231  11:23,349.3,349.3,349.3,349.3,0
20251231  11:24,349.3,349.3,349.3,349.3,0
20251231  11:25,349.45,349.5,349.45,349.5,7
20251231  11:26,349.3,350.15,349.3,350.15,13
20251231  11:27,349.85,349.9,349.75,349.85,7
20251231  11:28,350.05,350.15,350.05,350.05,3
20251231  11:29,350.05,350.05,350.05,350.05,0
20251231  11:30,349.8,349.85,349.8,349.85,4
20251231  11:31,349.95,350.2,349.95,350.05,14
20251231  11:32,349.75,349.75,349.65,349.65,3
20251231  11:33,349.8,349.85,349.8,349.85,3
20251231  11:34,349.85,349.85,349.85,349.85,0
20251231  11:35,350.1,350.15,350.05,350.1,5
20251231  11:36,350.1,350.35,350.1,350.35,3
20251231  11:37,350.5,350.65,350.3,350.3,8
20251231  11:38,350.45,350.5,350.35,350.35,4
20251231  11:39,350.35,350.35,350.35,350.35,0
20251231  11:40,350.4,350.4,350.4,350.4,8
20251231  11:41,350.4,350.4,350.3,350.3,3
20251231  11:42,350.15,350.15,350.05,350.05,4
20251231  11:43,350.0,350.0,349.95,349.95,10
20251231  11:44,350.05,350.05,349.9,349.9,3
20251231  11:45,349.85,349.85,349.8,349.85,3
20251231  11:46,349.85,349.85,349.85,349.85,0
20251231  11:47,349.85,349.85,349.85,349.85,0
20251231  11:48,349.85,349.95,349.85,349.95,6
20251231  11:49,350.1,350.1,350.0,350.05,4
20251231  11:50,350.1,350.4,350.05,350.2,14
20251231  11:51,350.15,350.15,350.15,350.15,1
20251231  11:52,349.95,350.0,349.8,349.9,15
20251231  11:53,349.9,349.9,349.9,349.9,2
20251231  11:54,349.85,349.85,349.8,349.8,3
20251231  11:55,349.8,349.8,349.8,349.8,0
20251231  11:56,349.8,349.8,349.8,349.8,0
20251231  11:57,349.65,349.65,349.65,349.65,1
20251231  11:58,349.65,349.75,349.65,349.7,4
20251231  11:59,349.7,349.7,349.7,349.7,1
20251231  12:00,349.7,349.7,349.3,349.3,5
20251231  12:01,349.25,349.25,349.2,349.2,2
20251231  12:02,349.35,349.35,349.2,349.2,6
20251231  12:03,349.05,349.15,349.05,349.15,8
20251231  12:04,349.15,349.15,349.15,349.15,0
20251231  12:05,349.8,349.9,349.8,349.9,2
20251231  12:06,349.85,349.85,349.85,349.85,2
20251231  12:07,349.7,349.7,349.55,349.55,2
20251231  12:08,349.55,349.55,349.55,349.55,0
20251231  12:09,349.55,349.55,349.55,349.55,0
20251231  12:10,349.7,349.7,349.7,349.7,1
20251231  12:11,349.7,349.7,349.7,349.7,0
20251231  12:12,349.7,349.7,349.7,349.7,0
20251231  12:13,349.7,349.7,349.7,349.7,0
20251231  12:14,350.0,350.2,350.0,350.05,14
20251231  12:15,350.25,350.4,350.2,350.25,8
20251231  12:16,350.25,350.25,350.25,350.25,0
20251231  12:17,350.2,350.2,350.2,350.2,1
20251231  12:18,350.1,350.2,350.1,350.2,7
20251231  12:19,350.2,350.2,350.2,350.2,0
20251231  12:20,350.3,350.3,350.2,350.2,3
20251231  12:21,350.2,350.2,350.2,350.2,0
20251231  12:22,350.2,350.2,350.2,350.2,0
20251231  12:23,350.45,350.6,350.45,350.55,4
20251231  12:24,350.45,350.45,350.4,350.4,2
20251231  12:25,350.4,350.4,350.4,350.4,0
20251231  12:26,350.45,350.45,350.45,350.45,1
20251231  12:27,350.6,350.6,350.6,350.6,6
20251231  12:28,350.6,350.6,350.15,350.3,15
20251231  12:29,350.35,350.6,350.35,350.35,9
20251231  12:30,350.35,350.35,350.2,350.2,3
20251231  12:31,350.2,350.2,350.2,350.2,0
20251231  12:32,350.5,350.5,350.45,350.45,2
20251231  12:33,350.45,350.65,350.25,350.65,9
20251231  12:34,350.6,350.6,350.6,350.6,1
20251231  12:35,350.5,350.7,350.5,350.55,14
20251231  12:36,350.7,350.7,350.5,350.5,13
20251231  12:37,350.3,350.3,350.25,350.25,3
20251231  12:38,350.25,350.25,350.25,350.25,1
20251231  12:39,350.2,350.35,350.2,350.3,13
20251231  12:40,350.45,350.45,350.45,350.45,2
20251231  12:41,350.45,350.45,350.45,350.45,0
20251231  12:42,350.5,350.6,350.3,350.4,15
20251231  12:43,350.4,350.4,350.4,350.4,0
20251231  12:44,350.4,350.4,350.4,350.4,0
20251231  12:45,350.3,350.45,350.3,350.45,2
20251231  12:46,350.35,350.35,350.35,350.35,1
20251231  12:47,350.35,350.35,350.35,350.35,0
20251231  12:48,350.4,350.4,350.35,350.35,2
20251231  12:49,350.35,350.35,350.35,350.35,0
20251231  12:50,350.4,350.4,350.4,350.4,1
20251231  12:51,350.3,350.3,350.3,350.3,2
20251231  12:52,350.3,350.3,350.3,350.3,1
20251231  12:53,350.3,350.3,350.3,350.3,0
20251231  12:54,350.3,350.3,350.3,350.3,0
20251231  12:55,350.3,350.3,350.3,350.3,0
20251231  12:56,350.35,350.35,350.35,350.35,1
20251231  12:57,350.45,350.9,350.45,350.9,22
20251231  12:58,350.9,350.9,350.9,350.9,0
20251231  12:59,350.9,350.9,350.9,350.9,0
20251231  13:00,350.65,350.65,350.45,350.5,3
20251231  13:01,350.5,350.5,350.5,350.5,1
20251231  13:02,350.35,350.35,350.35,350.35,1
20251231  13:03,350.4,350.4,350.4,350.4,1
20251231  13:04,350.4,350.4,350.4,350.4,2
20251231  13:05,350.4,350.4,350.4,350.4,1
20251231  13:06,350.4,350.4,350.4,350.4,0
20251231  13:07,350.15,350.15,350.1,350.1,2
20251231  13:08,350.2,350.2,350.2,350.2,1
20251231  13:09,350.45,350.45,350.45,350.45,2
20251231  13:10,350.55,350.6,350.55,350.6,2
20251231  13:11,350.55,350.55,350.4,350.4,4
20251231  13:12,350.55,350.55,350.55,350.55,1
20251231  13:13,350.55,350.55,350.55,350.55,0
20251231  13:14,350.55,350.55,350.55,350.55,2
20251231  13:15,350.55,350.55,350.55,350.55,0
20251231  13:16,350.65,350.65,350.65,350.65,3
20251231  13:17,350.75,350.75,350.7,350.7,3
20251231  13:18,350.55,350.55,350.3,350.4,6
20251231  13:19,350.4,350.4,350.4,350.4,0
20251231  13:20,350.55,350.55,350.55,350.55,2
20251231  13:21,350.55,350.55,350.55,350.55,0
20251231  13:22,350.55,350.55,350.55,350.55,0
20251231  13:23,350.55,350.55,350.55,350.55,0
20251231  13:24,350.6,350.6,350.6,350.6,1
20251231  13:25,350.55,350.55,350.55,350.55,1
20251231  13:26,350.7,350.8,350.65,350.8,6
20251231  13:27,350.95,351.05,350.8,351.0,22
20251231  13:28,350.95,350.95,350.8,350.8,5
20251231  13:29,350.65,350.65,350.5,350.5,5
20251231  13:30,350.65,350.65,350.65,350.65,1
20260102  10:15,348.4,350.25,348.2,350.25,80
20260102  10:16,350.2,350.45,349.0,349.2,39
20260102  10:17,349.5,349.5,348.55,348.9,27
20260102  10:18,348.9,349.25,348.85,349.0,10
20260102  10:19,349.1,349.3,348.6,348.6,11
20260102  10:20,348.55,348.75,348.35,348.5,13
20260102  10:21,348.55,349.25,348.55,349.25,13
20260102  10:22,349.3,349.3,349.05,349.15,6
20260102  10:23,349.1,349.5,349.1,349.5,6
20260102  10:24,349.5,349.5,349.5,349.5,0
20260102  10:25,349.45,349.75,349.45,349.75,8
20260102  10:26,349.6,349.6,349.25,349.25,7
20260102  10:27,349.65,349.75,349.3,349.55,17
20260102  10:28,349.4,349.4,349.2,349.2,2
20260102  10:29,349.2,349.25,349.2,349.2,3
20260102  10:30,348.95,349.1,348.95,349.1,2
20260102  10:31,349.0,349.0,348.7,348.7,10
20260102  10:32,348.8,348.95,348.8,348.95,3
20260102  10:33,349.0,349.0,348.85,348.85,2
20260102  10:34,348.75,348.75,348.6,348.75,4
20260102  10:35,348.55,348.85,348.55,348.65,16
20260102  10:36,348.55,348.9,348.55,348.9,8
20260102  10:37,348.7,348.7,348.65,348.65,2
20260102  10:38,348.85,348.9,348.85,348.9,2
20260102  10:39,348.95,348.95,348.95,348.95,2
20260102  10:40,348.9,348.9,348.9,348.9,1
20260102  10:41,348.95,348.95,348.7,348.7,3
20260102  10:42,348.6,348.6,348.6,348.6,2
20260102  10:43,348.85,348.85,348.8,348.8,5
20260102  10:44,348.8,348.8,348.8,348.8,0
20260102  10:45,348.8,348.8,348.8,348.8,3
20260102  10:46,348.8,348.8,348.8,348.8,0
20260102  10:47,348.6,348.6,348.55,348.55,7
20260102  10:48,348.65,348.65,348.2,348.2,17
20260102  10:49,348.05,348.2,345.2,346.05,310
20260102  10:50,346.1,346.2,345.8,345.9,7
20260102  10:51,345.8,346.05,345.7,345.7,15
20260102  10:52,345.95,345.95,345.95,345.95,2
20260102  10:53,345.5,345.5,345.2,345.25,16
20260102  10:54,345.45,345.65,345.45,345.6,11
20260102  10:55,345.55,345.55,345.55,345.55,5
20260102  10:56,345.5,345.6,345.3,345.3,7
20260102  10:57,345.4,345.5,345.2,345.45,19
20260102  10:58,345.75,345.75,345.5,345.65,6
20260102  10:59,345.65,345.65,345.55,345.55,5
20260102  11:00,345.5,346.15,345.5,346.15,30
20260102  11:01,346.1,346.1,346.1,346.1,3
20260102  11:02,345.95,346.25,345.9,346.25,17
20260102  11:03,346.2,346.2,346.2,346.2,2
20260102  11:04,346.15,346.15,346.05,346.05,6
20260102  11:05,346.05,346.15,346.05,346.15,3
20260102  11:06,346.2,346.3,346.0,346.1,10
20260102  11:07,346.1,346.4,346.1,346.4,21
20260102  11:08,346.4,346.55,346.4,346.45,12
20260102  11:09,346.45,346.45,346.45,346.45,0
20260102  11:10,346.4,346.5,346.4,346.5,3
20260102  11:11,346.4,346.45,346.35,346.45,8
20260102  11:12,346.35,346.4,346.35,346.4,3
20260102  11:13,346.5,346.55,346.45,346.55,3
20260102  11:14,346.3,346.35,346.25,346.35,5
20260102  11:15,346.25,346.25,346.25,346.25,11
20260102  11:16,346.25,346.35,346.25,346.35,5
20260102  11:17,346.35,346.35,346.35,346.35,0
20260102  11:18,346.45,346.5,346.3,346.3,12
20260102  11:19,346.25,346.35,346.25,346.3,5
20260102  11:20,346.25,346.3,346.25,346.25,40
20260102  11:21,346.25,346.3,346.1,346.3,10
20260102  11:22,346.4,346.4,346.4,346.4,1
20260102  11:23,346.7,346.75,346.7,346.7,3
20260102  11:24,346.6,346.85,346.6,346.85,11
20260102  11:25,346.8,346.85,346.8,346.85,3
20260102  11:26,346.75,346.75,346.75,346.75,1
20260102  11:27,346.7,346.85,346.7,346.85,6
20260102  11:28,346.95,347.0,346.95,347.0,2
20260102  11:29,347.05,347.05,346.95,346.95,2
20260102  11:30,346.8,346.8,346.8,346.8,2
20260102  11:31,346.9,346.9,346.8,346.8,4
20260102  11:32,346.75,346.75,346.75,346.75,2
20260102  11:33,346.8,346.95,346.75,346.85,8
20260102  11:34,346.85,346.85,346.7,346.8,4
20260102  11:35,346.45,346.6,346.45,346.6,4
20260102  11:36,346.7,346.75,346.35,346.35,8
20260102  11:37,346.35,346.35,346.15,346.15,4
20260102  11:38,346.2,346.2,346.0,346.1,18
20260102  11:39,346.2,346.25,346.2,346.25,5
20260102  11:40,346.25,346.25,346.25,346.25,0
20260102  11:41,346.25,346.25,346.25,346.25,1
20260102  11:42,346.45,346.55,346.45,346.55,7
20260102  11:43,346.45,346.45,346.45,346.45,1
20260102  11:44,346.45,346.45,346.45,346.45,1
20260102  11:45,346.55,346.55,346.55,346.55,1
20260102  11:46,346.55,346.55,346.55,346.55,0
20260102  11:47,346.5,346.85,346.5,346.75,6
20260102  11:48,346.75,346.75,346.75,346.75,0
20260102  11:49,346.75,346.75,346.75,346.75,0
20260102  11:50,346.75,346.75,346.75,346.75,0
20260102  11:51,346.6,346.6,346.6,346.6,1
20260102  11:52,346.6,346.6,346.6,346.6,0
20260102  11:53,346.55,346.55,346.55,346.55,3
20260102  11:54,346.7,346.7,346.5,346.55,4
20260102  11:55,346.55,346.55,346.55,346.55,0
20260102  11:56,346.45,346.55,346.45,346.55,3
20260102  11:57,346.45,346.45,346.3,346.3,2
20260102  11:58,346.3,346.3,346.3,346.3,0
20260102  11:59,346.6,346.65,346.55,346.65,5
20260102  12:00,346.65,346.95,346.65,346.95,3
20260102  12:01,346.7,346.85,346.65,346.85,4
20260102  12:02,346.75,346.95,346.65,346.95,8
20260102  12:03,346.8,347.25,346.75,346.9,19
20260102  12:04,346.95,347.0,346.95,347.0,3
20260102  12:05,347.25,347.7,347.25,347.7,19
20260102  12:06,347.8,347.8,347.7,347.8,6
20260102  12:07,347.75,347.75,347.6,347.65,9
20260102  12:08,347.6,347.65,347.6,347.65,4
20260102  12:09,347.5,347.5,347.25,347.5,4
20260102  12:10,347.35,347.4,347.35,347.4,2
20260102  12:11,347.5,347.5,347.5,347.5,1
20260102  12:12,347.5,347.5,347.5,347.5,0
20260102  12:13,347.6,347.9,347.6,347.75,8
20260102  12:14,347.85,347.85,347.6,347.6,11
20260102  12:15,347.75,347.75,347.6,347.6,3
20260102  12:16,347.65,347.65,347.65,347.65,1
20260102  12:17,347.65,347.65,347.65,347.65,0
20260102  12:18,347.65,347.65,347.65,347.65,0
20260102  12:19,347.8,348.0,347.8,347.85,6
20260102  12:20,347.85,347.95,347.65,347.65,11
20260102  12:21,347.6,347.6,347.5,347.55,5
20260102  12:22,347.55,347.55,347.55,347.55,0
20260102  12:23,347.55,347.55,347.55,347.55,0
20260102  12:24,347.6,347.6,347.55,347.55,4
20260102  12:25,347.55,347.55,347.55,347.55,0
20260102  12:26,347.7,348.0,347.7,347.85,24
20260102  12:27,347.7,347.75,347.7,347.75,3
20260102  12:28,347.7,348.0,347.7,347.85,49
20260102  12:29,347.85,347.85,347.85,347.85,0
20260102  12:30,347.9,347.9,347.85,347.85,6
20260102  12:31,347.85,347.85,347.6,347.65,8
20260102  12:32,347.75,348.45,347.75,348.4,42
20260102  12:33,348.15,348.15,347.9,347.9,5
20260102  12:34,348.0,348.0,348.0,348.0,2
20260102  12:35,347.95,348.15,347.95,348.15,4
20260102  12:36,348.15,348.15,348.15,348.15,0
20260102  12:37,348.15,348.15,348.15,348.15,0
20260102  12:38,348.15,348.15,348.15,348.15,0
20260102  12:39,348.2,348.4,348.2,348.2,11
20260102  12:40,348.2,348.2,348.2,348.2,3
20260102  12:41,348.2,348.2,348.2,348.2,0
20260102  12:42,348.2,348.2,348.2,348.2,0
20260102  12:43,347.95,348.1,347.95,348.1,6
20260102  12:44,348.1,348.1,348.1,348.1,0
20260102  12:45,348.1,348.1,347.95,347.95,5
20260102  12:46,347.95,347.95,347.95,347.95,0
20260102  12:47,347.8,347.8,347.8,347.8,1
20260102  12:48,347.6,347.65,347.55,347.55,4
20260102  12:49,347.6,347.65,347.6,347.65,3
20260102  12:50,347.65,347.65,347.65,347.65,0
20260102  12:51,347.5,347.55,347.5,347.55,4
20260102  12:52,347.55,347.55,347.55,347.55,0
20260102  12:53,347.55,347.55,347.55,347.55,0
20260102  12:54,347.65,347.8,347.45,347.75,15
20260102  12:55,347.55,347.55,347.55,347.55,1
20260102  12:56,347.55,347.55,347.55,347.55,0
20260102  12:57,347.55,347.55,347.55,347.55,0
20260102  12:58,347.55,347.55,347.55,347.55,0
20260102  12:59,347.95,347.95,347.9,347.9,4
20260102  13:00,347.9,348.0,347.9,347.95,17
20260102  13:01,347.95,347.95,347.95,347.95,0
20260102  13:02,347.75,347.75,347.55,347.7,5
20260102  13:03,347.7,347.7,347.7,347.7,0
20260102  13:04,347.9,348.3,347.9,348.0,8
20260102  13:05,347.95,348.05,347.95,348.05,4
20260102  13:06,347.9,347.9,347.85,347.85,3
20260102  13:07,347.65,347.65,347.65,347.65,2
20260102  13:08,347.65,347.65,347.65,347.65,0
20260102  13:09,347.65,347.65,347.65,347.65,0
20260102  13:10,347.95,347.95,347.95,347.95,1
20260102  13:11,347.95,347.95,347.95,347.95,1
20260102  13:12,347.95,348.2,347.95,348.2,10
20260102  13:13,348.1,348.4,348.1,348.4,16
20260102  13:14,348.4,348.5,348.3,348.35,22
20260102  13:15,348.3,348.55,348.3,348.55,9
20260102  13:16,348.45,348.45,348.3,348.3,3
20260102  13:17,348.4,348.45,348.4,348.45,5
20260102  13:18,348.5,348.55,348.5,348.5,8
20260102  13:19,348.55,348.75,348.5,348.5,22
20260102  13:20,348.7,348.7,348.45,348.45,2
20260102  13:21,348.45,348.45,348.45,348.45,0
20260102  13:22,348.4,348.45,348.4,348.45,3
20260102  13:23,348.45,348.45,348.45,348.45,2
20260102  13:24,348.6,348.6,348.6,348.6,3
20260102  13:25,348.6,348.6,348.4,348.5,20
20260102  13:26,348.45,348.45,348.25,348.3,25
20260102  13:27,348.15,348.2,348.15,348.2,5
20260102  13:28,348.2,348.2,348.15,348.15,2
20260102  13:29,348.0,348.0,347.8,347.8,3
20260102  13:30,347.65,347.65,347.3,347.3,20
20260105  10:15,354.55,355.6,354.55,355.35,169
20260105  10:16,355.4,356.95,354.95,356.0,130
20260105  10:17,355.9,355.9,355.25,355.9,32
20260105  10:18,355.8,355.8,355.45,355.7,13
20260105  10:19,355.75,356.0,355.7,355.85,23
20260105  10:20,355.65,355.85,355.25,355.85,13
20260105  10:21,355.6,355.6,355.3,355.3,24
20260105  10:22,355.3,355.5,355.25,355.45,17
20260105  10:23,355.35,355.5,355.35,355.45,4
20260105  10:24,355.4,355.4,355.35,355.35,5
20260105  10:25,355.35,355.4,355.35,355.4,3
20260105  10:26,355.35,355.6,355.25,355.4,30
20260105  10:27,355.25,355.7,355.05,355.7,26
20260105  10:28,355.75,356.05,355.7,355.75,23
20260105  10:29,355.65,356.35,355.65,356.35,18
20260105  10:30,356.4,356.5,356.25,356.4,13
20260105  10:31,356.2,356.2,356.05,356.05,20
20260105  10:32,356.25,356.55,356.25,356.4,19
20260105  10:33,356.55,357.8,356.55,357.8,103
20260105  10:34,357.55,357.55,357.2,357.4,30
20260105  10:35,357.6,357.95,357.3,357.8,53
20260105  10:36,357.9,358.2,357.8,358.15,58
20260105  10:37,358.2,358.9,358.15,358.9,38
20260105  10:38,358.85,358.9,357.95,358.05,95
20260105  10:39,357.75,357.75,357.2,357.65,27
20260105  10:40,357.8,357.8,357.35,357.4,4
20260105  10:41,357.25,357.3,357.2,357.3,3
20260105  10:42,357.5,357.55,357.45,357.45,7
20260105  10:43,357.35,357.35,357.05,357.25,16
20260105  10:44,357.2,357.2,356.6,356.6,18
20260105  10:45,356.5,356.55,356.15,356.45,28
20260105  10:46,356.6,356.6,355.6,355.75,29
20260105  10:47,355.9,356.1,355.5,356.1,9
20260105  10:48,356.0,356.2,355.75,355.95,12
20260105  10:49,355.7,355.7,355.15,355.2,22
20260105  10:50,355.3,355.8,355.05,355.6,36
20260105  10:51,355.6,355.8,355.6,355.7,8
20260105  10:52,355.65,355.65,355.3,355.5,5
20260105  10:53,355.7,355.8,355.6,355.8,6
20260105  10:54,355.8,355.85,355.7,355.7,7
20260105  10:55,355.3,355.3,355.3,355.3,1
20260105  10:56,355.2,355.2,354.75,354.75,10
20260105  10:57,354.9,354.9,354.25,354.4,25
20260105  10:58,354.55,354.55,354.55,354.55,2
20260105  10:59,354.8,354.85,354.75,354.8,6
20260105  11:00,355.1,355.35,354.8,355.05,19
20260105  11:01,355.0,355.0,354.55,354.55,13
20260105  11:02,354.6,355.0,354.6,355.0,12
20260105  11:03,354.9,355.1,354.9,354.95,4
20260105  11:04,354.95,354.95,354.8,354.8,11
20260105  11:05,354.8,354.8,354.7,354.7,3
20260105  11:06,354.8,355.0,354.8,355.0,8
20260105  11:07,355.0,355.05,355.0,355.05,2
20260105  11:08,354.9,355.05,354.85,355.05,6
20260105  11:09,355.05,355.05,354.3,354.5,4
20260105  11:10,354.45,354.45,354.25,354.35,7
20260105  11:11,354.5,354.5,354.5,354.5,3
20260105  11:12,354.45,354.5,354.3,354.45,6
20260105  11:13,354.7,354.75,354.65,354.7,9
20260105  11:14,354.45,354.6,354.45,354.6,3
20260105  11:15,354.7,354.7,354.25,354.55,17
20260105  11:16,354.3,354.45,354.3,354.45,5
20260105  11:17,354.55,354.55,354.45,354.5,3
20260105  11:18,354.55,354.55,354.25,354.25,7
20260105  11:19,354.35,354.45,354.05,354.45,29
20260105  11:20,354.4,354.45,354.4,354.45,3
20260105  11:21,354.45,354.45,354.35,354.35,6
20260105  11:22,354.4,354.75,354.4,354.75,14
20260105  11:23,354.55,354.55,354.55,354.55,4
20260105  11:24,354.5,354.5,354.5,354.5,1
20260105  11:25,354.5,354.65,354.5,354.55,6
20260105  11:26,354.4,354.4,354.3,354.3,4
20260105  11:27,354.3,354.45,354.2,354.45,8
20260105  11:28,354.5,354.5,354.45,354.45,2
20260105  11:29,354.45,354.45,354.45,354.45,0
20260105  11:30,354.6,354.6,354.6,354.6,2
20260105  11:31,354.55,354.65,354.55,354.65,3
20260105  11:32,354.55,354.85,354.55,354.85,9
20260105  11:33,354.85,355.05,354.8,355.05,9
20260105  11:34,355.3,355.55,355.25,355.25,7
20260105  11:35,355.15,355.15,354.85,354.85,6
20260105  11:36,354.75,354.8,354.65,354.8,9
20260105  11:37,354.75,354.75,354.75,354.75,1
20260105  11:38,354.75,354.75,354.75,354.75,0
20260105  11:39,354.9,354.9,354.9,354.9,2
20260105  11:40,354.95,355.1,354.8,354.85,5
20260105  11:41,355.0,355.0,354.95,354.95,4
20260105  11:42,354.85,354.9,354.85,354.9,3
20260105  11:43,354.85,354.85,354.45,354.45,10
20260105  11:44,354.45,354.45,354.45,354.45,0
20260105  11:45,354.5,354.5,354.5,354.5,1
20260105  11:46,354.55,354.55,354.35,354.35,2
20260105  11:47,354.35,354.4,354.35,354.4,3
20260105  11:48,354.55,354.6,354.55,354.55,4
20260105  11:49,354.5,354.5,354.5,354.5,1
20260105  11:50,354.75,354.75,354.6,354.6,4
20260105  11:51,354.6,354.6,354.6,354.6,0
20260105  11:52,354.6,354.6,354.6,354.6,1
20260105  11:53,354.65,354.65,354.65,354.65,1
20260105  11:54,354.65,354.65,354.65,354.65,0
20260105  11:55,354.8,355.15,354.8,355.15,8
20260105  11:56,354.9,354.9,354.9,354.9,1
20260105  11:57,355.05,355.15,355.05,355.1,6
20260105  11:58,355.3,355.3,355.15,355.15,4
20260105  11:59,355.05,355.05,354.8,354.8,3
20260105  12:00,354.9,354.9,354.9,354.9,1
20260105  12:01,354.9,354.9,354.9,354.9,0
20260105  12:02,355.0,355.5,355.0,355.3,9
20260105  12:03,355.25,355.55,355.25,355.3,10
20260105  12:04,355.3,355.3,355.3,355.3,0
20260105  12:05,355.25,355.25,355.25,355.25,3
20260105  12:06,355.3,355.7,355.3,355.45,11
20260105  12:07,355.45,355.5,355.4,355.45,6
20260105  12:08,355.55,355.55,355.4,355.5,6
20260105  12:09,355.4,355.65,355.4,355.6,4
20260105  12:10,355.6,355.7,355.6,355.7,7
20260105  12:11,355.7,356.0,355.7,356.0,23
20260105  12:12,355.9,356.15,355.9,356.15,5
20260105  12:13,356.35,356.5,356.35,356.4,4
20260105  12:14,356.45,356.65,356.45,356.55,8
20260105  12:15,356.6,356.6,356.55,356.55,3
20260105  12:16,356.6,356.65,356.6,356.65,6
20260105  12:17,356.55,356.65,356.55,356.6,6
20260105  12:18,356.65,356.85,356.65,356.7,24
20260105  12:19,356.75,356.75,356.6,356.6,13
20260105  12:20,356.6,356.6,356.6,356.6,0
20260105  12:21,356.6,356.7,356.5,356.7,7
20260105  12:22,356.6,356.7,356.6,356.7,3
20260105  12:23,356.6,356.6,356.0,356.0,15
20260105  12:24,356.25,356.3,356.15,356.2,12
20260105  12:25,356.4,356.65,356.4,356.6,12
20260105  12:26,356.65,356.65,356.4,356.4,7
20260105  12:27,356.3,356.55,356.25,356.55,15
20260105  12:28,356.55,356.55,356.45,356.55,4
20260105  12:29,356.55,356.6,356.5,356.6,4
20260105  12:30,356.7,356.7,356.45,356.55,12
20260105  12:31,356.55,356.55,356.55,356.55,0
20260105  12:32,356.5,356.6,356.5,356.6,4
20260105  12:33,356.5,356.75,356.5,356.5,22
20260105  12:34,356.5,356.5,356.05,356.1,15
20260105  12:35,356.1,356.1,356.0,356.05,4
20260105  12:36,356.05,356.05,356.05,356.05,0
20260105  12:37,356.1,356.1,355.85,355.95,13
20260105  12:38,355.95,356.1,355.95,355.95,8
20260105  12:39,355.95,355.95,355.95,355.95,1
20260105  12:40,355.9,355.9,355.35,355.35,18
20260105  12:41,355.5,355.5,355.5,355.5,3
20260105  12:42,355.5,355.5,355.5,355.5,0
20260105  12:43,355.9,355.9,355.55,355.55,5
20260105  12:44,355.4,355.4,355.15,355.2,12
20260105  12:45,355.15,355.45,355.15,355.25,10
20260105  12:46,355.35,355.35,355.35,355.35,2
20260105  12:47,355.5,355.5,355.45,355.45,3
20260105  12:48,355.5,355.5,355.45,355.45,2
20260105  12:49,355.45,355.45,355.45,355.45,0
20260105  12:50,355.4,355.55,355.4,355.55,2
20260105  12:51,355.5,355.5,355.5,355.5,1
20260105  12:52,355.5,355.5,355.25,355.3,8
20260105  12:53,355.2,355.2,355.1,355.1,2
20260105  12:54,355.1,355.2,355.0,355.2,13
20260105  12:55,355.15,355.15,355.05,355.15,4
20260105  12:56,355.1,355.1,354.8,354.95,8
20260105  12:57,355.0,355.0,354.95,354.95,2
20260105  12:58,354.95,354.95,354.9,354.9,2
20260105  12:59,354.9,354.9,354.85,354.9,5
20260105  13:00,354.95,354.95,354.95,354.95,4
20260105  13:01,354.7,354.7,354.4,354.4,7
20260105  13:02,354.15,354.2,353.7,353.7,44
20260105  13:03,353.75,353.75,353.6,353.65,10
20260105  13:04,353.7,354.15,353.7,353.8,21
20260105  13:05,353.9,354.0,353.85,354.0,5
20260105  13:06,353.9,353.9,353.9,353.9,1
20260105  13:07,353.85,353.9,353.8,353.9,7
20260105  13:08,353.9,354.25,353.9,354.25,5
20260105  13:09,354.1,354.5,354.1,354.15,8
20260105  13:10,354.15,354.15,353.85,353.95,9
20260105  13:11,353.95,354.05,353.9,353.9,4
20260105  13:12,354.0,354.0,353.95,353.95,2
20260105  13:13,354.1,354.1,353.9,354.1,12
20260105  13:14,354.35,354.35,354.25,354.25,2
20260105  13:15,354.3,354.4,354.3,354.4,4
20260105  13:16,354.4,354.45,354.4,354.45,7
20260105  13:17,354.55,354.7,354.55,354.7,5
20260105  13:18,354.8,354.8,354.5,354.6,6
20260105  13:19,354.55,354.55,354.4,354.4,2
20260105  13:20,354.4,354.4,354.35,354.4,6
20260105  13:21,354.45,354.45,354.45,354.45,1
20260105  13:22,354.3,354.55,354.3,354.55,5
20260105  13:23,354.3,354.3,354.15,354.25,6
20260105  13:24,354.1,354.1,354.0,354.05,5
20260105  13:25,354.1,354.15,354.1,354.1,3
20260105  13:26,354.15,354.15,353.95,353.95,6
20260105  13:27,354.0,354.1,354.0,354.1,3
20260105  13:28,354.1,354.1,354.1,354.1,0
20260105  13:29,354.0,354.0,354.0,354.0,1
20260105  13:30,354.15,354.15,354.15,354.15,1
20260106  10:15,358.2,358.2,357.1,357.6,193
20260106  10:16,357.65,357.9,357.3,357.3,69
20260106  10:17,357.2,357.65,357.1,357.3,16
20260106  10:18,357.3,357.5,357.05,357.05,40
20260106  10:19,357.05,357.55,356.9,357.25,31
20260106  10:20,357.3,357.5,357.25,357.25,9
20260106  10:21,357.4,357.75,357.35,357.6,21
20260106  10:22,357.6,357.75,357.6,357.65,18
20260106  10:23,357.6,357.6,357.45,357.45,7
20260106  10:24,357.4,357.75,357.25,357.75,22
20260106  10:25,357.5,357.6,357.05,357.05,8
20260106  10:26,357.05,357.15,356.85,356.85,28
20260106  10:27,356.85,356.95,356.8,356.8,9
20260106  10:28,356.85,357.05,356.85,357.0,15
20260106  10:29,357.0,357.15,356.95,357.15,9
20260106  10:30,357.45,357.45,357.05,357.05,10
20260106  10:31,357.05,357.25,357.05,357.15,8
20260106  10:32,357.0,357.25,357.0,357.1,8
20260106  10:33,357.2,357.25,357.2,357.2,4
20260106  10:34,357.25,357.25,357.25,357.25,1
20260106  10:35,357.5,357.6,357.25,357.5,10
20260106  10:36,357.5,357.65,357.4,357.65,5
20260106  10:37,357.65,357.85,357.65,357.85,20
20260106  10:38,357.7,357.75,357.7,357.7,4
20260106  10:39,357.75,357.8,357.7,357.7,5
20260106  10:40,357.7,357.7,357.7,357.7,0
20260106  10:41,357.5,357.5,357.5,357.5,1
20260106  10:42,357.6,357.85,357.6,357.7,15
20260106  10:43,357.8,358.15,357.8,357.9,30
20260106  10:44,357.9,357.9,357.9,357.9,0
20260106  10:45,358.0,358.1,358.0,358.1,3
20260106  10:46,358.0,358.15,358.0,358.15,3
20260106  10:47,358.25,358.5,358.25,358.35,7
20260106  10:48,358.35,358.35,358.2,358.2,5
20260106  10:49,358.2,358.35,358.2,358.35,7
20260106  10:50,358.2,358.2,358.2,358.2,1
20260106  10:51,358.15,358.2,358.1,358.2,4
20260106  10:52,358.2,358.65,358.2,358.65,8
20260106  10:53,358.65,358.65,358.65,358.65,3
20260106  10:54,358.65,358.75,358.55,358.75,26
20260106  10:55,358.7,358.75,358.4,358.55,25
20260106  10:56,358.5,358.5,358.5,358.5,1
20260106  10:57,358.5,358.5,358.4,358.4,3
20260106  10:58,358.45,358.75,358.45,358.75,7
20260106  10:59,358.65,358.65,358.6,358.6,2
20260106  11:00,358.65,359.0,358.65,358.95,31
20260106  11:01,359.0,359.6,359.0,359.6,24
20260106  11:02,359.8,359.8,359.7,359.7,6
20260106  11:03,359.7,359.85,359.35,359.85,12
20260106  11:04,359.75,361.05,359.75,360.95,111
20260106  11:05,360.95,361.0,360.5,360.5,55
20260106  11:06,360.3,360.45,359.9,360.45,14
20260106  11:07,360.55,360.95,360.55,360.95,15
20260106  11:08,361.0,361.6,361.0,361.6,77
20260106  11:09,361.6,362.0,361.5,361.9,41
20260106  11:10,361.9,361.9,361.55,361.9,32
20260106  11:11,361.75,361.9,361.65,361.7,27
20260106  11:12,361.6,361.85,361.55,361.85,11
20260106  11:13,361.9,362.0,361.7,361.85,83
20260106  11:14,361.9,362.0,361.7,361.7,13
20260106  11:15,362.0,362.1,361.4,361.4,38
20260106  11:16,361.35,361.6,361.35,361.6,17
20260106  11:17,361.45,362.2,361.4,361.95,33
20260106  11:18,362.0,362.0,361.45,361.8,23
20260106  11:19,361.9,361.95,361.4,361.65,15
20260106  11:20,361.75,361.85,361.65,361.7,11
20260106  11:21,361.75,361.8,361.55,361.55,13
20260106  11:22,361.6,361.6,361.2,361.2,11
20260106  11:23,361.2,361.3,361.05,361.15,15
20260106  11:24,361.05,361.4,360.95,361.35,18
20260106  11:25,361.35,361.6,361.35,361.6,9
20260106  11:26,361.55,361.6,361.5,361.5,9
20260106  11:27,361.45,361.75,361.35,361.45,20
20260106  11:28,361.25,361.6,361.2,361.45,24
20260106  11:29,361.55,361.7,361.55,361.7,4
20260106  11:30,361.85,361.95,361.8,361.8,5
20260106  11:31,361.95,362.6,361.95,362.3,54
20260106  11:32,362.2,362.3,362.0,362.1,37
20260106  11:33,362.1,362.3,362.1,362.2,13
20260106  11:34,362.15,362.25,362.15,362.25,5
20260106  11:35,362.3,362.6,362.3,362.45,13
20260106  11:36,362.55,363.35,362.55,363.35,100
20260106  11:37,363.35,363.8,363.35,363.7,61
20260106  11:38,363.75,364.1,363.7,364.05,124
20260106  11:39,364.1,364.2,363.9,364.15,23
20260106  11:40,364.2,364.3,363.65,363.65,48
20260106  11:41,363.55,363.55,363.35,363.45,10
20260106  11:42,363.7,364.3,363.7,364.3,41
20260106  11:43,364.35,364.9,364.3,364.9,61
20260106  11:44,364.8,365.3,364.55,364.75,170
20260106  11:45,364.45,364.75,364.45,364.75,18
20260106  11:46,364.95,365.05,364.55,364.55,14
20260106  11:47,364.55,364.9,364.5,364.75,19
20260106  11:48,364.75,364.85,364.7,364.75,5
20260106  11:49,364.95,365.0,364.85,364.85,10
20260106  11:50,364.7,364.95,364.6,364.65,15
20260106  11:51,364.7,364.75,364.7,364.75,3
20260106  11:52,364.95,365.1,364.95,364.95,10
20260106  11:53,364.85,364.9,364.6,364.65,8
20260106  11:54,364.65,364.65,364.45,364.45,10
20260106  11:55,364.35,364.35,364.05,364.15,19
20260106  11:56,364.2,364.4,364.2,364.4,11
20260106  11:57,364.5,364.5,363.95,364.15,15
20260106  11:58,364.25,364.3,364.1,364.1,7
20260106  11:59,364.25,364.35,364.1,364.1,12
20260106  12:00,364.15,364.15,363.55,363.65,42
20260106  12:01,364.0,364.15,363.9,363.9,30
20260106  12:02,364.05,364.25,363.9,363.9,16
20260106  12:03,363.85,363.85,363.45,363.7,31
20260106  12:04,363.8,363.95,363.75,363.85,12
20260106  12:05,363.85,364.05,363.85,363.95,20
20260106  12:06,363.95,364.15,363.95,364.15,16
20260106  12:07,364.05,364.2,364.05,364.2,3
20260106  12:08,364.25,364.25,363.85,363.95,34
20260106  12:09,364.0,364.2,364.0,364.05,9
20260106  12:10,364.15,364.15,363.7,363.8,20
20260106  12:11,363.8,363.8,363.75,363.75,7
20260106  12:12,363.7,363.85,362.2,362.95,66
20260106  12:13,362.95,363.0,362.75,362.95,23
20260106  12:14,363.15,363.2,363.0,363.05,25
20260106  12:15,363.15,363.35,363.15,363.35,2
20260106  12:16,363.6,363.6,363.3,363.3,13
20260106  12:17,363.4,363.6,363.3,363.6,4
20260106  12:18,363.6,363.85,363.6,363.85,12
20260106  12:19,364.0,364.15,363.95,363.95,22
20260106  12:20,363.7,363.85,363.65,363.85,10
20260106  12:21,363.95,363.95,363.7,363.7,11
20260106  12:22,363.7,363.7,363.7,363.7,0
20260106  12:23,363.9,363.9,363.7,363.7,7
20260106  12:24,364.0,364.05,364.0,364.05,2
20260106  12:25,364.05,364.3,364.05,364.3,5
20260106  12:26,364.35,364.75,364.3,364.45,23
20260106  12:27,364.4,364.4,364.15,364.25,6
20260106  12:28,364.4,364.4,364.35,364.35,5
20260106  12:29,364.6,364.85,364.5,364.5,19
20260106  12:30,364.65,364.75,364.65,364.75,2
20260106  12:31,364.6,364.95,364.6,364.95,10
20260106  12:32,364.9,365.25,364.8,365.15,15
20260106  12:33,365.3,365.35,365.0,365.0,11
20260106  12:34,364.9,365.0,364.8,364.8,6
20260106  12:35,364.8,364.8,364.8,364.8,4
20260106  12:36,364.75,365.0,364.75,365.0,5
20260106  12:37,364.95,364.95,364.55,364.55,12
20260106  12:38,364.5,364.7,364.45,364.45,9
20260106  12:39,364.4,364.45,364.2,364.4,9
20260106  12:40,364.35,364.65,364.3,364.3,25
20260106  12:41,364.35,364.75,364.35,364.65,27
20260106  12:42,364.5,364.5,364.1,364.1,15
20260106  12:43,364.15,364.45,364.05,364.45,18
20260106  12:44,364.45,364.45,364.45,364.45,0
20260106  12:45,364.35,364.35,364.35,364.35,1
20260106  12:46,364.6,364.6,364.6,364.6,1
20260106  12:47,364.45,364.65,364.45,364.65,8
20260106  12:48,364.55,364.7,364.55,364.6,6
20260106  12:49,364.55,364.65,364.55,364.65,2
20260106  12:50,364.7,364.7,364.45,364.65,3
20260106  12:51,364.65,364.65,364.65,364.65,0
20260106  12:52,364.65,364.65,364.65,364.65,1
20260106  12:53,364.7,364.8,364.7,364.7,20
20260106  12:54,364.75,364.85,364.65,364.75,17
20260106  12:55,364.8,364.85,364.8,364.85,4
20260106  12:56,364.9,365.0,364.9,365.0,5
20260106  12:57,364.85,364.9,364.8,364.9,7
20260106  12:58,364.8,364.9,364.8,364.85,7
20260106  12:59,364.8,364.8,364.8,364.8,1
20260106  13:00,364.85,365.0,364.85,364.9,17
20260106  13:01,365.0,365.05,364.75,364.75,23
20260106  13:02,364.6,364.6,364.25,364.25,8
20260106  13:03,364.2,364.2,364.0,364.0,8
20260106  13:04,363.95,364.1,363.9,364.05,12
20260106  13:05,364.05,364.45,364.05,364.25,13
20260106  13:06,364.35,364.5,364.2,364.2,12
20260106  13:07,364.05,364.3,363.95,364.15,26
20260106  13:08,364.25,364.3,364.25,364.3,3
20260106  13:09,364.35,364.35,364.0,364.05,23
20260106  13:10,364.2,364.2,364.2,364.2,3
20260106  13:11,364.25,364.25,364.2,364.2,4
20260106  13:12,363.9,364.05,363.85,363.9,8
20260106  13:13,363.85,363.95,363.85,363.9,15
20260106  13:14,363.95,363.95,363.75,363.75,7
20260106  13:15,363.75,363.85,363.75,363.75,8
20260106  13:16,363.7,363.75,363.7,363.7,9
20260106  13:17,363.65,364.4,363.6,364.35,55
20260106  13:18,364.2,364.35,363.85,363.9,19
20260106  13:19,363.8,363.8,363.55,363.7,7
20260106  13:20,363.55,363.7,363.2,363.6,32
20260106  13:21,363.6,363.85,363.6,363.85,9
20260106  13:22,363.75,363.75,363.55,363.6,6
20260106  13:23,363.55,363.55,363.35,363.35,7
20260106  13:24,363.35,363.35,363.2,363.2,5
20260106  13:25,363.3,363.3,363.1,363.1,5
20260106  13:26,363.2,363.3,363.05,363.05,21
20260106  13:27,363.05,363.05,362.55,362.75,41
20260106  13:28,362.7,362.7,362.45,362.45,17
20260106  13:29,362.45,362.55,362.45,362.45,6
20260106  13:30,362.6,362.65,362.35,362.5,18
20260107  10:15,371.35,373.45,371.0,373.35,171
20260107  10:16,373.15,373.45,372.8,373.0,43
20260107  10:17,372.85,372.95,372.4,372.55,27
20260107  10:18,372.5,374.0,372.5,373.85,59
20260107  10:19,373.6,373.7,373.45,373.45,6
20260107  10:20,373.35,373.65,373.3,373.3,25
20260107  10:21,373.25,373.35,373.2,373.35,13
20260107  10:22,373.7,373.85,373.5,373.5,11
20260107  10:23,373.65,374.25,373.6,374.25,31
20260107  10:24,374.35,375.2,374.35,375.1,95
20260107  10:25,375.05,376.6,374.8,375.3,60
20260107  10:26,375.35,375.35,375.15,375.3,47
20260107  10:27,375.45,375.6,375.25,375.3,33
20260107  10:28,375.25,375.5,375.15,375.45,34
20260107  10:29,375.45,376.35,375.25,375.45,105
20260107  10:30,375.2,375.8,375.1,375.5,65
20260107  10:31,375.6,376.05,375.5,376.05,69
20260107  10:32,376.0,376.7,376.0,376.6,44
20260107  10:33,376.4,377.0,376.25,376.75,30
20260107  10:34,376.95,376.95,376.45,376.45,10
20260107  10:35,376.75,376.75,376.5,376.65,7
20260107  10:36,376.45,376.6,376.3,376.6,7
20260107  10:37,376.65,376.65,376.25,376.45,24
20260107  10:38,376.35,376.55,376.3,376.35,10
20260107  10:39,376.2,376.25,376.05,376.05,7
20260107  10:40,376.15,376.25,376.05,376.25,10
20260107  10:41,376.25,376.5,376.25,376.5,3
20260107  10:42,376.5,376.55,376.45,376.55,10
20260107  10:43,376.55,376.55,376.45,376.45,2
20260107  10:44,376.4,376.4,376.0,376.0,28
20260107  10:45,376.15,376.45,376.15,376.45,10
20260107  10:46,376.4,376.4,376.0,376.0,6
20260107  10:47,375.9,376.05,375.85,376.0,12
20260107  10:48,376.0,376.0,376.0,376.0,0
20260107  10:49,375.9,376.0,375.9,376.0,3
20260107  10:50,376.0,376.55,375.7,376.55,33
20260107  10:51,376.5,376.6,376.5,376.55,13
20260107  10:52,376.4,376.4,376.0,376.0,8
20260107  10:53,376.05,376.05,375.85,376.0,7
20260107  10:54,376.25,376.4,376.05,376.1,22
20260107  10:55,376.0,376.0,376.0,376.0,1
20260107  10:56,375.9,375.9,375.9,375.9,1
20260107  10:57,375.7,375.9,375.7,375.9,14
20260107  10:58,376.05,376.05,376.05,376.05,1
20260107  10:59,376.15,376.2,375.7,375.7,25
20260107  11:00,375.9,376.2,375.9,376.15,9
20260107  11:01,376.25,376.4,376.25,376.35,17
20260107  11:02,376.35,376.6,376.35,376.6,11
20260107  11:03,376.45,376.45,376.25,376.4,12
20260107  11:04,376.45,376.45,376.35,376.35,2
20260107  11:05,376.55,376.75,376.5,376.75,12
20260107  11:06,376.7,376.7,376.65,376.65,4
20260107  11:07,376.65,376.65,376.45,376.55,10
20260107  11:08,376.6,376.9,376.5,376.65,29
20260107  11:09,376.7,377.35,376.65,377.35,36
20260107  11:10,377.35,377.65,377.35,377.4,16
20260107  11:11,377.3,377.3,376.95,377.25,25
20260107  11:12,377.25,377.45,377.15,377.4,18
20260107  11:13,377.4,377.8,377.4,377.6,51
20260107  11:14,377.65,377.65,377.25,377.4,25
20260107  11:15,377.8,377.8,377.65,377.65,8
20260107  11:16,377.6,377.65,377.5,377.6,7
20260107  11:17,377.75,378.7,377.75,378.15,73
20260107  11:18,378.3,378.4,378.25,378.4,15
20260107  11:19,378.3,378.35,378.25,378.3,4
20260107  11:20,378.4,378.5,378.0,378.0,17
20260107  11:21,378.1,378.1,378.0,378.0,7
20260107  11:22,377.9,378.0,377.6,377.6,13
20260107  11:23,377.5,377.6,377.45,377.6,4
20260107  11:24,377.6,377.6,377.5,377.5,5
20260107  11:25,377.65,377.95,377.65,377.9,5
20260107  11:26,377.75,377.85,377.4,377.4,19
20260107  11:27,377.6,377.75,377.55,377.75,8
20260107  11:28,377.8,377.9,377.8,377.8,7
20260107  11:29,377.95,377.95,377.95,377.95,2
20260107  11:30,378.0,378.05,377.7,377.7,14
20260107  11:31,377.8,377.8,377.75,377.8,6
20260107  11:32,377.75,378.0,377.75,378.0,9
20260107  11:33,378.05,378.05,378.0,378.0,3
20260107  11:34,378.1,378.15,378.1,378.15,3
20260107  11:35,378.1,378.45,378.1,378.45,3
20260107  11:36,378.4,378.6,378.4,378.5,13
20260107  11:37,378.7,378.85,378.65,378.85,12
20260107  11:38,378.8,380.4,378.8,380.35,204
20260107  11:39,380.45,380.45,379.85,380.0,94
20260107  11:40,379.9,380.75,379.9,380.6,39
20260107  11:41,380.55,381.05,380.5,380.5,63
20260107  11:42,380.6,380.85,380.5,380.85,23
20260107  11:43,380.95,381.1,380.85,381.0,19
20260107  11:44,380.8,381.25,380.8,381.25,26
20260107  11:45,381.25,381.25,380.95,381.05,17
20260107  11:46,381.05,381.05,380.55,380.55,15
20260107  11:47,380.65,380.7,380.5,380.65,12
20260107  11:48,380.7,380.7,380.65,380.7,13
20260107  11:49,380.9,381.4,380.9,381.4,25
20260107  11:50,381.5,382.4,381.5,381.9,69
20260107  11:51,382.05,382.05,381.4,381.95,29
20260107  11:52,381.7,381.75,381.55,381.65,5
20260107  11:53,381.8,382.0,381.8,381.8,12
20260107  11:54,381.7,381.7,381.5,381.55,12
20260107  11:55,381.65,381.85,381.5,381.5,8
20260107  11:56,381.5,381.75,381.5,381.75,28
20260107  11:57,381.8,382.5,381.8,382.3,25
20260107  11:58,382.2,382.4,382.05,382.4,8
20260107  11:59,382.25,382.35,381.8,381.8,6
20260107  12:00,381.95,382.25,381.95,382.05,7
20260107  12:01,382.1,382.4,381.6,381.9,37
20260107  12:02,381.95,381.95,381.1,381.2,66
20260107  12:03,381.2,381.3,380.9,381.0,79
20260107  12:04,381.05,381.2,380.85,380.95,18
20260107  12:05,380.95,381.15,380.95,381.0,13
20260107  12:06,381.1,381.1,381.05,381.05,5
20260107  12:07,381.05,381.5,381.05,381.15,24
20260107  12:08,381.2,381.45,380.8,381.45,33
20260107  12:09,381.45,381.5,381.3,381.4,27
20260107  12:10,381.35,381.35,380.75,381.0,11
20260107  12:11,381.1,381.5,381.1,381.5,9
20260107  12:12,381.6,381.7,381.6,381.7,11
20260107  12:13,381.5,381.6,381.25,381.5,13
20260107  12:14,381.45,381.75,381.35,381.6,13
20260107  12:15,381.6,381.9,381.5,381.65,23
20260107  12:16,381.65,381.7,381.25,381.25,15
20260107  12:17,381.2,381.25,380.7,380.75,33
20260107  12:18,380.8,381.15,380.7,381.0,22
20260107  12:19,381.0,381.05,380.45,380.75,53
20260107  12:20,381.05,381.05,380.85,380.85,5
20260107  12:21,380.85,380.85,380.45,380.45,3
20260107  12:22,380.55,380.85,380.55,380.7,8
20260107  12:23,380.95,381.2,380.95,381.2,9
20260107  12:24,381.3,381.3,381.15,381.15,4
20260107  12:25,381.3,381.4,381.3,381.3,6
20260107  12:26,381.2,381.2,381.2,381.2,2
20260107  12:27,381.4,381.95,381.4,381.8,16
20260107  12:28,381.9,382.1,381.9,382.0,5
20260107  12:29,382.25,382.25,382.1,382.25,3
20260107  12:30,382.4,382.7,382.35,382.35,28
20260107  12:31,381.95,381.95,381.7,381.85,21
20260107  12:32,381.9,382.0,381.85,382.0,13
20260107  12:33,381.95,381.95,381.95,381.95,2
20260107  12:34,382.05,382.35,382.05,382.15,9
20260107  12:35,382.1,382.1,381.75,381.75,12
20260107  12:36,381.8,381.95,381.75,381.75,6
20260107  12:37,381.65,381.75,381.55,381.6,16
20260107  12:38,381.5,381.5,381.5,381.5,2
20260107  12:39,381.75,381.85,381.75,381.85,8
20260107  12:40,381.9,381.9,381.75,381.75,5
20260107  12:41,381.75,381.85,381.6,381.65,8
20260107  12:42,381.75,381.95,381.75,381.95,5
20260107  12:43,381.85,381.85,381.65,381.75,10
20260107  12:44,381.65,381.8,381.65,381.8,4
20260107  12:45,381.9,381.9,381.8,381.9,7
20260107  12:46,381.85,381.85,381.55,381.75,5
20260107  12:47,381.95,382.0,381.75,381.75,14
20260107  12:48,381.85,382.65,381.85,382.65,12
20260107  12:49,382.65,382.75,382.35,382.35,12
20260107  12:50,382.25,382.3,382.15,382.3,10
20260107  12:51,382.25,382.35,382.2,382.35,11
20260107  12:52,382.5,382.55,382.5,382.5,6
20260107  12:53,382.4,382.4,381.75,382.0,25
20260107  12:54,382.3,382.35,382.15,382.15,8
20260107  12:55,382.15,382.4,382.05,382.05,15
20260107  12:56,382.2,382.35,382.2,382.35,8
20260107  12:57,382.45,382.6,382.4,382.4,14
20260107  12:58,382.55,382.55,381.85,381.85,16
20260107  12:59,381.95,382.1,381.95,382.0,8
20260107  13:00,382.15,382.15,381.95,381.95,17
20260107  13:01,381.95,382.1,381.95,382.1,6
20260107  13:02,381.95,381.95,381.65,381.65,15
20260107  13:03,381.6,381.6,381.3,381.55,24
20260107  13:04,381.55,382.3,381.45,382.15,39
20260107  13:05,382.3,382.85,382.05,382.8,61
20260107  13:06,382.65,382.75,382.3,382.35,16
20260107  13:07,382.35,382.65,382.3,382.5,25
20260107  13:08,382.55,382.75,382.35,382.4,26
20260107  13:09,382.4,382.4,381.8,382.0,37
20260107  13:10,381.85,381.9,381.85,381.9,3
20260107  13:11,381.9,382.25,381.9,382.25,10
20260107  13:12,382.2,382.2,381.75,381.8,22
20260107  13:13,381.9,382.15,381.9,382.15,5
20260107  13:14,381.95,381.95,381.95,381.95,3
20260107  13:15,381.95,381.95,381.75,381.75,2
20260107  13:16,381.7,381.85,381.7,381.85,4
20260107  13:17,381.9,381.9,381.5,381.5,18
20260107  13:18,381.7,381.85,381.55,381.55,11
20260107  13:19,381.85,382.0,381.85,382.0,10
20260107  13:20,381.85,381.85,381.4,381.45,12
20260107  13:21,381.7,381.7,381.5,381.5,5
20260107  13:22,381.75,381.75,381.65,381.65,8
20260107  13:23,381.75,382.0,381.75,381.75,14
20260107  13:24,381.6,381.6,381.4,381.5,25
20260107  13:25,381.45,381.55,381.45,381.55,5
20260107  13:26,381.65,381.65,381.5,381.6,4
20260107  13:27,381.4,381.45,380.9,380.9,49
20260107  13:28,380.95,381.0,380.2,380.4,32
20260107  13:29,380.45,380.7,380.45,380.55,14
20260107  13:30,380.7,381.55,380.7,381.45,20
20260108  10:15,373.05,374.45,371.85,374.1,153
20260108  10:16,374.45,374.55,373.6,374.1,26
20260108  10:17,374.55,375.25,374.55,375.25,19
20260108  10:18,375.4,376.3,375.4,376.05,49
20260108  10:19,376.1,376.75,376.1,376.65,27
20260108  10:20,376.55,377.1,376.55,377.0,58
20260108  10:21,376.95,377.5,376.9,377.1,38
20260108  10:22,377.0,377.0,376.4,376.4,38
20260108  10:23,376.4,376.45,375.85,376.05,17
20260108  10:24,376.05,376.5,375.65,376.5,24
20260108  10:25,376.5,376.5,376.2,376.2,8
20260108  10:26,376.25,376.5,376.25,376.5,6
20260108  10:27,376.65,377.15,376.65,377.05,49
20260108  10:28,377.1,377.15,377.1,377.15,2
20260108  10:29,377.2,377.2,377.05,377.05,3
20260108  10:30,377.1,377.2,377.0,377.2,5
20260108  10:31,377.4,377.6,377.4,377.55,14
20260108  10:32,377.7,377.85,377.7,377.8,13
20260108  10:33,377.85,377.85,377.6,377.65,9
20260108  10:34,377.6,377.6,377.55,377.55,4
20260108  10:35,377.45,377.45,377.3,377.45,7
20260108  10:36,377.35,377.35,377.1,377.1,6
20260108  10:37,377.2,377.35,376.55,376.55,16
20260108  10:38,376.5,376.8,376.4,376.8,6
20260108  10:39,376.8,377.9,376.8,377.9,20
20260108  10:40,377.7,377.75,377.6,377.6,5
20260108  10:41,377.8,378.05,377.4,377.45,56
20260108  10:42,377.55,377.55,377.5,377.5,2
20260108  10:43,377.45,377.5,377.25,377.45,17
20260108  10:44,377.5,377.7,377.5,377.7,4
20260108  10:45,377.8,377.8,377.65,377.65,19
20260108  10:46,377.5,377.65,377.5,377.5,14
20260108  10:47,377.5,377.5,377.5,377.5,0
20260108  10:48,377.2,377.25,377.05,377.25,5
20260108  10:49,377.05,377.05,377.05,377.05,6
20260108  10:50,377.2,377.3,377.2,377.3,2
20260108  10:51,377.5,377.6,377.5,377.6,3
20260108  10:52,377.6,377.6,377.5,377.5,3
20260108  10:53,377.4,377.4,377.35,377.35,4
20260108  10:54,377.45,377.45,377.35,377.35,3
20260108  10:55,377.4,377.4,377.4,377.4,3
20260108  10:56,377.4,377.4,377.4,377.4,0
20260108  10:57,377.45,377.45,377.45,377.45,1
20260108  10:58,377.55,377.55,377.55,377.55,1
20260108  10:59,377.65,377.85,377.6,377.6,7
20260108  11:00,377.55,377.75,377.35,377.75,5
20260108  11:01,378.0,378.0,378.0,378.0,3
20260108  11:02,378.0,378.7,378.0,378.5,16
20260108  11:03,378.2,378.2,378.0,378.15,4
20260108  11:04,378.25,378.25,378.1,378.1,5
20260108  11:05,378.0,378.05,377.95,378.05,5
20260108  11:06,378.2,378.2,378.2,378.2,1
20260108  11:07,378.2,378.2,378.2,378.2,3
20260108  11:08,378.4,378.4,378.4,378.4,8
20260108  11:09,378.25,378.45,378.15,378.25,16
20260108  11:10,378.3,378.3,377.55,377.8,12
20260108  11:11,377.7,377.7,377.4,377.5,16
20260108  11:12,377.45,377.45,377.25,377.25,8
20260108  11:13,377.25,377.25,377.1,377.1,7
20260108  11:14,377.2,377.3,377.2,377.3,2
20260108  11:15,377.25,377.25,377.2,377.2,3
20260108  11:16,377.25,377.25,377.25,377.25,1
20260108  11:17,377.25,377.25,377.25,377.25,0
20260108  11:18,377.15,377.15,377.0,377.0,9
20260108  11:19,376.65,376.65,376.5,376.5,8
20260108  11:20,376.45,376.45,376.2,376.35,7
20260108  11:21,376.5,376.5,376.5,376.5,2
20260108  11:22,376.5,376.5,376.5,376.5,0
20260108  11:23,376.5,376.5,376.5,376.5,0
20260108  11:24,376.35,376.35,376.35,376.35,3
20260108  11:25,376.6,376.7,376.6,376.7,5
20260108  11:26,376.7,377.0,376.6,376.9,8
20260108  11:27,377.0,377.0,377.0,377.0,1
20260108  11:28,376.85,377.0,376.85,377.0,3
20260108  11:29,376.9,376.9,376.9,376.9,1
20260108  11:30,377.05,377.15,377.0,377.15,5
20260108  11:31,377.2,377.2,377.2,377.2,1
20260108  11:32,377.1,377.2,377.1,377.2,2
20260108  11:33,377.0,377.2,377.0,377.2,3
20260108  11:34,377.2,377.35,377.0,377.25,15
20260108  11:35,377.05,377.05,376.85,376.85,5
20260108  11:36,376.7,376.7,376.5,376.5,8
20260108  11:37,376.2,376.45,376.2,376.45,5
20260108  11:38,376.45,376.55,376.45,376.55,2
20260108  11:39,376.7,376.75,376.65,376.75,5
20260108  11:40,376.65,376.75,376.65,376.75,2
20260108  11:41,376.9,376.9,376.9,376.9,3
20260108  11:42,376.75,376.75,376.75,376.75,2
20260108  11:43,376.9,377.15,376.8,376.8,26
20260108  11:44,376.75,376.75,376.4,376.4,15
20260108  11:45,376.55,376.8,376.55,376.7,5
20260108  11:46,376.7,376.7,376.7,376.7,0
20260108  11:47,376.7,376.7,376.7,376.7,0
20260108  11:48,376.6,376.6,376.25,376.25,2
20260108  11:49,376.25,376.4,376.2,376.4,7
20260108  11:50,376.4,376.4,376.4,376.4,0
20260108  11:51,376.85,376.85,376.85,376.85,2
20260108  11:52,376.9,377.1,376.9,377.05,10
20260108  11:53,377.3,377.5,377.3,377.5,5
20260108  11:54,377.5,377.5,377.25,377.4,8
20260108  11:55,377.3,377.3,377.3,377.3,1
20260108  11:56,377.4,377.55,377.35,377.35,6
20260108  11:57,377.45,377.95,377.35,377.95,7
20260108  11:58,377.95,378.15,377.95,377.95,8
20260108  11:59,378.0,378.0,377.75,377.75,6
20260108  12:00,377.8,377.95,377.8,377.95,5
20260108  12:01,377.95,378.5,377.95,378.4,29
20260108  12:02,378.5,378.5,378.5,378.5,5
20260108  12:03,378.5,378.5,378.35,378.35,22
20260108  12:04,378.35,379.45,378.35,378.9,46
20260108  12:05,378.85,378.9,378.8,378.85,10
20260108  12:06,379.05,379.1,379.05,379.1,5
20260108  12:07,379.25,379.75,379.25,379.6,20
20260108  12:08,379.45,379.65,379.4,379.4,28
20260108  12:09,379.45,379.5,379.35,379.35,9
20260108  12:10,379.45,379.45,378.9,378.9,14
20260108  12:11,378.85,378.85,378.55,378.7,6
20260108  12:12,378.7,378.7,378.45,378.5,17
20260108  12:13,378.35,378.45,378.3,378.45,7
20260108  12:14,378.6,378.75,378.55,378.65,8
20260108  12:15,378.85,379.0,378.7,378.75,9
20260108  12:16,378.7,378.7,378.6,378.7,6
20260108  12:17,378.55,378.55,378.55,378.55,2
20260108  12:18,378.45,378.45,378.3,378.3,5
20260108  12:19,378.25,378.55,378.25,378.5,5
20260108  12:20,378.1,378.1,378.0,378.1,8
20260108  12:21,378.1,378.1,378.05,378.05,10
20260108  12:22,378.05,378.05,377.8,377.8,4
20260108  12:23,377.95,378.1,377.95,378.1,2
20260108  12:24,378.05,378.1,378.05,378.1,5
20260108  12:25,377.85,378.05,377.85,378.05,2
20260108  12:26,377.95,377.95,377.95,377.95,1
20260108  12:27,377.75,377.75,377.45,377.5,15
20260108  12:28,377.55,377.75,377.5,377.6,8
20260108  12:29,377.6,377.65,377.5,377.5,4
20260108  12:30,377.5,377.9,377.5,377.9,9
20260108  12:31,377.8,377.95,377.8,377.9,6
20260108  12:32,377.8,378.15,377.75,378.15,8
20260108  12:33,378.15,378.15,378.15,378.15,1
20260108  12:34,378.05,378.05,378.05,378.05,1
20260108  12:35,378.2,378.2,378.2,378.2,1
20260108  12:36,378.2,378.2,378.0,378.2,5
20260108  12:37,378.1,378.1,378.1,378.1,1
20260108  12:38,378.25,378.25,378.1,378.1,3
20260108  12:39,378.1,378.1,378.1,378.1,0
20260108  12:40,378.1,378.1,378.1,378.1,0
20260108  12:41,377.9,377.9,377.9,377.9,2
20260108  12:42,377.5,377.6,376.7,377.6,9
20260108  12:43,377.55,377.7,377.3,377.55,13
20260108  12:44,377.65,377.65,377.3,377.3,10
20260108  12:45,377.45,377.8,377.45,377.8,4
20260108  12:46,377.8,377.8,377.8,377.8,0
20260108  12:47,377.8,377.8,377.8,377.8,0
20260108  12:48,377.7,377.7,377.4,377.4,6
20260108  12:49,377.6,377.65,377.5,377.55,4
20260108  12:50,377.55,377.55,377.55,377.55,0
20260108  12:51,377.35,377.4,377.3,377.35,5
20260108  12:52,377.45,377.8,377.45,377.8,9
20260108  12:53,377.8,377.8,377.8,377.8,0
20260108  12:54,377.55,377.75,377.55,377.75,3
20260108  12:55,377.95,378.1,377.9,378.1,8
20260108  12:56,377.9,378.0,377.8,377.8,5
20260108  12:57,377.8,377.8,377.8,377.8,0
20260108  12:58,378.15,378.15,377.9,378.05,6
20260108  12:59,378.15,378.15,378.0,378.0,4
20260108  13:00,378.0,378.0,378.0,378.0,0
20260108  13:01,377.7,377.7,377.5,377.5,3
20260108  13:02,377.45,377.45,377.35,377.4,3
20260108  13:03,377.3,377.3,377.15,377.15,5
20260108  13:04,377.25,377.25,377.15,377.15,3
20260108  13:05,377.2,377.2,377.2,377.2,1
20260108  13:06,377.1,377.1,376.9,376.9,9
20260108  13:07,376.8,376.95,376.8,376.8,19
20260108  13:08,376.75,376.95,376.75,376.95,3
20260108  13:09,376.8,376.8,376.65,376.75,5
20260108  13:10,376.8,376.8,376.6,376.6,11
20260108  13:11,376.75,376.75,376.75,376.75,3
20260108  13:12,376.95,377.0,376.95,376.95,12
20260108  13:13,377.05,377.25,377.05,377.25,5
20260108  13:14,377.25,377.45,377.25,377.45,3
20260108  13:15,377.6,377.6,377.4,377.4,9
20260108  13:16,377.5,377.7,377.5,377.7,2
20260108  13:17,377.7,377.7,377.7,377.7,0
20260108  13:18,377.7,377.7,377.7,377.7,0
20260108  13:19,377.7,377.7,377.7,377.7,0
20260108  13:20,377.7,377.7,377.7,377.7,0
20260108  13:21,377.65,377.65,377.55,377.6,3
20260108  13:22,377.6,377.6,377.1,377.15,24
20260108  13:23,377.05,377.05,377.05,377.05,1
20260108  13:24,377.0,377.0,377.0,377.0,2
20260108  13:25,377.0,377.05,376.7,377.05,8
20260108  13:26,377.05,377.05,377.05,377.05,0
20260108  13:27,377.35,377.5,377.3,377.3,7
20260108  13:28,377.25,377.25,376.9,377.0,10
20260108  13:29,377.15,377.25,377.1,377.25,5
20260108  13:30,377.35,377.75,377.35,377.7,10
20260109  10:15,372.35,372.65,371.1,372.25,185
20260109  10:16,372.5,372.9,371.8,371.8,51
20260109  10:17,372.05,372.2,371.5,371.5,14
20260109  10:18,371.4,371.4,367.55,368.5,235
20260109  10:19,368.4,368.9,367.75,368.9,64
20260109  10:20,368.95,369.3,368.7,369.2,31
20260109  10:21,369.3,369.45,368.75,368.95,30
20260109  10:22,369.0,369.05,368.45,368.75,20
20260109  10:23,368.6,369.25,368.6,369.15,9
20260109  10:24,369.25,369.25,369.15,369.15,3
20260109  10:25,369.15,369.45,369.15,369.45,10
20260109  10:26,369.25,369.45,369.1,369.15,17
20260109  10:27,369.45,369.5,369.2,369.2,9
20260109  10:28,369.25,369.35,369.1,369.35,11
20260109  10:29,369.3,369.3,368.5,368.65,19
20260109  10:30,368.55,368.55,367.0,367.0,87
20260109  10:31,366.8,368.0,366.75,366.95,110
20260109  10:32,367.1,367.1,366.25,366.35,43
20260109  10:33,366.35,366.4,365.65,365.85,61
20260109  10:34,366.0,366.15,365.8,366.0,39
20260109  10:35,365.95,366.7,365.95,366.6,52
20260109  10:36,366.35,366.6,366.25,366.45,14
20260109  10:37,366.15,366.25,366.05,366.25,8
20260109  10:38,366.25,366.4,365.65,365.75,44
20260109  10:39,365.7,365.9,365.65,365.85,20
20260109  10:40,365.85,366.0,365.85,366.0,19
20260109  10:41,365.85,366.05,365.8,365.95,33
20260109  10:42,366.15,367.0,366.15,367.0,18
20260109  10:43,366.6,366.85,366.6,366.85,10
20260109  10:44,366.9,367.45,366.9,367.45,30
20260109  10:45,367.45,367.75,367.45,367.75,16
20260109  10:46,367.9,368.3,367.9,368.05,28
20260109  10:47,368.1,368.65,368.1,368.6,25
20260109  10:48,368.35,368.65,368.3,368.45,9
20260109  10:49,368.35,368.95,368.3,368.3,23
20260109  10:50,368.15,368.15,368.1,368.1,3
20260109  10:51,368.25,368.25,368.1,368.25,5
20260109  10:52,368.15,368.3,368.1,368.3,8
20260109  10:53,368.2,368.3,368.05,368.05,6
20260109  10:54,368.45,368.7,368.45,368.65,5
20260109  10:55,368.45,368.45,368.45,368.45,3
20260109  10:56,368.7,368.7,368.5,368.5,5
20260109  10:57,368.45,368.45,368.1,368.35,12
20260109  10:58,368.45,368.65,368.45,368.5,4
20260109  10:59,368.45,368.65,368.45,368.6,18
20260109  11:00,368.7,368.75,368.25,368.45,47
20260109  11:01,368.3,368.3,368.2,368.2,3
20260109  11:02,368.25,368.25,367.6,367.85,37
20260109  11:03,367.8,367.8,367.4,367.55,11
20260109  11:04,367.4,367.45,367.2,367.35,11
20260109  11:05,367.4,367.7,367.35,367.45,17
20260109  11:06,367.4,367.4,367.1,367.1,12
20260109  11:07,367.2,367.3,367.0,367.3,11
20260109  11:08,367.15,367.5,367.15,367.5,5
20260109  11:09,367.5,367.8,367.35,367.35,11
20260109  11:10,367.35,367.5,366.95,367.5,24
20260109  11:11,367.5,367.5,367.5,367.5,0
20260109  11:12,367.2,367.2,366.95,367.1,5
20260109  11:13,367.1,367.3,367.1,367.3,2
20260109  11:14,367.45,367.45,367.45,367.45,1
20260109  11:15,367.55,367.8,367.4,367.7,12
20260109  11:16,367.7,367.8,367.05,367.05,8
20260109  11:17,367.05,367.1,367.05,367.1,5
20260109  11:18,367.0,367.1,367.0,367.1,5
20260109  11:19,367.1,367.1,366.75,366.85,13
20260109  11:20,366.95,366.95,366.75,366.95,7
20260109  11:21,367.0,367.0,366.65,366.65,13
20260109  11:22,366.75,366.8,366.75,366.75,6
20260109  11:23,366.85,367.15,366.85,367.15,8
20260109  11:24,367.1,367.1,366.95,367.0,7
20260109  11:25,367.0,367.0,366.7,366.7,19
20260109  11:26,367.05,367.1,367.05,367.1,2
20260109  11:27,366.9,367.05,366.9,367.05,5
20260109  11:28,366.9,366.95,366.85,366.85,4
20260109  11:29,366.75,366.95,366.6,366.6,23
20260109  11:30,367.0,367.1,367.0,367.1,4
20260109  11:31,367.25,367.25,367.25,367.25,2
20260109  11:32,367.3,367.75,367.1,367.75,8
20260109  11:33,367.7,367.8,367.6,367.8,4
20260109  11:34,367.5,367.55,367.45,367.55,6
20260109  11:35,367.55,367.55,367.55,367.55,0
20260109  11:36,367.6,367.85,367.5,367.85,11
20260109  11:37,367.85,367.85,367.85,367.85,0
20260109  11:38,367.5,367.65,367.2,367.35,19
20260109  11:39,367.4,367.4,367.3,367.3,8
20260109  11:40,367.25,367.3,367.25,367.3,3
20260109  11:41,367.2,367.2,367.2,367.2,2
20260109  11:42,367.2,367.2,366.75,366.75,8
20260109  11:43,366.6,366.95,366.6,366.95,6
20260109  11:44,367.1,367.3,367.1,367.3,4
20260109  11:45,367.4,367.45,367.3,367.3,4
20260109  11:46,367.35,367.45,367.3,367.4,9
20260109  11:47,367.2,367.2,367.1,367.1,4
20260109  11:48,367.25,367.55,367.25,367.3,15
20260109  11:49,367.5,367.6,367.4,367.55,7
20260109  11:50,367.45,367.45,367.45,367.45,1
20260109  11:51,367.45,367.45,367.45,367.45,0
20260109  11:52,367.4,367.9,367.4,367.9,11
20260109  11:53,367.65,367.65,367.55,367.6,3
20260109  11:54,367.35,367.4,367.15,367.2,6
20260109  11:55,367.2,367.2,367.1,367.1,2
20260109  11:56,367.1,367.1,367.1,367.1,0
20260109  11:57,367.25,367.25,367.25,367.25,1
20260109  11:58,367.15,367.25,367.15,367.25,3
20260109  11:59,367.15,367.25,367.05,367.05,3
20260109  12:00,367.35,367.35,367.2,367.25,9
20260109  12:01,367.3,367.3,366.95,367.2,10
20260109  12:02,367.3,367.3,367.3,367.3,1
20260109  12:03,367.4,367.55,367.2,367.4,8
20260109  12:04,367.55,367.75,367.5,367.75,10
20260109  12:05,367.7,367.7,367.3,367.45,27
20260109  12:06,367.45,367.45,367.45,367.45,0
20260109  12:07,367.4,367.8,367.3,367.8,11
20260109  12:08,367.65,368.0,367.65,368.0,13
20260109  12:09,367.8,367.85,367.7,367.85,5
20260109  12:10,367.8,367.85,367.8,367.85,3
20260109  12:11,367.9,367.95,367.9,367.9,3
20260109  12:12,368.1,368.1,367.7,367.75,11
20260109  12:13,367.8,367.8,367.6,367.75,4
20260109  12:14,367.75,367.8,367.75,367.8,2
20260109  12:15,367.95,368.05,367.85,367.95,10
20260109  12:16,368.0,368.1,367.75,368.0,10
20260109  12:17,368.0,368.0,368.0,368.0,1
20260109  12:18,368.0,368.0,367.8,367.9,11
20260109  12:19,368.05,368.05,368.05,368.05,1
20260109  12:20,367.9,367.9,367.75,367.75,3
20260109  12:21,367.6,367.6,367.6,367.6,2
20260109  12:22,367.6,367.8,367.6,367.65,4
20260109  12:23,367.65,367.65,367.65,367.65,0
20260109  12:24,367.7,367.7,367.7,367.7,1
20260109  12:25,367.7,367.7,367.7,367.7,1
20260109  12:26,367.7,367.7,367.7,367.7,0
20260109  12:27,367.55,367.65,367.2,367.3,25
20260109  12:28,367.35,367.4,367.35,367.4,7
20260109  12:29,367.55,367.8,367.5,367.8,6
20260109  12:30,367.85,367.85,367.85,367.85,6
20260109  12:31,367.7,367.85,367.7,367.85,7
20260109  12:32,367.9,367.95,367.8,367.95,5
20260109  12:33,367.65,367.65,367.55,367.55,4
20260109  12:34,367.5,367.7,367.5,367.7,10
20260109  12:35,367.5,367.5,367.5,367.5,2
20260109  12:36,367.5,367.6,367.45,367.45,14
20260109  12:37,367.45,367.45,367.45,367.45,0
20260109  12:38,367.3,367.65,367.3,367.4,29
20260109  12:39,367.5,367.55,367.5,367.5,8
20260109  12:40,367.5,367.5,367.4,367.5,12
20260109  12:41,367.5,367.5,367.4,367.4,4
20260109  12:42,367.55,367.55,367.55,367.55,1
20260109  12:43,367.55,367.55,367.4,367.4,3
20260109  12:44,367.55,367.55,367.55,367.55,1
20260109  12:45,367.4,367.7,367.3,367.65,9
20260109  12:46,367.7,368.15,367.7,368.0,12
20260109  12:47,368.0,368.0,368.0,368.0,0
20260109  12:48,367.75,368.05,367.75,367.8,20
20260109  12:49,367.8,367.8,367.8,367.8,0
20260109  12:50,367.7,367.7,367.7,367.7,2
20260109  12:51,367.7,367.85,367.7,367.85,4
20260109  12:52,367.85,367.85,367.85,367.85,1
20260109  12:53,367.9,367.9,367.85,367.85,2
20260109  12:54,367.85,367.85,367.85,367.85,0
20260109  12:55,367.75,367.75,367.75,367.75,2
20260109  12:56,367.75,367.75,367.75,367.75,0
20260109  12:57,367.6,367.6,367.6,367.6,1
20260109  12:58,367.6,367.6,367.6,367.6,0
20260109  12:59,367.55,367.55,366.8,366.8,31
20260109  13:00,366.95,367.05,366.6,366.65,13
20260109  13:01,366.6,366.7,366.0,366.15,40
20260109  13:02,366.1,366.45,366.05,366.35,16
20260109  13:03,366.15,366.15,365.55,365.9,63
20260109  13:04,365.9,366.1,365.8,366.1,4
20260109  13:05,366.25,366.45,366.2,366.45,4
20260109  13:06,366.65,366.65,366.55,366.55,9
20260109  13:07,366.5,366.5,366.5,366.5,1
20260109  13:08,366.25,366.3,366.2,366.3,3
20260109  13:09,366.3,366.3,366.3,366.3,0
20260109  13:10,366.25,366.25,366.25,366.25,1
20260109  13:11,366.3,366.5,366.3,366.5,9
20260109  13:12,366.6,366.65,366.6,366.65,10
20260109  13:13,366.65,366.65,366.65,366.65,0
20260109  13:14,366.7,366.7,366.65,366.65,3
20260109  13:15,366.8,366.9,366.75,366.75,4
20260109  13:16,366.95,366.95,366.55,366.7,6
20260109  13:17,366.4,366.55,366.4,366.55,11
20260109  13:18,366.5,366.55,366.5,366.55,2
20260109  13:19,366.55,366.55,366.55,366.55,0
20260109  13:20,366.6,366.65,366.6,366.65,2
20260109  13:21,367.0,367.0,366.5,366.5,5
20260109  13:22,366.9,366.9,366.65,366.65,6
20260109  13:23,366.6,366.6,366.3,366.45,12
20260109  13:24,366.4,366.5,366.4,366.5,2
20260109  13:25,366.65,366.95,366.65,366.95,7
20260109  13:26,366.9,367.0,366.85,367.0,6
20260109  13:27,367.1,367.2,367.1,367.15,4
20260109  13:28,367.15,367.15,367.15,367.15,0
20260109  13:29,367.1,367.2,367.1,367.2,6
20260109  13:30,367.25,367.35,367.25,367.35,2
20260112  10:15,357.6,357.65,356.05,356.45,329
20260112  10:16,356.4,356.7,356.4,356.7,29
20260112  10:17,356.8,356.8,356.05,356.3,29
20260112  10:18,356.4,356.45,355.2,355.2,152
20260112  10:19,355.15,355.85,354.85,355.25,140
20260112  10:20,355.45,355.9,355.35,355.4,46
20260112  10:21,355.4,355.55,354.85,355.1,46
20260112  10:22,355.05,355.9,355.0,355.9,46
20260112  10:23,355.8,356.25,355.65,356.05,26
20260112  10:24,356.05,356.05,355.8,356.0,39
20260112  10:25,356.15,357.0,355.85,356.9,65
20260112  10:26,356.6,357.0,356.45,356.85,33
20260112  10:27,356.85,357.6,356.85,357.6,89
20260112  10:28,357.4,357.45,357.15,357.2,34
20260112  10:29,357.05,357.2,356.95,357.15,12
20260112  10:30,357.15,357.2,356.8,357.1,46
20260112  10:31,357.0,357.1,356.8,356.9,11
20260112  10:32,356.95,357.05,356.8,357.05,20
20260112  10:33,357.2,357.45,357.1,357.25,21
20260112  10:34,357.3,357.65,357.1,357.65,65
20260112  10:35,357.6,357.65,357.4,357.55,22
20260112  10:36,357.5,357.9,357.5,357.85,16
20260112  10:37,357.95,357.95,357.8,357.9,33
20260112  10:38,357.95,358.0,357.2,357.2,78
20260112  10:39,357.2,357.55,357.2,357.4,12
20260112  10:40,357.4,357.4,357.4,357.4,1
20260112  10:41,357.7,357.85,357.65,357.65,6
20260112  10:42,357.7,357.95,357.6,357.6,17
20260112  10:43,357.55,357.55,357.4,357.4,6
20260112  10:44,357.6,357.75,357.5,357.75,10
20260112  10:45,357.8,357.8,357.8,357.8,1
20260112  10:46,357.8,357.95,357.8,357.85,11
20260112  10:47,357.85,358.3,357.85,358.2,52
20260112  10:48,358.25,358.7,358.25,358.5,47
20260112  10:49,358.5,358.5,358.2,358.2,19
20260112  10:50,358.2,358.2,357.75,357.75,15
20260112  10:51,357.8,357.8,357.6,357.8,7
20260112  10:52,357.75,357.9,357.75,357.8,4
20260112  10:53,357.55,357.55,357.4,357.4,6
20260112  10:54,357.6,357.75,357.55,357.65,9
20260112  10:55,357.65,357.65,357.5,357.5,2
20260112  10:56,357.5,357.5,357.5,357.5,0
20260112  10:57,357.55,357.65,357.55,357.65,5
20260112  10:58,357.65,357.65,357.65,357.65,0
20260112  10:59,357.8,357.8,357.8,357.8,2
20260112  11:00,358.0,358.15,358.0,358.15,3
20260112  11:01,358.15,358.65,358.15,358.55,18
20260112  11:02,358.55,358.55,358.4,358.4,7
20260112  11:03,358.45,358.45,358.4,358.45,4
20260112  11:04,358.25,358.75,358.25,358.7,12
20260112  11:05,358.75,358.75,358.4,358.4,12
20260112  11:06,358.55,358.55,358.4,358.4,5
20260112  11:07,358.6,358.6,358.6,358.6,1
20260112  11:08,358.5,358.55,358.45,358.45,4
20260112  11:09,358.45,358.55,358.35,358.35,10
20260112  11:10,358.35,358.35,358.35,358.35,3
20260112  11:11,358.3,358.55,358.3,358.45,7
20260112  11:12,358.45,358.55,358.4,358.5,12
20260112  11:13,358.45,358.45,358.35,358.45,6
20260112  11:14,358.5,358.5,358.2,358.2,7
20260112  11:15,358.4,358.4,358.4,358.4,1
20260112  11:16,358.55,358.6,358.35,358.6,6
20260112  11:17,358.75,358.85,358.75,358.75,7
20260112  11:18,358.6,358.6,358.6,358.6,1
20260112  11:19,358.55,358.55,358.25,358.25,9
20260112  11:20,358.25,358.25,358.25,358.25,2
20260112  11:21,358.35,358.35,358.25,358.3,9
20260112  11:22,358.35,358.4,358.3,358.4,7
20260112  11:23,358.4,358.4,358.3,358.3,5
20260112  11:24,358.35,358.35,358.1,358.1,9
20260112  11:25,358.1,358.1,358.1,358.1,1
20260112  11:26,358.2,358.3,358.2,358.3,2
20260112  11:27,358.15,358.2,357.9,357.9,12
20260112  11:28,357.9,357.9,357.75,357.9,13
20260112  11:29,357.9,357.9,357.8,357.8,5
20260112  11:30,357.8,357.85,357.65,357.8,20
20260112  11:31,357.95,358.1,357.95,358.1,3
20260112  11:32,358.05,358.35,358.05,358.3,15
20260112  11:33,358.1,358.1,358.1,358.1,1
20260112  11:34,358.1,358.1,358.1,358.1,0
20260112  11:35,358.05,358.1,358.0,358.0,7
20260112  11:36,357.9,357.9,357.9,357.9,2
20260112  11:37,357.95,358.8,357.9,358.7,45
20260112  11:38,358.5,358.5,358.5,358.5,3
20260112  11:39,358.55,358.6,358.55,358.6,2
20260112  11:40,358.55,358.55,358.2,358.2,6
20260112  11:41,358.2,358.2,358.2,358.2,0
20260112  11:42,358.2,358.2,358.2,358.2,0
20260112  11:43,358.2,358.2,358.2,358.2,0
20260112  11:44,357.9,357.9,357.65,357.65,15
20260112  11:45,357.65,357.7,357.6,357.7,14
20260112  11:46,357.7,357.7,357.5,357.5,3
20260112  11:47,357.45,357.45,357.1,357.2,11
20260112  11:48,357.3,357.35,357.3,357.35,4
20260112  11:49,357.55,357.65,357.55,357.55,5
20260112  11:50,357.6,357.85,357.6,357.7,5
20260112  11:51,357.65,357.65,357.65,357.65,1
20260112  11:52,357.65,357.65,357.65,357.65,0
20260112  11:53,357.9,357.95,357.75,357.75,5
20260112  11:54,357.85,357.85,357.7,357.7,2
20260112  11:55,357.8,357.95,357.8,357.95,6
20260112  11:56,357.85,357.95,357.85,357.95,5
20260112  11:57,357.95,358.2,357.95,358.2,9
20260112  11:58,358.2,358.25,358.1,358.1,3
20260112  11:59,358.25,358.4,358.2,358.2,13
20260112  12:00,358.2,358.2,357.55,357.9,39
20260112  12:01,358.0,358.0,357.7,357.95,16
20260112  12:02,357.95,357.95,357.65,357.75,26
20260112  12:03,357.65,357.65,357.5,357.5,3
20260112  12:04,357.4,357.9,357.35,357.9,23
20260112  12:05,357.8,357.85,357.35,357.45,14
20260112  12:06,357.6,357.7,357.6,357.6,9
20260112  12:07,357.4,357.6,357.4,357.4,9
20260112  12:08,357.4,357.65,357.4,357.65,28
20260112  12:09,357.8,357.8,357.2,357.25,21
20260112  12:10,357.1,357.4,357.1,357.3,20
20260112  12:11,357.25,357.35,357.1,357.2,8
20260112  12:12,357.35,357.55,357.35,357.45,6
20260112  12:13,357.45,357.45,357.4,357.45,3
20260112  12:14,357.45,357.45,357.1,357.2,23
20260112  12:15,357.3,357.45,357.3,357.45,4
20260112  12:16,357.4,357.4,357.25,357.25,3
20260112  12:17,357.35,357.45,357.35,357.45,2
20260112  12:18,357.3,357.3,357.1,357.1,14
20260112  12:19,357.35,357.45,357.1,357.1,11
20260112  12:20,357.05,357.25,356.95,357.2,15
20260112  12:21,357.4,357.85,357.4,357.85,40
20260112  12:22,357.8,357.8,357.65,357.65,9
20260112  12:23,357.5,357.5,357.5,357.5,2
20260112  12:24,357.8,357.8,357.7,357.8,4
20260112  12:25,357.65,357.65,357.5,357.5,4
20260112  12:26,357.5,357.5,357.5,357.5,0
20260112  12:27,357.75,358.15,357.75,357.9,15
20260112  12:28,358.15,358.15,358.15,358.15,2
20260112  12:29,358.15,358.15,358.1,358.1,3
20260112  12:30,358.1,358.1,358.1,358.1,0
20260112  12:31,358.0,358.15,358.0,358.15,3
20260112  12:32,358.3,358.3,358.05,358.05,2
20260112  12:33,357.9,358.1,357.9,357.95,11
20260112  12:34,358.05,358.05,357.8,357.9,6
20260112  12:35,357.75,357.75,357.65,357.65,5
20260112  12:36,357.7,357.75,357.7,357.75,3
20260112  12:37,357.75,357.75,357.75,357.75,0
20260112  12:38,357.65,357.65,357.65,357.65,2
20260112  12:39,357.65,357.65,357.55,357.55,6
20260112  12:40,357.6,357.65,357.6,357.65,2
20260112  12:41,357.65,357.65,357.55,357.55,6
20260112  12:42,357.4,357.4,357.2,357.25,21
20260112  12:43,357.25,357.25,357.25,357.25,0
20260112  12:44,357.2,357.25,357.2,357.2,3
20260112  12:45,357.2,357.2,357.2,357.2,0
20260112  12:46,357.55,357.55,357.55,357.55,2
20260112  12:47,357.6,357.6,357.45,357.45,2
20260112  12:48,357.5,357.6,357.5,357.6,4
20260112  12:49,357.5,357.5,357.4,357.4,3
20260112  12:50,357.4,357.4,357.4,357.4,0
20260112  12:51,357.4,357.4,357.4,357.4,0
20260112  12:52,357.45,357.45,357.4,357.45,5
20260112  12:53,357.45,357.45,357.25,357.25,10
20260112  12:54,357.3,357.3,357.3,357.3,2
20260112  12:55,357.25,357.25,357.2,357.2,2
20260112  12:56,357.25,357.65,357.25,357.65,14
20260112  12:57,357.85,357.85,357.7,357.8,5
20260112  12:58,357.9,358.0,357.75,358.0,9
20260112  12:59,357.95,357.95,357.9,357.9,3
20260112  13:00,358.05,358.05,358.05,358.05,1
20260112  13:01,357.6,357.6,357.45,357.45,2
20260112  13:02,357.45,357.45,357.4,357.4,3
20260112  13:03,357.55,357.55,357.55,357.55,1
20260112  13:04,357.55,357.55,357.55,357.55,1
20260112  13:05,357.35,357.5,357.35,357.5,6
20260112  13:06,357.35,357.35,357.25,357.25,2
20260112  13:07,357.35,357.35,357.35,357.35,1
20260112  13:08,357.35,357.35,357.35,357.35,0
20260112  13:09,357.3,357.3,357.3,357.3,1
20260112  13:10,357.25,357.25,356.8,356.8,45
20260112  13:11,356.9,356.9,356.35,356.35,16
20260112  13:12,356.35,356.4,356.0,356.15,22
20260112  13:13,356.25,356.55,356.25,356.35,12
20260112  13:14,356.45,356.45,356.3,356.3,9
20260112  13:15,356.45,356.7,356.45,356.65,34
20260112  13:16,356.65,356.95,356.65,356.95,4
20260112  13:17,356.85,356.85,356.7,356.8,9
20260112  13:18,356.75,356.85,356.75,356.85,3
20260112  13:19,356.8,356.8,356.55,356.55,8
20260112  13:20,356.7,356.7,356.4,356.4,19
20260112  13:21,356.35,356.6,356.35,356.6,6
20260112  13:22,356.45,356.45,356.45,356.45,1
20260112  13:23,356.45,356.75,356.45,356.6,5
20260112  13:24,356.6,356.6,356.25,356.25,9
20260112  13:25,356.2,356.4,356.2,356.25,6
20260112  13:26,356.25,356.45,356.25,356.35,4
20260112  13:27,356.45,356.7,356.4,356.4,29
20260112  13:28,356.6,356.65,356.6,356.6,4
20260112  13:29,356.55,356.55,356.55,356.55,1
20260112  13:30,356.7,356.85,356.7,356.8,7
20260113  10:15,359.05,359.95,358.2,358.95,264
20260113  10:16,358.95,359.15,358.4,359.15,48
20260113  10:17,359.25,359.5,358.75,358.75,36
20260113  10:18,358.9,358.9,358.4,358.85,36
20260113  10:19,358.7,359.0,358.5,358.85,27
20260113  10:20,358.85,358.85,358.85,358.85,0
20260113  10:21,358.55,358.65,358.5,358.6,32
20260113  10:22,358.55,358.55,358.4,358.4,6
20260113  10:23,358.4,358.4,358.0,358.15,11
20260113  10:24,358.1,358.55,358.0,358.55,18
20260113  10:25,358.35,358.4,358.3,358.35,6
20260113  10:26,358.2,358.25,358.2,358.25,4
20260113  10:27,358.2,358.55,358.2,358.55,14
20260113  10:28,358.7,358.7,358.5,358.65,11
20260113  10:29,358.65,358.75,358.55,358.6,12
20260113  10:30,358.55,358.65,358.35,358.35,11
20260113  10:31,358.35,358.55,358.25,358.55,10
20260113  10:32,358.55,358.8,358.55,358.7,13
20260113  10:33,358.8,358.85,358.8,358.85,6
20260113  10:34,358.85,358.85,358.65,358.65,8
20260113  10:35,358.6,358.6,358.55,358.55,3
20260113  10:36,358.35,358.35,358.35,358.35,2
20260113  10:37,358.45,358.65,358.45,358.5,19
20260113  10:38,358.65,358.7,358.4,358.4,8
20260113  10:39,358.35,358.55,358.25,358.45,15
20260113  10:40,358.4,358.65,358.4,358.65,5
20260113  10:41,358.55,358.55,358.4,358.4,5
20260113  10:42,358.4,358.45,358.3,358.45,11
20260113  10:43,358.45,358.55,358.3,358.3,5
20260113  10:44,358.35,358.4,358.35,358.4,2
20260113  10:45,358.35,358.55,358.35,358.55,8
20260113  10:46,358.55,358.55,358.55,358.55,0
20260113  10:47,358.5,358.6,358.5,358.6,5
20260113  10:48,358.5,358.5,358.35,358.35,4
20260113  10:49,358.35,358.35,358.15,358.15,4
20260113  10:50,358.0,358.05,357.55,357.55,14
20260113  10:51,357.5,357.75,357.5,357.75,18
20260113  10:52,357.85,357.85,357.85,357.85,1
20260113  10:53,358.1,358.55,358.1,358.3,27
20260113  10:54,358.2,358.25,358.0,358.0,4
20260113  10:55,358.0,358.1,358.0,358.1,3
20260113  10:56,358.2,358.2,358.15,358.15,3
20260113  10:57,358.3,358.3,358.3,358.3,3
20260113  10:58,358.15,358.15,358.15,358.15,1
20260113  10:59,358.15,358.15,358.15,358.15,0
20260113  11:00,358.45,358.45,358.35,358.4,9
20260113  11:01,358.35,358.5,358.35,358.5,3
20260113  11:02,358.6,358.6,358.6,358.6,3
20260113  11:03,358.65,358.9,358.65,358.7,13
20260113  11:04,358.8,358.8,358.55,358.55,4
20260113  11:05,358.45,358.45,358.35,358.35,3
20260113  11:06,358.35,358.75,358.35,358.75,11
20260113  11:07,358.75,358.75,358.4,358.4,6
20260113  11:08,358.5,358.5,358.3,358.35,7
20260113  11:09,358.55,358.55,358.55,358.55,1
20260113  11:10,358.7,358.7,358.7,358.7,1
20260113  11:11,358.7,358.7,358.55,358.6,11
20260113  11:12,358.8,358.8,358.7,358.7,2
20260113  11:13,358.4,358.5,358.4,358.45,5
20260113  11:14,358.45,358.45,358.3,358.3,8
20260113  11:15,358.25,358.85,358.15,358.65,22
20260113  11:16,358.55,358.9,358.55,358.9,21
20260113  11:17,358.85,359.15,358.8,358.95,28
20260113  11:18,359.0,359.45,359.0,359.45,16
20260113  11:19,359.5,359.85,359.35,359.35,19
20260113  11:20,359.25,359.95,359.15,359.85,34
20260113  11:21,359.95,360.0,359.65,359.7,41
20260113  11:22,359.65,359.65,359.65,359.65,1
20260113  11:23,359.55,359.55,358.85,358.9,9
20260113  11:24,358.9,359.1,358.7,358.7,15
20260113  11:25,358.95,359.0,358.65,358.75,15
20260113  11:26,358.65,358.85,358.65,358.85,12
20260113  11:27,358.9,359.0,358.9,359.0,4
20260113  11:28,359.1,359.1,358.85,358.9,10
20260113  11:29,358.9,358.9,358.8,358.8,4
20260113  11:30,358.85,359.1,358.85,359.1,5
20260113  11:31,359.1,359.1,358.95,359.05,4
20260113  11:32,359.2,359.25,359.05,359.2,5
20260113  11:33,359.1,359.2,359.0,359.05,14
20260113  11:34,359.15,359.15,359.15,359.15,1
20260113  11:35,359.2,359.25,359.15,359.15,7
20260113  11:36,359.1,359.35,359.05,359.3,17
20260113  11:37,359.1,359.1,358.8,359.1,13
20260113  11:38,359.0,359.0,358.8,358.9,9
20260113  11:39,358.75,358.85,358.7,358.7,4
20260113  11:40,358.8,358.8,358.7,358.7,2
20260113  11:41,358.7,358.85,358.65,358.8,9
20260113  11:42,358.65,358.85,358.65,358.85,7
20260113  11:43,358.95,358.95,358.9,358.9,3
20260113  11:44,358.85,358.85,358.75,358.8,4
20260113  11:45,358.85,358.95,358.75,358.95,8
20260113  11:46,358.95,358.95,358.95,358.95,0
20260113  11:47,359.15,359.2,359.15,359.2,3
20260113  11:48,359.3,359.8,359.3,359.8,14
20260113  11:49,359.6,359.65,359.5,359.65,4
20260113  11:50,359.55,359.6,359.55,359.6,3
20260113  11:51,359.6,359.8,359.6,359.8,13
20260113  11:52,359.8,359.9,359.7,359.8,8
20260113  11:53,359.85,359.9,359.7,359.7,10
20260113  11:54,359.7,359.75,359.6,359.75,10
20260113  11:55,359.75,359.75,359.5,359.5,11
20260113  11:56,359.5,359.65,359.3,359.3,27
20260113  11:57,359.35,359.4,359.35,359.4,4
20260113  11:58,359.75,359.85,359.75,359.8,8
20260113  11:59,359.7,360.2,359.6,360.05,51
20260113  12:00,360.1,361.45,360.1,361.45,119
20260113  12:01,361.4,361.65,361.35,361.65,55
20260113  12:02,361.7,361.7,361.1,361.25,24
20260113  12:03,361.1,361.25,361.1,361.1,7
20260113  12:04,361.2,361.2,360.65,360.85,39
20260113  12:05,360.95,361.25,360.95,361.1,29
20260113  12:06,361.15,362.05,361.15,361.65,46
20260113  12:07,361.5,361.5,361.3,361.35,9
20260113  12:08,361.3,362.0,361.25,361.95,19
20260113  12:09,361.7,361.8,361.5,361.7,6
20260113  12:10,361.7,361.7,361.7,361.7,1
20260113  12:11,361.7,361.85,361.1,361.2,31
20260113  12:12,361.45,361.6,361.45,361.45,5
20260113  12:13,361.4,361.75,361.4,361.75,9
20260113  12:14,361.8,361.8,361.7,361.7,6
20260113  12:15,361.5,361.7,361.4,361.5,10
20260113  12:16,361.45,361.55,361.45,361.5,5
20260113  12:17,361.5,361.5,361.5,361.5,1
20260113  12:18,361.45,361.45,361.15,361.25,15
20260113  12:19,361.05,361.05,361.05,361.05,2
20260113  12:20,360.8,360.85,360.7,360.8,7
20260113  12:21,360.9,361.0,360.9,361.0,3
20260113  12:22,360.9,361.0,360.9,361.0,2
20260113  12:23,361.0,361.0,360.45,360.55,11
20260113  12:24,360.45,360.45,360.4,360.45,6
20260113  12:25,360.55,360.7,360.3,360.3,12
20260113  12:26,360.3,360.35,360.25,360.25,7
20260113  12:27,360.1,360.35,360.1,360.35,11
20260113  12:28,360.25,360.25,359.95,360.1,5
20260113  12:29,360.1,360.25,360.1,360.25,6
20260113  12:30,360.3,360.4,360.3,360.35,7
20260113  12:31,360.65,360.65,360.65,360.65,2
20260113  12:32,360.8,360.85,360.7,360.85,10
20260113  12:33,360.85,360.95,360.75,360.95,11
20260113  12:34,361.0,361.2,361.0,361.15,5
20260113  12:35,361.1,361.25,360.9,361.25,13
20260113  12:36,361.4,361.65,361.3,361.45,11
20260113  12:37,361.35,361.35,361.35,361.35,1
20260113  12:38,361.5,361.5,361.35,361.35,10
20260113  12:39,361.05,361.05,361.0,361.05,8
20260113  12:40,361.0,361.15,361.0,361.15,2
20260113  12:41,361.2,361.2,361.15,361.15,3
20260113  12:42,361.1,361.1,360.95,361.1,12
20260113  12:43,361.15,361.15,361.15,361.15,1
20260113  12:44,361.2,361.2,360.85,361.0,21
20260113  12:45,361.05,361.2,361.05,361.2,2
20260113  12:46,361.2,361.4,361.0,361.4,17
20260113  12:47,361.4,361.6,361.4,361.6,4
20260113  12:48,361.5,361.55,361.45,361.45,4
20260113  12:49,361.4,361.4,361.3,361.3,6
20260113  12:50,361.35,361.35,361.35,361.35,1
20260113  12:51,361.35,361.5,361.2,361.5,18
20260113  12:52,361.5,361.8,361.45,361.8,14
20260113  12:53,361.85,361.85,361.55,361.55,4
20260113  12:54,361.65,361.85,361.65,361.7,13
20260113  12:55,361.7,361.7,361.65,361.7,5
20260113  12:56,361.7,361.7,361.7,361.7,0
20260113  12:57,361.75,361.95,361.75,361.95,42
20260113  12:58,361.95,362.45,361.95,362.3,106
20260113  12:59,362.2,362.2,361.75,361.75,8
20260113  13:00,361.8,361.85,361.75,361.85,5
20260113  13:01,361.7,361.9,361.7,361.9,6
20260113  13:02,361.95,362.4,361.9,362.4,18
20260113  13:03,362.4,362.45,362.05,362.15,9
20260113  13:04,362.05,362.05,362.05,362.05,1
20260113  13:05,362.0,362.0,361.8,361.8,9
20260113  13:06,361.6,361.7,361.45,361.45,11
20260113  13:07,361.65,361.65,361.5,361.5,7
20260113  13:08,361.55,361.7,361.55,361.7,4
20260113  13:09,361.75,361.75,361.75,361.75,2
20260113  13:10,362.0,362.0,362.0,362.0,1
20260113  13:11,362.05,362.05,362.0,362.05,8
20260113  13:12,362.05,362.05,362.05,362.05,0
20260113  13:13,362.25,362.45,362.25,362.35,16
20260113  13:14,362.4,362.55,362.35,362.55,12
20260113  13:15,362.55,362.8,362.2,362.8,31
20260113  13:16,362.75,362.85,362.5,362.55,14
20260113  13:17,362.45,362.5,362.3,362.5,10
20260113  13:18,362.25,362.25,362.1,362.1,5
20260113  13:19,362.1,362.1,362.1,362.1,0
20260113  13:20,362.15,362.25,362.15,362.2,5
20260113  13:21,362.25,362.25,361.95,361.95,8
20260113  13:22,361.8,361.8,361.5,361.5,26
20260113  13:23,361.55,362.2,361.45,362.1,25
20260113  13:24,362.0,362.0,362.0,362.0,2
20260113  13:25,362.05,362.25,361.9,361.9,11
20260113  13:26,361.8,362.35,361.8,362.0,16
20260113  13:27,362.0,362.0,361.55,361.65,29
20260113  13:28,361.55,361.55,361.45,361.45,6
20260113  13:29,361.55,361.75,361.55,361.75,11
20260113  13:30,361.8,361.8,361.8,361.8,2
20260114  10:15,362.85,363.2,362.2,362.6,154
20260114  10:16,362.75,363.1,362.5,363.1,17
20260114  10:17,363.2,363.2,361.7,362.15,41
20260114  10:18,361.7,362.2,361.5,362.2,11
20260114  10:19,362.5,362.5,362.05,362.05,12
20260114  10:20,362.25,362.3,362.1,362.15,6
20260114  10:21,362.15,362.5,362.1,362.1,9
20260114  10:22,362.3,362.7,362.25,362.6,12
20260114  10:23,362.6,362.7,362.3,362.3,15
20260114  10:24,362.35,362.35,362.0,362.05,11
20260114  10:25,362.2,362.25,362.1,362.15,7
20260114  10:26,362.15,362.15,362.15,362.15,0
20260114  10:27,361.95,362.8,361.95,362.45,17
20260114  10:28,362.45,362.9,362.45,362.65,8
20260114  10:29,362.75,362.8,362.4,362.45,45
20260114  10:30,362.35,362.55,362.0,362.1,18
20260114  10:31,361.95,362.1,361.4,362.1,38
20260114  10:32,362.35,362.45,362.2,362.4,10
20260114  10:33,362.3,362.5,362.25,362.5,8
20260114  10:34,362.5,362.65,362.5,362.65,2
20260114  10:35,362.65,362.65,362.3,362.3,3
20260114  10:36,362.45,362.55,362.45,362.55,5
20260114  10:37,362.5,362.8,362.5,362.8,8
20260114  10:38,362.45,362.5,362.35,362.35,8
20260114  10:39,362.55,362.75,362.55,362.75,6
20260114  10:40,362.7,362.8,362.2,362.2,8
20260114  10:41,362.25,362.25,362.15,362.15,2
20260114  10:42,362.05,362.2,362.05,362.2,5
20260114  10:43,362.45,362.45,362.45,362.45,1
20260114  10:44,362.45,362.45,362.45,362.45,0
20260114  10:45,362.55,362.55,362.25,362.45,6
20260114  10:46,362.6,362.6,362.4,362.5,6
20260114  10:47,362.3,362.3,362.3,362.3,1
20260114  10:48,362.2,362.35,362.2,362.35,2
20260114  10:49,362.45,362.45,362.45,362.45,1
20260114  10:50,362.4,362.4,362.4,362.4,1
20260114  10:51,362.45,362.45,362.45,362.45,1
20260114  10:52,362.55,363.35,362.55,363.15,17
20260114  10:53,363.1,363.1,362.6,362.6,26
20260114  10:54,362.6,362.6,362.6,362.6,3
20260114  10:55,362.6,362.6,362.5,362.5,3
20260114  10:56,362.45,362.5,362.35,362.35,7
20260114  10:57,362.35,362.6,362.35,362.55,8
20260114  10:58,362.45,362.5,362.45,362.5,2
20260114  10:59,362.65,362.65,362.55,362.55,2
20260114  11:00,362.5,362.6,362.5,362.5,5
20260114  11:01,362.4,362.65,362.4,362.65,3
20260114  11:02,362.75,362.75,362.7,362.7,3
20260114  11:03,362.65,362.65,362.5,362.6,12
20260114  11:04,362.45,362.45,362.35,362.4,8
20260114  11:05,362.45,362.6,362.45,362.6,3
20260114  11:06,362.6,362.8,362.6,362.8,7
20260114  11:07,362.85,363.0,362.8,363.0,23
20260114  11:08,363.05,363.05,362.75,362.75,5
20260114  11:09,362.9,363.25,362.9,363.25,15
20260114  11:10,363.0,363.0,363.0,363.0,3
20260114  11:11,362.85,363.1,362.85,363.1,5
20260114  11:12,363.2,363.35,363.2,363.2,10
20260114  11:13,363.05,363.05,363.0,363.0,3
20260114  11:14,363.0,363.0,363.0,363.0,0
20260114  11:15,363.1,363.1,361.9,361.95,51
20260114  11:16,362.05,362.05,362.05,362.05,1
20260114  11:17,362.25,362.35,362.2,362.2,4
20260114  11:18,362.05,362.05,361.95,361.95,4
20260114  11:19,361.95,361.95,361.85,361.85,5
20260114  11:20,361.85,361.85,361.65,361.65,3
20260114  11:21,361.8,362.0,361.8,362.0,6
20260114  11:22,361.95,361.95,361.75,361.75,9
20260114  11:23,361.55,361.6,361.25,361.4,8
20260114  11:24,361.4,361.6,361.0,361.0,11
20260114  11:25,360.85,360.9,360.85,360.9,4
20260114  11:26,361.0,361.0,361.0,361.0,1
20260114  11:27,360.75,360.95,360.75,360.95,3
20260114  11:28,360.95,361.0,360.8,361.0,9
20260114  11:29,361.0,361.0,361.0,361.0,0
20260114  11:30,360.95,360.95,360.6,360.6,12
20260114  11:31,360.65,360.95,360.65,360.9,10
20260114  11:32,360.9,360.9,360.3,360.35,14
20260114  11:33,360.35,360.5,360.2,360.25,25
20260114  11:34,360.35,360.45,360.35,360.45,2
20260114  11:35,360.45,360.45,360.45,360.45,0
20260114  11:36,360.45,360.45,360.45,360.45,0
20260114  11:37,360.45,360.45,360.45,360.45,1
20260114  11:38,360.4,360.45,360.1,360.25,16
20260114  11:39,360.05,360.25,360.05,360.25,12
20260114  11:40,360.15,360.4,360.15,360.2,8
20260114  11:41,360.05,360.05,359.25,359.5,33
20260114  11:42,359.35,359.65,359.3,359.45,21
20260114  11:43,359.5,359.5,359.5,359.5,1
20260114  11:44,359.4,359.5,359.1,359.2,20
20260114  11:45,359.1,359.4,359.05,359.3,19
20260114  11:46,359.45,359.65,359.45,359.65,6
20260114  11:47,359.65,359.65,359.65,359.65,0
20260114  11:48,359.55,359.7,359.55,359.7,4
20260114  11:49,359.7,359.7,359.45,359.45,2
20260114  11:50,359.55,360.3,359.55,360.15,61
20260114  11:51,360.15,360.15,359.95,360.05,20
20260114  11:52,360.05,360.05,360.05,360.05,0
20260114  11:53,359.7,360.1,359.7,360.0,34
20260114  11:54,360.05,360.05,360.05,360.05,6
20260114  11:55,360.0,360.15,360.0,360.1,8
20260114  11:56,360.2,360.4,360.2,360.4,5
20260114  11:57,360.45,360.45,360.25,360.25,7
20260114  11:58,360.1,360.3,360.05,360.3,15
20260114  11:59,360.2,360.2,359.8,359.8,9
20260114  12:00,359.85,359.9,359.8,359.9,9
20260114  12:01,359.85,360.0,359.85,359.9,13
20260114  12:02,360.25,360.25,360.2,360.2,4
20260114  12:03,360.35,360.45,360.35,360.45,5
20260114  12:04,360.4,360.4,360.05,360.05,8
20260114  12:05,360.2,360.4,360.2,360.4,3
20260114  12:06,360.55,360.55,360.45,360.5,7
20260114  12:07,360.5,360.5,360.5,360.5,2
20260114  12:08,360.6,360.7,360.55,360.7,8
20260114  12:09,360.6,360.6,360.55,360.55,5
20260114  12:10,360.4,360.5,360.4,360.5,3
20260114  12:11,360.45,360.6,360.45,360.6,6
20260114  12:12,360.8,360.85,360.75,360.75,8
20260114  12:13,360.8,361.0,360.8,361.0,28
20260114  12:14,361.0,361.0,360.65,360.65,19
20260114  12:15,360.8,360.8,360.15,360.2,10
20260114  12:16,360.2,360.2,360.2,360.2,1
20260114  12:17,360.2,360.25,360.2,360.25,4
20260114  12:18,360.3,360.45,360.3,360.45,3
20260114  12:19,360.45,360.45,360.4,360.45,4
20260114  12:20,360.4,360.4,360.35,360.35,5
20260114  12:21,360.45,360.65,360.4,360.4,13
20260114  12:22,360.2,360.4,360.2,360.4,5
20260114  12:23,360.4,360.45,360.25,360.4,4
20260114  12:24,360.4,360.4,360.4,360.4,0
20260114  12:25,360.3,360.4,360.3,360.4,5
20260114  12:26,360.4,360.4,360.4,360.4,0
20260114  12:27,360.45,360.45,360.45,360.45,1
20260114  12:28,360.55,360.7,360.55,360.55,3
20260114  12:29,360.55,360.55,360.55,360.55,0
20260114  12:30,360.75,360.8,360.6,360.8,9
20260114  12:31,360.75,360.85,360.75,360.75,7
20260114  12:32,360.75,360.75,360.75,360.75,1
20260114  12:33,360.75,360.75,360.75,360.75,2
20260114  12:34,360.75,360.75,360.75,360.75,0
20260114  12:35,360.8,360.8,360.8,360.8,1
20260114  12:36,360.85,360.9,360.85,360.9,2
20260114  12:37,360.8,360.95,360.8,360.95,9
20260114  12:38,360.9,360.95,360.85,360.95,4
20260114  12:39,360.85,360.85,360.05,360.25,37
20260114  12:40,360.25,360.25,360.25,360.25,0
20260114  12:41,360.6,360.6,360.6,360.6,2
20260114  12:42,360.6,360.6,360.6,360.6,0
20260114  12:43,360.65,360.7,360.6,360.65,13
20260114  12:44,360.6,360.6,360.6,360.6,1
20260114  12:45,360.55,360.55,360.55,360.55,1
20260114  12:46,360.65,360.7,360.65,360.7,3
20260114  12:47,360.8,360.9,360.8,360.9,2
20260114  12:48,360.9,361.0,360.9,360.95,7
20260114  12:49,360.9,360.9,360.85,360.85,9
20260114  12:50,360.75,360.75,360.65,360.7,3
20260114  12:51,360.65,360.95,360.65,360.95,11
20260114  12:52,361.0,361.4,361.0,361.2,7
20260114  12:53,361.35,361.35,361.3,361.3,2
20260114  12:54,361.3,361.6,361.3,361.5,26
20260114  12:55,361.6,361.75,361.6,361.75,3
20260114  12:56,361.8,362.2,361.8,362.0,62
20260114  12:57,361.95,362.0,361.95,362.0,3
20260114  12:58,361.95,361.95,361.9,361.9,3
20260114  12:59,361.95,361.95,361.95,361.95,1
20260114  13:00,362.2,362.2,362.05,362.05,9
20260114  13:01,362.2,362.2,362.2,362.2,4
20260114  13:02,362.25,362.25,362.05,362.05,9
20260114  13:03,362.0,362.0,361.7,361.7,5
20260114  13:04,361.55,361.55,361.45,361.45,2
20260114  13:05,361.45,361.45,361.45,361.45,1
20260114  13:06,361.45,361.65,361.3,361.65,6
20260114  13:07,361.4,361.45,361.4,361.45,2
20260114  13:08,361.5,361.5,361.35,361.35,4
20260114  13:09,361.35,361.45,361.25,361.45,7
20260114  13:10,361.6,361.85,361.55,361.85,12
20260114  13:11,361.95,362.1,361.85,361.85,10
20260114  13:12,361.8,361.8,361.25,361.3,13
20260114  13:13,361.3,361.3,361.3,361.3,1
20260114  13:14,361.3,361.3,361.3,361.3,0
20260114  13:15,361.2,361.2,360.9,361.1,6
20260114  13:16,361.0,361.0,360.85,360.9,7
20260114  13:17,360.75,360.85,360.4,360.6,16
20260114  13:18,360.6,360.8,360.6,360.8,5
20260114  13:19,360.7,360.7,360.7,360.7,2
20260114  13:20,360.75,360.75,360.75,360.75,1
20260114  13:21,360.75,360.75,360.7,360.7,2
20260114  13:22,360.75,360.85,360.7,360.8,8
20260114  13:23,360.75,361.1,360.7,361.1,11
20260114  13:24,361.1,361.55,361.0,361.45,27
20260114  13:25,361.45,361.45,361.45,361.45,0
20260114  13:26,361.2,361.45,361.15,361.35,13
20260114  13:27,361.35,361.4,361.35,361.4,2
20260114  13:28,361.15,361.15,360.85,361.1,8
20260114  13:29,361.2,361.2,360.85,360.9,15
20260114  13:30,361.05,361.05,361.05,361.05,1
20260115  10:15,355.9,355.95,354.8,355.0,65
20260115  10:16,355.0,355.0,354.4,354.4,39
20260115  10:17,354.7,354.85,354.5,354.55,11
20260115  10:18,354.6,354.6,354.4,354.5,9
20260115  10:19,354.7,354.75,354.65,354.75,7
20260115  10:20,354.65,354.7,354.15,354.25,29
20260115  10:21,354.35,354.7,354.35,354.35,17
20260115  10:22,354.15,354.15,353.75,353.8,86
20260115  10:23,353.9,354.05,353.05,353.4,150
20260115  10:24,353.35,353.65,353.35,353.55,15
20260115  10:25,353.7,353.9,353.7,353.75,7
20260115  10:26,353.9,354.05,353.6,353.6,6
20260115  10:27,353.6,353.7,353.45,353.45,7
20260115  10:28,353.5,353.8,353.5,353.7,10
20260115  10:29,353.8,354.3,353.8,354.05,6
20260115  10:30,353.9,354.1,353.9,354.05,8
20260115  10:31,353.75,353.85,353.65,353.65,11
20260115  10:32,353.55,353.75,353.35,353.35,14
20260115  10:33,353.4,353.7,353.05,353.7,34
20260115  10:34,353.6,354.05,353.5,354.0,33
20260115  10:35,354.15,354.3,354.15,354.3,11
20260115  10:36,354.0,354.05,354.0,354.05,2
20260115  10:37,353.85,354.3,353.85,353.9,8
20260115  10:38,354.0,354.3,353.9,353.95,12
20260115  10:39,354.05,354.05,354.05,354.05,2
20260115  10:40,353.75,353.8,353.65,353.65,6
20260115  10:41,353.65,353.8,353.65,353.8,3
20260115  10:42,353.85,353.85,353.85,353.85,1
20260115  10:43,353.95,354.1,353.95,354.05,7
20260115  10:44,354.0,354.0,354.0,354.0,1
20260115  10:45,354.1,354.3,354.1,354.1,24
20260115  10:46,354.0,354.0,354.0,354.0,1
20260115  10:47,354.0,354.0,353.9,353.9,2
20260115  10:48,354.0,354.0,353.9,353.9,4
20260115  10:49,354.05,354.15,354.0,354.0,3
20260115  10:50,354.15,354.15,353.95,353.95,2
20260115  10:51,353.75,353.75,353.65,353.65,5
20260115  10:52,353.55,353.55,353.55,353.55,1
20260115  10:53,353.55,353.65,353.55,353.65,4
20260115  10:54,353.55,353.6,353.45,353.55,6
20260115  10:55,353.75,353.75,353.5,353.5,5
20260115  10:56,353.3,353.3,353.15,353.2,6
20260115  10:57,353.3,353.3,353.3,353.3,1
20260115  10:58,353.3,353.3,353.3,353.3,0
20260115  10:59,353.2,353.45,353.2,353.45,7
20260115  11:00,353.75,353.8,353.55,353.55,7
20260115  11:01,353.5,353.5,353.4,353.4,3
20260115  11:02,353.45,353.45,353.2,353.3,21
20260115  11:03,353.3,353.35,353.3,353.35,6
20260115  11:04,353.45,353.45,353.45,353.45,3
20260115  11:05,353.4,353.6,353.4,353.45,8
20260115  11:06,353.45,353.5,353.45,353.5,5
20260115  11:07,353.7,353.9,353.7,353.8,11
20260115  11:08,353.75,353.75,352.55,352.65,176
20260115  11:09,352.95,353.35,352.9,353.3,15
20260115  11:10,353.15,353.2,353.15,353.2,2
20260115  11:11,353.3,353.5,353.3,353.5,16
20260115  11:12,353.5,353.55,353.5,353.5,5
20260115  11:13,353.5,353.5,353.5,353.5,0
20260115  11:14,353.45,353.45,353.45,353.45,1
20260115  11:15,353.45,353.45,353.45,353.45,0
20260115  11:16,353.3,353.6,353.3,353.4,8
20260115  11:17,353.4,353.4,353.4,353.4,0
20260115  11:18,353.05,353.05,352.9,353.05,17
20260115  11:19,353.35,353.4,353.0,353.0,6
20260115  11:20,352.85,352.85,352.7,352.75,11
20260115  11:21,352.8,352.8,352.75,352.8,7
20260115  11:22,352.6,352.6,352.6,352.6,2
20260115  11:23,352.7,352.7,352.55,352.7,5
20260115  11:24,352.55,352.65,352.2,352.35,62
20260115  11:25,352.3,352.5,352.15,352.3,27
20260115  11:26,352.2,352.2,352.2,352.2,3
20260115  11:27,352.25,352.25,352.2,352.2,2
20260115  11:28,352.2,352.2,350.6,351.1,374
20260115  11:29,351.1,351.45,350.95,351.25,35
20260115  11:30,351.15,351.45,351.1,351.45,21
20260115  11:31,351.6,351.6,351.3,351.45,11
20260115  11:32,351.5,351.55,351.5,351.55,6
20260115  11:33,351.45,351.45,351.45,351.45,1
20260115  11:34,351.5,351.5,351.4,351.5,7
20260115  11:35,351.5,351.5,351.3,351.5,11
20260115  11:36,351.8,351.8,351.55,351.7,5
20260115  11:37,351.5,351.55,351.45,351.45,3
20260115  11:38,351.3,351.4,351.1,351.2,27
20260115  11:39,351.15,351.55,351.15,351.45,14
20260115  11:40,351.5,351.65,351.5,351.65,3
20260115  11:41,351.6,351.6,351.6,351.6,2
20260115  11:42,351.6,351.65,351.45,351.45,15
20260115  11:43,351.45,351.45,351.45,351.45,0
20260115  11:44,351.35,351.4,351.35,351.4,5
20260115  11:45,351.25,351.25,351.25,351.25,2
20260115  11:46,351.25,351.5,351.25,351.5,5
20260115  11:47,351.55,351.6,351.55,351.55,8
20260115  11:48,351.6,351.75,351.6,351.65,11
20260115  11:49,351.5,352.0,351.5,351.6,23
20260115  11:50,351.45,351.45,351.45,351.45,2
20260115  11:51,351.6,351.6,351.45,351.55,5
20260115  11:52,351.65,351.65,351.65,351.65,1
20260115  11:53,351.6,351.65,351.05,351.1,34
20260115  11:54,351.1,351.2,351.1,351.2,7
20260115  11:55,351.4,351.4,351.25,351.3,8
20260115  11:56,351.3,351.45,351.3,351.45,4
20260115  11:57,351.4,351.75,351.35,351.75,9
20260115  11:58,351.85,351.9,351.8,351.8,11
20260115  11:59,351.8,351.8,351.5,351.65,55
20260115  12:00,351.7,352.2,351.6,352.2,23
20260115  12:01,352.2,352.65,352.1,352.65,17
20260115  12:02,352.7,352.7,352.55,352.65,24
20260115  12:03,352.75,353.2,352.65,353.2,32
20260115  12:04,353.15,353.15,353.0,353.05,15
20260115  12:05,353.0,353.0,352.4,352.75,15
20260115  12:06,352.75,352.75,352.25,352.25,15
20260115  12:07,352.4,352.65,352.4,352.65,10
20260115  12:08,352.55,352.75,352.55,352.75,2
20260115  12:09,352.75,352.75,352.75,352.75,0
20260115  12:10,352.55,352.65,352.55,352.65,5
20260115  12:11,352.6,352.6,352.6,352.6,1
20260115  12:12,352.65,352.65,352.65,352.65,1
20260115  12:13,352.55,352.55,352.55,352.55,1
20260115  12:14,352.4,352.6,352.4,352.6,6
20260115  12:15,352.3,352.35,352.3,352.35,2
20260115  12:16,352.25,352.25,352.2,352.2,4
20260115  12:17,352.15,352.2,352.15,352.15,6
20260115  12:18,352.15,352.25,352.05,352.25,11
20260115  12:19,352.15,352.15,352.1,352.1,2
20260115  12:20,352.25,352.25,352.2,352.2,2
20260115  12:21,352.2,352.2,352.2,352.2,0
20260115  12:22,352.3,352.3,352.25,352.25,5
20260115  12:23,352.25,352.25,352.25,352.25,0
20260115  12:24,352.25,352.25,352.25,352.25,0
20260115  12:25,352.35,352.35,352.35,352.35,1
20260115  12:26,352.25,352.6,352.25,352.6,10
20260115  12:27,352.6,352.6,352.35,352.35,9
20260115  12:28,352.35,352.35,352.35,352.35,0
20260115  12:29,352.4,352.4,352.35,352.35,2
20260115  12:30,352.35,352.5,352.35,352.5,5
20260115  12:31,352.55,352.55,352.5,352.5,2
20260115  12:32,352.5,352.5,352.5,352.5,0
20260115  12:33,352.5,352.7,352.4,352.4,10
20260115  12:34,352.4,352.4,352.3,352.35,4
20260115  12:35,352.45,352.55,352.45,352.55,2
20260115  12:36,352.55,352.55,352.55,352.55,2
20260115  12:37,352.45,352.45,352.35,352.35,3
20260115  12:38,352.4,352.4,352.4,352.4,3
20260115  12:39,352.2,352.2,352.2,352.2,1
20260115  12:40,352.2,352.2,352.2,352.2,0
20260115  12:41,352.2,352.2,352.2,352.2,0
20260115  12:42,352.2,352.2,352.2,352.2,1
20260115  12:43,352.05,352.05,352.0,352.05,4
20260115  12:44,352.2,352.2,351.95,351.95,3
20260115  12:45,351.95,352.0,351.95,352.0,7
20260115  12:46,352.15,352.25,352.15,352.25,3
20260115  12:47,352.2,352.25,352.15,352.15,3
20260115  12:48,352.3,352.35,352.05,352.05,5
20260115  12:49,352.05,352.05,352.05,352.05,0
20260115  12:50,352.15,352.15,352.15,352.15,3
20260115  12:51,352.15,352.15,352.15,352.15,4
20260115  12:52,352.25,352.25,352.25,352.25,2
20260115  12:53,352.35,352.35,352.25,352.3,5
20260115  12:54,352.2,352.2,352.1,352.1,2
20260115  12:55,352.1,352.2,352.1,352.2,3
20260115  12:56,352.2,352.2,352.2,352.2,0
20260115  12:57,352.25,352.25,352.2,352.2,3
20260115  12:58,352.2,352.25,352.1,352.25,11
20260115  12:59,352.3,352.65,352.3,352.4,33
20260115  13:00,352.3,352.65,352.2,352.6,17
20260115  13:01,352.6,352.6,352.6,352.6,0
20260115  13:02,352.6,352.6,352.6,352.6,0
20260115  13:03,352.5,352.5,352.5,352.5,1
20260115  13:04,352.55,352.8,352.55,352.8,18
20260115  13:05,352.8,352.85,352.75,352.75,4
20260115  13:06,352.75,352.75,352.75,352.75,0
20260115  13:07,352.7,352.7,352.7,352.7,1
20260115  13:08,352.45,352.65,352.45,352.65,7
20260115  13:09,352.65,352.65,352.65,352.65,0
20260115  13:10,352.75,352.9,352.7,352.9,6
20260115  13:11,352.9,352.9,352.6,352.6,10
20260115  13:12,352.5,352.5,352.5,352.5,1
20260115  13:13,352.4,352.4,352.35,352.35,4
20260115  13:14,352.35,352.35,352.35,352.35,0
20260115  13:15,352.4,352.4,352.4,352.4,1
20260115  13:16,352.4,352.4,352.4,352.4,0
20260115  13:17,352.65,352.65,352.65,352.65,1
20260115  13:18,352.75,352.95,352.65,352.95,7
20260115  13:19,353.0,353.15,353.0,353.1,13
20260115  13:20,353.3,353.35,353.05,353.05,9
20260115  13:21,352.7,352.7,352.7,352.7,1
20260115  13:22,352.6,352.65,352.55,352.55,4
20260115  13:23,352.4,352.4,352.4,352.4,1
20260115  13:24,352.35,352.35,352.35,352.35,3
20260115  13:25,352.35,352.35,352.35,352.35,2
20260115  13:26,352.4,352.5,352.4,352.5,4
20260115  13:27,352.65,352.65,352.6,352.6,8
20260115  13:28,352.55,352.7,352.5,352.55,18
20260115  13:29,352.55,352.55,352.4,352.5,6
20260115  13:30,352.6,352.75,352.6,352.6,9
20260116  10:15,358.6,361.3,358.5,361.0,212
20260116  10:16,360.85,361.0,360.65,361.0,31
20260116  10:17,360.7,360.75,360.2,360.6,29
20260116  10:18,360.3,360.55,360.05,360.05,14
20260116  10:19,360.05,360.75,360.05,360.5,23
20260116  10:20,360.45,360.8,360.45,360.65,20
20260116  10:21,360.6,360.6,359.65,359.8,8
20260116  10:22,359.75,359.75,359.4,359.4,15
20260116  10:23,359.35,359.8,359.35,359.5,12
20260116  10:24,359.6,359.6,359.5,359.5,3
20260116  10:25,359.6,360.1,359.6,360.1,6
20260116  10:26,360.1,360.1,360.1,360.1,1
20260116  10:27,360.0,360.0,360.0,360.0,5
20260116  10:28,360.1,360.1,360.1,360.1,1
20260116  10:29,360.2,360.2,360.0,360.1,6
20260116  10:30,360.3,360.5,360.25,360.5,11
20260116  10:31,360.6,360.6,360.25,360.25,8
20260116  10:32,360.2,360.35,360.0,360.1,10
20260116  10:33,360.2,360.2,360.1,360.1,6
20260116  10:34,360.35,360.5,360.2,360.2,7
20260116  10:35,359.95,360.25,359.9,360.05,11
20260116  10:36,359.5,359.65,359.5,359.65,2
20260116  10:37,359.25,359.4,359.25,359.4,5
20260116  10:38,359.15,359.2,359.1,359.1,6
20260116  10:39,359.25,359.55,359.25,359.55,2
20260116  10:40,359.65,359.65,359.5,359.5,2
20260116  10:41,359.35,359.35,359.35,359.35,2
20260116  10:42,359.3,359.3,358.95,358.95,9
20260116  10:43,359.0,359.2,359.0,359.2,3
20260116  10:44,359.25,359.25,359.25,359.25,1
20260116  10:45,359.25,359.25,359.25,359.25,0
20260116  10:46,359.4,359.4,359.4,359.4,1
20260116  10:47,359.3,359.45,359.3,359.45,4
20260116  10:48,359.45,359.45,359.45,359.45,0
20260116  10:49,359.45,359.45,359.45,359.45,0
20260116  10:50,359.45,359.5,359.45,359.5,3
20260116  10:51,359.45,359.45,359.45,359.45,2
20260116  10:52,359.5,359.75,359.5,359.75,3
20260116  10:53,359.6,359.6,359.15,359.15,7
20260116  10:54,358.9,358.9,358.9,358.9,2
20260116  10:55,358.95,359.05,358.95,359.0,4
20260116  10:56,358.95,359.25,358.95,359.25,4
20260116  10:57,359.2,359.25,359.1,359.25,4
20260116  10:58,359.2,359.3,359.2,359.3,2
20260116  10:59,359.15,359.15,359.15,359.15,1
20260116  11:00,359.2,359.2,359.2,359.2,1
20260116  11:01,359.15,359.35,359.15,359.35,3
20260116  11:02,359.55,359.55,359.55,359.55,2
20260116  11:03,359.55,359.7,359.55,359.55,8
20260116  11:04,359.55,359.55,359.55,359.55,0
20260116  11:05,359.65,359.7,359.6,359.7,6
20260116  11:06,359.55,359.75,359.4,359.75,7
20260116  11:07,359.65,359.75,359.65,359.75,2
20260116  11:08,359.75,359.75,359.75,359.75,0
20260116  11:09,359.45,359.45,359.4,359.4,3
20260116  11:10,359.6,359.6,359.3,359.3,4
20260116  11:11,359.45,359.45,359.45,359.45,1
20260116  11:12,359.4,359.5,359.4,359.5,3
20260116  11:13,359.5,359.5,359.5,359.5,0
20260116  11:14,360.05,360.05,359.9,359.9,5
20260116  11:15,359.9,359.95,359.7,359.8,14
20260116  11:16,359.7,359.7,359.7,359.7,1
20260116  11:17,359.9,359.9,359.65,359.75,5
20260116  11:18,359.7,359.9,359.7,359.9,4
20260116  11:19,359.9,359.9,359.9,359.9,0
20260116  11:20,359.7,359.7,359.65,359.65,3
20260116  11:21,359.6,359.6,359.5,359.6,6
20260116  11:22,359.6,359.6,359.6,359.6,0
20260116  11:23,359.8,359.8,359.8,359.8,1
20260116  11:24,359.65,359.85,359.65,359.85,3
20260116  11:25,359.8,359.8,359.8,359.8,1
20260116  11:26,359.85,359.85,359.85,359.85,1
20260116  11:27,359.85,359.85,359.85,359.85,0
20260116  11:28,360.0,360.2,360.0,360.15,11
20260116  11:29,360.15,360.15,360.0,360.0,4
20260116  11:30,359.7,359.7,359.7,359.7,1
20260116  11:31,359.7,359.7,359.7,359.7,1
20260116  11:32,359.7,359.7,359.6,359.6,2
20260116  11:33,359.55,359.65,359.5,359.5,8
20260116  11:34,359.4,359.4,359.15,359.15,5
20260116  11:35,359.15,359.15,359.15,359.15,0
20260116  11:36,359.25,359.25,359.25,359.25,1
20260116  11:37,359.2,359.2,359.2,359.2,1
20260116  11:38,359.2,359.2,358.75,358.75,8
20260116  11:39,358.7,358.7,358.45,358.45,6
20260116  11:40,358.3,358.3,358.15,358.2,8
20260116  11:41,358.3,358.3,358.3,358.3,1
20260116  11:42,358.4,358.4,358.25,358.25,3
20260116  11:43,358.45,358.5,358.45,358.5,2
20260116  11:44,358.5,358.5,358.5,358.5,0
20260116  11:45,358.7,358.7,358.7,358.7,4
20260116  11:46,358.75,358.8,358.75,358.75,5
20260116  11:47,358.65,358.75,358.65,358.75,4
20260116  11:48,359.05,359.1,358.95,359.1,3
20260116  11:49,359.1,359.1,359.1,359.1,0
20260116  11:50,359.2,359.2,359.2,359.2,1
20260116  11:51,359.3,359.4,358.95,359.1,15
20260116  11:52,359.05,359.05,358.45,358.6,8
20260116  11:53,358.7,359.1,358.7,359.1,4
20260116  11:54,359.05,359.1,359.0,359.0,3
20260116  11:55,359.05,359.05,358.9,358.9,3
20260116  11:56,358.9,358.9,358.9,358.9,0
20260116  11:57,359.1,359.25,359.1,359.25,5
20260116  11:58,359.15,359.15,359.05,359.05,4
20260116  11:59,359.25,359.5,359.15,359.15,10
20260116  12:00,359.15,359.25,358.95,359.25,21
20260116  12:01,359.4,359.6,359.4,359.6,4
20260116  12:02,359.65,359.65,359.25,359.25,8
20260116  12:03,359.4,359.45,359.25,359.25,13
20260116  12:04,359.15,359.15,359.1,359.15,4
20260116  12:05,359.0,359.0,359.0,359.0,2
20260116  12:06,358.9,359.1,358.9,359.05,7
20260116  12:07,358.75,358.75,358.75,358.75,2
20260116  12:08,358.85,358.85,358.75,358.75,3
20260116  12:09,358.85,359.0,358.85,358.95,5
20260116  12:10,359.0,359.05,358.7,358.7,9
20260116  12:11,358.7,358.8,358.7,358.8,6
20260116  12:12,359.0,359.0,358.95,358.95,3
20260116  12:13,358.95,358.95,358.95,358.95,0
20260116  12:14,358.95,359.6,358.95,359.5,16
20260116  12:15,359.6,359.6,359.6,359.6,1
20260116  12:16,359.7,359.8,359.6,359.6,5
20260116  12:17,359.6,359.6,359.55,359.55,2
20260116  12:18,359.1,359.1,358.95,358.95,12
20260116  12:19,358.85,358.85,358.75,358.85,28
20260116  12:20,358.85,358.85,358.85,358.85,1
20260116  12:21,358.9,358.95,358.9,358.9,4
20260116  12:22,358.9,358.9,358.9,358.9,0
20260116  12:23,359.05,359.25,358.75,359.1,43
20260116  12:24,359.0,359.0,358.75,358.75,3
20260116  12:25,358.95,358.95,358.95,358.95,1
20260116  12:26,358.8,358.8,358.8,358.8,2
20260116  12:27,358.75,358.8,358.05,358.05,198
20260116  12:28,358.3,358.4,358.25,358.4,9
20260116  12:29,358.3,358.75,358.25,358.75,5
20260116  12:30,358.95,358.95,358.8,358.9,6
20260116  12:31,358.85,358.85,358.85,358.85,3
20260116  12:32,358.95,358.95,358.95,358.95,1
20260116  12:33,359.0,359.5,359.0,359.5,22
20260116  12:34,359.5,359.5,359.5,359.5,0
20260116  12:35,359.5,359.65,359.5,359.6,9
20260116  12:36,359.6,359.6,359.6,359.6,0
20260116  12:37,359.6,359.6,359.6,359.6,0
20260116  12:38,359.6,359.6,359.6,359.6,0
20260116  12:39,359.8,359.95,359.75,359.75,14
20260116  12:40,359.8,359.85,359.25,359.25,17
20260116  12:41,359.4,359.6,359.4,359.55,8
20260116  12:42,359.55,359.55,359.55,359.55,0
20260116  12:43,359.3,359.3,359.3,359.3,1
20260116  12:44,359.3,359.3,359.1,359.2,4
20260116  12:45,359.2,359.2,359.2,359.2,0
20260116  12:46,359.2,359.2,359.2,359.2,1
20260116  12:47,359.2,359.2,359.2,359.2,0
20260116  12:48,359.2,359.2,359.2,359.2,0
20260116  12:49,359.3,359.45,359.25,359.45,5
20260116  12:50,359.45,359.5,359.45,359.5,3
20260116  12:51,359.55,359.55,359.55,359.55,2
20260116  12:52,359.4,359.4,359.3,359.3,3
20260116  12:53,359.3,359.3,359.25,359.3,5
20260116  12:54,359.15,359.15,359.15,359.15,1
20260116  12:55,359.1,359.1,358.9,358.9,6
20260116  12:56,358.85,358.9,358.75,358.85,5
20260116  12:57,358.8,358.8,358.8,358.8,2
20260116  12:58,358.9,358.9,358.9,358.9,2
20260116  12:59,358.7,358.7,358.7,358.7,2
20260116  13:00,358.65,358.65,358.65,358.65,1
20260116  13:01,358.65,358.65,358.65,358.65,0
20260116  13:02,358.65,358.65,358.65,358.65,0
20260116  13:03,359.15,359.2,359.15,359.2,5
20260116  13:04,359.25,359.25,359.05,359.05,7
20260116  13:05,358.95,358.95,358.95,358.95,1
20260116  13:06,358.95,358.95,358.95,358.95,0
20260116  13:07,358.95,358.95,358.95,358.95,0
20260116  13:08,359.05,359.05,359.05,359.05,1
20260116  13:09,358.9,358.9,358.65,358.75,7
20260116  13:10,358.75,358.75,358.75,358.75,0
20260116  13:11,358.65,358.65,358.65,358.65,2
20260116  13:12,358.7,358.7,358.7,358.7,2
20260116  13:13,358.7,358.7,358.7,358.7,0
20260116  13:14,358.7,358.7,358.7,358.7,0
20260116  13:15,358.7,358.7,358.7,358.7,0
20260116  13:16,358.7,358.7,358.7,358.7,0
20260116  13:17,358.7,358.7,358.7,358.7,0
20260116  13:18,358.9,358.9,358.9,358.9,2
20260116  13:19,358.9,358.9,358.9,358.9,0
20260116  13:20,358.75,358.75,358.75,358.75,1
20260116  13:21,358.5,358.5,358.1,358.25,85
20260116  13:22,358.25,358.25,358.05,358.05,3
20260116  13:23,358.05,358.2,358.0,358.2,11
20260116  13:24,358.2,358.2,358.2,358.2,0
20260116  13:25,358.2,358.2,358.2,358.2,0
20260116  13:26,358.45,358.6,358.45,358.6,4
20260116  13:27,358.65,358.65,358.65,358.65,3
20260116  13:28,358.55,358.55,357.9,357.9,27
20260116  13:29,358.0,358.1,357.85,358.1,12
20260116  13:30,358.2,358.2,357.85,357.85,9
20260120  10:15,353.8,355.0,353.05,354.3,220
20260120  10:16,354.35,354.4,353.6,353.6,73
20260120  10:17,353.75,354.1,353.6,354.1,31
20260120  10:18,354.0,354.55,354.0,354.15,31
20260120  10:19,354.1,354.1,353.9,354.0,12
20260120  10:20,354.2,354.5,354.2,354.5,12
20260120  10:21,354.35,354.4,353.85,353.95,16
20260120  10:22,353.9,353.95,353.5,353.95,21
20260120  10:23,353.95,354.1,353.55,354.1,11
20260120  10:24,354.15,354.25,354.05,354.05,19
20260120  10:25,354.15,354.15,354.15,354.15,2
20260120  10:26,354.2,354.85,354.2,354.75,20
20260120  10:27,354.9,355.2,354.8,355.2,15
20260120  10:28,355.3,355.45,355.3,355.35,19
20260120  10:29,355.25,355.25,355.0,355.0,10
20260120  10:30,355.1,355.1,354.85,354.85,9
20260120  10:31,354.75,355.5,354.75,355.45,20
20260120  10:32,355.4,355.4,355.35,355.4,7
20260120  10:33,355.2,355.65,355.2,355.6,14
20260120  10:34,355.35,355.35,355.0,355.2,11
20260120  10:35,355.2,355.4,355.2,355.35,9
20260120  10:36,355.3,355.3,354.9,354.9,7
20260120  10:37,355.05,355.15,355.05,355.15,3
20260120  10:38,355.3,355.4,355.3,355.4,4
20260120  10:39,355.3,355.4,355.0,355.05,23
20260120  10:40,355.15,355.35,355.15,355.25,3
20260120  10:41,355.0,355.0,354.95,354.95,11
20260120  10:42,354.75,354.85,354.75,354.85,2
20260120  10:43,354.85,355.0,354.85,355.0,2
20260120  10:44,355.0,355.0,354.7,354.7,3
20260120  10:45,354.7,354.7,354.65,354.65,5
20260120  10:46,354.4,354.45,354.4,354.45,2
20260120  10:47,354.45,354.6,354.45,354.6,4
20260120  10:48,354.65,354.65,354.6,354.65,9
20260120  10:49,354.65,354.65,354.5,354.5,2
20260120  10:50,354.65,354.65,354.65,354.65,3
20260120  10:51,354.65,354.65,354.65,354.65,2
20260120  10:52,354.7,354.85,354.7,354.85,3
20260120  10:53,354.75,354.75,354.75,354.75,1
20260120  10:54,354.85,354.85,354.85,354.85,1
20260120  10:55,354.8,354.9,354.45,354.6,36
20260120  10:56,354.45,354.45,354.4,354.4,2
20260120  10:57,354.5,354.5,354.5,354.5,1
20260120  10:58,354.5,354.7,354.5,354.7,5
20260120  10:59,354.7,354.7,354.7,354.7,0
20260120  11:00,354.5,354.75,354.4,354.75,17
20260120  11:01,354.6,354.6,354.5,354.5,3
20260120  11:02,354.5,354.7,354.5,354.7,3
20260120  11:03,354.65,354.65,354.45,354.45,3
20260120  11:04,354.4,354.4,354.05,354.1,28
20260120  11:05,354.05,354.15,354.05,354.1,8
20260120  11:06,354.25,354.25,354.25,354.25,1
20260120  11:07,354.15,354.15,353.65,353.7,19
20260120  11:08,353.65,353.65,353.55,353.6,16
20260120  11:09,353.55,353.7,353.55,353.6,13
20260120  11:10,353.65,353.75,353.65,353.7,8
20260120  11:11,353.65,353.8,353.65,353.75,6
20260120  11:12,353.75,353.75,353.75,353.75,0
20260120  11:13,353.7,353.8,353.7,353.8,5
20260120  11:14,353.75,353.75,353.75,353.75,1
20260120  11:15,353.7,353.7,353.7,353.7,1
20260120  11:16,353.7,353.8,353.7,353.8,11
20260120  11:17,353.7,353.75,353.7,353.75,9
20260120  11:18,353.8,353.9,353.8,353.85,8
20260120  11:19,353.7,353.75,353.7,353.75,24
20260120  11:20,353.7,353.7,353.25,353.25,12
20260120  11:21,353.2,353.4,353.2,353.4,8
20260120  11:22,353.4,353.5,353.25,353.25,13
20260120  11:23,353.4,353.55,353.4,353.55,6
20260120  11:24,353.45,353.45,353.25,353.4,6
20260120  11:25,353.35,353.35,353.05,353.25,20
20260120  11:26,353.25,353.25,352.8,353.0,61
20260120  11:27,353.0,353.0,352.55,352.7,28
20260120  11:28,352.8,352.8,352.65,352.8,17
20260120  11:29,352.6,352.75,352.6,352.75,8
20260120  11:30,352.75,352.75,352.65,352.65,2
20260120  11:31,352.55,352.65,352.35,352.55,27
20260120  11:32,352.65,352.7,352.65,352.7,4
20260120  11:33,352.65,352.65,352.65,352.65,1
20260120  11:34,352.7,352.75,352.7,352.7,3
20260120  11:35,352.6,352.7,352.55,352.7,10
20260120  11:36,352.8,352.8,352.75,352.75,15
20260120  11:37,352.8,352.9,352.8,352.8,8
20260120  11:38,352.65,352.65,352.3,352.55,33
20260120  11:39,352.6,352.65,352.55,352.65,11
20260120  11:40,352.6,352.8,352.6,352.7,8
20260120  11:41,352.75,352.9,352.7,352.7,7
20260120  11:42,352.6,352.6,352.35,352.35,6
20260120  11:43,352.3,352.5,352.1,352.25,36
20260120  11:44,352.25,352.5,352.2,352.5,19
20260120  11:45,352.4,352.45,352.35,352.45,11
20260120  11:46,352.55,352.6,352.55,352.55,7
20260120  11:47,352.3,352.3,352.3,352.3,1
20260120  11:48,352.2,352.25,352.2,352.25,7
20260120  11:49,352.3,352.3,352.3,352.3,2
20260120  11:50,352.3,352.45,352.3,352.35,4
20260120  11:51,352.25,352.25,352.15,352.2,5
20260120  11:52,352.25,352.25,352.15,352.15,2
20260120  11:53,352.1,352.25,352.05,352.25,19
20260120  11:54,352.25,352.3,352.2,352.25,8
20260120  11:55,352.2,352.3,352.15,352.2,8
20260120  11:56,352.25,352.35,352.25,352.35,5
20260120  11:57,352.2,352.3,352.2,352.25,8
20260120  11:58,352.3,352.45,352.3,352.45,17
20260120  11:59,352.4,352.4,352.35,352.35,4
20260120  12:00,352.3,352.65,352.3,352.6,24
20260120  12:01,352.7,352.75,352.6,352.75,6
20260120  12:02,352.75,352.75,352.45,352.45,5
20260120  12:03,352.65,352.65,352.55,352.6,3
20260120  12:04,352.55,352.75,352.55,352.55,12
20260120  12:05,352.65,352.65,352.45,352.45,16
20260120  12:06,352.45,352.55,352.45,352.5,7
20260120  12:07,352.45,352.45,352.45,352.45,4
20260120  12:08,352.55,352.7,352.45,352.45,9
20260120  12:09,352.45,352.45,352.45,352.45,0
20260120  12:10,352.45,352.55,352.25,352.55,14
20260120  12:11,352.5,352.55,352.4,352.5,7
20260120  12:12,352.65,352.7,352.65,352.7,6
20260120  12:13,352.65,352.65,352.45,352.45,5
20260120  12:14,352.45,352.45,352.45,352.45,0
20260120  12:15,352.45,352.55,352.4,352.55,6
20260120  12:16,352.5,352.5,352.5,352.5,4
20260120  12:17,352.5,352.5,352.25,352.3,20
20260120  12:18,352.3,352.5,352.3,352.35,11
20260120  12:19,352.35,352.45,352.1,352.3,27
20260120  12:20,352.35,352.35,352.35,352.35,1
20260120  12:21,352.4,352.45,352.4,352.45,4
20260120  12:22,352.35,352.45,352.35,352.45,2
20260120  12:23,352.55,352.6,352.5,352.5,5
20260120  12:24,352.5,352.5,352.5,352.5,0
20260120  12:25,352.65,352.85,352.65,352.85,6
20260120  12:26,352.9,352.9,352.9,352.9,1
20260120  12:27,352.8,352.8,352.7,352.75,5
20260120  12:28,352.75,352.75,352.75,352.75,0
20260120  12:29,352.65,352.65,352.6,352.6,2
20260120  12:30,352.5,352.5,352.45,352.5,13
20260120  12:31,352.5,352.65,352.45,352.65,7
20260120  12:32,352.65,352.65,352.65,352.65,0
20260120  12:33,352.65,352.85,352.65,352.75,5
20260120  12:34,352.75,352.75,352.75,352.75,0
20260120  12:35,352.65,352.65,352.65,352.65,1
20260120  12:36,352.65,352.65,352.5,352.55,9
20260120  12:37,352.55,352.6,352.5,352.6,14
20260120  12:38,352.55,352.7,352.55,352.7,9
20260120  12:39,352.7,352.7,352.55,352.55,4
20260120  12:40,352.5,352.5,352.25,352.25,9
20260120  12:41,352.3,352.3,351.7,352.05,74
20260120  12:42,352.15,352.3,352.1,352.3,4
20260120  12:43,352.3,352.3,352.15,352.25,5
20260120  12:44,352.15,352.15,352.0,352.0,8
20260120  12:45,352.05,352.25,352.05,352.25,4
20260120  12:46,352.1,352.45,352.0,352.25,24
20260120  12:47,352.4,352.45,352.3,352.3,10
20260120  12:48,352.3,352.3,352.3,352.3,0
20260120  12:49,352.3,352.4,352.3,352.4,7
20260120  12:50,352.35,352.35,352.2,352.2,4
20260120  12:51,352.2,352.25,352.1,352.15,8
20260120  12:52,352.25,352.5,352.25,352.5,7
20260120  12:53,352.55,352.65,352.55,352.65,6
20260120  12:54,352.6,352.6,352.6,352.6,2
20260120  12:55,352.65,352.7,352.55,352.55,4
20260120  12:56,352.35,352.35,352.35,352.35,1
20260120  12:57,352.35,352.35,352.35,352.35,0
20260120  12:58,352.2,352.35,352.2,352.35,6
20260120  12:59,352.3,352.35,352.15,352.15,7
20260120  13:00,352.1,352.1,352.1,352.1,1
20260120  13:01,352.05,352.05,351.7,351.7,17
20260120  13:02,351.65,351.75,351.45,351.45,54
20260120  13:03,351.45,351.55,351.4,351.5,17
20260120  13:04,351.4,351.4,351.2,351.2,27
20260120  13:05,351.25,351.25,351.15,351.25,3
20260120  13:06,351.25,351.4,351.25,351.3,14
20260120  13:07,351.35,351.5,351.2,351.3,27
20260120  13:08,351.25,351.25,351.15,351.15,4
20260120  13:09,351.25,351.35,351.05,351.35,51
20260120  13:10,351.35,351.55,351.35,351.4,13
20260120  13:11,351.45,351.5,351.4,351.4,11
20260120  13:12,351.3,351.35,351.2,351.2,10
20260120  13:13,351.3,351.35,351.25,351.25,4
20260120  13:14,351.1,351.15,351.05,351.15,18
20260120  13:15,351.2,351.2,351.1,351.1,3
20260120  13:16,351.05,351.05,350.8,351.0,71
20260120  13:17,350.8,350.95,350.8,350.95,5
20260120  13:18,350.95,351.4,350.95,351.4,10
20260120  13:19,351.05,351.2,351.05,351.2,4
20260120  13:20,351.25,351.45,351.2,351.35,9
20260120  13:21,351.25,351.25,351.05,351.05,6
20260120  13:22,351.15,351.15,351.1,351.1,2
20260120  13:23,351.0,351.0,350.8,350.9,16
20260120  13:24,350.8,350.8,350.65,350.65,11
20260120  13:25,350.65,350.65,350.05,350.15,168
20260120  13:26,350.05,350.05,349.65,349.7,312
20260120  13:27,349.65,349.85,349.55,349.7,32
20260120  13:28,349.8,350.1,349.8,349.95,53
20260120  13:29,349.9,350.15,349.9,350.1,18
20260120  13:30,350.0,350.0,349.7,349.8,20
20260121  10:15,346.3,346.8,345.3,345.5,269
20260121  10:16,345.45,345.55,345.35,345.45,32
20260121  10:17,345.45,345.45,345.15,345.25,67
20260121  10:18,345.3,345.75,345.15,345.5,64
20260121  10:19,345.45,345.55,345.45,345.55,29
20260121  10:20,345.5,345.65,345.45,345.45,19
20260121  10:21,345.45,345.75,345.45,345.75,15
20260121  10:22,345.65,345.65,345.65,345.65,6
20260121  10:23,345.7,345.75,345.5,345.75,22
20260121  10:24,345.75,346.0,345.75,345.9,9
20260121  10:25,345.85,345.9,345.8,345.9,8
20260121  10:26,345.85,345.85,345.65,345.75,25
20260121  10:27,345.7,345.95,345.65,345.95,34
20260121  10:28,345.85,345.85,345.7,345.75,10
20260121  10:29,345.9,346.25,345.9,346.1,19
20260121  10:30,346.0,346.1,345.95,346.05,15
20260121  10:31,346.1,346.25,346.05,346.25,20
20260121  10:32,346.3,346.3,346.05,346.25,23
20260121  10:33,346.35,346.8,346.35,346.6,20
20260121  10:34,346.55,346.65,346.45,346.65,7
20260121  10:35,346.6,346.7,346.6,346.7,5
20260121  10:36,346.75,347.0,346.75,346.95,12
20260121  10:37,346.9,347.0,346.9,346.9,8
20260121  10:38,347.0,347.15,346.75,346.75,14
20260121  10:39,346.8,346.95,346.7,346.7,19
20260121  10:40,346.75,346.95,346.75,346.95,10
20260121  10:41,346.85,346.85,346.85,346.85,1
20260121  10:42,346.8,347.1,346.7,347.05,23
20260121  10:43,347.1,347.2,347.1,347.2,6
20260121  10:44,347.25,347.35,347.15,347.35,21
20260121  10:45,347.35,347.35,347.2,347.2,4
20260121  10:46,347.0,347.0,347.0,347.0,2
20260121  10:47,346.9,347.05,346.85,346.85,14
20260121  10:48,346.85,346.85,346.85,346.85,1
20260121  10:49,346.95,347.0,346.9,346.95,26
20260121  10:50,346.8,347.0,346.8,347.0,5
20260121  10:51,347.1,347.1,346.95,346.95,5
20260121  10:52,346.85,346.9,346.8,346.9,7
20260121  10:53,346.75,346.75,346.75,346.75,1
20260121  10:54,346.65,346.65,346.55,346.55,3
20260121  10:55,346.55,346.55,346.45,346.5,11
20260121  10:56,346.65,346.7,346.65,346.7,2
20260121  10:57,346.7,346.7,346.55,346.6,5
20260121  10:58,346.65,346.8,346.65,346.7,6
20260121  10:59,346.65,346.65,346.5,346.6,14
20260121  11:00,346.6,346.9,346.6,346.9,5
20260121  11:01,346.95,347.0,346.9,346.9,9
20260121  11:02,346.75,346.8,346.75,346.8,2
20260121  11:03,346.75,347.0,346.7,346.75,51
20260121  11:04,346.8,346.8,346.55,346.55,8
20260121  11:05,346.6,346.7,346.6,346.7,3
20260121  11:06,346.7,346.7,346.7,346.7,1
20260121  11:07,346.75,346.75,346.65,346.65,3
20260121  11:08,346.75,346.85,346.75,346.8,6
20260121  11:09,346.85,346.85,346.7,346.7,5
20260121  11:10,346.55,346.55,346.55,346.55,4
20260121  11:11,346.5,346.5,346.15,346.25,19
20260121  11:12,346.3,346.3,346.3,346.3,3
20260121  11:13,346.45,346.65,346.35,346.65,9
20260121  11:14,346.65,346.65,346.45,346.45,9
20260121  11:15,346.4,346.4,346.15,346.25,42
20260121  11:16,346.2,346.35,346.2,346.35,5
20260121  11:17,346.35,346.35,346.35,346.35,1
20260121  11:18,346.45,346.75,346.45,346.55,10
20260121  11:19,346.65,346.8,346.65,346.75,9
20260121  11:20,346.75,346.75,346.75,346.75,5
20260121  11:21,346.7,346.85,346.6,346.85,7
20260121  11:22,346.85,347.0,346.85,346.85,11
20260121  11:23,346.8,346.8,346.7,346.7,6
20260121  11:24,346.65,346.65,346.65,346.65,1
20260121  11:25,346.7,346.7,346.7,346.7,4
20260121  11:26,346.7,346.7,346.65,346.65,4
20260121  11:27,346.65,346.8,346.6,346.6,5
20260121  11:28,346.7,346.7,346.5,346.5,10
20260121  11:29,346.55,346.55,346.55,346.55,2
20260121  11:30,346.75,347.0,346.75,346.95,29
20260121  11:31,347.0,347.0,347.0,347.0,11
20260121  11:32,346.95,347.0,346.9,347.0,12
20260121  11:33,346.95,347.25,346.95,347.25,242
20260121  11:34,347.25,347.3,347.05,347.2,22
20260121  11:35,347.25,347.25,347.15,347.15,6
20260121  11:36,347.0,347.0,346.95,346.95,2
20260121  11:37,346.95,346.95,346.95,346.95,0
20260121  11:38,346.6,346.6,346.45,346.45,5
20260121  11:39,346.5,346.7,346.5,346.6,8
20260121  11:40,346.55,346.65,346.5,346.55,11
20260121  11:41,346.55,346.55,346.55,346.55,3
20260121  11:42,346.6,346.65,346.4,346.5,12
20260121  11:43,346.4,346.6,346.2,346.6,27
20260121  11:44,346.6,346.75,346.6,346.75,10
20260121  11:45,346.75,346.8,346.75,346.8,29
20260121  11:46,346.75,346.8,346.45,346.45,25
20260121  11:47,346.45,346.45,346.45,346.45,4
20260121  11:48,346.45,346.45,346.3,346.4,7
20260121  11:49,346.3,346.35,346.25,346.25,10
20260121  11:50,346.25,346.4,346.0,346.35,71
20260121  11:51,346.2,346.25,346.2,346.25,4
20260121  11:52,346.3,346.3,346.1,346.3,14
20260121  11:53,346.2,346.5,345.9,346.05,35
20260121  11:54,345.95,346.3,345.85,345.9,32
20260121  11:55,346.0,346.35,345.75,345.75,31
20260121  11:56,345.9,345.95,345.55,345.75,27
20260121  11:57,345.75,345.95,345.65,345.9,125
20260121  11:58,345.95,346.05,345.95,346.05,7
20260121  11:59,346.2,346.35,346.2,346.2,5
20260121  12:00,346.1,346.15,346.1,346.15,2
20260121  12:01,346.2,346.2,346.2,346.2,3
20260121  12:02,346.25,346.3,346.25,346.3,9
20260121  12:03,346.25,346.3,346.25,346.3,3
20260121  12:04,346.35,346.4,346.35,346.4,2
20260121  12:05,346.4,346.5,346.35,346.45,7
20260121  12:06,346.45,346.55,346.4,346.4,11
20260121  12:07,346.35,346.35,346.25,346.25,6
20260121  12:08,346.25,346.25,346.25,346.25,2
20260121  12:09,346.15,346.15,346.0,346.1,3
20260121  12:10,346.1,346.15,346.1,346.15,4
20260121  12:11,345.95,345.95,345.7,345.8,23
20260121  12:12,345.8,345.8,345.55,345.55,3
20260121  12:13,345.6,345.7,345.6,345.7,3
20260121  12:14,345.6,345.7,345.6,345.7,4
20260121  12:15,345.7,345.7,345.65,345.7,3
20260121  12:16,345.7,345.7,345.7,345.7,2
20260121  12:17,345.65,345.65,345.5,345.65,19
20260121  12:18,345.6,345.65,345.6,345.65,2
20260121  12:19,345.65,345.65,345.65,345.65,0
20260121  12:20,345.85,345.95,345.85,345.9,5
20260121  12:21,345.95,346.25,345.95,346.25,28
20260121  12:22,346.25,346.25,346.1,346.1,6
20260121  12:23,346.1,346.25,346.1,346.25,5
20260121  12:24,346.3,346.3,346.25,346.25,3
20260121  12:25,346.2,346.35,346.2,346.3,5
20260121  12:26,346.2,346.2,346.2,346.2,1
20260121  12:27,346.25,346.45,346.25,346.45,9
20260121  12:28,346.35,346.35,346.35,346.35,2
20260121  12:29,346.35,346.4,346.35,346.4,6
20260121  12:30,346.4,346.65,346.4,346.65,15
20260121  12:31,346.55,346.55,346.45,346.45,7
20260121  12:32,346.5,346.5,346.45,346.45,2
20260121  12:33,346.45,346.55,346.45,346.55,6
20260121  12:34,346.5,346.5,346.25,346.35,10
20260121  12:35,346.5,346.5,346.5,346.5,1
20260121  12:36,346.7,346.75,346.7,346.75,3
20260121  12:37,346.6,346.65,346.6,346.65,4
20260121  12:38,346.4,346.45,346.4,346.45,3
20260121  12:39,346.45,346.45,346.45,346.45,0
20260121  12:40,346.45,346.6,346.45,346.6,7
20260121  12:41,346.65,346.65,346.55,346.55,4
20260121  12:42,346.7,346.7,346.55,346.55,4
20260121  12:43,346.6,346.6,346.55,346.55,3
20260121  12:44,346.5,346.5,346.5,346.5,5
20260121  12:45,346.35,346.35,346.35,346.35,1
20260121  12:46,346.2,346.2,346.2,346.2,1
20260121  12:47,346.3,346.3,346.3,346.3,3
20260121  12:48,346.1,346.25,346.1,346.2,8
20260121  12:49,346.2,346.2,346.2,346.2,0
20260121  12:50,346.2,346.2,346.2,346.2,0
20260121  12:51,346.2,346.2,346.2,346.2,0
20260121  12:52,346.4,346.4,346.4,346.4,1
20260121  12:53,346.25,346.25,346.25,346.25,1
20260121  12:54,346.3,346.3,346.0,346.0,16
20260121  12:55,346.0,346.0,345.6,345.6,8
20260121  12:56,345.6,345.6,345.6,345.6,2
20260121  12:57,345.45,345.5,345.35,345.35,12
20260121  12:58,345.5,345.5,345.5,345.5,2
20260121  12:59,345.55,345.55,345.5,345.55,6
20260121  13:00,345.35,345.4,345.3,345.35,9
20260121  13:01,345.35,345.35,345.35,345.35,0
20260121  13:02,345.6,345.6,345.15,345.15,15
20260121  13:03,345.3,345.3,344.75,344.9,310
20260121  13:04,344.95,344.95,344.7,344.8,22
20260121  13:05,344.8,344.8,344.45,344.6,16
20260121  13:06,344.6,344.65,343.2,343.45,419
20260121  13:07,343.4,343.8,343.4,343.4,67
20260121  13:08,343.5,343.65,343.4,343.45,22
20260121  13:09,343.55,344.05,343.55,344.05,15
20260121  13:10,344.05,344.05,343.9,343.9,7
20260121  13:11,344.0,344.15,343.9,344.15,17
20260121  13:12,344.1,344.15,343.8,343.8,16
20260121  13:13,343.75,343.75,343.5,343.5,2
20260121  13:14,343.6,343.6,343.55,343.55,11
20260121  13:15,343.5,343.5,343.45,343.45,7
20260121  13:16,343.5,343.55,342.95,343.15,104
20260121  13:17,343.1,343.1,342.85,342.9,17
20260121  13:18,342.85,342.9,342.85,342.9,6
20260121  13:19,342.9,343.0,342.8,343.0,58
20260121  13:20,343.15,343.35,343.1,343.15,19
20260121  13:21,343.25,343.35,343.1,343.2,24
20260121  13:22,343.2,343.2,343.15,343.15,4
20260121  13:23,343.1,343.3,343.1,343.3,9
20260121  13:24,343.5,343.5,343.35,343.35,4
20260121  13:25,343.4,343.4,343.25,343.3,8
20260121  13:26,343.3,343.7,343.3,343.5,29
20260121  13:27,343.6,343.6,343.25,343.25,3
20260121  13:28,343.25,343.25,343.2,343.2,2
20260121  13:29,343.2,343.35,343.2,343.35,7
20260121  13:30,343.3,343.4,343.0,343.05,33
20260122  10:15,346.9,347.9,346.8,347.1,100
20260122  10:16,346.95,347.1,346.7,347.1,12
20260122  10:17,347.15,347.5,347.15,347.15,17
20260122  10:18,346.85,347.05,346.85,347.05,9
20260122  10:19,346.7,346.75,346.65,346.65,7
20260122  10:20,346.65,346.65,346.35,346.4,11
20260122  10:21,346.2,346.2,346.1,346.2,4
20260122  10:22,346.05,346.5,346.05,346.5,9
20260122  10:23,346.55,346.65,346.5,346.65,5
20260122  10:24,346.85,346.85,346.4,346.65,15
20260122  10:25,346.6,346.6,346.55,346.55,2
20260122  10:26,346.55,346.55,346.55,346.55,0
20260122  10:27,346.5,346.75,346.5,346.65,8
20260122  10:28,346.5,346.55,346.5,346.55,4
20260122  10:29,346.45,346.55,346.45,346.55,4
20260122  10:30,346.8,347.2,346.6,347.2,15
20260122  10:31,347.45,347.5,346.9,347.05,24
20260122  10:32,347.05,347.05,347.05,347.05,0
20260122  10:33,346.95,346.95,346.95,346.95,1
20260122  10:34,346.85,346.85,346.75,346.75,5
20260122  10:35,346.6,346.6,346.35,346.4,10
20260122  10:36,346.5,346.5,346.35,346.35,3
20260122  10:37,346.7,346.7,346.4,346.4,5
20260122  10:38,346.45,346.45,346.45,346.45,1
20260122  10:39,346.3,346.3,346.05,346.05,3
20260122  10:40,346.05,346.15,346.05,346.15,8
20260122  10:41,346.05,346.05,345.5,346.0,29
20260122  10:42,345.8,345.9,345.8,345.9,5
20260122  10:43,345.9,345.9,345.9,345.9,1
20260122  10:44,345.85,346.05,345.85,346.05,5
20260122  10:45,345.95,346.1,345.95,346.1,2
20260122  10:46,346.55,346.55,346.35,346.35,5
20260122  10:47,346.05,346.1,345.95,346.1,6
20260122  10:48,345.8,346.05,345.8,346.05,5
20260122  10:49,345.95,346.1,345.95,346.1,3
20260122  10:50,346.1,346.1,346.1,346.1,0
20260122  10:51,345.95,345.95,345.65,345.75,10
20260122  10:52,345.65,345.7,345.6,345.6,3
20260122  10:53,345.7,345.7,345.55,345.55,6
20260122  10:54,345.7,345.7,345.55,345.55,3
20260122  10:55,345.7,345.7,345.6,345.6,8
20260122  10:56,345.5,345.6,345.35,345.6,10
20260122  10:57,345.8,345.9,345.55,345.6,8
20260122  10:58,345.8,345.8,345.8,345.8,1
20260122  10:59,345.8,345.85,345.65,345.65,9
20260122  11:00,345.65,345.75,345.5,345.5,10
20260122  11:01,345.7,345.7,345.45,345.45,10
20260122  11:02,345.4,345.5,345.25,345.25,7
20260122  11:03,345.2,345.25,345.05,345.05,10
20260122  11:04,345.15,345.45,344.8,344.9,51
20260122  11:05,344.9,344.9,344.35,344.35,39
20260122  11:06,344.45,344.5,344.25,344.4,41
20260122  11:07,344.4,344.6,344.4,344.6,3
20260122  11:08,344.85,344.9,344.7,344.85,4
20260122  11:09,344.75,344.75,344.65,344.7,6
20260122  11:10,344.6,344.8,344.6,344.8,4
20260122  11:11,344.9,344.9,344.9,344.9,1
20260122  11:12,344.9,344.9,344.9,344.9,1
20260122  11:13,344.95,344.95,344.55,344.75,10
20260122  11:14,344.65,344.9,344.65,344.9,7
20260122  11:15,344.9,344.9,344.9,344.9,0
20260122  11:16,344.9,344.9,344.9,344.9,0
20260122  11:17,344.65,344.7,344.6,344.65,7
20260122  11:18,344.9,345.25,344.9,345.1,11
20260122  11:19,345.1,345.25,345.0,345.25,6
20260122  11:20,345.4,345.4,345.4,345.4,1
20260122  11:21,345.4,345.4,345.3,345.35,7
20260122  11:22,345.4,345.5,345.4,345.5,3
20260122  11:23,345.3,345.3,345.2,345.25,9
20260122  11:24,345.3,345.3,344.9,344.9,9
20260122  11:25,345.1,345.1,344.75,344.75,6
20260122  11:26,344.85,344.85,344.85,344.85,4
20260122  11:27,344.85,344.85,344.85,344.85,0
20260122  11:28,344.75,344.75,344.75,344.75,1
20260122  11:29,344.8,345.1,344.8,344.95,12
20260122  11:30,345.0,345.0,344.95,344.95,2
20260122  11:31,345.0,345.3,345.0,345.3,12
20260122  11:32,345.2,345.55,345.2,345.45,10
20260122  11:33,345.6,346.3,345.4,346.15,37
20260122  11:34,346.1,346.1,345.65,345.7,12
20260122  11:35,345.8,346.05,345.8,345.9,7
20260122  11:36,345.75,345.75,345.75,345.75,2
20260122  11:37,345.9,345.9,345.9,345.9,2
20260122  11:38,345.9,345.9,345.8,345.8,2
20260122  11:39,345.85,345.85,345.7,345.7,6
20260122  11:40,345.65,345.65,345.65,345.65,2
20260122  11:41,345.75,346.05,345.75,345.8,11
20260122  11:42,345.85,345.85,345.7,345.7,3
20260122  11:43,345.85,345.85,345.75,345.75,2
20260122  11:44,345.8,345.8,345.75,345.75,3
20260122  11:45,345.5,345.7,345.4,345.65,16
20260122  11:46,345.8,345.85,345.8,345.8,3
20260122  11:47,345.8,345.8,345.7,345.75,4
20260122  11:48,345.65,345.65,345.3,345.45,7
20260122  11:49,345.5,345.65,345.45,345.65,7
20260122  11:50,345.65,345.8,345.65,345.8,3
20260122  11:51,345.65,345.65,345.65,345.65,3
20260122  11:52,345.65,345.7,345.65,345.7,2
20260122  11:53,345.85,345.85,345.85,345.85,2
20260122  11:54,345.85,345.85,345.85,345.85,0
20260122  11:55,345.85,345.85,345.8,345.8,2
20260122  11:56,345.8,345.8,345.8,345.8,0
20260122  11:57,345.7,345.8,345.7,345.8,3
20260122  11:58,345.8,345.8,345.8,345.8,1
20260122  11:59,345.8,345.8,345.7,345.7,4
20260122  12:00,345.65,345.75,345.55,345.55,7
20260122  12:01,345.55,345.65,345.55,345.6,8
20260122  12:02,345.7,345.95,345.7,345.95,8
20260122  12:03,345.8,345.8,345.7,345.8,5
20260122  12:04,345.65,345.7,345.65,345.7,3
20260122  12:05,345.85,345.85,345.85,345.85,2
20260122  12:06,345.8,345.8,345.8,345.8,1
20260122  12:07,345.8,345.8,345.8,345.8,0
20260122  12:08,345.9,345.9,345.9,345.9,1
20260122  12:09,345.8,345.85,345.8,345.85,2
20260122  12:10,345.8,345.8,345.75,345.8,4
20260122  12:11,345.8,345.8,345.8,345.8,0
20260122  12:12,345.9,346.05,345.9,346.0,7
20260122  12:13,346.05,346.05,346.05,346.05,4
20260122  12:14,345.95,345.95,345.85,345.95,3
20260122  12:15,345.9,345.95,345.75,345.9,11
20260122  12:16,345.9,345.9,345.5,345.6,14
20260122  12:17,345.65,345.65,345.2,345.2,7
20260122  12:18,345.45,345.9,345.45,345.9,5
20260122  12:19,345.75,345.95,345.75,345.9,8
20260122  12:20,346.05,346.25,346.05,346.25,17
20260122  12:21,346.05,346.15,346.05,346.15,9
20260122  12:22,346.35,346.35,346.15,346.15,6
20260122  12:23,345.95,346.0,345.95,346.0,2
20260122  12:24,345.95,345.95,345.9,345.9,4
20260122  12:25,345.95,345.95,345.95,345.95,1
20260122  12:26,345.95,345.95,345.95,345.95,0
20260122  12:27,345.85,346.3,345.85,346.3,9
20260122  12:28,346.3,346.75,346.3,346.7,13
20260122  12:29,346.65,346.75,346.55,346.65,9
20260122  12:30,346.6,347.0,346.6,347.0,16
20260122  12:31,347.05,347.15,346.8,346.9,23
20260122  12:32,346.9,346.95,346.85,346.9,6
20260122  12:33,346.85,346.85,346.85,346.85,3
20260122  12:34,346.75,346.95,346.75,346.85,6
20260122  12:35,346.85,346.85,346.75,346.75,3
20260122  12:36,346.9,347.15,346.75,346.9,11
20260122  12:37,347.0,347.2,347.0,347.2,4
20260122  12:38,347.15,347.3,347.15,347.3,4
20260122  12:39,347.35,347.8,347.25,347.8,22
20260122  12:40,347.75,347.9,347.55,347.9,7
20260122  12:41,347.9,347.95,347.8,347.85,27
20260122  12:42,347.85,347.85,347.65,347.7,9
20260122  12:43,347.75,348.6,347.75,348.5,38
20260122  12:44,348.4,348.4,348.2,348.4,16
20260122  12:45,348.3,348.85,348.3,348.6,34
20260122  12:46,348.55,348.55,348.4,348.4,8
20260122  12:47,348.35,348.5,348.3,348.35,13
20260122  12:48,348.4,348.55,348.3,348.45,46
20260122  12:49,348.5,348.7,348.5,348.7,19
20260122  12:50,348.6,348.6,348.55,348.55,5
20260122  12:51,348.55,348.55,348.4,348.4,6
20260122  12:52,348.4,348.4,348.1,348.2,16
20260122  12:53,348.1,348.25,348.0,348.05,15
20260122  12:54,348.15,348.2,348.0,348.0,9
20260122  12:55,348.3,348.5,348.3,348.35,7
20260122  12:56,348.25,348.3,348.25,348.3,3
20260122  12:57,348.35,348.4,348.35,348.4,2
20260122  12:58,348.4,348.4,348.2,348.2,6
20260122  12:59,348.0,348.0,347.85,347.95,7
20260122  13:00,348.0,348.1,347.8,347.8,8
20260122  13:01,347.75,347.8,347.75,347.8,5
20260122  13:02,347.7,347.7,347.35,347.5,13
20260122  13:03,347.4,347.75,347.4,347.75,11
20260122  13:04,347.7,347.7,347.6,347.6,3
20260122  13:05,347.45,347.45,347.45,347.45,2
20260122  13:06,347.4,347.5,347.4,347.5,8
20260122  13:07,347.55,347.6,347.45,347.45,8
20260122  13:08,347.4,347.45,347.35,347.45,5
20260122  13:09,347.35,347.6,347.25,347.6,13
20260122  13:10,347.6,347.65,347.55,347.55,8
20260122  13:11,347.75,347.95,347.75,347.95,6
20260122  13:12,348.0,348.05,347.8,347.8,6
20260122  13:13,347.9,348.0,347.9,348.0,8
20260122  13:14,348.15,348.2,348.1,348.1,8
20260122  13:15,348.05,348.05,348.05,348.05,1
20260122  13:16,348.1,348.1,348.1,348.1,1
20260122  13:17,347.9,348.0,347.9,348.0,5
20260122  13:18,348.1,348.1,348.0,348.0,6
20260122  13:19,347.9,347.9,347.9,347.9,2
20260122  13:20,347.95,348.05,347.9,348.05,3
20260122  13:21,347.95,348.15,347.95,348.1,7
20260122  13:22,348.2,348.65,348.2,348.55,22
20260122  13:23,348.55,348.6,348.55,348.6,2
20260122  13:24,348.6,348.75,348.4,348.6,17
20260122  13:25,348.6,348.65,348.45,348.5,19
20260122  13:26,348.3,348.3,348.15,348.15,4
20260122  13:27,348.25,348.4,348.25,348.3,10
20260122  13:28,348.3,348.7,348.3,348.35,13
20260122  13:29,348.45,348.55,348.35,348.35,9
20260122  13:30,348.35,348.7,348.3,348.7,15
20260123  10:15,347.75,349.0,346.85,347.65,110
20260123  10:16,347.25,347.85,347.2,347.85,8
20260123  10:17,347.65,348.0,347.65,348.0,3
20260123  10:18,347.75,348.2,347.75,348.0,7
20260123  10:19,347.9,348.5,347.9,348.45,14
20260123  10:20,348.4,348.75,348.2,348.2,18
20260123  10:21,348.25,348.25,348.25,348.25,1
20260123  10:22,348.3,349.25,348.3,349.0,39
20260123  10:23,348.95,350.05,348.9,349.6,58
20260123  10:24,349.65,350.65,349.65,350.45,74
20260123  10:25,350.35,350.55,350.0,350.25,26
20260123  10:26,350.2,350.2,349.9,349.9,24
20260123  10:27,349.75,350.15,349.6,350.0,13
20260123  10:28,350.0,350.0,350.0,350.0,2
20260123  10:29,349.95,350.1,349.95,350.1,6
20260123  10:30,350.2,350.2,350.0,350.0,3
20260123  10:31,350.15,350.15,349.7,349.85,11
20260123  10:32,349.75,349.85,349.75,349.85,5
20260123  10:33,349.95,350.05,349.75,349.9,10
20260123  10:34,349.7,349.9,349.7,349.9,3
20260123  10:35,349.9,349.95,349.7,349.7,11
20260123  10:36,349.55,349.6,349.1,349.55,19
20260123  10:37,349.45,349.7,349.35,349.35,17
20260123  10:38,349.2,349.45,349.2,349.45,8
20260123  10:39,349.5,349.5,349.3,349.3,2
20260123  10:40,349.4,349.65,349.4,349.65,5
20260123  10:41,349.65,349.65,349.2,349.2,12
20260123  10:42,349.15,349.45,349.05,349.3,25
20260123  10:43,349.3,349.45,349.25,349.45,12
20260123  10:44,349.55,349.6,349.55,349.55,3
20260123  10:45,349.55,349.8,349.55,349.7,6
20260123  10:46,349.7,349.75,349.6,349.75,11
20260123  10:47,349.75,349.8,349.75,349.8,3
20260123  10:48,349.8,350.0,349.8,350.0,6
20260123  10:49,349.95,350.0,349.85,349.85,6
20260123  10:50,349.7,349.9,349.65,349.9,11
20260123  10:51,349.9,350.0,349.9,350.0,5
20260123  10:52,349.95,350.15,349.9,350.15,9
20260123  10:53,350.2,350.25,350.2,350.2,4
20260123  10:54,350.3,350.3,350.2,350.2,8
20260123  10:55,350.1,350.15,350.1,350.15,3
20260123  10:56,350.2,350.25,350.2,350.2,3
20260123  10:57,350.3,350.3,350.3,350.3,1
20260123  10:58,350.3,350.95,350.3,350.5,87
20260123  10:59,350.6,350.85,350.5,350.8,16
20260123  11:00,350.65,351.45,350.65,351.15,74
20260123  11:01,351.1,351.2,351.0,351.1,16
20260123  11:02,351.1,351.25,350.95,351.2,10
20260123  11:03,351.35,351.35,351.35,351.35,1
20260123  11:04,351.3,351.45,351.3,351.3,7
20260123  11:05,351.4,351.5,351.1,351.1,44
20260123  11:06,351.0,351.0,350.8,350.95,12
20260123  11:07,350.95,351.3,350.95,351.25,11
20260123  11:08,351.35,351.4,351.05,351.05,17
20260123  11:09,351.05,351.05,351.05,351.05,2
20260123  11:10,350.95,351.0,350.95,351.0,2
20260123  11:11,351.2,351.25,350.95,351.05,6
20260123  11:12,351.2,351.45,351.15,351.35,16
20260123  11:13,351.25,351.25,350.95,351.15,36
20260123  11:14,350.9,351.15,350.8,351.15,9
20260123  11:15,351.15,351.3,351.1,351.1,16
20260123  11:16,351.25,351.45,351.25,351.45,10
20260123  11:17,351.4,351.5,351.35,351.4,9
20260123  11:18,351.4,351.4,351.4,351.4,2
20260123  11:19,351.25,351.4,351.25,351.4,3
20260123  11:20,351.45,351.6,351.4,351.45,28
20260123  11:21,351.45,351.6,351.45,351.6,4
20260123  11:22,351.6,351.75,351.55,351.6,43
20260123  11:23,351.65,351.95,351.65,351.8,8
20260123  11:24,351.95,352.15,351.85,352.05,73
20260123  11:25,351.95,352.05,351.9,352.05,9
20260123  11:26,351.95,352.05,351.95,351.95,8
20260123  11:27,351.95,352.75,351.9,352.4,61
20260123  11:28,352.55,352.7,352.5,352.65,10
20260123  11:29,352.6,352.9,352.6,352.8,57
20260123  11:30,352.7,352.75,352.45,352.45,19
20260123  11:31,352.35,352.35,352.05,352.15,28
20260123  11:32,352.15,352.15,351.95,352.05,16
20260123  11:33,352.05,352.05,351.95,351.95,3
20260123  11:34,351.95,351.95,351.85,351.85,4
20260123  11:35,351.85,351.85,351.85,351.85,2
20260123  11:36,352.0,352.2,352.0,352.2,2
20260123  11:37,352.05,352.1,351.8,352.1,10
20260123  11:38,351.95,351.95,351.95,351.95,1
20260123  11:39,351.8,351.8,351.75,351.75,2
20260123  11:40,351.8,351.8,351.75,351.75,6
20260123  11:41,351.75,351.75,351.7,351.75,3
20260123  11:42,352.0,352.0,352.0,352.0,1
20260123  11:43,351.9,351.9,351.85,351.85,4
20260123  11:44,351.85,351.9,351.8,351.9,4
20260123  11:45,351.9,351.9,351.3,351.3,12
20260123  11:46,351.15,351.15,351.0,351.1,9
20260123  11:47,351.15,351.25,351.1,351.25,4
20260123  11:48,351.1,351.2,351.1,351.2,4
20260123  11:49,351.15,351.15,351.15,351.15,1
20260123  11:50,351.1,351.1,351.0,351.1,6
20260123  11:51,351.05,351.05,350.9,350.9,2
20260123  11:52,351.05,351.05,351.05,351.05,4
20260123  11:53,351.15,351.15,351.15,351.15,2
20260123  11:54,351.05,351.05,350.85,350.85,8
20260123  11:55,350.9,350.9,350.9,350.9,2
20260123  11:56,350.95,350.95,350.95,350.95,1
20260123  11:57,351.3,351.3,351.3,351.3,1
20260123  11:58,351.5,351.5,351.45,351.45,2
20260123  11:59,351.3,351.3,351.3,351.3,1
20260123  12:00,351.5,351.55,351.45,351.45,6
20260123  12:01,351.35,351.4,351.3,351.4,14
20260123  12:02,351.6,351.65,351.6,351.65,4
20260123  12:03,351.5,351.55,351.5,351.5,3
20260123  12:04,351.5,351.5,351.5,351.5,0
20260123  12:05,351.6,351.65,351.6,351.65,3
20260123  12:06,351.55,351.55,351.55,351.55,3
20260123  12:07,351.6,351.6,351.6,351.6,1
20260123  12:08,351.6,351.6,351.4,351.5,12
20260123  12:09,351.45,351.55,351.45,351.55,2
20260123  12:10,351.7,351.7,351.65,351.65,5
20260123  12:11,351.65,351.65,351.6,351.6,5
20260123  12:12,351.55,351.7,351.55,351.7,4
20260123  12:13,351.65,351.75,351.6,351.6,7
20260123  12:14,351.6,351.7,351.6,351.7,4
20260123  12:15,351.65,351.65,351.6,351.65,3
20260123  12:16,351.6,351.75,351.6,351.75,12
20260123  12:17,351.75,351.75,351.7,351.7,2
20260123  12:18,351.55,351.55,351.55,351.55,1
20260123  12:19,351.5,351.5,351.5,351.5,1
20260123  12:20,351.65,351.65,351.65,351.65,1
20260123  12:21,351.75,351.9,351.75,351.8,4
20260123  12:22,351.85,351.85,351.85,351.85,2
20260123  12:23,351.95,351.95,351.9,351.9,2
20260123  12:24,352.0,352.25,352.0,352.25,6
20260123  12:25,352.2,352.2,352.15,352.15,7
20260123  12:26,352.05,352.05,351.7,351.7,10
20260123  12:27,351.8,351.8,351.7,351.75,4
20260123  12:28,351.85,351.85,351.85,351.85,1
20260123  12:29,351.95,352.0,351.95,352.0,6
20260123  12:30,352.1,352.1,352.1,352.1,1
20260123  12:31,352.1,352.1,352.1,352.1,0
20260123  12:32,352.1,352.1,352.0,352.0,5
20260123  12:33,351.95,352.2,351.95,352.2,8
20260123  12:34,352.15,352.15,351.95,351.95,6
20260123  12:35,351.95,351.95,351.95,351.95,0
20260123  12:36,351.95,351.95,351.95,351.95,0
20260123  12:37,351.95,351.95,351.95,351.95,0
20260123  12:38,352.05,352.1,352.05,352.1,2
20260123  12:39,352.15,352.15,352.15,352.15,1
20260123  12:40,352.25,352.7,352.25,352.55,49
20260123  12:41,352.45,352.45,352.35,352.35,7
20260123  12:42,352.4,352.7,352.4,352.7,17
20260123  12:43,352.8,352.85,352.65,352.65,7
20260123  12:44,352.55,352.55,352.55,352.55,1
20260123  12:45,352.4,352.4,352.25,352.25,9
20260123  12:46,352.25,352.35,352.15,352.35,7
20260123  12:47,352.35,352.35,352.35,352.35,0
20260123  12:48,352.4,352.45,352.4,352.45,5
20260123  12:49,352.3,352.3,352.1,352.1,15
20260123  12:50,352.3,352.4,352.15,352.15,8
20260123  12:51,352.1,352.25,352.1,352.15,4
20260123  12:52,352.1,352.15,352.1,352.15,2
20260123  12:53,352.15,352.15,352.15,352.15,3
20260123  12:54,352.15,352.15,351.85,351.95,33
20260123  12:55,351.95,351.95,351.95,351.95,0
20260123  12:56,352.0,352.2,352.0,352.2,16
20260123  12:57,352.2,352.2,352.2,352.2,1
20260123  12:58,352.2,352.2,352.2,352.2,1
20260123  12:59,352.2,352.2,352.2,352.2,0
20260123  13:00,352.3,352.35,352.3,352.35,4
20260123  13:01,352.4,352.4,352.35,352.4,6
20260123  13:02,352.4,352.8,352.4,352.65,15
20260123  13:03,352.7,352.8,352.7,352.7,4
20260123  13:04,352.8,352.9,352.8,352.9,6
20260123  13:05,352.85,352.95,352.75,352.8,26
20260123  13:06,352.85,353.1,352.85,353.0,60
20260123  13:07,352.95,353.35,352.95,353.25,25
20260123  13:08,353.25,353.25,352.95,353.1,16
20260123  13:09,353.15,353.15,353.05,353.1,6
20260123  13:10,353.2,353.3,353.2,353.3,13
20260123  13:11,353.35,353.45,353.3,353.45,6
20260123  13:12,353.55,353.95,353.55,353.85,45
20260123  13:13,353.95,353.95,353.65,353.65,20
20260123  13:14,353.65,353.8,353.65,353.8,10
20260123  13:15,353.75,353.75,353.4,353.45,16
20260123  13:16,353.45,353.5,353.45,353.5,11
20260123  13:17,353.6,353.7,353.6,353.7,3
20260123  13:18,353.6,353.6,353.5,353.5,5
20260123  13:19,353.45,353.5,353.35,353.5,9
20260123  13:20,353.6,353.7,353.6,353.7,2
20260123  13:21,353.6,353.6,353.35,353.6,30
20260123  13:22,353.55,353.55,353.55,353.55,1
20260123  13:23,353.5,353.6,353.5,353.55,5
20260123  13:24,353.55,353.55,353.55,353.55,1
20260123  13:25,353.45,353.5,353.4,353.4,4
20260123  13:26,353.6,353.9,353.6,353.75,16
20260123  13:27,353.65,353.65,353.5,353.5,6
20260123  13:28,353.5,353.5,353.3,353.3,10
20260123  13:29,353.45,353.6,353.1,353.1,15
20260123  13:30,353.15,353.15,352.9,353.0,12
