20260127  10:15,338.5,339.9,338.35,339.55,90
20260127  10:16,339.8,340.5,339.8,340.5,44
20260127  10:17,340.5,340.7,340.1,340.7,21
20260127  10:18,340.8,341.3,340.8,340.8,37
20260127  10:19,341.15,341.3,341.15,341.2,11
20260127  10:20,341.45,341.55,341.2,341.55,14
20260127  10:21,341.55,341.85,341.3,341.3,8
20260127  10:22,341.0,341.0,340.85,340.85,3
20260127  10:23,340.85,340.85,340.4,340.4,6
20260127  10:24,340.4,340.4,340.35,340.35,5
20260127  10:25,340.1,340.1,340.1,340.1,2
20260127  10:26,340.1,340.1,340.1,340.1,0
20260127  10:27,340.6,340.6,340.6,340.6,1
20260127  10:28,340.6,340.6,340.6,340.6,0
20260127  10:29,340.6,340.6,340.6,340.6,0
20260127  10:30,340.25,340.45,340.25,340.45,2
20260127  10:31,340.15,340.15,340.15,340.15,1
20260127  10:32,340.15,340.15,340.15,340.15,0
20260127  10:33,340.15,340.15,340.15,340.15,0
20260127  10:34,341.25,341.25,341.25,341.25,1
20260127  10:35,341.25,341.25,341.25,341.25,0
20260127  10:36,341.1,341.1,341.1,341.1,1
20260127  10:37,340.6,340.6,340.55,340.55,3
20260127  10:38,340.3,340.3,340.2,340.2,11
20260127  10:39,340.2,340.2,340.2,340.2,0
20260127  10:40,340.05,340.05,339.85,340.0,10
20260127  10:41,339.75,339.75,339.5,339.5,7
20260127  10:42,340.0,340.15,340.0,340.15,11
20260127  10:43,340.05,340.05,340.05,340.05,1
20260127  10:44,340.05,340.05,340.05,340.05,0
20260127  10:45,340.45,340.45,340.35,340.35,5
20260127  10:46,340.45,340.6,340.4,340.6,5
20260127  10:47,340.6,340.6,340.6,340.6,0
20260127  10:48,340.4,340.4,340.4,340.4,1
20260127  10:49,340.45,340.45,340.45,340.45,1
20260127  10:50,340.3,340.5,340.3,340.5,3
20260127  10:51,340.5,340.5,340.5,340.5,0
20260127  10:52,340.75,340.75,340.75,340.75,2
20260127  10:53,340.85,340.85,340.85,340.85,6
20260127  10:54,340.85,340.85,340.85,340.85,0
20260127  10:55,340.9,340.9,340.9,340.9,1
20260127  10:56,340.9,340.9,340.9,340.9,0
20260127  10:57,340.9,340.9,340.9,340.9,0
20260127  10:58,340.9,340.9,340.9,340.9,0
20260127  10:59,341.0,341.0,340.8,340.8,9
20260127  11:00,340.8,340.8,340.8,340.8,0
20260127  11:01,340.8,340.8,340.8,340.8,0
20260127  11:02,340.8,340.8,340.8,340.8,2
20260127  11:03,340.8,340.8,340.8,340.8,0
20260127  11:04,340.8,340.8,340.8,340.8,0
20260127  11:05,340.75,340.75,340.75,340.75,1
20260127  11:06,340.85,340.85,340.85,340.85,1
20260127  11:07,340.65,340.65,340.65,340.65,1
20260127  11:08,340.65,340.65,340.65,340.65,0
20260127  11:09,340.95,340.95,340.9,340.9,2
20260127  11:10,340.75,340.75,340.65,340.65,5
20260127  11:11,340.65,340.65,340.65,340.65,0
20260127  11:12,340.65,340.65,340.65,340.65,0
20260127  11:13,340.65,340.65,340.65,340.65,0
20260127  11:14,340.2,340.2,340.2,340.2,1
20260127  11:15,340.2,340.2,340.2,340.2,0
20260127  11:16,340.4,340.4,340.4,340.4,1
20260127  11:17,340.4,340.4,340.4,340.4,0
20260127  11:18,340.4,340.4,340.4,340.4,0
20260127  11:19,340.4,340.4,340.4,340.4,0
20260127  11:20,340.4,340.4,340.4,340.4,0
20260127  11:21,340.4,340.4,340.4,340.4,0
20260127  11:22,340.5,340.5,340.5,340.5,1
20260127  11:23,340.5,340.5,340.5,340.5,0
20260127  11:24,340.4,340.4,340.4,340.4,1
20260127  11:25,340.4,340.4,340.4,340.4,0
20260127  11:26,340.4,340.4,340.4,340.4,0
20260127  11:27,340.4,340.4,340.4,340.4,0
20260127  11:28,340.6,340.6,340.6,340.6,1
20260127  11:29,340.6,340.6,340.6,340.6,0
20260127  11:30,340.6,340.6,340.6,340.6,0
20260127  11:31,340.6,340.6,340.6,340.6,0
20260127  11:32,340.6,340.6,340.6,340.6,0
20260127  11:33,340.6,340.8,340.2,340.8,34
20260127  11:34,340.85,340.85,340.85,340.85,1
20260127  11:35,340.85,340.85,340.85,340.85,0
20260127  11:36,340.85,340.85,340.85,340.85,1
20260127  11:37,340.85,340.85,340.85,340.85,0
20260127  11:38,340.85,340.85,340.85,340.85,0
20260127  11:39,340.85,340.85,340.85,340.85,0
20260127  11:40,340.85,340.85,340.85,340.85,0
20260127  11:41,341.0,341.0,341.0,341.0,12
20260127  11:42,341.0,341.0,341.0,341.0,0
20260127  11:43,341.1,341.1,341.1,341.1,1
20260127  11:44,341.1,341.1,341.1,341.1,0
20260127  11:45,341.1,341.1,341.1,341.1,0
20260127  11:46,341.1,341.1,341.1,341.1,0
20260127  11:47,341.1,341.1,341.1,341.1,0
20260127  11:48,341.15,341.25,341.15,341.25,6
20260127  11:49,341.35,341.35,341.25,341.25,3
20260127  11:50,341.25,341.25,341.25,341.25,0
20260127  11:51,341.3,341.8,341.3,341.45,43
20260127  11:52,341.45,341.45,341.45,341.45,0
20260127  11:53,341.4,341.5,341.35,341.5,10
20260127  11:54,341.5,341.5,341.5,341.5,0
20260127  11:55,341.55,341.55,341.55,341.55,1
20260127  11:56,341.8,341.8,341.65,341.7,13
20260127  11:57,341.45,341.45,341.45,341.45,1
20260127  11:58,341.45,341.45,341.45,341.45,0
20260127  11:59,341.45,341.45,341.45,341.45,0
20260127  12:00,341.45,341.45,341.45,341.45,0
20260127  12:01,341.0,341.0,340.8,340.9,8
20260127  12:02,340.9,340.9,340.9,340.9,0
20260127  12:03,340.9,340.9,340.9,340.9,0
20260127  12:04,340.9,340.9,340.9,340.9,0
20260127  12:05,340.9,340.9,340.9,340.9,0
20260127  12:06,340.9,340.9,340.9,340.9,0
20260127  12:07,341.0,341.05,341.0,341.05,2
20260127  12:08,341.05,341.05,341.05,341.05,0
20260127  12:09,341.05,341.05,341.05,341.05,0
20260127  12:10,341.05,341.05,341.05,341.05,0
20260127  12:11,341.05,341.05,341.05,341.05,0
20260127  12:12,340.8,340.8,340.8,340.8,3
20260127  12:13,340.95,340.95,340.95,340.95,1
20260127  12:14,341.05,341.05,341.05,341.05,1
20260127  12:15,341.05,341.05,341.05,341.05,0
20260127  12:16,340.9,340.9,340.7,340.7,2
20260127  12:17,340.65,340.65,340.65,340.65,1
20260127  12:18,340.9,341.15,340.9,341.1,28
20260127  12:19,341.15,341.35,341.15,341.35,4
20260127  12:20,341.25,341.25,341.25,341.25,4
20260127  12:21,341.1,341.1,341.1,341.1,1
20260127  12:22,341.0,341.15,341.0,341.15,7
20260127  12:23,340.8,340.85,340.75,340.85,7
20260127  12:24,340.75,340.75,340.55,340.65,24
20260127  12:25,340.85,340.9,340.85,340.9,4
20260127  12:26,340.55,340.55,340.5,340.5,5
20260127  12:27,340.5,340.5,340.5,340.5,0
20260127  12:28,340.65,340.85,340.65,340.85,2
20260127  12:29,340.75,340.9,340.75,340.9,3
20260127  12:30,340.9,340.9,340.9,340.9,0
20260127  12:31,340.7,340.7,340.7,340.7,3
20260127  12:32,340.65,340.65,340.65,340.65,1
20260127  12:33,340.65,340.65,340.65,340.65,0
20260127  12:34,340.65,340.65,340.65,340.65,0
20260127  12:35,340.9,340.9,340.9,340.9,1
20260127  12:36,341.1,341.15,340.95,341.15,5
20260127  12:37,341.15,341.15,341.15,341.15,0
20260127  12:38,341.15,341.15,341.15,341.15,0
20260127  12:39,341.1,341.35,341.1,341.35,12
20260127  12:40,341.3,341.3,341.1,341.1,2
20260127  12:41,341.1,341.2,341.1,341.15,4
20260127  12:42,341.15,341.15,341.15,341.15,0
20260127  12:43,341.3,341.3,341.1,341.1,3
20260127  12:44,341.5,341.6,341.5,341.6,3
20260127  12:45,341.6,341.7,341.6,341.7,6
20260127  12:46,341.45,341.45,341.4,341.4,4
20260127  12:47,341.5,341.5,341.5,341.5,2
20260127  12:48,341.5,341.5,341.5,341.5,0
20260127  12:49,341.65,341.65,341.65,341.65,1
20260127  12:50,341.65,342.0,341.65,341.9,52
20260127  12:51,341.6,341.6,341.6,341.6,1
20260127  12:52,341.7,341.7,341.7,341.7,2
20260127  12:53,341.85,341.85,341.85,341.85,1
20260127  12:54,341.85,341.9,341.7,341.7,14
20260127  12:55,341.7,341.7,341.7,341.7,0
20260127  12:56,341.75,341.8,341.75,341.8,3
20260127  12:57,341.85,342.0,341.85,342.0,3
20260127  12:58,342.0,342.0,342.0,342.0,53
20260127  12:59,342.0,342.45,342.0,342.45,12
20260127  13:00,342.15,342.15,342.15,342.15,2
20260127  13:01,342.25,342.25,342.15,342.15,5
20260127  13:02,341.85,341.85,341.85,341.85,1
20260127  13:03,341.85,341.85,341.85,341.85,0
20260127  13:04,342.1,342.1,342.1,342.1,1
20260127  13:05,341.55,341.7,341.55,341.7,2
20260127  13:06,341.65,341.85,341.65,341.85,10
20260127  13:07,341.7,341.8,341.7,341.8,2
20260127  13:08,341.8,341.8,341.8,341.8,0
20260127  13:09,341.7,341.7,341.6,341.65,9
20260127  13:10,341.6,341.6,341.6,341.6,1
20260127  13:11,341.6,341.6,341.6,341.6,0
20260127  13:12,341.6,341.6,341.5,341.5,7
20260127  13:13,341.5,341.5,341.5,341.5,2
20260127  13:14,341.75,341.75,341.75,341.75,1
20260127  13:15,341.55,341.55,341.55,341.55,1
20260127  13:16,341.55,341.55,341.55,341.55,0
20260127  13:17,341.25,341.4,341.2,341.4,13
20260127  13:18,341.55,341.55,341.5,341.5,2
20260127  13:19,341.5,341.5,341.5,341.5,0
20260127  13:20,341.35,341.35,341.35,341.35,8
20260127  13:21,341.2,341.2,341.2,341.2,2
20260127  13:22,341.35,341.35,341.35,341.35,3
20260127  13:23,341.35,341.35,341.35,341.35,0
20260127  13:24,341.35,341.35,341.35,341.35,0
20260127  13:25,341.45,341.5,341.45,341.5,3
20260127  13:26,341.55,341.6,341.55,341.6,7
20260127  13:27,341.4,341.4,341.4,341.4,2
20260127  13:28,341.4,341.7,341.4,341.7,11
20260127  13:29,342.0,342.0,342.0,342.0,2
20260127  13:30,341.65,341.65,341.65,341.65,1
20260128  10:15,349.5,351.6,349.35,350.85,201
20260128  10:16,350.55,350.75,350.0,350.0,26
20260128  10:17,350.0,350.0,349.05,349.8,21
20260128  10:18,350.2,350.2,349.85,349.85,4
20260128  10:19,350.3,350.3,349.75,350.0,6
20260128  10:20,349.15,349.4,348.95,349.4,14
20260128  10:21,349.65,349.65,349.65,349.65,1
20260128  10:22,349.9,349.9,349.9,349.9,1
20260128  10:23,350.5,350.5,350.5,350.5,3
20260128  10:24,350.5,350.5,350.5,350.5,0
20260128  10:25,349.95,349.95,349.4,349.4,8
20260128  10:26,349.5,349.65,349.45,349.65,8
20260128  10:27,349.7,349.95,349.65,349.65,12
20260128  10:28,349.6,349.85,349.55,349.8,25
20260128  10:29,349.55,349.55,349.5,349.5,2
20260128  10:30,349.5,349.5,349.5,349.5,0
20260128  10:31,349.95,349.95,349.65,349.95,14
20260128  10:32,349.95,349.95,349.8,349.8,2
20260128  10:33,349.95,349.95,349.8,349.8,21
20260128  10:34,349.75,349.75,349.15,349.15,6
20260128  10:35,349.2,349.4,349.2,349.4,4
20260128  10:36,349.5,349.5,349.2,349.35,6
20260128  10:37,349.35,349.35,349.35,349.35,1
20260128  10:38,349.35,349.35,349.3,349.3,2
20260128  10:39,349.1,349.1,349.1,349.1,6
20260128  10:40,349.25,349.25,349.25,349.25,1
20260128  10:41,349.05,349.05,347.15,348.45,73
20260128  10:42,348.7,348.7,348.7,348.7,1
20260128  10:43,348.65,348.65,348.65,348.65,2
20260128  10:44,348.4,348.4,348.4,348.4,1
20260128  10:45,348.85,348.85,348.85,348.85,1
20260128  10:46,348.75,348.75,348.75,348.75,1
20260128  10:47,349.15,349.15,349.15,349.15,2
20260128  10:48,349.05,349.05,349.05,349.05,1
20260128  10:49,349.15,349.65,349.15,349.65,3
20260128  10:50,349.65,349.65,349.65,349.65,0
20260128  10:51,349.8,349.8,349.7,349.7,3
20260128  10:52,349.7,349.7,349.7,349.7,0
20260128  10:53,349.7,349.7,349.7,349.7,0
20260128  10:54,349.45,349.45,349.45,349.45,1
20260128  10:55,349.55,349.85,349.55,349.85,5
20260128  10:56,349.45,349.9,349.45,349.9,4
20260128  10:57,349.95,349.95,349.75,349.8,29
20260128  10:58,349.75,349.75,349.75,349.75,4
20260128  10:59,349.75,349.75,349.75,349.75,0
20260128  11:00,349.95,349.95,349.8,349.95,12
20260128  11:01,350.1,350.25,350.1,350.25,2
20260128  11:02,349.9,349.9,349.9,349.9,2
20260128  11:03,349.8,349.8,349.5,349.5,5
20260128  11:04,349.5,349.5,349.5,349.5,0
20260128  11:05,348.7,348.8,348.7,348.8,3
20260128  11:06,348.5,349.05,348.5,349.05,4
20260128  11:07,348.85,348.85,348.85,348.85,1
20260128  11:08,348.5,348.55,348.4,348.55,16
20260128  11:09,348.65,348.65,348.5,348.5,2
20260128  11:10,348.35,348.35,347.5,348.15,22
20260128  11:11,348.5,348.8,348.5,348.8,6
20260128  11:12,348.75,349.1,348.75,348.9,8
20260128  11:13,348.3,348.3,348.2,348.2,10
20260128  11:14,348.25,348.25,348.1,348.1,7
20260128  11:15,348.05,348.05,347.45,347.6,10
20260128  11:16,347.8,347.8,347.75,347.75,8
20260128  11:17,347.65,347.85,347.55,347.85,43
20260128  11:18,347.85,347.85,347.8,347.8,11
20260128  11:19,347.65,347.65,347.65,347.65,1
20260128  11:20,347.4,347.4,347.4,347.4,1
20260128  11:21,347.4,347.4,347.4,347.4,0
20260128  11:22,348.15,348.15,348.05,348.05,8
20260128  11:23,348.15,348.15,348.15,348.15,2
20260128  11:24,348.15,348.15,348.15,348.15,0
20260128  11:25,348.4,348.75,348.4,348.75,11
20260128  11:26,348.7,348.7,348.6,348.6,3
20260128  11:27,348.45,348.45,348.0,348.0,5
20260128  11:28,348.0,348.0,347.7,347.7,6
20260128  11:29,347.7,347.7,347.7,347.7,0
20260128  11:30,347.95,347.95,347.7,347.7,7
20260128  11:31,347.85,348.2,347.75,348.2,14
20260128  11:32,348.05,348.05,347.95,347.95,3
20260128  11:33,347.95,347.95,347.95,347.95,0
20260128  11:34,347.6,347.6,347.4,347.4,6
20260128  11:35,347.4,347.4,347.4,347.4,0
20260128  11:36,348.1,348.1,348.1,348.1,1
20260128  11:37,348.1,348.1,348.1,348.1,2
20260128  11:38,348.1,348.1,348.1,348.1,0
20260128  11:39,348.0,348.0,347.75,347.75,4
20260128  11:40,347.75,347.75,347.75,347.75,1
20260128  11:41,347.75,347.75,347.7,347.7,3
20260128  11:42,347.7,347.7,347.7,347.7,0
20260128  11:43,347.7,347.7,347.7,347.7,0
20260128  11:44,347.95,347.95,347.9,347.9,2
20260128  11:45,347.9,347.9,347.9,347.9,0
20260128  11:46,347.85,347.85,347.85,347.85,1
20260128  11:47,347.85,347.85,347.85,347.85,0
20260128  11:48,347.75,347.75,347.75,347.75,2
20260128  11:49,347.75,347.8,347.75,347.8,4
20260128  11:50,347.95,347.95,347.95,347.95,1
20260128  11:51,347.95,347.95,347.95,347.95,0
20260128  11:52,347.8,348.0,347.7,348.0,6
20260128  11:53,348.25,348.25,348.25,348.25,4
20260128  11:54,348.15,348.15,348.15,348.15,2
20260128  11:55,348.15,348.15,348.15,348.15,1
20260128  11:56,348.15,348.15,348.15,348.15,0
20260128  11:57,348.0,348.15,348.0,348.15,6
20260128  11:58,348.15,348.15,347.85,347.85,7
20260128  11:59,348.1,348.1,348.1,348.1,1
20260128  12:00,348.05,348.05,347.2,347.35,33
20260128  12:01,347.4,347.4,346.5,346.5,67
20260128  12:02,346.65,346.65,346.2,346.2,11
20260128  12:03,346.35,346.35,346.2,346.3,7
20260128  12:04,346.2,346.35,346.2,346.35,37
20260128  12:05,346.2,346.2,345.2,345.2,74
20260128  12:06,345.05,345.05,344.4,344.65,34
20260128  12:07,344.9,344.9,344.6,344.6,13
20260128  12:08,344.75,344.75,344.45,344.45,4
20260128  12:09,344.4,344.4,343.55,344.0,22
20260128  12:10,343.95,344.2,343.7,344.1,21
20260128  12:11,343.7,343.75,342.45,342.75,40
20260128  12:12,342.6,342.65,342.1,342.1,12
20260128  12:13,342.55,343.05,342.55,343.0,28
20260128  12:14,342.85,342.85,342.25,342.25,26
20260128  12:15,342.0,342.9,342.0,342.9,37
20260128  12:16,343.05,343.1,343.05,343.1,3
20260128  12:17,343.0,343.0,342.75,342.75,12
20260128  12:18,342.55,342.55,342.5,342.5,3
20260128  12:19,342.15,342.3,341.9,341.9,16
20260128  12:20,342.2,342.55,342.2,342.45,19
20260128  12:21,342.5,342.8,342.35,342.8,10
20260128  12:22,342.4,342.4,342.1,342.15,17
20260128  12:23,342.0,342.1,341.9,342.0,14
20260128  12:24,341.8,342.1,341.8,341.95,9
20260128  12:25,342.2,342.25,342.1,342.2,5
20260128  12:26,341.85,341.85,341.85,341.85,2
20260128  12:27,342.1,342.55,342.1,342.4,39
20260128  12:28,342.4,342.4,342.4,342.4,5
20260128  12:29,342.4,342.55,342.4,342.55,5
20260128  12:30,342.6,342.6,342.0,342.0,9
20260128  12:31,341.8,341.95,341.7,341.9,14
20260128  12:32,342.25,342.25,341.8,341.8,4
20260128  12:33,341.65,341.65,341.45,341.45,3
20260128  12:34,341.45,341.6,341.1,341.1,14
20260128  12:35,341.05,341.05,340.2,341.05,25
20260128  12:36,341.05,341.5,341.05,341.5,18
20260128  12:37,341.55,341.6,341.1,341.1,28
20260128  12:38,341.2,342.45,341.2,342.45,49
20260128  12:39,341.9,342.15,341.75,341.75,26
20260128  12:40,341.65,341.75,341.4,341.4,9
20260128  12:41,341.5,341.6,341.4,341.4,11
20260128  12:42,341.35,341.6,341.2,341.45,25
20260128  12:43,341.2,341.35,341.2,341.35,4
20260128  12:44,341.2,341.4,341.2,341.4,2
20260128  12:45,341.4,341.4,341.4,341.4,0
20260128  12:46,341.2,341.2,341.1,341.1,4
20260128  12:47,341.0,341.0,340.9,340.9,2
20260128  12:48,341.0,341.35,341.0,341.35,17
20260128  12:49,341.25,341.25,341.0,341.0,5
20260128  12:50,341.15,341.5,341.15,341.5,4
20260128  12:51,341.5,341.5,341.5,341.5,0
20260128  12:52,341.55,341.55,341.55,341.55,1
20260128  12:53,341.3,341.3,341.1,341.1,6
20260128  12:54,341.45,341.45,341.0,341.0,11
20260128  12:55,341.15,341.15,341.15,341.15,1
20260128  12:56,341.3,341.3,341.3,341.3,1
20260128  12:57,341.4,341.4,341.25,341.25,11
20260128  12:58,341.2,341.45,341.2,341.45,6
20260128  12:59,341.5,341.55,341.5,341.55,3
20260128  13:00,341.55,341.55,341.55,341.55,0
20260128  13:01,341.2,341.35,341.2,341.25,4
20260128  13:02,341.05,341.05,340.05,340.05,44
20260128  13:03,340.2,340.3,340.2,340.2,4
20260128  13:04,340.3,340.7,340.3,340.4,11
20260128  13:05,340.8,340.8,340.8,340.8,1
20260128  13:06,340.55,340.85,340.55,340.85,5
20260128  13:07,340.5,340.5,340.5,340.5,2
20260128  13:08,340.3,340.35,340.05,340.35,17
20260128  13:09,340.1,340.1,340.1,340.1,1
20260128  13:10,340.05,340.15,339.5,339.5,60
20260128  13:11,340.0,340.1,340.0,340.1,4
20260128  13:12,340.15,340.15,339.9,339.9,14
20260128  13:13,339.75,339.85,339.7,339.85,5
20260128  13:14,340.0,340.25,340.0,340.25,26
20260128  13:15,340.25,340.25,339.85,340.0,21
20260128  13:16,340.15,340.2,340.15,340.2,2
20260128  13:17,340.45,340.55,340.2,340.55,6
20260128  13:18,340.25,340.35,340.25,340.35,4
20260128  13:19,340.25,340.65,339.95,340.35,24
20260128  13:20,340.5,340.6,340.5,340.6,3
20260128  13:21,340.85,340.85,340.65,340.7,5
20260128  13:22,340.7,340.7,340.7,340.7,0
20260128  13:23,340.7,340.7,340.5,340.65,5
20260128  13:24,340.75,340.95,340.7,340.7,23
20260128  13:25,340.7,340.7,340.7,340.7,0
20260128  13:26,340.55,340.55,340.45,340.45,3
20260128  13:27,340.75,340.75,340.45,340.45,20
20260128  13:28,340.2,340.2,340.2,340.2,5
20260128  13:29,340.4,340.4,340.3,340.4,6
20260128  13:30,340.4,340.75,340.4,340.75,10
20260129  10:15,334.75,335.15,334.2,334.45,122
20260129  10:16,334.15,334.3,334.0,334.3,12
20260129  10:17,334.15,334.8,334.15,334.3,34
20260129  10:18,334.1,334.1,334.1,334.1,1
20260129  10:19,334.0,334.6,334.0,334.6,14
20260129  10:20,334.65,334.65,334.65,334.65,2
20260129  10:21,334.75,335.1,334.75,335.1,16
20260129  10:22,334.85,334.95,334.45,334.7,25
20260129  10:23,334.9,335.05,334.85,335.05,20
20260129  10:24,335.2,335.2,334.9,334.9,6
20260129  10:25,334.6,335.55,334.5,335.5,17
20260129  10:26,335.15,335.3,335.15,335.3,7
20260129  10:27,335.3,335.3,335.25,335.25,2
20260129  10:28,335.15,335.2,335.15,335.15,6
20260129  10:29,335.4,335.5,335.4,335.5,10
20260129  10:30,335.35,335.5,335.35,335.5,13
20260129  10:31,335.5,335.5,335.5,335.5,0
20260129  10:32,335.35,335.35,335.35,335.35,1
20260129  10:33,335.25,335.25,335.25,335.25,1
20260129  10:34,335.0,335.0,335.0,335.0,1
20260129  10:35,334.8,334.95,334.75,334.95,6
20260129  10:36,335.0,335.25,335.0,335.25,10
20260129  10:37,335.35,335.45,335.35,335.4,11
20260129  10:38,335.4,335.4,335.4,335.4,0
20260129  10:39,335.4,335.4,335.4,335.4,0
20260129  10:40,334.9,335.1,334.9,335.1,4
20260129  10:41,335.1,335.1,335.1,335.1,4
20260129  10:42,335.1,335.1,335.1,335.1,0
20260129  10:43,334.9,334.9,334.9,334.9,5
20260129  10:44,334.9,334.9,334.9,334.9,1
20260129  10:45,334.85,334.9,334.85,334.9,2
20260129  10:46,334.9,334.9,334.9,334.9,0
20260129  10:47,335.15,335.15,335.15,335.15,2
20260129  10:48,335.15,335.15,335.15,335.15,0
20260129  10:49,335.15,335.15,335.15,335.15,0
20260129  10:50,335.15,335.15,335.15,335.15,0
20260129  10:51,335.15,335.15,335.15,335.15,0
20260129  10:52,335.15,335.15,335.15,335.15,0
20260129  10:53,334.75,334.75,334.3,334.3,16
20260129  10:54,334.4,334.4,334.4,334.4,5
20260129  10:55,334.15,334.45,334.1,334.45,9
20260129  10:56,334.3,334.3,334.15,334.15,3
20260129  10:57,334.25,334.25,334.25,334.25,1
20260129  10:58,334.25,334.25,334.25,334.25,4
20260129  10:59,334.25,334.25,334.25,334.25,0
20260129  11:00,334.2,334.2,333.65,334.0,29
20260129  11:01,334.0,334.0,334.0,334.0,0
20260129  11:02,333.65,334.15,333.65,334.15,25
20260129  11:03,334.05,334.65,334.05,334.2,20
20260129  11:04,333.9,333.9,333.8,333.8,3
20260129  11:05,333.8,333.8,333.8,333.8,0
20260129  11:06,333.55,333.85,333.55,333.85,11
20260129  11:07,333.7,334.3,333.7,334.3,9
20260129  11:08,334.15,334.15,334.15,334.15,1
20260129  11:09,334.3,334.3,334.3,334.3,1
20260129  11:10,334.3,334.3,334.3,334.3,1
20260129  11:11,334.35,334.4,334.35,334.4,2
20260129  11:12,334.7,334.7,334.7,334.7,5
20260129  11:13,334.7,334.7,334.7,334.7,0
20260129  11:14,334.7,334.7,334.7,334.7,0
20260129  11:15,334.7,334.7,334.7,334.7,0
20260129  11:16,334.25,334.25,334.2,334.25,7
20260129  11:17,334.25,334.25,334.25,334.25,3
20260129  11:18,334.25,334.25,334.25,334.25,0
20260129  11:19,334.55,334.75,334.55,334.75,6
20260129  11:20,334.75,334.75,334.75,334.75,0
20260129  11:21,334.75,334.75,334.75,334.75,0
20260129  11:22,334.7,334.75,334.7,334.75,4
20260129  11:23,334.75,334.75,334.75,334.75,1
20260129  11:24,334.75,334.75,334.75,334.75,0
20260129  11:25,334.9,334.9,334.9,334.9,2
20260129  11:26,335.05,335.05,335.05,335.05,1
20260129  11:27,335.1,335.1,335.1,335.1,1
20260129  11:28,335.1,335.1,335.1,335.1,0
20260129  11:29,335.1,335.1,335.1,335.1,0
20260129  11:30,335.15,335.15,335.15,335.15,1
20260129  11:31,335.15,335.15,335.15,335.15,0
20260129  11:32,334.95,334.95,334.95,334.95,1
20260129  11:33,335.25,335.3,335.25,335.3,3
20260129  11:34,335.15,335.15,335.15,335.15,1
20260129  11:35,334.9,334.9,334.9,334.9,1
20260129  11:36,334.9,334.9,334.9,334.9,0
20260129  11:37,334.9,334.9,334.9,334.9,0
20260129  11:38,334.9,334.9,334.9,334.9,0
20260129  11:39,334.9,334.9,334.9,334.9,0
20260129  11:40,334.9,334.9,334.9,334.9,0
20260129  11:41,334.9,334.9,334.9,334.9,0
20260129  11:42,334.9,334.9,334.9,334.9,0
20260129  11:43,334.9,334.9,334.9,334.9,0
20260129  11:44,334.9,334.9,334.9,334.9,0
20260129  11:45,334.7,334.7,334.6,334.6,2
20260129  11:46,334.6,334.6,334.6,334.6,0
20260129  11:47,334.5,334.6,334.4,334.4,7
20260129  11:48,334.3,334.45,334.3,334.45,3
20260129  11:49,334.45,334.45,334.45,334.45,0
20260129  11:50,334.6,334.75,334.6,334.65,7
20260129  11:51,334.6,334.6,334.6,334.6,1
20260129  11:52,334.6,334.6,334.6,334.6,0
20260129  11:53,334.6,334.6,334.6,334.6,0
20260129  11:54,334.6,334.6,334.6,334.6,0
20260129  11:55,334.75,334.8,334.75,334.8,7
20260129  11:56,334.35,334.35,334.35,334.35,1
20260129  11:57,334.35,334.35,334.35,334.35,0
20260129  11:58,334.35,334.35,334.35,334.35,0
20260129  11:59,334.35,334.35,334.35,334.35,0
20260129  12:00,334.3,334.3,334.2,334.2,7
20260129  12:01,334.25,334.25,333.7,333.8,6
20260129  12:02,333.9,334.3,333.9,334.3,10
20260129  12:03,334.3,334.3,334.3,334.3,1
20260129  12:04,334.2,334.2,334.15,334.15,2
20260129  12:05,334.15,334.15,334.15,334.15,0
20260129  12:06,333.95,333.95,333.95,333.95,1
20260129  12:07,333.95,333.95,333.95,333.95,0
20260129  12:08,333.95,333.95,333.95,333.95,0
20260129  12:09,333.6,333.6,333.1,333.2,62
20260129  12:10,333.25,333.25,332.65,332.65,154
20260129  12:11,332.65,332.65,332.25,332.25,101
20260129  12:12,332.35,332.45,332.35,332.35,10
20260129  12:13,332.4,332.5,332.4,332.5,4
20260129  12:14,332.4,332.4,332.35,332.35,3
20260129  12:15,332.25,332.5,332.25,332.5,12
20260129  12:16,332.5,332.6,332.5,332.6,3
20260129  12:17,332.7,332.7,332.7,332.7,1
20260129  12:18,332.7,332.7,332.7,332.7,0
20260129  12:19,332.6,332.65,332.35,332.35,6
20260129  12:20,332.3,332.5,332.25,332.4,23
20260129  12:21,332.4,332.4,332.25,332.25,12
20260129  12:22,332.5,332.5,332.2,332.25,45
20260129  12:23,332.2,332.35,332.2,332.35,16
20260129  12:24,332.6,333.1,332.6,333.1,12
20260129  12:25,333.0,333.1,333.0,333.1,6
20260129  12:26,333.2,333.2,332.95,332.95,11
20260129  12:27,332.95,332.95,332.95,332.95,0
20260129  12:28,332.9,332.9,332.8,332.8,10
20260129  12:29,332.8,332.8,332.75,332.75,2
20260129  12:30,332.7,332.7,332.6,332.6,3
20260129  12:31,332.6,332.6,332.6,332.6,0
20260129  12:32,332.95,332.95,332.95,332.95,1
20260129  12:33,332.9,332.9,332.85,332.85,3
20260129  12:34,332.85,332.85,332.85,332.85,0
20260129  12:35,333.05,333.15,332.95,332.95,8
20260129  12:36,332.95,332.95,332.9,332.9,3
20260129  12:37,332.95,333.0,332.95,333.0,5
20260129  12:38,332.9,332.9,332.9,332.9,1
20260129  12:39,333.0,333.1,332.85,332.85,13
20260129  12:40,332.85,332.85,332.85,332.85,0
20260129  12:41,332.8,332.8,332.65,332.65,2
20260129  12:42,332.65,332.65,332.65,332.65,5
20260129  12:43,332.4,332.4,332.35,332.35,6
20260129  12:44,332.5,332.5,332.5,332.5,2
20260129  12:45,332.5,332.5,332.5,332.5,0
20260129  12:46,332.25,332.3,332.2,332.2,18
20260129  12:47,332.25,332.4,332.15,332.3,54
20260129  12:48,332.25,332.35,332.25,332.35,2
20260129  12:49,332.4,332.4,332.4,332.4,2
20260129  12:50,332.35,332.35,332.15,332.25,5
20260129  12:51,332.35,332.35,332.2,332.2,5
20260129  12:52,332.4,332.45,332.4,332.4,6
20260129  12:53,332.4,332.45,332.4,332.45,3
20260129  12:54,332.55,332.55,332.5,332.5,3
20260129  12:55,332.7,332.7,332.7,332.7,1
20260129  12:56,332.85,332.85,332.7,332.7,2
20260129  12:57,332.7,332.8,332.65,332.8,5
20260129  12:58,332.6,332.6,332.6,332.6,1
20260129  12:59,332.85,332.85,332.5,332.5,16
20260129  13:00,332.35,332.45,332.35,332.45,2
20260129  13:01,332.45,332.45,332.45,332.45,0
20260129  13:02,332.55,332.55,332.55,332.55,1
20260129  13:03,332.55,332.55,332.55,332.55,0
20260129  13:04,332.55,332.55,332.55,332.55,0
20260129  13:05,332.7,332.7,332.55,332.55,2
20260129  13:06,332.7,332.75,332.45,332.45,13
20260129  13:07,332.5,332.7,332.5,332.7,7
20260129  13:08,332.7,332.7,332.7,332.7,0
20260129  13:09,332.65,332.65,332.65,332.65,1
20260129  13:10,332.65,332.65,332.65,332.65,0
20260129  13:11,332.7,332.8,332.7,332.8,3
20260129  13:12,332.9,332.95,332.9,332.95,5
20260129  13:13,332.85,333.25,332.85,333.0,9
20260129  13:14,332.9,332.9,332.6,332.85,8
20260129  13:15,332.75,332.75,332.7,332.75,4
20260129  13:16,332.75,332.75,332.75,332.75,0
20260129  13:17,332.75,332.75,332.75,332.75,0
20260129  13:18,332.85,332.85,332.85,332.85,1
20260129  13:19,332.7,332.7,332.7,332.7,1
20260129  13:20,332.65,332.65,332.45,332.45,3
20260129  13:21,332.6,332.8,332.6,332.8,3
20260129  13:22,332.55,332.7,332.55,332.55,4
20260129  13:23,332.9,332.9,332.7,332.9,3
20260129  13:24,332.85,332.85,332.7,332.7,8
20260129  13:25,332.5,332.7,332.5,332.7,2
20260129  13:26,332.7,332.75,332.7,332.75,4
20260129  13:27,332.45,332.45,332.4,332.4,2
20260129  13:28,332.55,332.55,332.55,332.55,2
20260129  13:29,332.8,332.85,332.8,332.85,3
20260129  13:30,332.85,332.85,332.85,332.85,0
20260130  10:15,327.75,328.45,327.0,327.0,189
20260130  10:16,326.9,327.35,326.7,326.7,40
20260130  10:17,326.7,326.7,326.3,326.4,46
20260130  10:18,326.3,326.5,326.3,326.4,10
20260130  10:19,326.25,326.6,326.25,326.5,32
20260130  10:20,326.35,326.35,326.1,326.25,16
20260130  10:21,326.1,326.1,325.9,326.05,36
20260130  10:22,325.9,325.9,325.55,325.6,23
20260130  10:23,325.55,326.0,325.1,325.65,98
20260130  10:24,325.55,325.6,325.15,325.15,33
20260130  10:25,325.15,325.25,325.05,325.25,65
20260130  10:26,325.1,325.7,325.1,325.7,31
20260130  10:27,325.5,325.85,325.5,325.6,26
20260130  10:28,325.5,325.65,325.45,325.65,7
20260130  10:29,325.45,325.45,325.1,325.1,11
20260130  10:30,325.1,325.15,325.1,325.15,2
20260130  10:31,325.15,325.25,325.1,325.1,19
20260130  10:32,325.15,325.25,325.05,325.2,42
20260130  10:33,325.15,325.15,325.05,325.05,4
20260130  10:34,325.1,325.15,324.65,324.85,170
20260130  10:35,324.85,324.85,324.5,324.65,37
20260130  10:36,324.65,324.7,324.5,324.5,21
20260130  10:37,324.55,325.2,324.15,325.2,107
20260130  10:38,324.95,325.35,324.95,325.25,8
20260130  10:39,325.25,325.45,325.05,325.4,30
20260130  10:40,325.5,325.5,325.4,325.4,27
20260130  10:41,325.45,325.45,325.35,325.35,3
20260130  10:42,325.15,325.15,325.15,325.15,1
20260130  10:43,325.05,325.05,324.75,324.75,43
20260130  10:44,324.75,324.85,324.7,324.8,6
20260130  10:45,324.9,324.9,324.55,324.55,2
20260130  10:46,324.55,324.55,324.55,324.55,0
20260130  10:47,324.5,324.5,324.5,324.5,1
20260130  10:48,324.3,324.45,324.3,324.45,3
20260130  10:49,324.4,324.55,324.2,324.2,38
20260130  10:50,324.05,324.05,324.05,324.05,1
20260130  10:51,324.2,324.2,324.2,324.2,2
20260130  10:52,324.2,324.2,324.2,324.2,4
20260130  10:53,324.2,324.2,324.2,324.2,0
20260130  10:54,324.05,324.35,323.6,323.65,117
20260130  10:55,323.55,323.9,323.5,323.9,28
20260130  10:56,323.75,323.95,323.75,323.8,4
20260130  10:57,323.8,324.0,323.8,323.85,10
20260130  10:58,323.75,324.3,323.75,324.2,18
20260130  10:59,323.95,324.1,323.95,324.0,22
20260130  11:00,323.95,324.05,323.85,324.05,6
20260130  11:01,323.9,323.9,323.85,323.85,4
20260130  11:02,323.95,323.95,323.75,323.75,9
20260130  11:03,323.45,323.5,323.15,323.15,86
20260130  11:04,323.35,323.95,323.35,323.55,34
20260130  11:05,323.35,324.05,323.35,323.75,17
20260130  11:06,323.75,323.75,323.75,323.75,1
20260130  11:07,323.5,323.5,323.5,323.5,1
20260130  11:08,323.65,323.65,323.6,323.6,4
20260130  11:09,323.7,323.7,323.55,323.55,4
20260130  11:10,323.45,323.6,323.45,323.6,3
20260130  11:11,323.55,323.75,323.55,323.7,11
20260130  11:12,323.45,323.45,323.35,323.4,17
20260130  11:13,323.4,323.4,323.4,323.4,0
20260130  11:14,323.65,323.7,323.6,323.6,3
20260130  11:15,323.65,323.65,323.4,323.4,4
20260130  11:16,323.3,323.3,322.1,322.25,242
20260130  11:17,322.15,322.2,321.95,322.2,51
20260130  11:18,321.95,321.95,321.8,321.8,32
20260130  11:19,321.8,321.95,321.8,321.9,21
20260130  11:20,321.9,322.3,321.9,322.05,28
20260130  11:21,322.15,322.2,322.0,322.2,17
20260130  11:22,322.05,322.2,322.05,322.2,6
20260130  11:23,322.15,322.15,321.8,322.15,24
20260130  11:24,322.15,322.15,322.15,322.15,0
20260130  11:25,322.2,322.25,322.15,322.15,10
20260130  11:26,322.0,322.0,321.9,321.9,5
20260130  11:27,322.0,322.0,321.8,321.8,4
20260130  11:28,322.0,322.0,321.8,321.8,7
20260130  11:29,321.8,321.95,321.65,321.95,24
20260130  11:30,321.95,321.95,321.8,321.9,7
20260130  11:31,322.0,322.0,321.9,322.0,11
20260130  11:32,322.05,322.1,321.95,321.95,14
20260130  11:33,322.0,322.75,322.0,322.55,30
20260130  11:34,322.55,322.55,322.15,322.15,3
20260130  11:35,322.4,322.4,322.25,322.25,2
20260130  11:36,322.25,322.25,322.25,322.25,5
20260130  11:37,322.1,322.35,322.05,322.35,5
20260130  11:38,322.35,322.35,322.35,322.35,1
20260130  11:39,322.4,322.6,322.35,322.5,14
20260130  11:40,322.65,322.85,322.65,322.85,16
20260130  11:41,322.85,322.85,322.6,322.7,8
20260130  11:42,322.7,322.7,322.5,322.5,3
20260130  11:43,322.55,322.75,322.55,322.75,3
20260130  11:44,322.75,322.9,322.75,322.9,2
20260130  11:45,322.9,322.9,322.6,322.6,16
20260130  11:46,322.85,323.15,322.75,322.9,42
20260130  11:47,322.9,322.9,322.9,322.9,0
20260130  11:48,322.9,322.9,322.9,322.9,0
20260130  11:49,322.75,323.0,322.75,322.9,11
20260130  11:50,322.9,322.9,322.9,322.9,0
20260130  11:51,322.8,322.85,322.8,322.85,4
20260130  11:52,322.9,322.9,322.9,322.9,7
20260130  11:53,323.15,323.2,323.15,323.15,5
20260130  11:54,323.2,323.25,323.15,323.2,21
20260130  11:55,323.35,323.5,323.3,323.3,34
20260130  11:56,323.3,323.3,323.3,323.3,0
20260130  11:57,323.3,323.3,323.3,323.3,1
20260130  11:58,323.45,323.45,323.45,323.45,1
20260130  11:59,323.55,324.0,323.55,324.0,34
20260130  12:00,323.85,323.85,323.5,323.5,9
20260130  12:01,323.25,323.4,323.25,323.25,11
20260130  12:02,323.3,323.5,323.1,323.5,15
20260130  12:03,323.5,323.5,323.45,323.5,5
20260130  12:04,323.6,323.7,323.55,323.7,10
20260130  12:05,323.6,324.0,323.55,324.0,16
20260130  12:06,324.15,324.7,324.15,324.6,21
20260130  12:07,324.75,325.0,324.7,324.7,17
20260130  12:08,324.5,324.5,324.25,324.25,3
20260130  12:09,324.3,324.6,324.3,324.6,18
20260130  12:10,324.65,324.75,324.3,324.3,31
20260130  12:11,324.3,324.3,324.3,324.3,0
20260130  12:12,324.1,324.2,324.0,324.0,6
20260130  12:13,324.15,324.2,324.15,324.2,7
20260130  12:14,324.2,324.75,324.2,324.75,4
20260130  12:15,324.8,325.0,324.8,325.0,22
20260130  12:16,325.35,325.45,325.35,325.45,3
20260130  12:17,325.45,326.0,325.45,325.95,36
20260130  12:18,326.0,326.4,325.9,326.3,23
20260130  12:19,326.25,326.3,326.05,326.3,17
20260130  12:20,325.85,326.2,325.7,326.05,32
20260130  12:21,326.25,326.3,326.15,326.15,6
20260130  12:22,325.95,326.05,325.95,326.0,3
20260130  12:23,325.8,325.95,325.8,325.95,3
20260130  12:24,325.9,325.95,325.9,325.95,6
20260130  12:25,326.05,326.05,325.75,325.8,6
20260130  12:26,325.9,325.9,325.8,325.8,2
20260130  12:27,326.1,326.1,325.7,325.7,13
20260130  12:28,325.5,326.0,325.5,325.9,26
20260130  12:29,326.15,326.25,326.15,326.25,7
20260130  12:30,326.15,326.15,326.05,326.05,6
20260130  12:31,326.0,326.0,325.95,325.95,2
20260130  12:32,326.0,326.0,325.9,326.0,4
20260130  12:33,326.0,326.1,326.0,326.1,5
20260130  12:34,326.1,326.1,326.0,326.0,11
20260130  12:35,326.05,326.05,325.85,325.85,4
20260130  12:36,325.95,325.95,325.95,325.95,1
20260130  12:37,326.1,326.1,326.1,326.1,1
20260130  12:38,326.15,326.15,325.95,325.95,6
20260130  12:39,326.05,326.05,326.05,326.05,1
20260130  12:40,326.15,326.25,326.05,326.05,9
20260130  12:41,325.8,326.0,325.8,326.0,3
20260130  12:42,326.0,326.0,325.9,325.9,8
20260130  12:43,325.8,325.8,325.8,325.8,11
20260130  12:44,325.95,325.95,325.95,325.95,1
20260130  12:45,325.95,326.2,325.8,325.8,7
20260130  12:46,325.7,325.7,325.3,325.45,8
20260130  12:47,325.45,325.45,325.45,325.45,0
20260130  12:48,325.55,325.8,325.55,325.8,12
20260130  12:49,325.8,325.95,325.8,325.95,5
20260130  12:50,326.05,326.05,325.75,325.75,8
20260130  12:51,325.75,325.75,325.75,325.75,0
20260130  12:52,325.75,325.75,325.75,325.75,0
20260130  12:53,325.75,325.75,325.75,325.75,0
20260130  12:54,325.75,325.75,325.75,325.75,0
20260130  12:55,325.9,326.0,325.7,326.0,6
20260130  12:56,326.0,326.0,326.0,326.0,0
20260130  12:57,326.4,326.55,326.4,326.55,7
20260130  12:58,326.6,326.6,326.5,326.5,3
20260130  12:59,326.5,326.5,326.5,326.5,0
20260130  13:00,326.35,326.45,326.35,326.45,4
20260130  13:01,326.4,326.5,326.4,326.5,2
20260130  13:02,326.55,326.7,326.55,326.7,3
20260130  13:03,326.7,326.7,326.7,326.7,1
20260130  13:04,326.7,326.9,326.65,326.9,7
20260130  13:05,326.8,326.8,326.2,326.2,21
20260130  13:06,326.2,326.4,326.2,326.4,2
20260130  13:07,326.35,326.4,326.35,326.4,3
20260130  13:08,326.4,326.4,326.4,326.4,2
20260130  13:09,326.4,326.4,326.4,326.4,0
20260130  13:10,326.3,326.3,326.3,326.3,1
20260130  13:11,326.0,326.0,326.0,326.0,1
20260130  13:12,326.3,326.45,326.3,326.45,4
20260130  13:13,326.15,326.15,326.15,326.15,2
20260130  13:14,326.3,326.3,326.25,326.3,3
20260130  13:15,326.35,326.35,326.25,326.25,5
20260130  13:16,325.95,325.95,325.8,325.8,6
20260130  13:17,325.95,325.95,325.95,325.95,1
20260130  13:18,325.55,325.6,325.45,325.6,11
20260130  13:19,325.65,325.65,325.65,325.65,1
20260130  13:20,325.45,325.45,325.45,325.45,2
20260130  13:21,325.45,325.45,325.45,325.45,0
20260130  13:22,325.7,325.7,325.7,325.7,1
20260130  13:23,325.75,325.75,325.6,325.6,4
20260130  13:24,325.6,325.6,325.6,325.6,0
20260130  13:25,325.4,325.55,325.35,325.5,11
20260130  13:26,325.15,325.2,325.15,325.15,5
20260130  13:27,325.15,325.4,325.15,325.4,6
20260130  13:28,325.4,325.4,325.4,325.4,0
20260130  13:29,325.3,325.3,325.3,325.3,1
20260130  13:30,325.15,325.4,324.6,324.6,42
20260202  10:15,315.0,315.6,314.25,315.05,451
20260202  10:16,315.1,316.0,315.1,315.8,48
20260202  10:17,315.8,316.5,315.8,316.5,36
20260202  10:18,316.45,316.45,316.0,316.2,4
20260202  10:19,315.7,315.95,315.7,315.95,6
20260202  10:20,315.7,316.1,315.7,315.75,4
20260202  10:21,315.7,316.15,315.7,316.1,6
20260202  10:22,315.65,315.85,315.65,315.85,4
20260202  10:23,316.25,316.3,315.4,315.4,12
20260202  10:24,315.45,315.45,314.55,314.55,36
20260202  10:25,314.65,314.65,314.65,314.65,4
20260202  10:26,314.6,315.0,314.6,314.8,14
20260202  10:27,314.65,314.85,314.5,314.85,18
20260202  10:28,314.4,314.5,314.35,314.45,15
20260202  10:29,314.6,314.75,314.55,314.7,30
20260202  10:30,314.4,314.6,314.05,314.5,15
20260202  10:31,314.75,314.75,314.45,314.75,7
20260202  10:32,315.1,315.45,315.1,315.3,11
20260202  10:33,315.25,315.8,315.25,315.8,6
20260202  10:34,315.8,315.8,315.8,315.8,0
20260202  10:35,315.8,316.1,315.8,316.1,6
20260202  10:36,316.15,316.8,316.15,316.75,24
20260202  10:37,316.7,316.7,316.7,316.7,1
20260202  10:38,316.7,316.7,316.7,316.7,0
20260202  10:39,316.05,316.05,315.65,315.65,3
20260202  10:40,315.65,316.0,315.65,316.0,12
20260202  10:41,316.0,316.05,315.25,315.25,7
20260202  10:42,315.4,315.9,315.3,315.9,7
20260202  10:43,315.85,315.85,315.2,315.2,19
20260202  10:44,315.1,315.15,315.05,315.05,4
20260202  10:45,315.05,315.05,315.05,315.05,0
20260202  10:46,315.15,315.2,315.15,315.2,6
20260202  10:47,315.3,315.5,315.3,315.5,2
20260202  10:48,315.45,315.75,315.45,315.75,8
20260202  10:49,316.05,316.4,316.0,316.3,11
20260202  10:50,316.1,316.45,316.1,316.45,9
20260202  10:51,316.05,316.55,316.05,316.55,4
20260202  10:52,316.55,316.6,316.15,316.15,6
20260202  10:53,316.2,316.2,316.0,316.0,2
20260202  10:54,316.1,316.1,315.85,315.85,8
20260202  10:55,315.95,315.95,315.75,315.75,3
20260202  10:56,315.75,315.75,315.75,315.75,0
20260202  10:57,316.1,316.2,316.1,316.2,3
20260202  10:58,316.65,316.7,316.65,316.7,4
20260202  10:59,316.75,317.3,316.75,317.1,14
20260202  11:00,317.05,317.1,316.6,316.6,4
20260202  11:01,316.65,316.7,316.65,316.7,2
20260202  11:02,316.7,316.8,316.65,316.8,6
20260202  11:03,316.75,316.75,316.35,316.4,4
20260202  11:04,316.75,316.75,316.45,316.45,5
20260202  11:05,316.5,316.6,316.5,316.6,2
20260202  11:06,316.6,316.6,316.6,316.6,0
20260202  11:07,316.4,316.4,316.4,316.4,1
20260202  11:08,316.2,316.3,316.15,316.3,6
20260202  11:09,316.3,316.3,316.3,316.3,0
20260202  11:10,316.05,316.3,316.05,316.3,15
20260202  11:11,316.3,316.35,316.3,316.35,2
20260202  11:12,316.2,316.2,315.9,315.9,9
20260202  11:13,316.15,316.15,316.05,316.05,2
20260202  11:14,316.15,316.15,316.15,316.15,1
20260202  11:15,316.1,316.1,316.1,316.1,1
20260202  11:16,315.8,315.8,315.65,315.8,5
20260202  11:17,315.65,315.65,315.65,315.65,5
20260202  11:18,315.65,315.8,315.65,315.8,7
20260202  11:19,315.8,315.8,315.8,315.8,0
20260202  11:20,315.55,315.55,315.35,315.55,7
20260202  11:21,315.4,315.4,315.25,315.3,16
20260202  11:22,315.1,315.1,314.8,314.8,10
20260202  11:23,314.85,314.95,314.85,314.85,6
20260202  11:24,314.65,314.75,314.65,314.7,4
20260202  11:25,314.65,314.7,314.5,314.7,27
20260202  11:26,314.75,314.9,314.75,314.9,4
20260202  11:27,314.8,314.85,314.75,314.75,4
20260202  11:28,314.8,314.8,314.8,314.8,2
20260202  11:29,314.8,314.85,314.8,314.8,3
20260202  11:30,314.85,314.85,314.8,314.8,4
20260202  11:31,314.65,314.65,314.55,314.6,7
20260202  11:32,314.65,314.7,314.65,314.7,3
20260202  11:33,314.5,314.55,314.45,314.5,6
20260202  11:34,314.6,314.85,314.6,314.85,4
20260202  11:35,314.85,314.85,314.85,314.85,1
20260202  11:36,314.75,314.85,314.65,314.85,9
20260202  11:37,315.0,315.1,315.0,315.1,4
20260202  11:38,315.1,315.1,315.1,315.1,0
20260202  11:39,315.45,315.45,315.45,315.45,1
20260202  11:40,315.65,315.7,315.65,315.7,2
20260202  11:41,315.85,315.85,315.65,315.65,2
20260202  11:42,315.65,315.8,315.65,315.75,3
20260202  11:43,315.65,315.65,315.6,315.6,3
20260202  11:44,315.75,315.85,315.75,315.85,2
20260202  11:45,315.85,315.85,315.85,315.85,2
20260202  11:46,316.05,316.05,316.05,316.05,1
20260202  11:47,316.2,316.35,316.2,316.3,3
20260202  11:48,316.45,316.5,316.3,316.4,8
20260202  11:49,316.45,316.45,316.15,316.45,17
20260202  11:50,316.4,316.45,315.95,315.95,12
20260202  11:51,316.0,316.15,315.95,315.95,14
20260202  11:52,316.05,316.25,316.05,316.25,8
20260202  11:53,316.15,316.15,316.0,316.0,5
20260202  11:54,316.0,316.0,316.0,316.0,0
20260202  11:55,315.8,315.8,315.6,315.6,5
20260202  11:56,315.6,315.6,315.6,315.6,0
20260202  11:57,315.65,315.65,315.65,315.65,1
20260202  11:58,315.8,315.8,315.8,315.8,1
20260202  11:59,315.6,315.6,315.4,315.5,6
20260202  12:00,315.35,315.35,314.95,314.95,16
20260202  12:01,315.05,315.2,315.05,315.2,5
20260202  12:02,315.15,315.2,315.15,315.2,3
20260202  12:03,315.25,315.25,315.05,315.2,5
20260202  12:04,314.95,315.45,314.95,315.3,7
20260202  12:05,315.35,315.5,315.3,315.35,9
20260202  12:06,315.3,315.4,315.25,315.4,9
20260202  12:07,315.3,315.3,315.3,315.3,3
20260202  12:08,315.25,315.35,315.25,315.25,8
20260202  12:09,315.25,315.25,315.0,315.0,7
20260202  12:10,314.85,314.85,314.85,314.85,1
20260202  12:11,314.85,314.85,314.85,314.85,0
20260202  12:12,315.1,315.1,315.1,315.1,1
20260202  12:13,315.1,315.1,315.1,315.1,0
20260202  12:14,315.1,315.1,315.1,315.1,0
20260202  12:15,315.1,315.1,315.1,315.1,0
20260202  12:16,315.15,315.3,315.15,315.3,2
20260202  12:17,315.3,315.3,315.3,315.3,0
20260202  12:18,315.5,315.5,315.5,315.5,3
20260202  12:19,315.5,315.5,315.5,315.5,0
20260202  12:20,315.35,315.4,315.25,315.4,9
20260202  12:21,315.4,315.45,315.4,315.45,5
20260202  12:22,315.65,315.65,315.65,315.65,1
20260202  12:23,315.65,315.65,315.65,315.65,0
20260202  12:24,315.7,316.05,315.7,315.8,18
20260202  12:25,315.75,315.75,315.6,315.6,2
20260202  12:26,315.7,315.7,315.7,315.7,1
20260202  12:27,315.7,315.7,315.7,315.7,0
20260202  12:28,315.7,315.7,315.7,315.7,0
20260202  12:29,315.9,316.1,315.9,316.0,5
20260202  12:30,315.9,315.9,315.9,315.9,1
20260202  12:31,316.2,316.2,315.9,316.05,9
20260202  12:32,316.2,316.2,316.05,316.05,3
20260202  12:33,316.15,316.15,316.15,316.15,3
20260202  12:34,316.15,316.55,316.15,316.45,6
20260202  12:35,316.15,316.15,315.95,316.1,4
20260202  12:36,316.15,316.15,316.15,316.15,1
20260202  12:37,316.3,316.4,316.15,316.15,10
20260202  12:38,316.15,316.15,316.15,316.15,0
20260202  12:39,316.25,316.35,316.25,316.3,6
20260202  12:40,316.1,316.1,316.1,316.1,1
20260202  12:41,316.35,316.45,316.35,316.45,2
20260202  12:42,316.7,316.7,316.7,316.7,1
20260202  12:43,316.7,316.8,316.7,316.8,3
20260202  12:44,317.0,317.35,317.0,317.2,35
20260202  12:45,317.0,317.0,316.8,316.95,15
20260202  12:46,317.1,317.35,317.1,317.35,6
20260202  12:47,317.3,317.3,316.9,316.95,5
20260202  12:48,316.9,317.05,316.85,317.05,3
20260202  12:49,317.15,317.15,317.05,317.05,2
20260202  12:50,317.2,317.35,317.2,317.25,18
20260202  12:51,317.2,317.25,317.15,317.25,5
20260202  12:52,317.3,317.45,317.2,317.2,8
20260202  12:53,317.0,317.0,316.95,317.0,3
20260202  12:54,317.0,317.0,317.0,317.0,0
20260202  12:55,316.9,316.9,316.7,316.7,10
20260202  12:56,316.75,316.75,316.75,316.75,2
20260202  12:57,316.75,316.75,316.75,316.75,0
20260202  12:58,316.65,316.8,316.65,316.7,6
20260202  12:59,317.0,317.0,316.8,316.8,5
20260202  13:00,316.8,316.8,316.8,316.8,2
20260202  13:01,316.95,317.0,316.8,316.8,3
20260202  13:02,316.9,317.05,316.9,317.05,2
20260202  13:03,317.0,317.1,317.0,317.1,5
20260202  13:04,317.5,317.6,317.4,317.6,12
20260202  13:05,317.45,317.45,317.25,317.25,7
20260202  13:06,317.2,317.2,317.05,317.05,2
20260202  13:07,317.35,318.0,317.25,317.9,56
20260202  13:08,317.7,318.15,317.7,317.95,14
20260202  13:09,317.7,317.75,317.7,317.75,2
20260202  13:10,317.95,318.0,317.9,318.0,6
20260202  13:11,317.95,318.1,317.8,318.1,6
20260202  13:12,318.15,318.3,318.15,318.3,7
20260202  13:13,318.15,319.4,318.1,318.75,75
20260202  13:14,318.85,319.6,318.85,319.4,17
20260202  13:15,319.4,319.4,319.15,319.2,28
20260202  13:16,318.8,318.95,318.8,318.95,6
20260202  13:17,318.7,319.2,318.65,318.8,45
20260202  13:18,318.7,318.8,318.7,318.8,6
20260202  13:19,318.8,318.8,318.2,318.35,35
20260202  13:20,318.35,318.5,318.35,318.5,9
20260202  13:21,318.3,319.45,318.3,319.3,29
20260202  13:22,319.25,319.25,318.95,319.0,10
20260202  13:23,319.15,319.15,319.15,319.15,1
20260202  13:24,319.0,319.0,318.7,318.7,17
20260202  13:25,318.85,318.9,318.7,318.9,4
20260202  13:26,318.75,318.75,318.55,318.55,10
20260202  13:27,318.55,318.55,318.55,318.55,1
20260202  13:28,318.5,318.5,318.5,318.5,1
20260202  13:29,318.35,318.35,317.75,317.75,18
20260202  13:30,317.8,317.8,317.7,317.8,7
20260203  10:15,317.25,319.1,317.15,317.85,107
20260203  10:16,318.4,319.8,318.3,318.85,74
20260203  10:17,318.6,318.8,318.5,318.5,20
20260203  10:18,318.7,318.7,318.35,318.35,14
20260203  10:19,318.8,319.15,318.8,319.15,7
20260203  10:20,319.45,319.5,319.25,319.25,3
20260203  10:21,318.75,319.0,318.75,319.0,11
20260203  10:22,319.0,319.0,319.0,319.0,0
20260203  10:23,318.8,318.8,318.75,318.75,4
20260203  10:24,318.1,318.25,317.9,318.15,17
20260203  10:25,318.15,318.15,318.15,318.15,0
20260203  10:26,317.8,317.95,317.55,317.75,15
20260203  10:27,317.7,317.7,316.95,316.95,39
20260203  10:28,316.95,316.95,316.6,316.8,7
20260203  10:29,316.65,316.7,316.55,316.65,5
20260203  10:30,316.65,317.0,316.65,317.0,12
20260203  10:31,316.9,316.9,316.9,316.9,1
20260203  10:32,317.1,317.1,316.9,316.9,2
20260203  10:33,316.9,317.15,316.8,317.15,3
20260203  10:34,317.15,317.2,317.05,317.05,7
20260203  10:35,316.85,316.85,316.65,316.65,5
20260203  10:36,316.55,316.75,316.55,316.75,2
20260203  10:37,317.1,317.1,317.1,317.1,1
20260203  10:38,317.15,317.5,317.0,317.5,20
20260203  10:39,317.7,317.7,317.35,317.35,3
20260203  10:40,317.55,317.6,317.55,317.6,2
20260203  10:41,317.8,317.8,317.8,317.8,1
20260203  10:42,318.0,318.2,318.0,318.2,5
20260203  10:43,318.2,318.2,318.2,318.2,0
20260203  10:44,317.6,317.6,317.6,317.6,1
20260203  10:45,317.5,317.5,317.5,317.5,1
20260203  10:46,317.5,317.5,317.5,317.5,0
20260203  10:47,317.4,317.4,317.2,317.2,5
20260203  10:48,317.2,317.2,317.2,317.2,0
20260203  10:49,317.2,317.2,317.2,317.2,0
20260203  10:50,317.15,317.15,317.0,317.0,6
20260203  10:51,317.0,317.0,316.9,317.0,19
20260203  10:52,317.0,317.0,317.0,317.0,4
20260203  10:53,317.0,317.0,316.2,316.25,13
20260203  10:54,316.1,316.2,316.0,316.2,5
20260203  10:55,316.3,316.3,316.3,316.3,1
20260203  10:56,316.3,316.3,316.3,316.3,0
20260203  10:57,316.3,316.3,316.3,316.3,0
20260203  10:58,316.75,316.75,316.75,316.75,3
20260203  10:59,316.8,316.9,316.8,316.9,6
20260203  11:00,316.55,316.65,316.55,316.6,31
20260203  11:01,316.6,316.6,316.6,316.6,0
20260203  11:02,316.55,316.55,316.3,316.55,10
20260203  11:03,316.3,316.3,316.3,316.3,1
20260203  11:04,316.2,316.2,316.2,316.2,9
20260203  11:05,316.2,316.2,316.2,316.2,0
20260203  11:06,316.2,316.2,316.2,316.2,0
20260203  11:07,316.65,316.65,316.65,316.65,3
20260203  11:08,316.65,316.65,316.65,316.65,0
20260203  11:09,316.65,316.65,316.65,316.65,1
20260203  11:10,316.75,316.75,316.75,316.75,1
20260203  11:11,316.75,316.75,316.75,316.75,0
20260203  11:12,316.75,316.75,316.75,316.75,0
20260203  11:13,316.75,316.75,316.75,316.75,0
20260203  11:14,316.75,316.75,316.75,316.75,0
20260203  11:15,316.3,316.3,316.2,316.25,18
20260203  11:16,316.35,316.45,316.3,316.3,3
20260203  11:17,316.3,316.3,316.3,316.3,0
20260203  11:18,316.2,316.2,315.95,315.95,16
20260203  11:19,315.9,315.9,315.85,315.85,2
20260203  11:20,316.05,316.05,316.05,316.05,2
20260203  11:21,315.8,315.8,315.8,315.8,9
20260203  11:22,315.55,315.55,315.4,315.5,30
20260203  11:23,315.5,315.55,315.45,315.55,5
20260203  11:24,315.5,315.5,315.35,315.35,4
20260203  11:25,315.35,315.75,315.35,315.75,33
20260203  11:26,315.95,316.0,315.95,316.0,2
20260203  11:27,316.0,316.0,316.0,316.0,2
20260203  11:28,316.0,316.0,315.9,315.9,3
20260203  11:29,315.9,315.9,315.9,315.9,0
20260203  11:30,315.65,315.65,315.2,315.2,4
20260203  11:31,315.3,315.35,314.7,314.7,11
20260203  11:32,315.05,315.05,315.05,315.05,1
20260203  11:33,314.9,314.9,314.75,314.75,10
20260203  11:34,314.55,314.55,314.55,314.55,4
20260203  11:35,314.4,314.8,314.35,314.8,9
20260203  11:36,314.85,314.85,314.75,314.75,2
20260203  11:37,314.75,314.75,314.75,314.75,0
20260203  11:38,314.55,314.55,314.55,314.55,2
20260203  11:39,314.5,314.5,314.5,314.5,2
20260203  11:40,314.45,314.45,314.4,314.4,4
20260203  11:41,314.45,314.5,314.45,314.5,2
20260203  11:42,314.3,314.35,314.2,314.3,7
20260203  11:43,314.2,314.4,314.05,314.3,29
20260203  11:44,314.3,314.3,314.3,314.3,0
20260203  11:45,314.5,314.5,314.2,314.2,12
20260203  11:46,314.35,314.35,314.35,314.35,1
20260203  11:47,314.2,314.2,313.9,314.1,31
20260203  11:48,313.8,314.0,313.8,314.0,2
20260203  11:49,314.0,314.0,314.0,314.0,0
20260203  11:50,314.1,314.25,314.1,314.25,2
20260203  11:51,314.15,314.2,314.15,314.2,5
20260203  11:52,314.2,314.2,314.2,314.2,0
20260203  11:53,314.35,314.35,313.95,314.0,25
20260203  11:54,313.75,313.75,313.75,313.75,5
20260203  11:55,314.0,314.05,314.0,314.05,2
20260203  11:56,314.15,314.3,314.15,314.3,4
20260203  11:57,314.05,314.05,314.05,314.05,1
20260203  11:58,314.25,314.25,313.9,313.9,36
20260203  11:59,313.9,313.9,313.9,313.9,0
20260203  12:00,313.9,313.9,313.9,313.9,0
20260203  12:01,313.95,314.0,313.9,313.9,13
20260203  12:02,313.9,313.95,313.9,313.95,6
20260203  12:03,313.9,313.9,313.55,313.65,14
20260203  12:04,313.75,313.75,313.65,313.65,5
20260203  12:05,313.55,313.8,313.5,313.65,43
20260203  12:06,313.6,313.7,313.6,313.7,3
20260203  12:07,313.75,314.0,313.75,313.95,5
20260203  12:08,313.95,313.95,313.95,313.95,0
20260203  12:09,313.95,313.95,313.95,313.95,0
20260203  12:10,314.0,314.0,314.0,314.0,1
20260203  12:11,314.05,314.05,314.05,314.05,1
20260203  12:12,314.1,314.1,314.1,314.1,1
20260203  12:13,314.1,314.1,314.1,314.1,0
20260203  12:14,314.0,314.0,314.0,314.0,6
20260203  12:15,314.1,314.1,314.1,314.1,1
20260203  12:16,314.0,314.0,314.0,314.0,2
20260203  12:17,314.0,314.0,314.0,314.0,0
20260203  12:18,314.0,314.0,314.0,314.0,1
20260203  12:19,314.1,314.1,314.1,314.1,6
20260203  12:20,314.1,314.1,314.1,314.1,0
20260203  12:21,314.1,314.1,314.1,314.1,0
20260203  12:22,314.1,314.1,314.1,314.1,0
20260203  12:23,314.1,314.1,314.1,314.1,0
20260203  12:24,313.7,313.7,313.7,313.7,1
20260203  12:25,313.8,313.85,313.8,313.8,3
20260203  12:26,313.75,313.75,313.75,313.75,2
20260203  12:27,313.65,313.7,313.65,313.7,2
20260203  12:28,313.5,313.5,313.5,313.5,1
20260203  12:29,313.5,313.5,313.5,313.5,0
20260203  12:30,313.45,313.45,313.05,313.15,36
20260203  12:31,313.1,313.3,313.05,313.25,8
20260203  12:32,313.05,313.05,313.05,313.05,1
20260203  12:33,313.05,313.3,313.05,313.3,9
20260203  12:34,313.3,313.3,313.3,313.3,1
20260203  12:35,313.45,313.45,313.45,313.45,1
20260203  12:36,313.35,313.5,313.25,313.5,13
20260203  12:37,313.6,313.7,313.55,313.7,35
20260203  12:38,313.6,313.6,313.6,313.6,1
20260203  12:39,313.75,313.75,313.75,313.75,1
20260203  12:40,313.75,313.75,313.75,313.75,0
20260203  12:41,313.5,313.5,313.3,313.3,2
20260203  12:42,313.3,313.3,313.3,313.3,0
20260203  12:43,313.3,313.3,313.0,313.0,11
20260203  12:44,313.2,313.35,313.2,313.35,2
20260203  12:45,313.3,313.6,313.3,313.3,4
20260203  12:46,313.3,313.3,313.15,313.15,4
20260203  12:47,313.15,313.25,313.15,313.25,5
20260203  12:48,313.3,313.8,313.3,313.8,57
20260203  12:49,313.6,313.65,313.4,313.65,3
20260203  12:50,313.6,313.75,313.4,313.75,10
20260203  12:51,313.75,313.75,313.75,313.75,0
20260203  12:52,313.55,313.6,313.55,313.6,2
20260203  12:53,313.7,313.7,313.5,313.5,10
20260203  12:54,313.5,313.5,313.5,313.5,0
20260203  12:55,313.45,313.55,313.45,313.5,4
20260203  12:56,313.5,313.5,313.5,313.5,0
20260203  12:57,313.5,313.5,313.5,313.5,0
20260203  12:58,313.5,313.55,313.5,313.5,5
20260203  12:59,313.45,313.6,313.45,313.6,3
20260203  13:00,313.6,313.6,313.6,313.6,0
20260203  13:01,313.65,313.65,313.65,313.65,1
20260203  13:02,313.65,313.65,313.65,313.65,2
20260203  13:03,313.5,313.5,313.5,313.5,1
20260203  13:04,313.6,313.6,313.6,313.6,1
20260203  13:05,313.6,313.6,313.6,313.6,0
20260203  13:06,313.8,313.85,313.8,313.85,2
20260203  13:07,313.75,313.75,313.75,313.75,1
20260203  13:08,313.95,313.95,313.95,313.95,1
20260203  13:09,313.95,313.95,313.95,313.95,0
20260203  13:10,314.15,314.4,314.15,314.4,7
20260203  13:11,314.4,314.4,314.4,314.4,1
20260203  13:12,314.4,314.4,314.4,314.4,0
20260203  13:13,314.2,314.2,314.2,314.2,2
20260203  13:14,314.1,314.1,313.95,314.0,7
20260203  13:15,314.2,314.2,314.2,314.2,1
20260203  13:16,314.2,314.2,314.2,314.2,0
20260203  13:17,314.2,314.2,314.2,314.2,0
20260203  13:18,314.2,314.2,314.2,314.2,1
20260203  13:19,314.2,314.2,314.2,314.2,3
20260203  13:20,314.2,314.2,314.2,314.2,0
20260203  13:21,314.4,314.4,314.25,314.25,3
20260203  13:22,314.0,314.15,314.0,314.15,6
20260203  13:23,314.15,314.15,314.15,314.15,0
20260203  13:24,314.4,314.55,314.35,314.35,5
20260203  13:25,314.35,314.35,314.15,314.15,3
20260203  13:26,313.9,314.0,313.8,313.8,7
20260203  13:27,313.95,313.95,313.9,313.9,2
20260203  13:28,313.9,313.9,313.9,313.9,0
20260203  13:29,313.8,313.8,313.8,313.8,5
20260203  13:30,313.8,313.8,313.8,313.8,0
20260204  10:15,303.0,309.0,303.0,304.25,444
20260204  10:16,303.8,304.05,303.05,303.35,65
20260204  10:17,303.1,303.35,302.45,302.8,94
20260204  10:18,302.95,303.0,302.65,302.65,27
20260204  10:19,302.1,302.15,301.75,302.0,30
20260204  10:20,302.1,302.1,301.5,301.6,67
20260204  10:21,301.6,302.85,301.6,302.5,34
20260204  10:22,302.4,302.5,302.4,302.5,6
20260204  10:23,302.3,302.65,302.3,302.65,10
20260204  10:24,302.85,302.85,302.0,302.0,4
20260204  10:25,301.9,302.2,301.5,302.2,44
20260204  10:26,301.95,301.95,301.65,301.65,17
20260204  10:27,301.65,301.65,301.45,301.5,14
20260204  10:28,301.35,301.35,300.55,300.55,56
20260204  10:29,300.5,300.5,299.8,300.0,72
20260204  10:30,299.85,300.7,299.6,300.7,28
20260204  10:31,300.95,301.05,299.0,299.0,219
20260204  10:32,299.0,299.55,299.0,299.55,59
20260204  10:33,300.1,300.7,300.1,300.4,26
20260204  10:34,300.2,300.2,299.7,299.7,25
20260204  10:35,299.75,299.9,299.4,299.4,21
20260204  10:36,300.0,300.0,299.85,299.85,4
20260204  10:37,299.95,300.35,299.95,300.35,5
20260204  10:38,300.5,301.85,300.5,301.85,94
20260204  10:39,301.7,302.05,301.7,301.8,23
20260204  10:40,301.8,301.9,300.5,300.85,117
20260204  10:41,300.7,301.0,300.5,300.65,54
20260204  10:42,300.95,300.95,300.75,300.9,13
20260204  10:43,300.95,301.05,300.65,300.65,10
20260204  10:44,300.8,300.8,300.6,300.6,4
20260204  10:45,300.5,300.7,300.5,300.55,6
20260204  10:46,300.55,300.55,300.4,300.4,14
20260204  10:47,300.6,300.6,300.6,300.6,1
20260204  10:48,300.85,301.1,300.75,301.1,7
20260204  10:49,301.1,301.1,301.05,301.05,6
20260204  10:50,300.6,300.6,300.35,300.35,11
20260204  10:51,300.35,300.35,300.25,300.25,2
20260204  10:52,300.25,300.5,300.25,300.5,3
20260204  10:53,300.45,300.7,300.45,300.7,4
20260204  10:54,300.7,301.9,300.7,301.7,100
20260204  10:55,301.45,301.7,301.35,301.7,10
20260204  10:56,301.8,302.1,301.65,302.05,41
20260204  10:57,302.05,302.15,302.0,302.0,9
20260204  10:58,301.7,301.9,301.7,301.9,9
20260204  10:59,301.9,302.25,301.9,302.25,12
20260204  11:00,302.0,302.25,302.0,302.25,16
20260204  11:01,302.5,302.5,302.1,302.1,7
20260204  11:02,302.05,302.75,301.85,302.55,66
20260204  11:03,302.65,302.95,302.65,302.95,5
20260204  11:04,303.1,303.1,302.55,302.8,15
20260204  11:05,302.35,302.35,302.35,302.35,3
20260204  11:06,302.35,302.35,302.35,302.35,0
20260204  11:07,302.6,303.15,302.6,303.05,24
20260204  11:08,302.95,303.45,302.9,303.45,41
20260204  11:09,303.3,303.5,303.1,303.1,12
20260204  11:10,302.7,302.7,302.7,302.7,4
20260204  11:11,302.55,302.65,302.2,302.65,29
20260204  11:12,302.55,302.65,302.4,302.65,14
20260204  11:13,302.8,302.8,302.75,302.75,4
20260204  11:14,302.4,302.4,302.4,302.4,1
20260204  11:15,302.45,302.45,302.3,302.3,3
20260204  11:16,302.3,302.3,302.3,302.3,0
20260204  11:17,302.45,302.45,302.4,302.4,2
20260204  11:18,302.4,302.4,302.4,302.4,0
20260204  11:19,302.35,302.35,302.0,302.2,12
20260204  11:20,302.45,302.6,302.45,302.55,7
20260204  11:21,302.5,302.5,302.15,302.15,8
20260204  11:22,302.2,302.2,302.15,302.15,3
20260204  11:23,302.15,302.15,301.9,302.0,10
20260204  11:24,302.25,302.25,302.25,302.25,1
20260204  11:25,302.6,302.65,302.6,302.65,2
20260204  11:26,302.65,302.65,302.6,302.6,3
20260204  11:27,302.6,302.6,302.6,302.6,0
20260204  11:28,302.35,302.35,302.35,302.35,3
20260204  11:29,302.35,302.35,302.35,302.35,0
20260204  11:30,302.7,302.7,302.4,302.4,6
20260204  11:31,302.4,302.4,302.1,302.1,2
20260204  11:32,302.2,302.2,302.2,302.2,1
20260204  11:33,302.15,302.4,302.15,302.35,7
20260204  11:34,302.55,302.8,302.55,302.8,2
20260204  11:35,302.9,303.2,302.85,303.2,18
20260204  11:36,303.2,303.55,303.2,303.55,32
20260204  11:37,303.7,303.7,303.65,303.65,4
20260204  11:38,303.25,303.35,303.15,303.15,7
20260204  11:39,303.15,303.15,303.15,303.15,0
20260204  11:40,303.05,303.05,302.8,302.8,14
20260204  11:41,302.75,302.75,302.5,302.6,11
20260204  11:42,302.4,302.7,302.4,302.7,10
20260204  11:43,302.65,302.65,302.4,302.4,3
20260204  11:44,302.45,302.5,302.45,302.5,2
20260204  11:45,302.45,302.45,302.25,302.25,9
20260204  11:46,302.3,302.3,302.3,302.3,1
20260204  11:47,302.2,302.4,302.2,302.25,3
20260204  11:48,302.25,302.25,302.1,302.15,18
20260204  11:49,302.15,302.15,302.15,302.15,5
20260204  11:50,302.05,302.2,302.0,302.2,11
20260204  11:51,302.2,302.2,302.2,302.2,0
20260204  11:52,302.2,302.2,302.2,302.2,0
20260204  11:53,302.95,303.05,302.9,303.0,6
20260204  11:54,303.1,303.15,303.0,303.05,14
20260204  11:55,302.85,302.95,302.75,302.75,3
20260204  11:56,302.8,302.8,302.8,302.8,2
20260204  11:57,302.9,303.0,302.9,303.0,3
20260204  11:58,302.9,302.95,302.85,302.95,3
20260204  11:59,302.9,302.9,302.85,302.85,4
20260204  12:00,302.95,302.95,302.6,302.6,5
20260204  12:01,302.6,302.6,302.6,302.6,4
20260204  12:02,302.8,302.8,302.8,302.8,11
20260204  12:03,302.65,302.75,302.5,302.65,30
20260204  12:04,302.6,302.85,302.6,302.85,10
20260204  12:05,302.8,303.2,302.8,303.15,40
20260204  12:06,303.25,303.3,303.25,303.25,3
20260204  12:07,303.3,303.3,303.3,303.3,2
20260204  12:08,303.4,303.4,303.4,303.4,12
20260204  12:09,303.4,303.55,303.4,303.5,11
20260204  12:10,303.45,303.45,303.1,303.2,41
20260204  12:11,302.55,302.55,302.2,302.2,9
20260204  12:12,302.2,302.2,302.2,302.2,0
20260204  12:13,301.9,301.9,301.7,301.7,5
20260204  12:14,301.75,301.9,301.5,301.5,8
20260204  12:15,301.65,302.05,301.65,302.05,6
20260204  12:16,302.25,302.35,302.25,302.3,5
20260204  12:17,302.6,302.75,302.6,302.7,5
20260204  12:18,302.7,302.7,302.7,302.7,0
20260204  12:19,302.65,302.65,302.65,302.65,3
20260204  12:20,302.65,302.65,302.6,302.6,3
20260204  12:21,302.9,302.9,302.9,302.9,1
20260204  12:22,302.8,303.0,302.8,303.0,4
20260204  12:23,302.95,302.95,302.5,302.65,12
20260204  12:24,302.65,302.65,302.65,302.65,0
20260204  12:25,302.75,302.75,302.75,302.75,1
20260204  12:26,302.9,302.9,302.9,302.9,1
20260204  12:27,302.9,303.05,302.85,302.85,15
20260204  12:28,302.9,302.9,302.9,302.9,1
20260204  12:29,302.9,302.9,302.9,302.9,1
20260204  12:30,303.0,303.2,303.0,303.05,3
20260204  12:31,303.05,303.05,303.05,303.05,0
20260204  12:32,303.3,303.5,303.2,303.2,14
20260204  12:33,303.15,303.3,303.15,303.3,3
20260204  12:34,303.3,303.3,303.1,303.1,5
20260204  12:35,303.1,303.1,303.1,303.1,0
20260204  12:36,303.2,303.2,303.2,303.2,1
20260204  12:37,303.35,303.35,303.35,303.35,1
20260204  12:38,303.4,303.55,303.4,303.5,8
20260204  12:39,303.45,303.45,303.45,303.45,2
20260204  12:40,303.35,303.7,303.25,303.65,17
20260204  12:41,303.65,303.65,303.65,303.65,2
20260204  12:42,303.75,303.85,303.5,303.5,10
20260204  12:43,303.4,303.4,303.3,303.3,5
20260204  12:44,303.25,303.25,302.75,302.95,52
20260204  12:45,303.0,303.25,302.65,303.25,14
20260204  12:46,303.25,303.25,303.25,303.25,1
20260204  12:47,303.25,303.25,303.1,303.2,8
20260204  12:48,303.1,303.2,303.1,303.2,3
20260204  12:49,303.2,303.25,303.1,303.1,8
20260204  12:50,303.15,303.25,303.05,303.05,11
20260204  12:51,303.05,303.75,303.05,303.75,67
20260204  12:52,303.95,303.95,303.65,303.65,11
20260204  12:53,303.55,303.6,303.45,303.45,5
20260204  12:54,303.5,303.5,303.2,303.2,11
20260204  12:55,303.3,303.3,302.6,302.6,16
20260204  12:56,302.55,302.55,302.35,302.55,10
20260204  12:57,302.6,302.6,302.6,302.6,6
20260204  12:58,302.6,302.6,302.6,302.6,0
20260204  12:59,302.35,302.35,302.3,302.35,4
20260204  13:00,302.25,302.25,302.0,302.05,27
20260204  13:01,302.15,302.5,302.15,302.3,4
20260204  13:02,302.2,302.3,301.85,302.3,38
20260204  13:03,302.05,302.05,301.85,301.85,4
20260204  13:04,301.8,301.8,301.65,301.65,4
20260204  13:05,301.55,301.55,301.5,301.5,6
20260204  13:06,301.5,302.05,301.45,301.8,13
20260204  13:07,301.85,301.85,301.75,301.75,3
20260204  13:08,302.15,302.15,301.9,301.9,4
20260204  13:09,301.75,301.75,301.65,301.65,5
20260204  13:10,301.65,301.65,301.65,301.65,0
20260204  13:11,301.9,301.9,301.9,301.9,1
20260204  13:12,301.8,301.8,301.8,301.8,2
20260204  13:13,302.05,302.1,301.95,301.95,4
20260204  13:14,301.9,301.9,301.9,301.9,1
20260204  13:15,301.9,301.9,301.9,301.9,0
20260204  13:16,301.9,301.9,301.9,301.9,0
20260204  13:17,302.3,302.35,302.2,302.35,47
20260204  13:18,302.35,302.65,302.35,302.65,11
20260204  13:19,302.6,303.0,302.6,302.6,14
20260204  13:20,303.0,303.0,302.7,302.7,8
20260204  13:21,302.9,302.9,302.9,302.9,1
20260204  13:22,303.05,303.1,302.85,302.85,6
20260204  13:23,302.65,302.65,302.55,302.55,2
20260204  13:24,302.7,302.8,302.7,302.8,3
20260204  13:25,302.6,302.75,302.6,302.75,4
20260204  13:26,302.6,303.0,302.6,303.0,7
20260204  13:27,302.95,303.05,302.95,303.05,3
20260204  13:28,303.1,303.1,303.1,303.1,1
20260204  13:29,303.1,303.1,302.8,303.0,12
20260204  13:30,303.25,303.25,303.05,303.05,3
20260205  10:15,298.0,302.0,297.45,298.85,266
20260205  10:16,298.05,298.6,297.85,298.25,11
20260205  10:17,298.7,298.9,298.4,298.65,12
20260205  10:18,298.5,298.55,298.5,298.55,7
20260205  10:19,298.5,298.65,297.95,297.95,33
20260205  10:20,298.0,298.3,298.0,298.3,13
20260205  10:21,297.95,298.05,297.65,297.65,38
20260205  10:22,298.05,298.2,297.5,297.55,9
20260205  10:23,297.85,297.9,297.85,297.9,4
20260205  10:24,297.85,298.05,297.8,298.05,3
20260205  10:25,298.0,298.0,297.65,297.65,8
20260205  10:26,297.65,297.65,297.65,297.65,0
20260205  10:27,297.55,297.75,297.55,297.75,6
20260205  10:28,297.85,297.85,297.4,297.55,9
20260205  10:29,297.75,297.75,297.6,297.65,5
20260205  10:30,297.85,297.85,297.6,297.6,13
20260205  10:31,297.6,297.65,297.45,297.6,22
20260205  10:32,297.45,297.45,297.0,297.15,24
20260205  10:33,297.3,297.35,296.5,296.5,3
20260205  10:34,296.6,296.75,296.2,296.3,11
20260205  10:35,296.3,296.5,296.3,296.5,4
20260205  10:36,296.7,296.7,296.5,296.7,5
20260205  10:37,296.8,297.05,296.8,297.0,13
20260205  10:38,297.0,297.0,296.5,296.5,13
20260205  10:39,296.85,297.1,296.85,297.1,2
20260205  10:40,297.0,297.45,297.0,297.4,9
20260205  10:41,297.2,297.4,297.1,297.1,10
20260205  10:42,297.2,297.5,297.2,297.5,5
20260205  10:43,297.25,297.25,297.1,297.1,5
20260205  10:44,297.35,297.7,297.35,297.65,12
20260205  10:45,297.55,297.6,297.55,297.6,2
20260205  10:46,297.6,297.6,297.6,297.6,1
20260205  10:47,297.6,297.6,297.6,297.6,0
20260205  10:48,297.2,297.2,296.65,296.65,26
20260205  10:49,296.55,296.75,296.55,296.75,6
20260205  10:50,296.95,296.95,296.85,296.85,2
20260205  10:51,296.95,297.0,296.95,297.0,6
20260205  10:52,296.6,296.6,296.6,296.6,3
20260205  10:53,296.8,297.0,296.7,297.0,18
20260205  10:54,297.0,297.0,296.9,296.9,3
20260205  10:55,296.8,296.8,296.55,296.7,4
20260205  10:56,296.55,296.6,296.4,296.6,27
20260205  10:57,296.6,296.6,296.6,296.6,0
20260205  10:58,296.6,296.6,296.6,296.6,0
20260205  10:59,296.6,296.6,296.6,296.6,0
20260205  11:00,296.75,296.75,296.75,296.75,1
20260205  11:01,296.7,296.7,296.45,296.45,3
20260205  11:02,296.35,296.35,296.2,296.2,14
20260205  11:03,296.25,296.35,296.2,296.2,5
20260205  11:04,296.3,296.3,296.3,296.3,6
20260205  11:05,296.3,296.35,296.0,296.0,26
20260205  11:06,295.95,296.2,295.95,296.2,10
20260205  11:07,296.1,296.2,296.1,296.2,2
20260205  11:08,296.3,296.35,296.3,296.35,2
20260205  11:09,296.4,296.5,296.4,296.5,6
20260205  11:10,296.5,296.7,296.5,296.7,7
20260205  11:11,296.75,297.0,296.75,297.0,22
20260205  11:12,297.0,297.0,297.0,297.0,0
20260205  11:13,296.65,296.65,296.65,296.65,1
20260205  11:14,296.65,296.65,296.65,296.65,0
20260205  11:15,296.65,296.65,296.65,296.65,0
20260205  11:16,296.5,296.5,296.5,296.5,2
20260205  11:17,296.7,296.7,296.7,296.7,2
20260205  11:18,297.0,297.25,297.0,297.2,30
20260205  11:19,297.2,297.25,296.95,296.95,8
20260205  11:20,297.25,297.25,297.25,297.25,1
20260205  11:21,297.25,297.55,297.2,297.3,9
20260205  11:22,297.5,297.6,297.5,297.6,11
20260205  11:23,297.45,297.45,297.45,297.45,1
20260205  11:24,297.15,297.15,297.15,297.15,1
20260205  11:25,297.15,297.15,297.15,297.15,0
20260205  11:26,297.0,297.0,296.95,296.95,3
20260205  11:27,297.2,297.2,297.2,297.2,1
20260205  11:28,296.9,297.15,296.7,297.0,8
20260205  11:29,297.35,297.65,297.35,297.65,9
20260205  11:30,297.45,297.55,297.4,297.55,5
20260205  11:31,297.7,297.7,297.2,297.2,8
20260205  11:32,297.2,297.2,297.2,297.2,0
20260205  11:33,297.2,297.2,297.2,297.2,0
20260205  11:34,297.0,297.3,297.0,297.25,12
20260205  11:35,297.1,297.3,297.05,297.25,5
20260205  11:36,297.65,298.1,297.65,298.0,10
20260205  11:37,297.85,297.85,297.85,297.85,2
20260205  11:38,297.5,297.5,297.5,297.5,3
20260205  11:39,297.7,297.75,297.7,297.75,2
20260205  11:40,297.75,297.8,297.7,297.7,4
20260205  11:41,297.65,297.85,297.65,297.85,2
20260205  11:42,298.1,298.35,298.05,298.35,9
20260205  11:43,298.35,298.35,298.35,298.35,0
20260205  11:44,298.35,298.35,298.35,298.35,0
20260205  11:45,298.4,298.45,298.4,298.4,6
20260205  11:46,298.45,298.5,298.35,298.35,5
20260205  11:47,298.35,298.4,298.35,298.4,3
20260205  11:48,298.4,298.4,297.95,297.95,7
20260205  11:49,297.95,297.95,297.95,297.95,0
20260205  11:50,297.75,297.75,297.75,297.75,1
20260205  11:51,297.75,297.75,297.75,297.75,0
20260205  11:52,297.8,297.85,297.8,297.85,2
20260205  11:53,297.8,297.8,297.5,297.5,2
20260205  11:54,297.7,297.7,297.55,297.55,2
20260205  11:55,297.55,297.55,297.55,297.55,0
20260205  11:56,297.1,297.25,297.1,297.25,7
20260205  11:57,297.25,297.25,297.25,297.25,0
20260205  11:58,297.3,297.3,297.3,297.3,1
20260205  11:59,297.8,297.8,297.8,297.8,1
20260205  12:00,297.45,297.45,296.5,296.65,20
20260205  12:01,296.65,296.65,296.55,296.55,5
20260205  12:02,296.1,296.2,295.95,296.05,32
20260205  12:03,295.9,295.95,295.65,295.7,15
20260205  12:04,295.65,295.75,295.35,295.45,19
20260205  12:05,295.3,295.3,295.3,295.3,2
20260205  12:06,295.3,295.3,295.25,295.25,5
20260205  12:07,295.35,295.4,295.25,295.4,7
20260205  12:08,295.35,295.75,295.3,295.7,47
20260205  12:09,295.75,295.75,295.55,295.55,9
20260205  12:10,295.55,295.65,295.55,295.55,23
20260205  12:11,295.55,295.65,295.4,295.4,6
20260205  12:12,295.4,295.5,295.4,295.5,5
20260205  12:13,295.6,295.6,295.4,295.5,19
20260205  12:14,295.55,295.7,295.45,295.5,31
20260205  12:15,295.5,295.55,295.5,295.55,2
20260205  12:16,295.6,295.6,295.6,295.6,4
20260205  12:17,295.5,295.55,295.4,295.4,10
20260205  12:18,295.4,295.4,295.4,295.4,0
20260205  12:19,295.3,295.35,295.3,295.35,4
20260205  12:20,295.25,295.25,295.25,295.25,1
20260205  12:21,295.3,295.4,295.15,295.4,35
20260205  12:22,295.4,295.6,295.4,295.6,9
20260205  12:23,295.8,296.1,295.65,296.1,10
20260205  12:24,296.0,296.05,295.7,295.9,37
20260205  12:25,295.75,295.75,295.75,295.75,2
20260205  12:26,295.7,295.8,295.7,295.8,4
20260205  12:27,296.0,296.0,295.85,295.85,4
20260205  12:28,296.05,296.05,295.8,295.8,4
20260205  12:29,295.7,295.85,295.7,295.85,2
20260205  12:30,296.0,296.0,295.9,295.9,2
20260205  12:31,295.7,295.75,295.65,295.75,9
20260205  12:32,295.75,295.75,295.75,295.75,1
20260205  12:33,295.95,295.95,295.95,295.95,1
20260205  12:34,295.9,295.9,295.9,295.9,1
20260205  12:35,295.85,296.0,295.85,296.0,4
20260205  12:36,296.2,296.2,296.2,296.2,5
20260205  12:37,296.2,296.2,296.2,296.2,0
20260205  12:38,296.0,296.0,296.0,296.0,1
20260205  12:39,295.9,295.9,295.75,295.85,7
20260205  12:40,296.0,296.0,295.9,295.9,2
20260205  12:41,295.9,295.9,295.9,295.9,0
20260205  12:42,296.05,296.1,296.05,296.1,4
20260205  12:43,296.2,296.25,296.1,296.1,3
20260205  12:44,296.1,296.3,296.1,296.3,3
20260205  12:45,296.35,296.35,296.35,296.35,1
20260205  12:46,296.35,296.35,296.35,296.35,0
20260205  12:47,296.5,296.5,296.4,296.45,4
20260205  12:48,296.55,296.65,296.55,296.65,9
20260205  12:49,296.65,296.65,296.65,296.65,0
20260205  12:50,296.5,296.5,296.5,296.5,2
20260205  12:51,296.4,296.4,296.4,296.4,4
20260205  12:52,296.55,296.55,296.3,296.3,18
20260205  12:53,296.3,296.3,296.3,296.3,0
20260205  12:54,296.3,296.3,296.3,296.3,0
20260205  12:55,296.3,296.3,296.3,296.3,0
20260205  12:56,296.3,296.3,296.3,296.3,0
20260205  12:57,296.05,296.1,296.0,296.1,14
20260205  12:58,296.05,296.2,296.05,296.2,2
20260205  12:59,296.25,296.25,296.25,296.25,2
20260205  13:00,296.3,296.3,296.15,296.15,2
20260205  13:01,296.05,296.05,295.8,295.8,9
20260205  13:02,295.8,295.8,295.8,295.8,0
20260205  13:03,295.95,295.95,295.95,295.95,1
20260205  13:04,296.0,296.0,296.0,296.0,5
20260205  13:05,295.95,296.1,295.8,296.05,29
20260205  13:06,296.1,296.25,296.1,296.25,6
20260205  13:07,296.05,296.1,296.05,296.1,8
20260205  13:08,296.15,296.4,296.15,296.4,7
20260205  13:09,296.45,296.5,296.45,296.5,11
20260205  13:10,296.5,296.5,296.5,296.5,0
20260205  13:11,296.35,296.35,296.35,296.35,1
20260205  13:12,296.45,296.45,296.45,296.45,2
20260205  13:13,296.3,296.55,296.3,296.4,6
20260205  13:14,296.25,296.25,296.25,296.25,2
20260205  13:15,296.3,296.3,296.1,296.25,7
20260205  13:16,296.35,296.35,296.35,296.35,1
20260205  13:17,296.25,296.25,296.2,296.2,8
20260205  13:18,296.2,296.2,296.15,296.15,6
20260205  13:19,296.15,296.2,296.15,296.2,17
20260205  13:20,296.2,296.2,296.1,296.1,5
20260205  13:21,296.1,296.1,296.1,296.1,1
20260205  13:22,296.35,296.4,296.35,296.4,2
20260205  13:23,296.75,296.75,296.6,296.6,3
20260205  13:24,296.25,296.4,296.25,296.4,3
20260205  13:25,296.4,296.45,296.4,296.45,12
20260205  13:26,296.5,296.5,296.5,296.5,1
20260205  13:27,296.45,296.45,296.2,296.4,24
20260205  13:28,296.35,296.35,296.1,296.1,6
20260205  13:29,296.1,296.2,296.1,296.2,4
20260205  13:30,296.5,296.75,296.5,296.7,12
20260206  10:15,300.2,303.45,300.15,301.45,382
20260206  10:16,301.45,301.85,300.7,301.45,36
20260206  10:17,301.85,301.9,301.1,301.35,35
20260206  10:18,301.45,302.0,301.45,301.75,32
20260206  10:19,301.5,301.5,300.2,300.45,18
20260206  10:20,300.3,300.3,299.4,299.4,65
20260206  10:21,299.25,299.35,298.9,299.35,43
20260206  10:22,299.8,299.8,299.3,299.4,16
20260206  10:23,299.0,299.0,298.2,298.5,44
20260206  10:24,298.3,298.5,298.3,298.5,4
20260206  10:25,298.7,298.75,298.05,298.4,13
20260206  10:26,298.55,298.85,298.2,298.2,23
20260206  10:27,298.45,298.45,297.65,297.65,47
20260206  10:28,298.05,298.1,297.6,297.75,32
20260206  10:29,298.0,298.0,297.8,297.95,18
20260206  10:30,298.1,298.1,297.45,297.75,32
20260206  10:31,297.95,298.6,297.95,298.6,10
20260206  10:32,298.85,299.0,298.5,298.5,30
20260206  10:33,298.35,298.6,298.3,298.55,6
20260206  10:34,299.0,299.0,298.85,298.95,10
20260206  10:35,299.0,299.0,298.4,298.55,47
20260206  10:36,298.3,298.45,298.2,298.2,17
20260206  10:37,298.3,298.5,298.25,298.45,27
20260206  10:38,298.4,298.95,298.4,298.8,17
20260206  10:39,299.0,299.0,299.0,299.0,6
20260206  10:40,298.65,298.65,298.65,298.65,2
20260206  10:41,298.75,298.75,298.75,298.75,3
20260206  10:42,298.65,298.65,298.2,298.2,9
20260206  10:43,298.25,298.4,298.25,298.4,7
20260206  10:44,298.3,298.4,298.25,298.35,7
20260206  10:45,298.45,298.45,297.8,297.95,7
20260206  10:46,298.0,298.15,297.75,297.75,14
20260206  10:47,297.6,297.65,297.15,297.3,25
20260206  10:48,297.35,297.45,297.05,297.45,14
20260206  10:49,297.6,298.0,297.55,298.0,16
20260206  10:50,297.75,297.75,297.75,297.75,9
20260206  10:51,297.95,298.0,297.8,297.9,8
20260206  10:52,297.8,298.35,297.8,298.35,20
20260206  10:53,298.25,298.25,298.25,298.25,2
20260206  10:54,298.15,298.55,298.15,298.3,14
20260206  10:55,298.1,298.25,298.1,298.25,3
20260206  10:56,298.45,298.75,298.35,298.35,13
20260206  10:57,298.3,298.4,298.1,298.1,16
20260206  10:58,298.05,298.05,297.85,297.85,5
20260206  10:59,297.65,297.65,297.2,297.25,22
20260206  11:00,297.35,298.1,297.35,297.6,27
20260206  11:01,297.75,297.9,297.5,297.55,13
20260206  11:02,297.7,297.9,297.45,297.75,13
20260206  11:03,297.75,297.75,297.75,297.75,1
20260206  11:04,297.6,297.6,297.4,297.4,5
20260206  11:05,297.3,297.3,296.85,296.85,30
20260206  11:06,296.8,296.9,296.55,296.6,11
20260206  11:07,296.55,296.65,296.55,296.65,3
20260206  11:08,296.65,296.65,296.6,296.6,7
20260206  11:09,296.6,297.0,296.6,296.95,12
20260206  11:10,296.9,297.05,296.7,296.7,28
20260206  11:11,296.7,296.7,296.7,296.7,0
20260206  11:12,296.7,297.0,296.7,297.0,8
20260206  11:13,297.25,297.25,297.25,297.25,2
20260206  11:14,297.3,297.3,297.3,297.3,2
20260206  11:15,297.2,297.2,297.2,297.2,1
20260206  11:16,297.4,297.4,297.4,297.4,1
20260206  11:17,297.35,297.35,297.25,297.25,3
20260206  11:18,297.25,297.25,297.25,297.25,0
20260206  11:19,297.3,297.35,297.3,297.35,2
20260206  11:20,297.5,297.85,297.45,297.8,16
20260206  11:21,297.8,297.9,297.5,297.75,7
20260206  11:22,297.9,298.0,297.8,297.8,4
20260206  11:23,297.8,297.8,297.8,297.8,0
20260206  11:24,297.6,297.8,297.6,297.75,8
20260206  11:25,297.7,297.7,297.7,297.7,5
20260206  11:26,297.7,297.7,297.7,297.7,0
20260206  11:27,297.6,297.6,297.55,297.55,4
20260206  11:28,297.4,297.5,297.4,297.5,4
20260206  11:29,297.25,297.25,297.0,297.1,4
20260206  11:30,297.1,297.2,297.05,297.2,3
20260206  11:31,297.2,297.2,297.2,297.2,0
20260206  11:32,297.2,297.2,297.2,297.2,0
20260206  11:33,297.8,298.05,297.8,298.05,16
20260206  11:34,298.35,298.6,298.25,298.25,31
20260206  11:35,298.1,298.15,298.1,298.1,4
20260206  11:36,297.9,297.9,297.8,297.8,2
20260206  11:37,297.8,297.8,297.8,297.8,0
20260206  11:38,297.9,298.0,297.9,298.0,3
20260206  11:39,298.45,298.45,298.45,298.45,1
20260206  11:40,298.4,298.4,298.15,298.4,9
20260206  11:41,298.45,298.45,298.45,298.45,1
20260206  11:42,298.4,298.4,297.8,297.8,9
20260206  11:43,297.7,297.7,297.5,297.5,3
20260206  11:44,297.5,297.5,297.3,297.4,10
20260206  11:45,297.8,297.8,297.8,297.8,4
20260206  11:46,297.75,298.0,297.75,298.0,4
20260206  11:47,298.0,298.0,297.9,297.9,3
20260206  11:48,297.9,298.35,297.9,298.35,18
20260206  11:49,298.5,298.55,298.5,298.55,6
20260206  11:50,298.35,298.35,298.35,298.35,1
20260206  11:51,298.5,298.6,298.4,298.4,6
20260206  11:52,298.45,298.45,298.25,298.25,6
20260206  11:53,298.25,298.25,298.2,298.2,2
20260206  11:54,298.1,298.1,298.1,298.1,2
20260206  11:55,298.15,298.15,298.15,298.15,2
20260206  11:56,298.6,298.6,298.6,298.6,2
20260206  11:57,298.6,298.6,298.4,298.4,2
20260206  11:58,298.4,298.4,298.4,298.4,0
20260206  11:59,298.15,298.15,297.9,297.9,5
20260206  12:00,297.8,297.8,297.65,297.65,3
20260206  12:01,297.9,297.9,297.85,297.85,2
20260206  12:02,297.6,298.05,297.6,298.05,28
20260206  12:03,297.95,298.1,297.95,298.05,10
20260206  12:04,298.15,298.2,298.05,298.05,11
20260206  12:05,297.95,297.95,297.55,297.55,7
20260206  12:06,297.4,297.9,297.35,297.35,14
20260206  12:07,297.2,297.2,296.75,296.75,10
20260206  12:08,296.8,296.85,296.75,296.75,3
20260206  12:09,296.85,296.85,296.8,296.8,2
20260206  12:10,296.85,297.05,296.85,297.0,5
20260206  12:11,296.75,297.0,296.75,297.0,5
20260206  12:12,296.9,296.9,296.9,296.9,1
20260206  12:13,297.05,297.05,296.9,296.9,3
20260206  12:14,296.9,296.9,296.9,296.9,0
20260206  12:15,296.9,296.9,296.9,296.9,0
20260206  12:16,297.55,297.55,297.0,297.0,9
20260206  12:17,296.9,296.9,296.8,296.8,2
20260206  12:18,296.85,296.9,296.8,296.9,12
20260206  12:19,296.9,296.9,296.9,296.9,0
20260206  12:20,297.1,297.1,297.05,297.05,4
20260206  12:21,297.25,297.25,297.25,297.25,1
20260206  12:22,297.45,297.45,297.45,297.45,1
20260206  12:23,297.3,297.3,297.2,297.2,2
20260206  12:24,297.15,297.25,297.15,297.25,6
20260206  12:25,297.1,297.1,297.1,297.1,2
20260206  12:26,297.1,297.15,297.1,297.15,5
20260206  12:27,297.15,297.15,297.15,297.15,0
20260206  12:28,297.2,297.2,297.2,297.2,3
20260206  12:29,297.15,297.15,296.45,296.5,13
20260206  12:30,296.7,296.7,296.6,296.6,2
20260206  12:31,296.75,296.85,296.55,296.55,11
20260206  12:32,296.7,297.15,296.7,297.15,6
20260206  12:33,297.2,297.2,297.2,297.2,1
20260206  12:34,297.2,297.2,297.2,297.2,0
20260206  12:35,297.35,297.35,297.2,297.2,2
20260206  12:36,297.2,297.2,297.2,297.2,0
20260206  12:37,297.1,297.2,297.1,297.2,4
20260206  12:38,297.0,297.0,296.9,296.9,6
20260206  12:39,296.85,296.85,296.55,296.55,8
20260206  12:40,296.6,296.65,296.6,296.65,3
20260206  12:41,296.65,296.65,296.65,296.65,0
20260206  12:42,296.65,296.65,296.65,296.65,0
20260206  12:43,296.7,296.7,296.65,296.65,2
20260206  12:44,296.65,296.65,296.5,296.5,5
20260206  12:45,296.5,296.75,296.1,296.75,48
20260206  12:46,296.8,297.2,296.75,297.2,10
20260206  12:47,297.2,297.2,297.2,297.2,0
20260206  12:48,296.95,296.95,296.95,296.95,1
20260206  12:49,296.95,296.95,296.95,296.95,0
20260206  12:50,296.95,296.95,296.9,296.9,2
20260206  12:51,296.9,296.9,296.9,296.9,0
20260206  12:52,297.0,297.2,297.0,297.1,13
20260206  12:53,297.25,297.35,297.25,297.25,21
20260206  12:54,297.2,297.2,296.9,296.9,4
20260206  12:55,297.1,297.1,296.75,296.9,11
20260206  12:56,296.9,296.9,296.9,296.9,2
20260206  12:57,296.9,296.9,296.9,296.9,0
20260206  12:58,297.0,297.0,296.95,296.95,4
20260206  12:59,296.95,296.95,296.95,296.95,0
20260206  13:00,296.9,296.9,296.75,296.75,4
20260206  13:01,297.0,297.1,297.0,297.1,4
20260206  13:02,297.2,297.65,297.2,297.65,9
20260206  13:03,297.7,297.7,297.5,297.5,2
20260206  13:04,297.55,297.55,297.45,297.45,4
20260206  13:05,297.45,297.45,297.45,297.45,0
20260206  13:06,297.4,297.4,296.95,296.95,21
20260206  13:07,297.05,297.05,296.95,296.95,3
20260206  13:08,297.0,297.0,297.0,297.0,1
20260206  13:09,297.0,297.0,296.9,296.9,5
20260206  13:10,297.15,297.15,297.15,297.15,1
20260206  13:11,297.15,297.15,297.15,297.15,0
20260206  13:12,297.05,297.05,296.95,296.95,4
20260206  13:13,297.05,297.05,297.05,297.05,1
20260206  13:14,297.0,297.0,296.9,296.9,3
20260206  13:15,296.9,297.0,296.85,296.9,11
20260206  13:16,296.7,296.7,296.1,296.35,25
20260206  13:17,296.15,296.2,296.15,296.2,5
20260206  13:18,296.1,296.25,296.05,296.25,15
20260206  13:19,296.2,296.25,296.15,296.15,14
20260206  13:20,296.15,296.15,296.15,296.15,2
20260206  13:21,296.45,296.55,296.35,296.45,6
20260206  13:22,296.4,296.4,296.4,296.4,1
20260206  13:23,296.4,296.4,296.15,296.2,8
20260206  13:24,296.15,296.15,295.8,295.8,28
20260206  13:25,295.95,295.95,295.95,295.95,1
20260206  13:26,295.75,295.8,295.65,295.8,17
20260206  13:27,295.8,295.95,295.8,295.9,9
20260206  13:28,295.6,295.7,295.55,295.55,15
20260206  13:29,295.55,295.7,295.55,295.7,3
20260206  13:30,295.7,295.7,294.7,294.75,88
20260209  10:15,287.95,290.65,287.95,288.7,306
20260209  10:16,288.65,288.65,287.75,288.1,50
20260209  10:17,288.05,288.65,287.55,288.5,33
20260209  10:18,288.65,288.8,288.3,288.6,23
20260209  10:19,288.5,288.85,288.45,288.65,47
20260209  10:20,288.6,289.0,288.15,288.15,29
20260209  10:21,288.3,288.65,288.05,288.05,48
20260209  10:22,288.1,288.5,288.0,288.0,21
20260209  10:23,288.2,288.25,287.3,287.4,39
20260209  10:24,287.5,287.75,287.45,287.7,14
20260209  10:25,287.85,288.1,287.85,287.95,51
20260209  10:26,288.0,288.15,288.0,288.05,11
20260209  10:27,288.05,288.35,288.05,288.25,21
20260209  10:28,288.25,288.25,288.05,288.05,6
20260209  10:29,288.15,288.3,288.1,288.2,12
20260209  10:30,288.15,288.3,288.1,288.2,7
20260209  10:31,288.25,288.75,288.25,288.6,25
20260209  10:32,288.55,288.85,288.55,288.55,8
20260209  10:33,288.85,288.9,288.8,288.8,12
20260209  10:34,288.8,288.8,288.45,288.45,14
20260209  10:35,288.35,288.4,288.05,288.2,14
20260209  10:36,288.25,288.25,288.1,288.15,6
20260209  10:37,288.1,288.15,287.75,287.95,28
20260209  10:38,287.9,288.2,287.9,288.1,12
20260209  10:39,288.05,288.1,287.9,288.1,4
20260209  10:40,288.1,288.25,288.05,288.1,7
20260209  10:41,288.05,288.5,288.0,288.5,12
20260209  10:42,288.55,288.55,288.05,288.05,12
20260209  10:43,288.15,288.15,288.05,288.15,6
20260209  10:44,288.15,288.15,288.15,288.15,0
20260209  10:45,288.2,288.2,287.95,288.2,13
20260209  10:46,288.2,288.25,288.2,288.25,6
20260209  10:47,288.3,288.3,288.2,288.2,2
20260209  10:48,288.05,288.15,287.65,287.65,17
20260209  10:49,287.6,287.6,287.4,287.4,16
20260209  10:50,287.35,287.35,286.6,286.6,51
20260209  10:51,286.55,286.6,286.05,286.05,58
20260209  10:52,286.05,286.15,285.7,285.85,42
20260209  10:53,285.7,286.0,285.7,286.0,13
20260209  10:54,286.3,286.6,286.3,286.55,7
20260209  10:55,286.65,286.7,286.5,286.6,10
20260209  10:56,286.65,287.2,286.65,287.2,19
20260209  10:57,287.45,287.5,287.4,287.5,16
20260209  10:58,287.5,287.5,287.3,287.35,20
20260209  10:59,287.55,287.55,287.3,287.35,26
20260209  11:00,287.05,287.8,287.05,287.5,22
20260209  11:01,287.55,287.9,287.55,287.85,10
20260209  11:02,287.8,288.05,287.75,287.75,17
20260209  11:03,287.8,287.95,287.8,287.95,2
20260209  11:04,287.9,287.95,287.8,287.8,4
20260209  11:05,287.75,287.75,287.75,287.75,1
20260209  11:06,287.55,287.6,287.5,287.6,5
20260209  11:07,288.05,288.4,288.05,288.35,9
20260209  11:08,288.55,288.95,288.55,288.95,34
20260209  11:09,288.95,289.5,288.95,289.4,68
20260209  11:10,289.45,289.6,289.45,289.45,27
20260209  11:11,289.55,289.7,289.45,289.45,22
20260209  11:12,289.45,289.55,289.2,289.2,21
20260209  11:13,289.2,289.3,288.95,289.1,24
20260209  11:14,289.0,289.05,289.0,289.05,2
20260209  11:15,289.1,289.35,289.1,289.2,13
20260209  11:16,289.3,289.6,289.3,289.6,12
20260209  11:17,289.75,289.8,289.35,289.5,57
20260209  11:18,289.4,289.4,289.3,289.35,8
20260209  11:19,289.25,289.25,289.0,289.25,8
20260209  11:20,289.4,289.4,289.4,289.4,2
20260209  11:21,289.3,289.45,289.25,289.3,10
20260209  11:22,289.15,289.25,289.05,289.05,12
20260209  11:23,289.05,289.15,288.55,288.85,12
20260209  11:24,288.75,288.9,288.35,288.45,21
20260209  11:25,288.45,288.65,288.45,288.45,15
20260209  11:26,288.55,288.55,288.15,288.35,13
20260209  11:27,288.25,288.25,288.05,288.15,9
20260209  11:28,288.15,288.35,288.15,288.35,11
20260209  11:29,288.15,288.3,288.15,288.3,3
20260209  11:30,288.25,288.45,288.25,288.4,8
20260209  11:31,288.45,288.75,288.45,288.5,23
20260209  11:32,288.3,288.5,288.3,288.5,8
20260209  11:33,288.6,288.6,288.4,288.4,2
20260209  11:34,288.5,288.5,288.4,288.4,3
20260209  11:35,288.45,288.65,288.45,288.65,4
20260209  11:36,288.6,288.6,288.55,288.55,2
20260209  11:37,288.7,288.8,288.6,288.6,6
20260209  11:38,288.6,288.6,288.6,288.6,0
20260209  11:39,287.95,287.95,287.65,287.65,3
20260209  11:40,287.8,288.2,287.8,287.9,13
20260209  11:41,287.8,287.8,287.55,287.55,8
20260209  11:42,287.5,287.75,287.5,287.7,10
20260209  11:43,287.65,287.75,287.65,287.75,7
20260209  11:44,287.95,287.95,287.8,287.8,4
20260209  11:45,287.95,287.95,287.65,287.65,12
20260209  11:46,287.75,287.95,287.75,287.95,5
20260209  11:47,287.85,287.85,287.85,287.85,2
20260209  11:48,287.7,287.8,287.7,287.8,7
20260209  11:49,287.7,287.8,287.65,287.65,4
20260209  11:50,287.45,287.7,287.2,287.25,15
20260209  11:51,287.3,287.3,286.75,286.8,15
20260209  11:52,286.65,286.9,286.65,286.9,12
20260209  11:53,287.0,287.0,286.8,286.85,3
20260209  11:54,286.85,286.85,286.25,286.45,25
20260209  11:55,286.4,286.7,286.15,286.2,61
20260209  11:56,286.4,286.5,286.15,286.45,28
20260209  11:57,286.15,286.3,286.05,286.15,21
20260209  11:58,286.25,286.35,285.95,286.15,20
20260209  11:59,286.0,286.2,285.7,285.85,12
20260209  12:00,285.65,286.25,285.5,286.25,21
20260209  12:01,286.25,286.55,286.0,286.45,51
20260209  12:02,286.4,286.4,286.4,286.4,1
20260209  12:03,286.3,286.4,286.25,286.35,9
20260209  12:04,286.4,286.45,286.35,286.35,6
20260209  12:05,286.45,287.35,286.35,287.1,40
20260209  12:06,286.9,287.05,286.65,286.65,16
20260209  12:07,286.75,286.8,286.75,286.75,5
20260209  12:08,286.7,286.7,286.7,286.7,3
20260209  12:09,286.6,287.35,286.6,287.25,44
20260209  12:10,287.25,287.55,287.25,287.5,19
20260209  12:11,287.6,287.9,287.6,287.7,37
20260209  12:12,287.65,287.65,287.4,287.5,7
20260209  12:13,287.45,287.65,287.25,287.25,23
20260209  12:14,287.0,287.05,286.75,286.75,12
20260209  12:15,286.7,286.75,286.6,286.75,10
20260209  12:16,286.8,286.85,286.7,286.7,9
20260209  12:17,286.7,286.8,286.65,286.8,3
20260209  12:18,286.75,286.75,286.5,286.65,14
20260209  12:19,286.85,286.85,286.7,286.7,13
20260209  12:20,286.6,286.65,286.4,286.65,9
20260209  12:21,286.6,286.6,286.6,286.6,2
20260209  12:22,286.7,286.75,286.6,286.75,4
20260209  12:23,286.55,286.65,286.55,286.65,2
20260209  12:24,286.7,286.75,286.65,286.65,4
20260209  12:25,286.35,286.55,286.35,286.55,8
20260209  12:26,286.8,286.8,286.65,286.7,12
20260209  12:27,286.7,286.8,286.7,286.8,6
20260209  12:28,286.8,286.95,286.75,286.75,14
20260209  12:29,286.7,286.7,286.55,286.7,6
20260209  12:30,286.6,286.6,286.4,286.4,7
20260209  12:31,286.55,286.6,286.55,286.55,10
20260209  12:32,286.35,286.6,286.35,286.6,21
20260209  12:33,286.6,286.6,286.6,286.6,0
20260209  12:34,286.55,286.65,286.55,286.65,3
20260209  12:35,286.45,286.55,286.4,286.55,5
20260209  12:36,286.3,286.3,286.0,286.1,8
20260209  12:37,286.1,286.15,285.95,286.05,11
20260209  12:38,285.95,286.5,285.9,286.45,27
20260209  12:39,286.6,286.6,286.2,286.25,16
20260209  12:40,286.25,286.4,286.1,286.35,23
20260209  12:41,286.4,286.65,286.4,286.55,9
20260209  12:42,286.45,286.45,286.1,286.15,8
20260209  12:43,286.15,286.15,286.15,286.15,0
20260209  12:44,286.2,286.2,285.9,285.9,20
20260209  12:45,286.05,286.1,286.05,286.05,5
20260209  12:46,286.1,286.15,286.05,286.15,10
20260209  12:47,286.15,286.15,286.15,286.15,2
20260209  12:48,286.15,286.25,286.15,286.25,3
20260209  12:49,286.25,286.25,286.25,286.25,2
20260209  12:50,286.3,286.85,286.3,286.85,16
20260209  12:51,286.85,286.85,286.55,286.7,18
20260209  12:52,286.8,287.05,286.8,287.05,11
20260209  12:53,287.15,287.15,287.15,287.15,1
20260209  12:54,287.15,287.4,287.1,287.35,16
20260209  12:55,287.25,287.9,287.25,287.8,79
20260209  12:56,287.75,288.0,287.55,288.0,60
20260209  12:57,287.9,288.1,287.9,288.05,12
20260209  12:58,288.15,288.2,287.95,288.1,12
20260209  12:59,287.9,288.0,287.8,287.85,12
20260209  13:00,287.85,288.0,287.85,288.0,2
20260209  13:01,288.25,288.3,287.9,288.3,38
20260209  13:02,288.25,288.9,288.0,288.6,25
20260209  13:03,288.8,289.05,288.7,288.75,48
20260209  13:04,288.7,288.95,288.45,288.45,17
20260209  13:05,288.55,288.65,288.3,288.35,12
20260209  13:06,288.25,288.35,288.15,288.15,7
20260209  13:07,288.3,288.35,288.25,288.25,3
20260209  13:08,288.3,288.35,288.2,288.25,6
20260209  13:09,288.2,288.2,288.2,288.2,2
20260209  13:10,287.8,288.1,287.8,288.0,7
20260209  13:11,288.0,288.2,288.0,288.2,7
20260209  13:12,288.25,288.25,288.0,288.0,10
20260209  13:13,288.15,288.4,288.1,288.15,28
20260209  13:14,288.25,288.25,288.05,288.05,5
20260209  13:15,288.05,288.05,288.05,288.05,0
20260209  13:16,287.95,288.0,287.7,287.7,19
20260209  13:17,287.65,287.65,287.3,287.35,22
20260209  13:18,287.3,287.35,287.15,287.3,26
20260209  13:19,287.2,287.4,287.15,287.15,11
20260209  13:20,287.3,287.3,287.05,287.05,6
20260209  13:21,287.05,287.05,286.8,286.8,21
20260209  13:22,286.9,287.3,286.9,287.15,4
20260209  13:23,287.15,287.55,287.15,287.55,15
20260209  13:24,287.5,287.6,287.4,287.4,7
20260209  13:25,287.65,287.85,287.5,287.85,12
20260209  13:26,287.8,287.8,287.75,287.8,5
20260209  13:27,287.8,287.95,287.8,287.8,7
20260209  13:28,287.6,287.8,287.6,287.75,4
20260209  13:29,287.7,287.75,287.6,287.7,10
20260209  13:30,287.95,287.95,287.65,287.65,11
20260210  10:15,295.3,295.8,291.6,292.05,317
20260210  10:16,292.05,292.4,291.85,292.1,92
20260210  10:17,292.1,292.55,291.85,292.35,60
20260210  10:18,292.4,292.45,291.85,291.95,41
20260210  10:19,291.85,292.2,291.65,292.05,38
20260210  10:20,292.25,293.15,292.25,293.15,31
20260210  10:21,293.45,293.45,292.55,292.65,4
20260210  10:22,292.65,293.45,292.65,293.45,54
20260210  10:23,293.35,293.35,293.1,293.1,10
20260210  10:24,293.1,293.3,293.1,293.3,15
20260210  10:25,293.0,293.0,292.85,292.85,5
20260210  10:26,292.9,292.9,292.9,292.9,1
20260210  10:27,292.6,292.6,292.35,292.45,12
20260210  10:28,292.55,292.65,292.35,292.35,6
20260210  10:29,292.4,292.6,292.4,292.55,8
20260210  10:30,292.3,292.3,292.05,292.2,10
20260210  10:31,292.2,292.35,292.05,292.35,47
20260210  10:32,292.5,292.5,292.25,292.25,6
20260210  10:33,292.25,292.3,291.7,291.75,46
20260210  10:34,291.75,292.2,291.75,292.05,30
20260210  10:35,292.1,292.1,291.4,291.4,62
20260210  10:36,291.55,291.75,291.05,291.25,32
20260210  10:37,291.3,291.85,291.3,291.8,37
20260210  10:38,291.95,292.1,291.95,291.95,17
20260210  10:39,291.5,291.85,291.45,291.7,8
20260210  10:40,291.5,292.05,291.5,291.95,27
20260210  10:41,291.75,292.15,291.75,292.0,18
20260210  10:42,292.0,292.0,291.75,291.95,21
20260210  10:43,292.1,292.25,292.1,292.25,2
20260210  10:44,292.2,292.45,292.1,292.3,22
20260210  10:45,292.45,292.45,292.3,292.3,14
20260210  10:46,292.3,292.7,292.3,292.7,11
20260210  10:47,292.7,292.9,292.65,292.9,14
20260210  10:48,292.65,292.8,292.55,292.6,10
20260210  10:49,292.6,292.6,292.6,292.6,0
20260210  10:50,292.6,292.6,292.6,292.6,0
20260210  10:51,292.4,292.45,292.15,292.15,17
20260210  10:52,292.15,292.85,291.9,292.85,92
20260210  10:53,292.8,292.85,292.6,292.6,5
20260210  10:54,292.65,292.65,292.55,292.55,5
20260210  10:55,292.5,292.5,292.5,292.5,3
20260210  10:56,292.5,292.55,292.5,292.55,5
20260210  10:57,292.65,292.65,292.3,292.3,16
20260210  10:58,292.4,292.4,292.1,292.1,7
20260210  10:59,292.25,292.6,292.25,292.45,20
20260210  11:00,292.3,292.95,292.3,292.95,38
20260210  11:01,292.85,292.85,292.75,292.75,6
20260210  11:02,292.75,292.9,292.75,292.8,8
20260210  11:03,292.8,292.8,292.7,292.7,7
20260210  11:04,292.65,292.85,292.65,292.85,3
20260210  11:05,292.8,292.8,292.5,292.6,10
20260210  11:06,292.7,292.7,292.55,292.6,3
20260210  11:07,292.55,292.7,292.5,292.5,10
20260210  11:08,292.55,292.65,292.5,292.65,7
20260210  11:09,292.65,292.65,292.65,292.65,0
20260210  11:10,292.65,292.65,292.65,292.65,1
20260210  11:11,292.6,292.6,292.5,292.5,5
20260210  11:12,292.6,292.85,292.5,292.5,21
20260210  11:13,292.5,292.55,292.5,292.5,13
20260210  11:14,292.5,292.5,292.5,292.5,1
20260210  11:15,292.6,292.65,292.6,292.65,8
20260210  11:16,292.75,292.8,292.7,292.8,8
20260210  11:17,292.75,292.9,292.7,292.8,11
20260210  11:18,292.8,292.9,292.75,292.9,8
20260210  11:19,292.95,293.05,292.9,292.9,17
20260210  11:20,292.95,293.05,292.7,292.95,43
20260210  11:21,292.85,292.9,292.85,292.9,8
20260210  11:22,292.95,293.0,292.8,292.85,14
20260210  11:23,292.75,292.8,292.6,292.6,5
20260210  11:24,292.55,292.6,292.5,292.6,16
20260210  11:25,292.55,292.6,292.5,292.55,5
20260210  11:26,292.75,292.8,292.7,292.7,4
20260210  11:27,292.7,292.95,292.7,292.95,3
20260210  11:28,292.95,292.95,292.95,292.95,0
20260210  11:29,293.4,293.85,293.35,293.4,23
20260210  11:30,293.4,294.15,293.4,294.0,42
20260210  11:31,294.1,294.3,293.8,293.8,31
20260210  11:32,293.8,294.1,293.7,294.1,15
20260210  11:33,294.35,294.4,294.15,294.15,12
20260210  11:34,294.1,294.25,293.8,294.25,12
20260210  11:35,294.45,294.95,294.45,294.95,27
20260210  11:36,294.95,295.35,294.8,295.3,83
20260210  11:37,294.9,295.6,294.9,295.1,45
20260210  11:38,295.05,295.3,294.9,294.9,16
20260210  11:39,294.75,294.8,294.75,294.8,4
20260210  11:40,294.55,294.55,294.4,294.55,6
20260210  11:41,294.75,295.0,294.75,295.0,5
20260210  11:42,295.2,295.3,295.2,295.25,12
20260210  11:43,295.2,295.35,295.2,295.35,9
20260210  11:44,295.4,295.55,295.15,295.55,25
20260210  11:45,295.45,295.55,295.3,295.45,16
20260210  11:46,295.35,295.5,295.35,295.4,5
20260210  11:47,295.45,295.45,295.4,295.4,2
20260210  11:48,295.25,295.6,295.25,295.5,9
20260210  11:49,295.4,295.5,295.35,295.45,11
20260210  11:50,295.35,295.4,295.35,295.4,2
20260210  11:51,295.6,295.75,295.4,295.4,18
20260210  11:52,295.35,295.4,295.15,295.25,13
20260210  11:53,295.25,295.4,295.25,295.25,6
20260210  11:54,295.2,295.2,295.05,295.1,18
20260210  11:55,295.0,295.15,294.95,295.1,8
20260210  11:56,295.15,295.55,295.15,295.55,24
20260210  11:57,295.6,295.8,295.55,295.7,16
20260210  11:58,295.8,296.05,295.8,295.9,25
20260210  11:59,295.95,296.2,295.9,296.15,35
20260210  12:00,296.25,296.25,295.8,296.1,28
20260210  12:01,296.25,297.0,296.15,296.45,86
20260210  12:02,296.4,296.65,296.1,296.1,47
20260210  12:03,296.1,296.3,296.05,296.05,12
20260210  12:04,296.15,296.2,296.0,296.1,14
20260210  12:05,296.05,296.75,296.05,296.65,34
20260210  12:06,296.7,296.7,296.35,296.55,13
20260210  12:07,296.5,296.65,296.4,296.4,24
20260210  12:08,296.35,296.45,296.15,296.4,30
20260210  12:09,296.6,297.35,296.5,297.35,48
20260210  12:10,297.4,297.9,297.2,297.6,90
20260210  12:11,297.6,297.85,297.45,297.75,41
20260210  12:12,297.85,297.85,297.3,297.45,13
20260210  12:13,297.5,297.75,297.45,297.75,9
20260210  12:14,297.7,297.7,297.55,297.55,10
20260210  12:15,297.6,297.8,297.5,297.5,16
20260210  12:16,297.2,297.3,296.9,296.95,19
20260210  12:17,297.0,297.0,296.75,296.85,16
20260210  12:18,296.95,297.1,296.95,297.1,6
20260210  12:19,296.95,297.0,296.75,296.75,11
20260210  12:20,296.6,296.75,296.45,296.6,14
20260210  12:21,296.65,296.65,296.65,296.65,1
20260210  12:22,296.7,297.1,296.7,297.05,24
20260210  12:23,297.05,297.05,296.9,296.9,5
20260210  12:24,296.8,296.8,296.6,296.65,9
20260210  12:25,296.7,296.75,296.7,296.75,4
20260210  12:26,296.65,296.65,296.6,296.6,3
20260210  12:27,296.7,296.7,296.35,296.35,13
20260210  12:28,296.35,296.55,296.1,296.1,34
20260210  12:29,296.05,296.2,296.05,296.2,5
20260210  12:30,296.3,296.3,296.3,296.3,1
20260210  12:31,296.3,296.35,296.3,296.35,2
20260210  12:32,296.35,296.35,296.35,296.35,0
20260210  12:33,296.45,296.45,296.35,296.45,6
20260210  12:34,296.4,296.55,296.4,296.55,8
20260210  12:35,296.5,296.5,296.4,296.45,8
20260210  12:36,296.6,296.6,296.55,296.6,9
20260210  12:37,296.65,296.85,296.65,296.85,7
20260210  12:38,296.85,296.9,296.8,296.9,13
20260210  12:39,296.9,297.15,296.9,297.1,20
20260210  12:40,297.1,297.25,297.1,297.15,8
20260210  12:41,297.2,297.3,297.2,297.3,12
20260210  12:42,297.3,297.3,297.3,297.3,1
20260210  12:43,297.2,297.35,297.2,297.35,2
20260210  12:44,297.45,297.6,297.45,297.55,17
20260210  12:45,297.6,297.7,297.45,297.6,17
20260210  12:46,297.6,297.6,297.2,297.2,6
20260210  12:47,297.3,297.35,297.25,297.35,13
20260210  12:48,297.5,297.5,297.25,297.25,5
20260210  12:49,297.0,297.15,296.95,296.95,12
20260210  12:50,297.0,297.0,296.85,296.85,2
20260210  12:51,296.95,296.95,296.9,296.9,2
20260210  12:52,296.95,297.0,296.9,296.9,8
20260210  12:53,296.85,296.9,296.75,296.9,6
20260210  12:54,297.05,297.05,297.05,297.05,2
20260210  12:55,297.15,297.15,297.0,297.05,8
20260210  12:56,297.05,297.05,297.05,297.05,0
20260210  12:57,297.0,297.1,296.9,297.05,8
20260210  12:58,297.0,297.0,297.0,297.0,2
20260210  12:59,296.9,297.05,296.9,297.05,4
20260210  13:00,297.25,297.25,297.15,297.15,3
20260210  13:01,297.25,297.25,297.15,297.25,6
20260210  13:02,297.25,297.25,297.1,297.1,3
20260210  13:03,297.1,297.1,296.9,297.0,10
20260210  13:04,297.05,297.15,297.05,297.1,5
20260210  13:05,297.1,297.2,296.95,297.2,10
20260210  13:06,297.3,297.3,297.05,297.2,10
20260210  13:07,297.3,297.5,297.3,297.5,2
20260210  13:08,297.5,297.65,297.35,297.65,18
20260210  13:09,297.7,297.8,297.6,297.65,13
20260210  13:10,297.5,297.5,297.4,297.5,7
20260210  13:11,297.45,297.65,297.45,297.65,2
20260210  13:12,297.6,297.65,297.45,297.45,11
20260210  13:13,297.4,297.5,297.4,297.5,3
20260210  13:14,297.45,297.8,297.4,297.4,53
20260210  13:15,297.45,297.45,297.0,297.0,28
20260210  13:16,297.05,297.25,297.05,297.1,15
20260210  13:17,297.2,297.4,296.95,297.2,30
20260210  13:18,297.4,297.45,297.35,297.45,4
20260210  13:19,297.5,297.8,297.45,297.45,77
20260210  13:20,297.4,297.8,297.4,297.45,36
20260210  13:21,297.4,297.4,297.3,297.3,4
20260210  13:22,297.3,297.3,296.1,296.2,41
20260210  13:23,296.25,296.3,295.95,295.95,64
20260210  13:24,295.9,296.2,295.9,296.15,16
20260210  13:25,296.1,296.1,295.8,295.8,9
20260210  13:26,295.95,296.1,295.9,295.9,8
20260210  13:27,295.9,295.9,295.8,295.8,5
20260210  13:28,295.6,295.65,295.4,295.4,14
20260210  13:29,295.45,295.7,295.45,295.7,7
20260210  13:30,295.75,295.75,295.35,295.45,34
20260211  10:15,291.0,291.0,290.0,290.85,101
20260211  10:16,290.8,290.8,290.0,290.25,68
20260211  10:17,290.15,290.55,290.15,290.5,26
20260211  10:18,290.2,290.6,290.0,290.55,64
20260211  10:19,290.55,290.7,290.3,290.65,17
20260211  10:20,290.65,290.75,290.4,290.75,20
20260211  10:21,290.85,291.1,290.85,290.9,6
20260211  10:22,291.0,291.4,291.0,291.25,12
20260211  10:23,291.15,291.8,291.15,291.75,23
20260211  10:24,291.7,291.7,291.45,291.45,5
20260211  10:25,291.55,291.85,291.4,291.6,28
20260211  10:26,291.9,291.9,291.55,291.75,12
20260211  10:27,291.7,292.3,291.7,292.25,25
20260211  10:28,292.25,292.3,292.25,292.3,3
20260211  10:29,292.4,292.5,291.95,291.95,21
20260211  10:30,291.65,291.7,291.2,291.3,27
20260211  10:31,291.35,291.65,291.3,291.5,12
20260211  10:32,291.55,291.85,291.55,291.85,6
20260211  10:33,291.8,292.15,291.65,292.15,20
20260211  10:34,292.15,292.2,291.65,291.85,22
20260211  10:35,292.0,292.2,292.0,292.2,4
20260211  10:36,292.25,292.3,292.25,292.25,4
20260211  10:37,292.35,292.35,292.15,292.25,18
20260211  10:38,292.25,292.25,292.0,292.05,19
20260211  10:39,291.95,291.95,291.8,291.85,7
20260211  10:40,291.7,291.75,291.4,291.4,16
20260211  10:41,291.3,291.3,291.1,291.2,7
20260211  10:42,291.2,291.2,291.0,291.15,18
20260211  10:43,291.05,291.1,290.25,290.35,36
20260211  10:44,290.25,290.25,289.9,290.2,87
20260211  10:45,290.25,290.35,290.15,290.3,11
20260211  10:46,290.2,290.2,289.7,289.7,36
20260211  10:47,289.9,290.25,289.9,290.15,14
20260211  10:48,290.15,290.45,290.15,290.45,4
20260211  10:49,290.75,290.9,290.7,290.7,11
20260211  10:50,290.7,290.8,290.2,290.25,26
20260211  10:51,290.05,290.2,290.0,290.1,16
20260211  10:52,290.1,290.15,289.9,290.1,52
20260211  10:53,290.05,290.25,290.05,290.25,3
20260211  10:54,290.25,290.4,290.25,290.4,3
20260211  10:55,290.3,290.3,290.3,290.3,1
20260211  10:56,290.2,290.2,290.2,290.2,1
20260211  10:57,290.25,290.5,290.25,290.35,26
20260211  10:58,290.4,290.7,290.4,290.6,9
20260211  10:59,290.6,290.65,290.45,290.45,6
20260211  11:00,290.35,290.5,290.05,290.15,32
20260211  11:01,290.2,290.25,290.1,290.1,3
20260211  11:02,290.05,290.05,290.0,290.0,7
20260211  11:03,290.05,290.15,290.05,290.1,8
20260211  11:04,290.0,290.4,290.0,290.4,11
20260211  11:05,290.35,290.35,290.2,290.2,7
20260211  11:06,290.3,290.3,290.25,290.25,3
20260211  11:07,290.25,290.75,290.25,290.65,44
20260211  11:08,290.65,290.9,290.6,290.6,12
20260211  11:09,290.55,290.8,290.5,290.8,10
20260211  11:10,290.9,291.0,290.9,291.0,2
20260211  11:11,291.0,291.0,291.0,291.0,0
20260211  11:12,290.95,291.25,290.95,291.25,28
20260211  11:13,291.25,291.35,291.25,291.3,3
20260211  11:14,291.35,292.75,291.3,292.7,58
20260211  11:15,292.65,292.65,291.15,291.6,95
20260211  11:16,291.45,291.45,291.15,291.15,8
20260211  11:17,291.2,291.2,291.2,291.2,1
20260211  11:18,291.25,291.25,291.0,291.0,4
20260211  11:19,290.9,291.1,290.9,291.1,3
20260211  11:20,291.05,291.05,290.9,290.9,6
20260211  11:21,290.85,290.85,290.75,290.75,6
20260211  11:22,290.7,290.85,290.65,290.85,7
20260211  11:23,291.0,291.2,291.0,291.1,17
20260211  11:24,291.2,291.25,291.15,291.15,6
20260211  11:25,291.0,291.15,291.0,291.0,3
20260211  11:26,290.85,290.85,290.7,290.8,6
20260211  11:27,290.9,291.0,290.9,291.0,2
20260211  11:28,291.15,291.15,290.95,290.95,3
20260211  11:29,290.95,290.95,290.95,290.95,3
20260211  11:30,291.0,291.1,291.0,291.1,3
20260211  11:31,291.1,291.1,291.1,291.1,0
20260211  11:32,291.0,291.0,290.9,290.9,4
20260211  11:33,290.85,291.2,290.85,291.2,8
20260211  11:34,291.2,291.25,291.2,291.25,4
20260211  11:35,291.2,291.2,291.2,291.2,5
20260211  11:36,291.2,291.2,291.2,291.2,0
20260211  11:37,291.1,291.1,291.1,291.1,3
20260211  11:38,291.15,291.15,291.15,291.15,1
20260211  11:39,291.1,291.1,291.05,291.05,2
20260211  11:40,291.05,291.1,291.05,291.05,10
20260211  11:41,291.1,291.15,291.1,291.15,2
20260211  11:42,291.1,291.1,291.1,291.1,2
20260211  11:43,291.2,291.2,291.2,291.2,2
20260211  11:44,291.15,291.25,291.15,291.25,5
20260211  11:45,291.4,291.4,291.4,291.4,2
20260211  11:46,291.45,291.45,291.3,291.3,3
20260211  11:47,291.1,291.25,291.1,291.25,5
20260211  11:48,291.1,291.1,291.0,291.0,3
20260211  11:49,291.25,291.7,291.15,291.65,19
20260211  11:50,291.6,291.65,291.3,291.4,15
20260211  11:51,291.6,291.85,291.6,291.85,9
20260211  11:52,291.8,291.95,291.8,291.95,3
20260211  11:53,292.0,292.0,292.0,292.0,1
20260211  11:54,291.8,292.15,291.75,292.15,17
20260211  11:55,292.2,292.4,292.2,292.4,12
20260211  11:56,292.35,292.35,292.2,292.2,3
20260211  11:57,292.2,292.35,292.2,292.25,12
20260211  11:58,292.3,292.3,292.25,292.25,4
20260211  11:59,292.15,292.15,292.15,292.15,2
20260211  12:00,292.05,292.05,291.4,291.7,40
20260211  12:01,291.7,291.7,291.35,291.35,8
20260211  12:02,291.3,291.3,290.9,290.9,11
20260211  12:03,290.9,290.9,290.75,290.75,10
20260211  12:04,290.9,290.9,290.7,290.7,4
20260211  12:05,290.6,290.6,290.5,290.5,4
20260211  12:06,290.6,290.75,290.6,290.7,9
20260211  12:07,290.6,290.65,290.6,290.65,2
20260211  12:08,290.75,290.85,290.75,290.85,5
20260211  12:09,290.7,290.75,290.55,290.75,8
20260211  12:10,290.65,290.7,290.6,290.6,16
20260211  12:11,290.55,290.6,290.35,290.35,10
20260211  12:12,290.4,290.55,290.4,290.55,13
20260211  12:13,290.55,290.7,290.55,290.7,7
20260211  12:14,290.8,290.8,290.8,290.8,3
20260211  12:15,290.8,290.95,290.8,290.85,6
20260211  12:16,291.15,291.15,291.1,291.1,2
20260211  12:17,290.85,290.95,290.85,290.95,2
20260211  12:18,290.95,290.95,290.95,290.95,0
20260211  12:19,291.15,291.2,291.1,291.2,4
20260211  12:20,291.15,291.2,291.05,291.1,14
20260211  12:21,290.9,290.9,290.9,290.9,2
20260211  12:22,290.8,290.8,290.8,290.8,5
20260211  12:23,290.8,290.8,290.8,290.8,1
20260211  12:24,290.8,290.8,290.8,290.8,0
20260211  12:25,290.7,290.8,290.7,290.8,2
20260211  12:26,290.75,290.85,290.7,290.7,9
20260211  12:27,290.7,290.7,290.7,290.7,0
20260211  12:28,290.85,291.0,290.85,290.95,12
20260211  12:29,291.0,291.05,291.0,291.05,2
20260211  12:30,291.05,291.05,291.0,291.0,3
20260211  12:31,291.0,291.0,291.0,291.0,0
20260211  12:32,290.9,290.9,290.9,290.9,1
20260211  12:33,290.8,290.9,290.65,290.85,19
20260211  12:34,290.75,290.75,290.7,290.7,2
20260211  12:35,290.85,290.85,290.75,290.75,8
20260211  12:36,290.7,290.7,290.7,290.7,1
20260211  12:37,290.7,290.7,290.5,290.5,5
20260211  12:38,290.3,290.3,289.95,289.95,26
20260211  12:39,290.1,290.15,290.0,290.0,7
20260211  12:40,290.05,290.05,290.05,290.05,3
20260211  12:41,289.95,290.0,289.95,290.0,2
20260211  12:42,290.1,290.3,290.1,290.1,7
20260211  12:43,289.9,290.2,289.85,290.2,13
20260211  12:44,290.25,290.35,290.2,290.35,5
20260211  12:45,290.05,290.1,289.95,290.05,8
20260211  12:46,289.95,289.95,289.95,289.95,1
20260211  12:47,290.3,290.4,290.3,290.4,7
20260211  12:48,290.7,290.7,290.7,290.7,1
20260211  12:49,290.6,290.6,290.6,290.6,1
20260211  12:50,290.75,290.85,290.75,290.85,5
20260211  12:51,291.0,291.25,291.0,291.25,13
20260211  12:52,291.4,291.4,290.9,291.0,13
20260211  12:53,291.0,291.0,291.0,291.0,1
20260211  12:54,290.95,291.25,290.95,291.25,7
20260211  12:55,291.2,291.2,291.2,291.2,1
20260211  12:56,291.15,291.15,291.15,291.15,1
20260211  12:57,291.15,291.15,291.15,291.15,1
20260211  12:58,291.05,291.05,291.0,291.0,4
20260211  12:59,291.0,291.0,291.0,291.0,0
20260211  13:00,290.85,291.0,290.7,291.0,25
20260211  13:01,291.3,291.3,291.3,291.3,1
20260211  13:02,291.3,291.45,291.3,291.35,3
20260211  13:03,291.3,291.45,291.3,291.45,2
20260211  13:04,291.4,291.4,291.4,291.4,1
20260211  13:05,291.3,291.3,291.3,291.3,1
20260211  13:06,291.45,291.6,291.45,291.6,4
20260211  13:07,291.4,291.55,291.3,291.4,11
20260211  13:08,291.4,291.6,291.4,291.55,4
20260211  13:09,291.65,291.8,291.65,291.65,11
20260211  13:10,291.5,291.5,291.5,291.5,2
20260211  13:11,291.55,291.6,291.55,291.6,3
20260211  13:12,291.8,292.15,291.8,292.15,16
20260211  13:13,292.05,292.15,292.05,292.15,3
20260211  13:14,292.35,292.5,292.3,292.5,18
20260211  13:15,292.4,292.45,291.95,292.0,54
20260211  13:16,292.0,292.0,291.85,291.9,16
20260211  13:17,292.0,292.15,291.75,291.85,28
20260211  13:18,291.95,292.15,291.95,292.1,12
20260211  13:19,292.0,292.1,291.65,292.1,24
20260211  13:20,292.05,292.2,292.0,292.2,4
20260211  13:21,292.0,292.0,292.0,292.0,3
20260211  13:22,291.95,291.95,291.7,291.7,5
20260211  13:23,291.7,291.8,291.7,291.8,2
20260211  13:24,291.75,291.75,291.75,291.75,2
20260211  13:25,291.7,291.7,291.7,291.7,1
20260211  13:26,291.7,291.8,291.7,291.8,11
20260211  13:27,291.6,291.6,291.45,291.5,4
20260211  13:28,291.5,291.8,291.5,291.8,11
20260211  13:29,291.65,291.65,291.55,291.55,4
20260211  13:30,291.7,291.8,291.7,291.8,2
20260212  10:15,295.0,296.5,295.0,296.4,257
20260212  10:16,296.4,296.4,295.75,295.75,15
20260212  10:17,295.95,296.4,295.85,296.35,18
20260212  10:18,296.1,296.4,295.7,295.7,28
20260212  10:19,295.7,296.15,295.7,296.1,23
20260212  10:20,296.0,296.15,295.7,295.7,17
20260212  10:21,295.8,296.15,295.75,295.9,54
20260212  10:22,295.85,295.85,295.15,295.2,33
20260212  10:23,295.25,295.3,295.2,295.25,7
20260212  10:24,295.35,295.35,295.15,295.2,10
20260212  10:25,295.2,295.35,295.1,295.3,23
20260212  10:26,295.2,295.2,294.95,295.1,31
20260212  10:27,295.3,295.3,295.3,295.3,2
20260212  10:28,295.35,295.35,295.05,295.1,8
20260212  10:29,295.05,295.15,295.0,295.05,14
20260212  10:30,295.05,295.2,295.0,295.05,15
20260212  10:31,295.0,295.5,295.0,295.45,8
20260212  10:32,295.55,295.85,295.55,295.55,18
20260212  10:33,295.65,296.15,295.65,296.05,98
20260212  10:34,296.1,296.1,295.7,295.85,16
20260212  10:35,295.8,296.0,295.7,296.0,15
20260212  10:36,296.1,296.2,296.0,296.1,22
20260212  10:37,296.0,296.1,295.95,296.1,11
20260212  10:38,296.1,296.45,296.05,296.25,28
20260212  10:39,296.2,296.2,296.1,296.2,13
20260212  10:40,296.1,296.1,295.95,296.0,15
20260212  10:41,295.95,295.95,295.8,295.8,9
20260212  10:42,295.7,295.7,295.5,295.6,8
20260212  10:43,295.5,295.7,295.5,295.55,9
20260212  10:44,295.55,295.55,295.55,295.55,0
20260212  10:45,295.6,295.6,295.45,295.5,11
20260212  10:46,295.55,295.7,295.5,295.7,10
20260212  10:47,295.7,295.7,295.7,295.7,0
20260212  10:48,295.6,295.7,295.55,295.65,7
20260212  10:49,295.7,295.85,295.5,295.6,20
20260212  10:50,295.55,295.55,295.5,295.55,6
20260212  10:51,295.55,295.65,295.5,295.5,3
20260212  10:52,295.65,295.65,295.55,295.55,5
20260212  10:53,295.7,295.7,295.6,295.7,4
20260212  10:54,295.9,296.05,295.8,295.95,19
20260212  10:55,296.0,296.15,295.85,296.1,16
20260212  10:56,296.05,296.2,296.05,296.2,3
20260212  10:57,296.2,296.2,296.05,296.1,30
20260212  10:58,296.1,296.2,295.95,296.05,34
20260212  10:59,295.9,295.9,295.9,295.9,1
20260212  11:00,296.1,296.5,296.1,296.45,25
20260212  11:01,296.3,296.4,296.3,296.4,2
20260212  11:02,296.35,296.35,296.15,296.25,9
20260212  11:03,296.15,296.15,296.1,296.1,3
20260212  11:04,296.3,296.3,296.2,296.2,2
20260212  11:05,296.1,296.2,295.95,295.95,11
20260212  11:06,296.0,296.0,295.75,295.8,12
20260212  11:07,295.9,295.9,295.8,295.9,8
20260212  11:08,295.8,295.8,295.75,295.8,4
20260212  11:09,295.7,295.9,295.7,295.9,14
20260212  11:10,295.7,295.75,295.3,295.5,24
20260212  11:11,295.6,295.6,295.25,295.35,10
20260212  11:12,295.5,295.5,295.4,295.4,3
20260212  11:13,295.5,295.55,295.4,295.45,7
20260212  11:14,295.35,295.45,295.2,295.25,9
20260212  11:15,295.35,295.35,295.05,295.05,11
20260212  11:16,295.1,295.3,295.1,295.25,7
20260212  11:17,295.4,295.45,295.3,295.3,5
20260212  11:18,295.3,295.4,295.3,295.4,3
20260212  11:19,295.55,295.55,295.0,295.0,26
20260212  11:20,294.9,295.0,294.85,295.0,4
20260212  11:21,294.95,295.05,294.95,295.05,5
20260212  11:22,295.0,295.0,295.0,295.0,3
20260212  11:23,295.05,295.05,295.05,295.05,1
20260212  11:24,295.1,295.3,295.1,295.3,8
20260212  11:25,295.3,295.35,295.1,295.1,9
20260212  11:26,295.15,295.2,294.95,295.2,10
20260212  11:27,295.1,295.1,295.05,295.1,7
20260212  11:28,295.05,295.15,295.05,295.15,2
20260212  11:29,295.15,295.15,295.15,295.15,0
20260212  11:30,295.4,295.45,295.4,295.45,2
20260212  11:31,295.5,295.75,295.5,295.65,9
20260212  11:32,295.6,295.75,295.6,295.75,4
20260212  11:33,295.75,295.75,295.55,295.75,10
20260212  11:34,295.7,295.7,295.7,295.7,1
20260212  11:35,295.65,295.65,295.45,295.55,8
20260212  11:36,295.6,295.6,295.6,295.6,1
20260212  11:37,295.65,295.7,295.5,295.5,6
20260212  11:38,295.6,295.7,295.6,295.7,3
20260212  11:39,295.6,295.75,295.5,295.75,7
20260212  11:40,295.85,295.85,295.85,295.85,1
20260212  11:41,295.85,295.85,295.85,295.85,0
20260212  11:42,295.9,295.9,295.85,295.85,6
20260212  11:43,295.9,295.9,295.9,295.9,1
20260212  11:44,295.95,296.2,295.95,296.2,20
20260212  11:45,296.1,296.4,296.0,296.4,21
20260212  11:46,296.35,296.4,296.25,296.4,9
20260212  11:47,296.35,296.55,296.15,296.2,31
20260212  11:48,296.3,296.3,296.25,296.25,5
20260212  11:49,296.2,296.45,296.1,296.45,25
20260212  11:50,296.55,297.15,296.5,297.15,70
20260212  11:51,297.1,297.6,297.1,297.2,64
20260212  11:52,297.0,297.55,297.0,297.55,33
20260212  11:53,297.5,297.6,297.3,297.3,16
20260212  11:54,297.3,297.6,297.3,297.55,26
20260212  11:55,297.6,297.65,297.4,297.5,11
20260212  11:56,297.5,297.5,297.5,297.5,0
20260212  11:57,297.5,297.7,297.5,297.7,15
20260212  11:58,297.65,297.65,297.25,297.3,14
20260212  11:59,297.35,297.55,297.35,297.4,12
20260212  12:00,297.2,297.2,296.6,296.9,29
20260212  12:01,296.8,296.8,296.2,296.2,11
20260212  12:02,296.15,296.3,295.5,295.55,36
20260212  12:03,295.6,295.65,295.5,295.6,8
20260212  12:04,295.55,295.9,295.45,295.85,32
20260212  12:05,295.65,296.25,295.65,296.05,37
20260212  12:06,295.95,296.4,295.95,296.05,33
20260212  12:07,296.1,296.35,296.1,296.25,11
20260212  12:08,296.3,296.4,295.9,296.0,23
20260212  12:09,295.85,295.9,295.85,295.85,5
20260212  12:10,295.9,295.9,295.5,295.5,12
20260212  12:11,295.55,295.6,295.25,295.25,6
20260212  12:12,295.15,295.2,295.15,295.2,8
20260212  12:13,295.2,295.2,294.85,295.05,39
20260212  12:14,295.0,295.7,295.0,295.7,24
20260212  12:15,295.6,295.6,295.3,295.4,20
20260212  12:16,295.2,295.3,295.05,295.3,24
20260212  12:17,295.35,295.35,295.35,295.35,1
20260212  12:18,295.4,295.6,295.4,295.6,4
20260212  12:19,295.55,295.55,295.5,295.5,3
20260212  12:20,295.55,295.55,295.3,295.4,16
20260212  12:21,295.45,295.45,295.2,295.2,17
20260212  12:22,295.4,295.45,295.3,295.3,13
20260212  12:23,295.3,295.3,295.3,295.3,0
20260212  12:24,295.15,295.35,295.15,295.35,5
20260212  12:25,295.45,296.75,295.45,296.05,72
20260212  12:26,296.0,296.05,295.8,295.8,5
20260212  12:27,295.85,296.5,295.85,296.45,21
20260212  12:28,296.3,296.3,296.3,296.3,1
20260212  12:29,296.25,296.25,296.1,296.1,9
20260212  12:30,296.05,296.3,296.0,296.25,8
20260212  12:31,296.25,296.25,296.25,296.25,3
20260212  12:32,296.15,296.75,296.15,296.6,27
20260212  12:33,296.7,296.75,296.5,296.65,8
20260212  12:34,296.75,296.85,296.7,296.8,13
20260212  12:35,296.8,296.85,296.7,296.85,6
20260212  12:36,296.9,296.9,296.9,296.9,2
20260212  12:37,297.0,297.3,296.8,297.3,49
20260212  12:38,297.25,297.25,296.95,297.0,7
20260212  12:39,296.9,297.05,296.9,296.9,5
20260212  12:40,296.9,296.9,296.8,296.9,7
20260212  12:41,296.95,297.35,296.95,297.3,11
20260212  12:42,297.35,297.35,297.35,297.35,1
20260212  12:43,297.35,297.5,297.15,297.15,9
20260212  12:44,297.0,297.05,296.95,297.05,5
20260212  12:45,297.1,297.15,297.0,297.15,9
20260212  12:46,297.1,297.3,297.1,297.25,13
20260212  12:47,297.1,297.15,296.8,297.15,31
20260212  12:48,297.2,297.2,297.05,297.05,10
20260212  12:49,297.0,297.25,297.0,297.25,5
20260212  12:50,297.2,297.2,296.95,297.0,19
20260212  12:51,297.0,297.1,296.55,296.7,15
20260212  12:52,296.75,296.9,296.7,296.9,8
20260212  12:53,297.0,297.0,297.0,297.0,1
20260212  12:54,297.1,297.65,297.1,297.65,33
20260212  12:55,297.6,297.6,297.55,297.55,4
20260212  12:56,297.55,297.55,297.55,297.55,1
20260212  12:57,297.5,297.5,297.1,297.2,14
20260212  12:58,297.15,297.2,296.8,296.85,12
20260212  12:59,297.0,297.0,296.9,296.9,27
20260212  13:00,296.85,296.9,296.7,296.7,31
20260212  13:01,296.7,296.85,296.7,296.7,9
20260212  13:02,296.7,297.0,296.7,297.0,11
20260212  13:03,297.0,297.15,297.0,297.1,5
20260212  13:04,297.25,297.25,297.1,297.1,14
20260212  13:05,297.05,297.1,297.05,297.1,3
20260212  13:06,297.1,297.1,297.1,297.1,0
20260212  13:07,297.3,297.5,297.3,297.5,5
20260212  13:08,297.45,297.55,297.45,297.45,11
20260212  13:09,297.5,297.5,297.35,297.35,7
20260212  13:10,297.4,297.45,297.4,297.45,4
20260212  13:11,297.3,297.5,297.3,297.5,12
20260212  13:12,297.55,298.5,297.55,298.4,158
20260212  13:13,298.4,298.4,298.05,298.3,22
20260212  13:14,298.1,298.3,298.1,298.2,13
20260212  13:15,298.2,298.4,298.15,298.35,33
20260212  13:16,298.3,298.4,298.15,298.2,28
20260212  13:17,298.25,298.4,298.1,298.2,25
20260212  13:18,298.1,298.15,298.0,298.0,8
20260212  13:19,298.05,298.05,297.65,297.8,12
20260212  13:20,297.75,297.75,297.55,297.65,17
20260212  13:21,297.7,297.7,297.55,297.55,5
20260212  13:22,297.4,297.5,297.25,297.5,9
20260212  13:23,297.5,297.65,297.5,297.65,2
20260212  13:24,297.7,298.0,297.7,297.75,22
20260212  13:25,297.95,297.95,297.75,297.75,5
20260212  13:26,297.75,297.9,297.75,297.9,4
20260212  13:27,297.95,297.95,297.7,297.7,6
20260212  13:28,297.8,297.85,297.7,297.7,11
20260212  13:29,297.85,297.9,297.7,297.7,14
20260212  13:30,297.65,297.95,297.65,297.95,13
20260213  10:15,298.75,299.3,298.5,299.3,127
20260213  10:16,299.25,300.0,299.25,299.4,168
20260213  10:17,299.4,299.4,299.0,299.2,12
20260213  10:18,299.1,299.1,299.1,299.1,4
20260213  10:19,299.25,299.8,299.2,299.2,30
20260213  10:20,299.1,299.1,298.5,298.5,26
20260213  10:21,298.5,299.1,298.5,298.7,33
20260213  10:22,298.75,299.3,298.75,299.3,24
20260213  10:23,299.35,299.45,299.35,299.45,2
20260213  10:24,299.5,301.25,299.5,300.25,104
20260213  10:25,300.4,301.2,300.2,300.8,54
20260213  10:26,300.55,300.65,300.2,300.45,22
20260213  10:27,300.8,300.85,300.8,300.8,3
20260213  10:28,300.9,301.1,300.85,300.85,16
20260213  10:29,300.8,300.8,300.15,300.4,25
20260213  10:30,300.35,300.35,299.65,300.25,39
20260213  10:31,300.45,300.6,300.45,300.6,12
20260213  10:32,300.7,301.4,300.65,301.15,42
20260213  10:33,301.2,302.7,301.2,302.1,114
20260213  10:34,302.3,302.3,302.05,302.05,23
20260213  10:35,301.95,301.95,301.75,301.75,9
20260213  10:36,301.65,301.85,301.65,301.7,7
20260213  10:37,301.85,302.0,301.4,301.8,53
20260213  10:38,301.8,302.6,301.8,302.3,27
20260213  10:39,302.7,302.8,302.5,302.7,48
20260213  10:40,302.6,303.3,302.6,302.85,49
20260213  10:41,302.9,303.3,302.9,303.3,9
20260213  10:42,303.15,303.9,303.15,303.75,62
20260213  10:43,303.75,303.85,303.75,303.85,10
20260213  10:44,303.7,303.8,303.2,303.2,21
20260213  10:45,303.1,303.35,303.0,303.0,67
20260213  10:46,303.0,303.0,302.5,302.95,55
20260213  10:47,303.0,303.5,303.0,303.35,19
20260213  10:48,303.2,303.8,303.2,303.2,19
20260213  10:49,303.15,303.25,302.75,302.75,17
20260213  10:50,302.9,302.95,302.6,302.6,13
20260213  10:51,302.5,302.8,302.3,302.4,62
20260213  10:52,302.5,302.6,302.35,302.35,28
20260213  10:53,302.45,302.85,302.45,302.65,8
20260213  10:54,302.3,302.65,302.3,302.6,14
20260213  10:55,302.6,303.0,302.6,302.7,23
20260213  10:56,302.65,302.75,302.55,302.75,15
20260213  10:57,302.75,302.95,302.75,302.85,9
20260213  10:58,302.75,302.75,302.3,302.4,11
20260213  10:59,302.5,302.5,302.35,302.35,12
20260213  11:00,302.4,302.4,301.9,301.9,8
20260213  11:01,302.15,302.15,302.15,302.15,2
20260213  11:02,302.25,302.25,302.1,302.25,14
20260213  11:03,302.25,302.4,302.15,302.4,11
20260213  11:04,302.35,302.45,302.25,302.45,5
20260213  11:05,302.5,302.65,302.2,302.65,10
20260213  11:06,302.65,303.0,302.65,302.8,14
20260213  11:07,302.75,302.75,302.3,302.35,19
20260213  11:08,302.25,302.35,302.1,302.3,6
20260213  11:09,302.45,302.65,302.45,302.65,8
20260213  11:10,302.5,302.5,302.5,302.5,4
20260213  11:11,302.65,302.75,302.65,302.75,14
20260213  11:12,302.75,303.1,302.75,303.0,16
20260213  11:13,302.9,303.05,302.9,303.05,3
20260213  11:14,303.05,303.05,302.85,302.85,9
20260213  11:15,302.8,303.4,302.8,303.15,37
20260213  11:16,303.15,303.25,303.15,303.25,5
20260213  11:17,303.2,303.25,302.9,302.9,6
20260213  11:18,302.9,302.9,302.8,302.8,5
20260213  11:19,302.9,302.9,302.9,302.9,2
20260213  11:20,302.9,302.9,302.85,302.9,4
20260213  11:21,302.8,302.9,302.7,302.9,7
20260213  11:22,302.95,302.95,302.95,302.95,1
20260213  11:23,302.9,302.9,302.75,302.75,7
20260213  11:24,302.75,302.9,302.75,302.9,9
20260213  11:25,302.9,303.25,302.9,303.25,5
20260213  11:26,302.85,302.85,302.85,302.85,2
20260213  11:27,302.7,303.1,302.7,303.1,7
20260213  11:28,303.05,303.25,303.05,303.05,12
20260213  11:29,303.05,303.2,302.8,302.8,10
20260213  11:30,302.8,302.9,302.75,302.85,5
20260213  11:31,302.75,302.75,302.6,302.7,12
20260213  11:32,302.65,302.85,302.65,302.85,4
20260213  11:33,302.85,302.85,302.85,302.85,0
20260213  11:34,302.7,302.8,302.7,302.8,2
20260213  11:35,302.85,303.05,302.85,303.0,7
20260213  11:36,303.05,303.05,303.05,303.05,1
20260213  11:37,303.05,303.2,303.05,303.2,4
20260213  11:38,303.15,303.25,303.1,303.15,10
20260213  11:39,303.1,303.15,302.95,303.0,5
20260213  11:40,302.95,303.15,302.95,303.15,4
20260213  11:41,303.2,303.35,303.2,303.35,14
20260213  11:42,303.35,303.35,303.3,303.3,6
20260213  11:43,303.3,303.3,303.3,303.3,1
20260213  11:44,303.3,303.3,303.25,303.25,2
20260213  11:45,303.2,303.2,303.15,303.2,4
20260213  11:46,303.25,303.35,303.25,303.35,5
20260213  11:47,303.35,303.35,303.35,303.35,0
20260213  11:48,303.4,304.1,303.4,304.1,58
20260213  11:49,304.1,304.45,304.0,304.35,29
20260213  11:50,304.2,304.2,304.0,304.15,22
20260213  11:51,304.15,304.2,304.05,304.2,5
20260213  11:52,304.2,304.2,304.0,304.05,6
20260213  11:53,304.1,304.1,304.05,304.05,3
20260213  11:54,304.05,304.25,304.05,304.25,4
20260213  11:55,303.95,304.1,303.95,304.05,10
20260213  11:56,304.1,305.75,304.1,305.0,162
20260213  11:57,305.1,305.2,305.05,305.15,25
20260213  11:58,305.1,305.1,304.65,304.65,11
20260213  11:59,304.75,305.15,304.75,305.15,18
20260213  12:00,304.95,305.05,304.7,304.75,31
20260213  12:01,304.75,305.15,304.55,304.9,62
20260213  12:02,304.85,305.0,304.8,305.0,7
20260213  12:03,305.0,305.0,304.95,304.95,4
20260213  12:04,305.1,305.2,304.95,305.05,17
20260213  12:05,305.15,305.5,305.15,305.45,67
20260213  12:06,305.35,305.6,305.2,305.4,48
20260213  12:07,305.5,305.85,305.45,305.45,56
20260213  12:08,305.45,305.45,304.9,305.0,21
20260213  12:09,304.75,304.75,304.5,304.5,10
20260213  12:10,304.3,304.35,304.0,304.05,49
20260213  12:11,304.2,304.25,304.05,304.25,8
20260213  12:12,304.1,304.5,304.05,304.3,33
20260213  12:13,304.25,304.45,304.25,304.45,11
20260213  12:14,304.5,304.5,304.4,304.4,4
20260213  12:15,304.15,304.15,304.15,304.15,3
20260213  12:16,304.2,304.55,304.2,304.5,22
20260213  12:17,304.25,304.45,304.2,304.2,8
20260213  12:18,304.3,304.5,304.2,304.5,11
20260213  12:19,304.35,304.35,304.3,304.35,4
20260213  12:20,304.25,304.25,304.25,304.25,1
20260213  12:21,304.2,304.25,304.15,304.25,17
20260213  12:22,304.35,304.35,304.35,304.35,1
20260213  12:23,304.3,304.3,304.05,304.15,13
20260213  12:24,304.2,304.2,304.1,304.2,8
20260213  12:25,304.15,304.15,304.1,304.1,4
20260213  12:26,304.15,304.25,304.1,304.15,7
20260213  12:27,304.25,304.25,304.05,304.05,12
20260213  12:28,304.05,304.35,303.95,304.35,27
20260213  12:29,304.25,304.5,304.1,304.1,22
20260213  12:30,304.05,304.1,304.05,304.1,5
20260213  12:31,304.05,304.05,304.0,304.05,5
20260213  12:32,304.0,304.0,303.9,303.9,11
20260213  12:33,303.85,304.0,303.7,304.0,24
20260213  12:34,304.0,304.1,304.0,304.05,12
20260213  12:35,304.1,304.15,303.25,303.35,29
20260213  12:36,303.4,303.4,303.15,303.15,9
20260213  12:37,303.05,303.1,302.95,303.0,35
20260213  12:38,303.15,303.25,303.15,303.25,3
20260213  12:39,303.5,303.55,303.5,303.55,2
20260213  12:40,303.75,303.75,303.4,303.45,14
20260213  12:41,303.4,303.4,303.35,303.35,3
20260213  12:42,303.3,303.6,303.3,303.6,7
20260213  12:43,303.35,303.35,303.35,303.35,2
20260213  12:44,303.5,303.55,303.5,303.55,2
20260213  12:45,303.5,303.5,303.4,303.4,6
20260213  12:46,303.25,303.25,303.0,303.0,14
20260213  12:47,303.05,303.25,303.05,303.25,5
20260213  12:48,303.25,303.25,303.15,303.15,3
20260213  12:49,303.15,303.15,302.8,302.8,20
20260213  12:50,302.9,303.25,302.9,303.25,9
20260213  12:51,303.25,303.75,303.25,303.75,15
20260213  12:52,303.8,304.45,303.75,304.35,48
20260213  12:53,304.25,304.5,304.25,304.3,27
20260213  12:54,304.3,304.35,304.3,304.35,3
20260213  12:55,304.25,304.25,304.25,304.25,2
20260213  12:56,304.2,304.35,304.2,304.35,3
20260213  12:57,304.4,305.0,304.4,304.6,30
20260213  12:58,304.6,304.8,304.45,304.45,11
20260213  12:59,304.7,304.95,304.65,304.65,17
20260213  13:00,304.65,304.75,304.55,304.6,10
20260213  13:01,304.65,304.75,304.65,304.7,12
20260213  13:02,304.6,304.6,304.6,304.6,1
20260213  13:03,304.8,304.85,304.8,304.8,6
20260213  13:04,304.8,305.0,304.75,305.0,19
20260213  13:05,305.1,305.2,304.35,304.35,16
20260213  13:06,304.3,304.3,303.95,303.95,6
20260213  13:07,303.95,303.95,303.85,303.85,5
20260213  13:08,304.0,304.0,304.0,304.0,1
20260213  13:09,304.0,304.0,304.0,304.0,1
20260213  13:10,303.95,303.95,303.85,303.85,4
20260213  13:11,303.9,304.2,303.9,304.1,10
20260213  13:12,304.1,304.1,303.85,303.9,5
20260213  13:13,304.1,304.15,304.05,304.15,4
20260213  13:14,304.05,304.25,304.0,304.05,11
20260213  13:15,303.9,303.95,303.9,303.95,4
20260213  13:16,303.9,303.9,303.9,303.9,1
20260213  13:17,303.9,304.05,303.9,303.95,3
20260213  13:18,303.8,303.8,303.8,303.8,2
20260213  13:19,304.05,304.05,304.05,304.05,1
20260213  13:20,304.0,304.1,303.95,304.0,7
20260213  13:21,304.1,304.5,304.1,304.15,28
20260213  13:22,304.3,304.3,303.8,303.8,5
20260213  13:23,303.7,303.7,303.6,303.6,6
20260213  13:24,303.55,303.55,303.55,303.55,1
20260213  13:25,303.65,303.75,303.6,303.6,3
20260213  13:26,303.55,303.85,303.25,303.85,37
20260213  13:27,303.85,303.85,303.6,303.6,26
20260213  13:28,303.8,304.05,303.8,303.85,15
20260213  13:29,304.0,304.0,303.95,303.95,7
20260213  13:30,304.2,304.35,304.2,304.35,4
20260217  10:15,295.05,296.8,294.75,296.35,328
20260217  10:16,296.15,296.4,295.2,295.65,83
20260217  10:17,295.6,296.15,295.55,296.0,39
20260217  10:18,296.05,296.05,295.65,295.8,18
20260217  10:19,295.65,296.05,295.55,296.0,26
20260217  10:20,296.2,296.9,296.2,296.85,22
20260217  10:21,296.75,297.05,296.35,297.0,27
20260217  10:22,297.2,297.2,296.9,296.9,19
20260217  10:23,296.95,296.95,296.2,296.25,18
20260217  10:24,296.4,296.4,296.25,296.4,4
20260217  10:25,296.55,296.65,296.1,296.65,20
20260217  10:26,296.6,296.8,296.2,296.2,17
20260217  10:27,296.3,296.45,296.3,296.4,7
20260217  10:28,296.3,296.4,296.2,296.2,8
20260217  10:29,296.2,296.3,295.95,296.15,23
20260217  10:30,296.2,296.55,296.05,296.2,25
20260217  10:31,296.35,296.5,296.3,296.45,11
20260217  10:32,296.3,296.4,296.1,296.1,4
20260217  10:33,296.05,296.35,296.05,296.35,11
20260217  10:34,296.4,296.6,296.3,296.35,18
20260217  10:35,296.3,296.4,296.3,296.3,9
20260217  10:36,296.05,296.05,295.6,295.75,7
20260217  10:37,295.55,295.75,295.55,295.75,9
20260217  10:38,295.8,295.9,295.8,295.9,2
20260217  10:39,295.85,295.9,295.35,295.45,46
20260217  10:40,295.65,295.7,295.2,295.35,15
20260217  10:41,295.3,295.45,295.25,295.45,12
20260217  10:42,295.45,295.8,295.45,295.7,18
20260217  10:43,295.8,295.95,295.7,295.95,8
20260217  10:44,295.9,296.05,295.85,295.95,9
20260217  10:45,296.0,296.05,295.7,295.75,15
20260217  10:46,295.8,295.8,295.75,295.75,4
20260217  10:47,295.75,295.75,295.7,295.7,20
20260217  10:48,295.7,295.7,294.75,294.85,51
20260217  10:49,294.9,295.1,294.65,294.95,36
20260217  10:50,294.95,294.95,294.7,294.75,14
20260217  10:51,294.7,294.9,294.7,294.8,4
20260217  10:52,294.75,294.75,294.5,294.65,20
20260217  10:53,294.65,294.7,294.35,294.35,48
20260217  10:54,294.4,294.4,294.05,294.1,42
20260217  10:55,294.05,294.15,293.95,294.1,18
20260217  10:56,294.0,294.0,293.6,293.7,42
20260217  10:57,293.7,293.85,293.4,293.45,46
20260217  10:58,293.5,293.55,293.45,293.45,14
20260217  10:59,293.4,293.4,292.65,292.7,121
20260217  11:00,292.8,292.9,292.5,292.65,27
20260217  11:01,292.65,293.45,292.65,293.45,25
20260217  11:02,293.35,293.35,293.1,293.25,16
20260217  11:03,293.0,293.0,292.7,292.8,15
20260217  11:04,292.9,293.25,292.85,293.25,19
20260217  11:05,293.1,293.15,292.65,292.65,14
20260217  11:06,292.7,292.9,292.65,292.85,20
20260217  11:07,292.95,293.0,292.75,293.0,16
20260217  11:08,293.15,293.25,293.0,293.0,10
20260217  11:09,293.05,293.15,292.95,292.95,13
20260217  11:10,293.0,293.3,292.9,293.25,26
20260217  11:11,293.35,293.6,293.3,293.6,36
20260217  11:12,293.6,293.75,293.35,293.35,24
20260217  11:13,293.45,293.55,293.4,293.4,14
20260217  11:14,293.4,293.4,293.0,293.1,16
20260217  11:15,293.15,293.3,293.15,293.3,5
20260217  11:16,293.15,293.15,292.9,293.05,15
20260217  11:17,293.1,293.3,293.1,293.3,5
20260217  11:18,293.2,293.3,293.1,293.1,12
20260217  11:19,292.95,292.95,292.65,292.65,23
20260217  11:20,292.8,293.0,292.8,292.8,10
20260217  11:21,292.8,293.25,292.8,293.1,13
20260217  11:22,292.85,293.0,292.8,292.8,12
20260217  11:23,292.8,292.8,292.25,292.25,36
20260217  11:24,292.15,292.5,292.15,292.5,9
20260217  11:25,292.45,292.6,292.45,292.6,6
20260217  11:26,292.6,292.6,292.35,292.35,4
20260217  11:27,292.35,292.7,292.2,292.6,16
20260217  11:28,292.55,292.6,292.45,292.45,6
20260217  11:29,292.5,292.5,292.25,292.25,10
20260217  11:30,292.2,292.2,292.15,292.15,6
20260217  11:31,292.1,292.35,292.05,292.25,17
20260217  11:32,292.2,292.2,292.2,292.2,1
20260217  11:33,292.15,292.2,291.85,291.85,66
20260217  11:34,291.95,292.15,291.95,292.15,9
20260217  11:35,292.0,292.0,291.15,291.15,62
20260217  11:36,291.1,291.4,291.05,291.3,20
20260217  11:37,291.4,291.4,291.05,291.05,6
20260217  11:38,291.05,291.2,291.05,291.15,12
20260217  11:39,291.25,291.3,291.25,291.3,8
20260217  11:40,291.35,291.5,291.2,291.2,16
20260217  11:41,291.05,291.25,291.05,291.25,14
20260217  11:42,291.1,291.1,290.8,291.05,26
20260217  11:43,291.05,291.2,290.5,290.5,18
20260217  11:44,290.4,290.4,289.7,289.75,214
20260217  11:45,289.75,289.75,289.05,289.7,81
20260217  11:46,289.6,289.95,289.6,289.95,21
20260217  11:47,290.0,290.35,289.95,290.1,19
20260217  11:48,290.1,290.1,289.5,289.5,13
20260217  11:49,289.75,289.85,289.5,289.5,19
20260217  11:50,289.4,289.8,289.35,289.65,19
20260217  11:51,289.6,289.6,289.6,289.6,1
20260217  11:52,289.65,289.65,289.3,289.3,19
20260217  11:53,289.4,289.85,289.4,289.75,13
20260217  11:54,289.65,289.65,289.15,289.2,15
20260217  11:55,289.3,289.3,288.85,289.25,60
20260217  11:56,289.3,289.4,289.25,289.25,4
20260217  11:57,289.25,289.25,288.8,288.9,10
20260217  11:58,288.85,288.9,287.8,287.8,104
20260217  11:59,287.85,288.15,287.8,288.1,41
20260217  12:00,288.1,288.15,287.95,287.95,30
20260217  12:01,287.95,288.4,287.75,288.4,48
20260217  12:02,288.5,288.85,288.5,288.7,22
20260217  12:03,288.6,288.6,288.0,288.0,28
20260217  12:04,287.95,288.35,287.95,287.95,21
20260217  12:05,288.05,288.75,288.05,288.5,32
20260217  12:06,288.55,288.7,288.55,288.7,8
20260217  12:07,288.65,288.95,288.4,288.95,39
20260217  12:08,288.95,289.5,288.95,289.05,32
20260217  12:09,288.8,288.9,288.55,288.55,21
20260217  12:10,288.65,288.95,288.65,288.9,16
20260217  12:11,288.85,288.85,287.45,287.55,223
20260217  12:12,287.5,287.65,287.45,287.65,12
20260217  12:13,287.8,288.15,287.45,288.05,61
20260217  12:14,288.35,288.35,287.7,287.7,16
20260217  12:15,287.6,288.0,287.6,288.0,6
20260217  12:16,287.8,288.3,287.8,288.3,19
20260217  12:17,288.2,288.3,287.9,288.0,15
20260217  12:18,287.85,287.85,287.85,287.85,2
20260217  12:19,287.9,288.05,287.85,287.85,8
20260217  12:20,287.75,287.75,287.05,287.15,38
20260217  12:21,287.25,287.25,286.9,287.1,27
20260217  12:22,286.8,286.95,286.8,286.9,19
20260217  12:23,286.85,287.0,286.75,286.8,17
20260217  12:24,286.75,286.8,286.6,286.7,15
20260217  12:25,286.8,287.05,286.75,287.0,24
20260217  12:26,287.1,287.1,286.9,286.9,4
20260217  12:27,287.1,287.45,286.85,286.85,59
20260217  12:28,286.95,287.1,286.75,287.1,12
20260217  12:29,287.1,287.25,286.85,287.0,23
20260217  12:30,287.0,287.0,286.5,286.85,27
20260217  12:31,286.65,286.65,286.45,286.6,14
20260217  12:32,286.6,286.65,286.25,286.55,47
20260217  12:33,286.5,286.5,286.35,286.35,22
20260217  12:34,286.3,286.55,285.65,286.2,142
20260217  12:35,286.3,286.7,286.3,286.6,20
20260217  12:36,286.55,286.55,286.3,286.45,13
20260217  12:37,286.45,286.85,286.45,286.75,15
20260217  12:38,286.65,287.0,286.6,287.0,22
20260217  12:39,286.9,287.15,286.9,287.05,20
20260217  12:40,287.0,287.1,286.85,287.0,14
20260217  12:41,287.1,287.1,286.9,287.0,8
20260217  12:42,287.0,287.1,286.8,287.0,17
20260217  12:43,286.85,287.2,286.7,286.7,20
20260217  12:44,286.65,287.25,286.65,286.9,15
20260217  12:45,286.85,287.0,286.8,286.8,5
20260217  12:46,286.8,287.0,286.7,286.8,19
20260217  12:47,286.85,286.9,286.65,286.85,13
20260217  12:48,286.9,287.25,286.9,287.15,20
20260217  12:49,287.0,287.15,286.9,286.95,41
20260217  12:50,286.9,286.95,286.7,286.7,15
20260217  12:51,286.55,286.75,286.55,286.65,10
20260217  12:52,286.85,286.9,286.5,286.7,23
20260217  12:53,286.65,286.65,286.45,286.5,9
20260217  12:54,286.5,286.5,286.0,286.0,48
20260217  12:55,286.0,286.0,285.7,285.75,41
20260217  12:56,285.85,286.15,285.85,285.9,18
20260217  12:57,285.95,286.0,285.9,285.9,7
20260217  12:58,285.85,286.0,285.85,285.9,6
20260217  12:59,285.9,285.9,285.9,285.9,1
20260217  13:00,285.95,286.15,285.95,286.15,5
20260217  13:01,286.0,286.05,285.95,285.95,3
20260217  13:02,286.0,286.0,285.8,285.8,4
20260217  13:03,285.7,285.7,285.7,285.7,1
20260217  13:04,285.85,285.9,285.7,285.7,10
20260217  13:05,285.8,285.8,285.25,285.5,82
20260217  13:06,285.5,286.0,285.4,285.65,50
20260217  13:07,285.85,285.85,285.8,285.8,7
20260217  13:08,285.65,285.7,285.5,285.65,11
20260217  13:09,285.6,285.6,285.6,285.6,2
20260217  13:10,285.45,285.75,285.45,285.65,7
20260217  13:11,285.5,285.6,285.45,285.45,22
20260217  13:12,285.5,285.55,285.45,285.5,10
20260217  13:13,285.6,285.7,285.55,285.6,8
20260217  13:14,285.5,285.5,285.2,285.35,137
20260217  13:15,285.25,285.35,285.15,285.3,66
20260217  13:16,285.15,285.3,285.15,285.25,36
20260217  13:17,285.35,285.4,285.3,285.35,5
20260217  13:18,285.5,285.5,285.5,285.5,1
20260217  13:19,285.5,285.7,285.5,285.7,10
20260217  13:20,285.6,285.95,285.6,285.95,15
20260217  13:21,285.85,286.25,285.8,286.15,21
20260217  13:22,286.2,286.35,286.15,286.15,22
20260217  13:23,286.2,286.25,286.15,286.2,10
20260217  13:24,286.15,286.55,286.15,286.4,16
20260217  13:25,286.45,286.45,286.05,286.05,23
20260217  13:26,286.05,286.35,286.05,286.35,9
20260217  13:27,286.35,286.55,286.25,286.45,23
20260217  13:28,286.25,286.25,286.05,286.05,5
20260217  13:29,286.1,286.25,286.1,286.1,10
20260217  13:30,286.2,286.45,286.2,286.35,9
20260218  10:15,283.75,286.85,283.75,284.65,267
20260218  10:16,284.7,284.85,283.7,284.25,80
20260218  10:17,284.05,284.25,283.6,284.25,44
20260218  10:18,284.3,284.9,284.3,284.7,15
20260218  10:19,284.65,284.65,284.05,284.25,21
20260218  10:20,284.4,285.0,284.2,284.6,44
20260218  10:21,284.6,284.7,284.45,284.5,13
20260218  10:22,284.3,284.4,284.2,284.35,6
20260218  10:23,284.3,284.3,283.45,283.65,39
20260218  10:24,283.55,283.85,283.05,283.2,34
20260218  10:25,283.5,283.8,283.5,283.8,22
20260218  10:26,284.0,284.0,283.45,283.45,24
20260218  10:27,283.55,283.55,283.35,283.35,4
20260218  10:28,283.2,283.3,283.15,283.3,14
20260218  10:29,283.4,283.4,283.3,283.3,6
20260218  10:30,283.25,283.3,282.5,282.8,64
20260218  10:31,282.85,282.95,282.8,282.9,17
20260218  10:32,282.95,283.75,282.95,283.5,57
20260218  10:33,284.3,284.3,284.05,284.1,7
20260218  10:34,283.65,283.85,283.6,283.85,6
20260218  10:35,283.65,283.85,283.55,283.85,12
20260218  10:36,283.8,284.0,283.8,283.8,48
20260218  10:37,283.85,284.25,283.85,284.05,22
20260218  10:38,284.05,284.05,283.95,283.95,4
20260218  10:39,283.9,283.9,283.5,283.5,11
20260218  10:40,283.25,283.3,283.25,283.3,2
20260218  10:41,283.3,283.65,283.2,283.2,11
20260218  10:42,283.15,283.15,283.15,283.15,2
20260218  10:43,283.25,283.45,283.25,283.45,6
20260218  10:44,283.45,283.45,283.45,283.45,0
20260218  10:45,283.3,283.4,283.2,283.2,9
20260218  10:46,283.2,283.6,283.2,283.6,8
20260218  10:47,283.6,283.6,283.45,283.45,5
20260218  10:48,283.55,284.0,283.55,284.0,12
20260218  10:49,283.8,283.85,283.75,283.8,10
20260218  10:50,283.7,283.7,283.6,283.65,8
20260218  10:51,283.8,283.85,283.7,283.7,3
20260218  10:52,283.65,283.75,283.65,283.75,2
20260218  10:53,283.7,283.8,283.6,283.6,8
20260218  10:54,283.65,283.65,283.65,283.65,1
20260218  10:55,283.7,283.7,283.4,283.45,8
20260218  10:56,283.3,283.7,283.25,283.7,13
20260218  10:57,283.6,283.6,283.6,283.6,2
20260218  10:58,283.6,283.6,283.6,283.6,0
20260218  10:59,283.8,283.8,283.65,283.65,7
20260218  11:00,283.55,283.55,283.35,283.35,25
20260218  11:01,283.35,283.5,283.35,283.5,7
20260218  11:02,283.45,283.6,283.4,283.5,9
20260218  11:03,283.4,283.6,283.35,283.55,17
20260218  11:04,283.45,283.45,283.35,283.35,3
20260218  11:05,283.15,283.45,283.0,283.25,42
20260218  11:06,283.4,283.4,283.4,283.4,1
20260218  11:07,283.45,283.45,283.25,283.25,5
20260218  11:08,283.3,283.4,283.3,283.3,6
20260218  11:09,283.4,283.5,283.35,283.5,7
20260218  11:10,283.4,283.4,283.3,283.35,8
20260218  11:11,283.35,283.75,283.35,283.75,13
20260218  11:12,283.65,283.75,283.65,283.75,4
20260218  11:13,283.8,283.95,283.8,283.95,7
20260218  11:14,283.9,283.95,283.9,283.95,2
20260218  11:15,283.9,283.9,283.9,283.9,1
20260218  11:16,283.95,284.0,283.85,283.85,7
20260218  11:17,283.95,283.95,283.95,283.95,1
20260218  11:18,284.0,284.35,284.0,284.0,20
20260218  11:19,284.0,284.1,283.95,283.95,8
20260218  11:20,283.9,284.0,283.9,284.0,12
20260218  11:21,284.15,284.15,284.0,284.0,6
20260218  11:22,284.0,284.2,284.0,284.2,10
20260218  11:23,284.35,284.4,284.3,284.4,11
20260218  11:24,284.5,284.7,284.5,284.7,13
20260218  11:25,284.7,284.9,284.6,284.65,14
20260218  11:26,284.55,284.6,284.45,284.45,13
20260218  11:27,284.35,284.35,284.2,284.2,6
20260218  11:28,284.5,284.7,284.5,284.65,3
20260218  11:29,284.6,284.6,284.55,284.6,4
20260218  11:30,284.6,284.6,284.55,284.55,3
20260218  11:31,284.55,284.55,284.55,284.55,1
20260218  11:32,284.6,284.9,284.6,284.85,23
20260218  11:33,284.8,285.2,284.75,285.05,19
20260218  11:34,285.0,285.0,284.7,284.7,9
20260218  11:35,284.7,284.7,284.4,284.45,8
20260218  11:36,284.7,284.7,284.65,284.65,10
20260218  11:37,284.65,284.65,284.5,284.5,10
20260218  11:38,284.45,284.45,284.05,284.2,25
20260218  11:39,284.25,284.35,284.2,284.35,14
20260218  11:40,284.3,284.3,284.05,284.3,16
20260218  11:41,284.3,284.3,284.2,284.25,6
20260218  11:42,284.25,284.25,283.9,284.0,13
20260218  11:43,283.95,284.15,283.85,283.85,28
20260218  11:44,283.8,284.1,283.8,283.8,20
20260218  11:45,283.85,283.9,283.85,283.9,3
20260218  11:46,283.9,283.9,283.8,283.9,3
20260218  11:47,284.0,284.0,283.95,284.0,3
20260218  11:48,284.0,284.0,284.0,284.0,0
20260218  11:49,284.15,284.15,283.85,283.95,16
20260218  11:50,283.95,284.1,283.85,284.0,16
20260218  11:51,283.9,284.1,283.9,283.95,4
20260218  11:52,283.85,283.85,283.6,283.6,19
20260218  11:53,283.65,283.9,283.65,283.8,10
20260218  11:54,283.95,283.95,283.85,283.85,3
20260218  11:55,284.1,284.1,284.05,284.05,2
20260218  11:56,284.05,284.05,284.05,284.05,0
20260218  11:57,284.15,284.15,284.1,284.1,5
20260218  11:58,284.15,284.15,284.15,284.15,3
20260218  11:59,284.2,284.35,284.15,284.35,12
20260218  12:00,284.35,284.35,284.35,284.35,0
20260218  12:01,284.25,284.35,284.05,284.25,33
20260218  12:02,284.25,284.25,284.25,284.25,0
20260218  12:03,284.5,284.5,284.1,284.1,8
20260218  12:04,284.3,284.45,284.25,284.45,8
20260218  12:05,284.25,284.25,284.1,284.1,6
20260218  12:06,284.15,284.2,283.95,284.1,10
20260218  12:07,284.2,284.25,284.2,284.2,3
20260218  12:08,284.3,284.5,284.25,284.4,12
20260218  12:09,284.25,284.3,284.05,284.3,9
20260218  12:10,284.25,284.25,284.15,284.15,3
20260218  12:11,284.3,284.4,284.3,284.4,6
20260218  12:12,284.45,284.5,284.45,284.45,7
20260218  12:13,284.45,284.5,284.45,284.5,2
20260218  12:14,284.4,284.4,284.2,284.2,7
20260218  12:15,284.25,284.35,284.05,284.05,15
20260218  12:16,284.15,284.25,284.15,284.15,4
20260218  12:17,284.15,284.15,284.15,284.15,1
20260218  12:18,284.2,284.35,284.2,284.35,6
20260218  12:19,284.45,284.45,284.35,284.4,6
20260218  12:20,284.25,284.25,284.25,284.25,1
20260218  12:21,284.25,284.25,284.05,284.1,13
20260218  12:22,284.05,284.4,284.05,284.35,21
20260218  12:23,284.45,284.45,284.45,284.45,4
20260218  12:24,284.25,284.25,284.05,284.15,7
20260218  12:25,284.15,284.25,284.05,284.15,13
20260218  12:26,284.3,284.7,284.3,284.7,30
20260218  12:27,284.65,284.75,284.6,284.65,8
20260218  12:28,284.8,284.8,284.8,284.8,3
20260218  12:29,284.8,284.8,284.55,284.55,8
20260218  12:30,284.65,284.75,284.65,284.65,8
20260218  12:31,284.5,284.75,284.4,284.7,11
20260218  12:32,284.8,285.0,284.8,284.9,16
20260218  12:33,284.75,284.75,284.45,284.7,19
20260218  12:34,284.55,284.55,284.55,284.55,1
20260218  12:35,284.5,284.55,284.4,284.55,22
20260218  12:36,284.7,285.0,284.7,284.75,11
20260218  12:37,284.7,285.0,284.7,284.8,7
20260218  12:38,284.75,284.75,284.7,284.75,5
20260218  12:39,284.7,284.75,284.7,284.75,3
20260218  12:40,284.8,284.8,284.65,284.8,13
20260218  12:41,284.7,284.75,284.65,284.65,5
20260218  12:42,284.7,284.7,284.55,284.7,11
20260218  12:43,284.55,284.55,284.55,284.55,1
20260218  12:44,284.55,284.55,284.5,284.55,5
20260218  12:45,284.55,284.55,284.3,284.4,17
20260218  12:46,284.4,284.4,284.4,284.4,0
20260218  12:47,284.35,284.35,284.3,284.3,3
20260218  12:48,284.35,284.35,284.2,284.2,8
20260218  12:49,284.2,284.35,284.1,284.1,13
20260218  12:50,284.05,284.1,283.8,284.1,35
20260218  12:51,284.2,284.2,284.2,284.2,1
20260218  12:52,284.2,284.2,284.2,284.2,0
20260218  12:53,284.35,284.4,284.15,284.15,7
20260218  12:54,284.15,284.25,284.15,284.25,3
20260218  12:55,284.2,284.2,284.0,284.0,7
20260218  12:56,284.0,284.0,283.7,283.95,12
20260218  12:57,284.0,284.35,284.0,284.35,2
20260218  12:58,284.3,284.3,284.1,284.1,10
20260218  12:59,284.2,284.2,284.0,284.0,6
20260218  13:00,284.0,284.0,284.0,284.0,0
20260218  13:01,284.1,284.2,283.95,283.95,13
20260218  13:02,283.95,283.95,283.95,283.95,0
20260218  13:03,284.2,284.2,284.2,284.2,1
20260218  13:04,284.2,284.4,283.9,283.95,69
20260218  13:05,283.95,283.95,283.55,283.75,30
20260218  13:06,283.6,283.6,283.55,283.55,2
20260218  13:07,283.55,283.65,283.5,283.65,13
20260218  13:08,283.6,283.6,283.6,283.6,1
20260218  13:09,283.55,283.55,283.55,283.55,2
20260218  13:10,283.6,283.6,283.45,283.45,3
20260218  13:11,283.45,283.45,283.45,283.45,0
20260218  13:12,283.5,283.6,283.5,283.5,13
20260218  13:13,283.55,283.65,283.55,283.65,7
20260218  13:14,283.85,283.85,283.75,283.75,5
20260218  13:15,283.85,283.95,283.7,283.95,9
20260218  13:16,284.0,284.0,283.8,283.85,11
20260218  13:17,283.85,283.9,283.8,283.8,8
20260218  13:18,283.8,283.8,283.8,283.8,2
20260218  13:19,283.7,283.7,283.15,283.15,22
20260218  13:20,283.15,283.25,282.95,282.95,40
20260218  13:21,282.8,282.9,282.65,282.75,20
20260218  13:22,282.6,282.65,282.05,282.05,51
20260218  13:23,282.15,282.45,282.15,282.45,4
20260218  13:24,282.45,282.45,282.45,282.45,2
20260218  13:25,282.35,282.55,282.25,282.25,26
20260218  13:26,282.15,282.2,282.05,282.15,13
20260218  13:27,282.05,282.3,282.0,282.25,53
20260218  13:28,282.05,282.15,281.8,281.9,117
20260218  13:29,281.95,281.95,281.6,281.75,31
20260218  13:30,281.6,282.0,281.6,282.0,8
20260219  10:15,285.2,286.5,285.2,286.35,131
20260219  10:16,286.0,286.15,285.55,285.9,27
20260219  10:17,285.85,286.15,285.4,285.95,27
20260219  10:18,285.95,286.4,285.95,286.4,13
20260219  10:19,286.4,286.55,285.8,286.05,35
20260219  10:20,285.8,285.95,285.8,285.9,13
20260219  10:21,285.9,286.15,285.55,286.1,42
20260219  10:22,286.05,286.1,285.9,286.1,4
20260219  10:23,285.8,286.2,285.8,286.2,7
20260219  10:24,286.15,286.8,286.1,286.1,91
20260219  10:25,286.1,286.1,285.9,285.95,10
20260219  10:26,285.95,286.1,285.95,286.0,7
20260219  10:27,286.05,286.05,286.05,286.05,2
20260219  10:28,286.0,286.1,285.95,286.1,3
20260219  10:29,286.2,286.2,285.95,286.15,35
20260219  10:30,286.15,286.45,286.0,286.45,15
20260219  10:31,286.6,287.15,286.25,286.45,136
20260219  10:32,286.4,286.5,286.35,286.35,5
20260219  10:33,286.25,286.4,286.15,286.15,8
20260219  10:34,286.25,286.25,286.1,286.25,15
20260219  10:35,286.1,286.2,286.05,286.2,5
20260219  10:36,286.15,286.45,286.15,286.45,3
20260219  10:37,286.65,286.75,286.45,286.65,11
20260219  10:38,286.5,287.05,286.5,286.9,27
20260219  10:39,286.9,287.05,286.85,286.95,14
20260219  10:40,287.05,287.05,287.0,287.0,4
20260219  10:41,287.05,287.55,286.95,287.55,58
20260219  10:42,287.65,287.7,287.2,287.25,15
20260219  10:43,287.15,287.25,287.05,287.05,7
20260219  10:44,287.0,287.2,287.0,287.05,10
20260219  10:45,287.05,287.05,286.85,286.85,5
20260219  10:46,287.0,287.0,286.3,286.3,44
20260219  10:47,286.3,286.3,286.05,286.1,25
20260219  10:48,286.1,286.1,286.1,286.1,2
20260219  10:49,286.2,286.25,286.2,286.2,5
20260219  10:50,286.25,286.4,286.2,286.4,6
20260219  10:51,286.45,286.55,286.45,286.55,2
20260219  10:52,286.5,286.5,286.4,286.4,10
20260219  10:53,286.4,286.4,286.4,286.4,0
20260219  10:54,286.25,286.4,286.25,286.35,6
20260219  10:55,286.3,286.35,286.3,286.35,4
20260219  10:56,286.3,286.6,286.2,286.6,9
20260219  10:57,286.6,286.6,286.6,286.6,0
20260219  10:58,286.55,286.95,286.4,286.9,23
20260219  10:59,286.9,286.95,286.75,286.9,17
20260219  11:00,286.9,287.55,286.8,287.55,88
20260219  11:01,287.45,287.45,286.9,286.95,14
20260219  11:02,286.9,287.3,286.9,287.3,15
20260219  11:03,287.3,287.9,287.3,287.9,19
20260219  11:04,287.95,287.95,287.6,287.8,24
20260219  11:05,287.7,287.75,287.35,287.45,20
20260219  11:06,287.45,287.7,287.45,287.6,17
20260219  11:07,287.5,287.95,287.45,287.85,32
20260219  11:08,287.9,287.95,287.65,287.65,24
20260219  11:09,287.65,287.65,287.1,287.1,16
20260219  11:10,287.25,287.4,287.25,287.4,5
20260219  11:11,287.15,287.15,286.85,286.85,5
20260219  11:12,286.85,286.95,286.85,286.9,5
20260219  11:13,286.9,286.9,286.2,286.25,10
20260219  11:14,286.35,286.35,285.9,285.95,72
20260219  11:15,286.0,286.2,285.95,286.05,12
20260219  11:16,286.25,286.65,286.25,286.65,26
20260219  11:17,286.7,287.05,286.65,286.95,31
20260219  11:18,286.75,286.95,286.6,286.85,10
20260219  11:19,286.85,286.85,286.85,286.85,0
20260219  11:20,287.2,287.25,287.15,287.25,4
20260219  11:21,287.2,287.25,286.8,286.8,24
20260219  11:22,286.9,286.9,286.85,286.85,3
20260219  11:23,286.95,287.15,286.95,287.15,5
20260219  11:24,287.25,287.25,287.05,287.05,4
20260219  11:25,286.9,286.9,286.9,286.9,2
20260219  11:26,286.9,286.9,286.9,286.9,0
20260219  11:27,286.85,286.9,286.85,286.9,3
20260219  11:28,286.9,286.9,286.9,286.9,1
20260219  11:29,286.8,286.9,286.8,286.9,3
20260219  11:30,286.7,286.7,286.55,286.65,3
20260219  11:31,286.75,286.8,286.7,286.8,8
20260219  11:32,286.7,286.8,286.7,286.8,3
20260219  11:33,286.8,286.8,286.8,286.8,0
20260219  11:34,286.9,286.9,286.85,286.85,3
20260219  11:35,286.8,286.8,286.75,286.75,3
20260219  11:36,286.75,286.8,286.75,286.8,2
20260219  11:37,286.65,286.65,286.35,286.35,6
20260219  11:38,286.5,286.5,286.5,286.5,1
20260219  11:39,286.45,286.45,286.4,286.4,2
20260219  11:40,286.45,286.45,286.3,286.3,2
20260219  11:41,286.35,286.4,286.35,286.4,2
20260219  11:42,286.4,286.4,286.4,286.4,0
20260219  11:43,286.4,286.4,286.4,286.4,0
20260219  11:44,286.35,286.35,286.3,286.3,2
20260219  11:45,286.3,286.3,286.3,286.3,0
20260219  11:46,286.25,286.25,285.85,285.9,12
20260219  11:47,285.8,285.8,285.7,285.7,11
20260219  11:48,285.7,285.7,285.7,285.7,0
20260219  11:49,285.9,285.9,285.55,285.7,10
20260219  11:50,285.65,285.8,285.55,285.8,11
20260219  11:51,285.8,285.8,285.8,285.8,0
20260219  11:52,285.8,285.8,285.8,285.8,0
20260219  11:53,285.85,285.85,285.75,285.8,11
20260219  11:54,286.0,286.0,286.0,286.0,1
20260219  11:55,286.0,286.0,286.0,286.0,0
20260219  11:56,286.2,286.35,286.2,286.3,9
20260219  11:57,286.25,286.3,286.25,286.3,2
20260219  11:58,286.2,286.25,286.2,286.25,2
20260219  11:59,286.2,286.2,286.1,286.1,6
20260219  12:00,286.1,286.1,285.55,285.8,33
20260219  12:01,285.9,285.95,285.85,285.85,10
20260219  12:02,285.95,286.0,285.85,286.0,9
20260219  12:03,286.0,286.0,286.0,286.0,0
20260219  12:04,286.0,286.0,286.0,286.0,0
20260219  12:05,285.65,285.65,285.25,285.35,14
20260219  12:06,285.35,285.45,285.05,285.05,30
20260219  12:07,285.2,285.35,285.2,285.35,8
20260219  12:08,285.35,285.45,285.35,285.45,6
20260219  12:09,285.45,285.45,285.45,285.45,0
20260219  12:10,285.45,285.45,285.45,285.45,0
20260219  12:11,285.25,285.25,285.25,285.25,2
20260219  12:12,285.15,285.15,284.55,284.6,24
20260219  12:13,284.6,284.6,284.15,284.4,43
20260219  12:14,284.3,284.3,284.05,284.1,14
20260219  12:15,284.1,284.2,284.1,284.2,7
20260219  12:16,284.25,284.25,284.25,284.25,1
20260219  12:17,284.45,284.8,284.35,284.45,24
20260219  12:18,284.25,284.25,284.05,284.2,23
20260219  12:19,284.1,284.1,283.95,284.0,14
20260219  12:20,283.95,284.05,283.65,283.65,32
20260219  12:21,283.75,283.8,283.75,283.8,4
20260219  12:22,283.8,283.8,283.75,283.8,4
20260219  12:23,283.5,283.5,283.0,283.1,34
20260219  12:24,283.05,283.05,282.9,283.05,8
20260219  12:25,283.05,283.05,282.7,282.7,17
20260219  12:26,282.7,282.75,282.3,282.45,36
20260219  12:27,282.6,282.6,282.3,282.3,14
20260219  12:28,282.3,282.55,282.3,282.45,10
20260219  12:29,282.55,282.55,282.3,282.3,7
20260219  12:30,282.3,282.6,282.3,282.55,14
20260219  12:31,282.65,282.65,282.55,282.55,5
20260219  12:32,282.75,282.8,282.75,282.8,4
20260219  12:33,282.75,283.1,282.75,283.1,5
20260219  12:34,282.9,282.9,282.9,282.9,9
20260219  12:35,282.7,282.7,282.25,282.35,38
20260219  12:36,282.35,282.35,282.0,282.0,43
20260219  12:37,282.05,282.5,282.05,282.5,23
20260219  12:38,282.6,282.6,282.6,282.6,2
20260219  12:39,282.45,282.45,282.45,282.45,2
20260219  12:40,282.45,282.55,282.3,282.55,5
20260219  12:41,282.45,282.55,282.45,282.45,3
20260219  12:42,282.45,282.45,282.45,282.45,0
20260219  12:43,282.4,282.5,282.35,282.5,4
20260219  12:44,282.3,282.45,282.3,282.45,13
20260219  12:45,282.5,282.5,282.3,282.3,8
20260219  12:46,282.25,282.25,282.1,282.1,3
20260219  12:47,282.1,282.4,282.05,282.05,12
20260219  12:48,282.05,282.15,281.65,281.75,76
20260219  12:49,281.85,282.2,281.85,281.9,18
20260219  12:50,281.8,281.8,281.8,281.8,2
20260219  12:51,281.75,281.9,281.5,281.5,25
20260219  12:52,281.35,281.35,281.0,281.05,26
20260219  12:53,281.05,281.25,281.05,281.25,4
20260219  12:54,281.3,281.5,281.3,281.45,14
20260219  12:55,281.45,281.45,281.45,281.45,0
20260219  12:56,281.3,281.7,281.25,281.7,13
20260219  12:57,281.55,281.55,281.5,281.5,3
20260219  12:58,281.45,281.45,281.45,281.45,1
20260219  12:59,281.55,281.55,281.4,281.4,7
20260219  13:00,281.25,281.25,281.25,281.25,1
20260219  13:01,281.15,281.15,280.85,281.15,34
20260219  13:02,281.15,281.15,280.85,280.85,9
20260219  13:03,280.85,281.05,280.7,280.7,20
20260219  13:04,280.7,280.95,280.7,280.95,18
20260219  13:05,281.0,281.2,281.0,281.2,5
20260219  13:06,281.2,281.4,281.2,281.4,29
20260219  13:07,281.25,281.65,281.2,281.65,7
20260219  13:08,281.6,281.75,281.4,281.55,6
20260219  13:09,281.65,281.9,281.65,281.7,3
20260219  13:10,281.75,281.85,281.75,281.85,2
20260219  13:11,281.8,282.0,281.8,282.0,9
20260219  13:12,282.1,282.75,281.9,282.45,110
20260219  13:13,282.4,282.4,282.05,282.05,4
20260219  13:14,281.7,281.7,281.55,281.55,10
20260219  13:15,281.6,281.65,281.6,281.6,5
20260219  13:16,281.6,281.75,281.45,281.45,15
20260219  13:17,281.45,281.5,281.4,281.5,7
20260219  13:18,281.55,281.65,281.5,281.5,5
20260219  13:19,281.4,281.4,281.3,281.3,5
20260219  13:20,281.6,281.6,281.35,281.35,7
20260219  13:21,281.4,281.45,281.3,281.3,9
20260219  13:22,281.45,281.6,281.35,281.35,6
20260219  13:23,281.35,281.35,281.35,281.35,0
20260219  13:24,281.7,281.7,281.7,281.7,1
20260219  13:25,281.7,281.7,281.55,281.55,2
20260219  13:26,281.5,281.55,281.4,281.55,4
20260219  13:27,281.3,281.55,281.2,281.2,15
20260219  13:28,281.1,281.4,281.05,281.4,18
20260219  13:29,281.35,281.35,281.05,281.05,9
20260219  13:30,281.1,281.1,281.1,281.1,1
20260220  10:15,288.15,289.0,287.4,287.65,259
20260220  10:16,287.65,288.15,287.4,287.4,53
20260220  10:17,287.55,288.4,287.5,288.35,65
20260220  10:18,288.55,288.55,288.0,288.05,73
20260220  10:19,288.05,288.15,287.5,287.5,44
20260220  10:20,287.75,288.25,287.7,288.25,26
20260220  10:21,288.3,290.3,288.3,290.2,198
20260220  10:22,290.25,290.85,290.25,290.8,62
20260220  10:23,290.7,290.7,290.3,290.4,11
20260220  10:24,290.45,291.15,290.4,290.55,25
20260220  10:25,290.3,290.5,290.05,290.5,14
20260220  10:26,290.4,290.4,289.85,289.85,18
20260220  10:27,289.7,290.0,289.7,289.85,19
20260220  10:28,289.8,290.4,289.65,290.3,51
20260220  10:29,290.45,290.5,290.1,290.15,13
20260220  10:30,290.25,290.25,289.2,289.35,31
20260220  10:31,289.5,289.8,289.05,289.55,19
20260220  10:32,289.7,289.7,289.35,289.4,10
20260220  10:33,289.65,289.8,289.65,289.65,15
20260220  10:34,289.45,289.7,289.15,289.3,23
20260220  10:35,289.3,289.4,288.7,288.7,23
20260220  10:36,288.8,289.1,288.8,289.05,15
20260220  10:37,288.9,289.35,288.85,289.2,39
20260220  10:38,289.35,290.55,289.35,290.4,50
20260220  10:39,290.35,291.25,290.35,290.95,65
20260220  10:40,290.85,291.2,290.85,291.2,64
20260220  10:41,291.05,291.45,290.7,290.7,53
20260220  10:42,290.55,291.4,290.55,291.0,52
20260220  10:43,291.0,291.05,290.25,290.4,40
20260220  10:44,290.35,290.8,290.35,290.6,12
20260220  10:45,290.6,290.85,290.5,290.8,11
20260220  10:46,291.0,291.05,290.65,290.65,7
20260220  10:47,290.6,290.6,290.2,290.45,21
20260220  10:48,290.45,290.6,290.2,290.2,19
20260220  10:49,290.35,290.35,290.0,290.2,40
20260220  10:50,290.25,290.3,289.8,290.25,63
20260220  10:51,290.4,290.5,290.35,290.5,11
20260220  10:52,290.7,290.7,290.45,290.45,4
20260220  10:53,290.4,290.75,290.4,290.5,16
20260220  10:54,290.4,290.6,290.3,290.6,11
20260220  10:55,290.55,290.75,290.55,290.75,4
20260220  10:56,290.85,290.85,290.6,290.65,12
20260220  10:57,290.65,290.65,290.5,290.5,2
20260220  10:58,290.6,290.75,290.6,290.75,8
20260220  10:59,290.75,290.75,290.05,290.05,24
20260220  11:00,290.1,290.2,289.9,290.2,21
20260220  11:01,290.25,290.35,290.15,290.2,9
20260220  11:02,290.15,290.3,290.1,290.3,4
20260220  11:03,290.4,290.4,290.4,290.4,4
20260220  11:04,290.6,290.7,290.15,290.2,19
20260220  11:05,290.35,290.35,290.25,290.25,6
20260220  11:06,290.3,290.3,290.2,290.3,4
20260220  11:07,290.35,290.55,290.35,290.55,9
20260220  11:08,290.55,290.55,290.1,290.15,11
20260220  11:09,290.1,290.7,290.1,290.7,14
20260220  11:10,290.6,290.65,290.35,290.65,11
20260220  11:11,290.75,290.75,290.55,290.55,5
20260220  11:12,290.5,290.65,290.5,290.5,6
20260220  11:13,290.65,290.8,290.65,290.8,3
20260220  11:14,290.7,290.7,290.45,290.45,6
20260220  11:15,290.3,290.3,290.05,290.05,22
20260220  11:16,290.2,290.3,290.2,290.2,3
20260220  11:17,290.25,290.25,289.8,289.95,17
20260220  11:18,289.95,289.95,289.75,289.75,10
20260220  11:19,289.8,290.15,289.8,289.9,18
20260220  11:20,290.0,290.0,289.55,289.6,27
20260220  11:21,289.55,289.7,289.4,289.7,13
20260220  11:22,289.5,289.8,289.15,289.25,19
20260220  11:23,289.4,289.45,289.3,289.4,14
20260220  11:24,289.65,289.75,289.65,289.65,6
20260220  11:25,289.35,289.35,289.05,289.3,20
20260220  11:26,289.3,289.3,289.3,289.3,0
20260220  11:27,289.4,289.4,288.7,288.8,34
20260220  11:28,288.55,288.55,288.45,288.55,6
20260220  11:29,288.65,288.75,288.65,288.75,2
20260220  11:30,288.85,288.85,288.7,288.7,3
20260220  11:31,288.8,288.8,288.7,288.7,6
20260220  11:32,288.85,288.85,288.75,288.85,5
20260220  11:33,288.85,288.85,288.85,288.85,0
20260220  11:34,288.75,288.85,288.75,288.85,2
20260220  11:35,288.85,288.85,288.85,288.85,0
20260220  11:36,288.8,288.8,288.8,288.8,1
20260220  11:37,288.85,288.85,288.6,288.75,9
20260220  11:38,288.8,288.85,288.65,288.65,9
20260220  11:39,288.65,288.65,288.65,288.65,0
20260220  11:40,288.6,288.85,288.55,288.65,22
20260220  11:41,288.65,288.7,288.65,288.7,2
20260220  11:42,288.7,289.0,288.7,289.0,5
20260220  11:43,289.15,289.15,289.15,289.15,2
20260220  11:44,289.35,289.35,289.2,289.2,5
20260220  11:45,289.3,289.35,289.25,289.35,3
20260220  11:46,289.4,289.4,289.1,289.1,12
20260220  11:47,289.1,289.1,288.95,288.95,4
20260220  11:48,288.8,288.8,288.8,288.8,1
20260220  11:49,288.65,288.65,288.45,288.5,16
20260220  11:50,288.3,288.3,288.0,288.0,26
20260220  11:51,287.8,287.9,287.7,287.9,6
20260220  11:52,287.9,287.9,287.8,287.8,5
20260220  11:53,287.8,287.8,287.55,287.55,15
20260220  11:54,287.6,287.9,287.45,287.65,37
20260220  11:55,287.6,287.8,287.5,287.55,13
20260220  11:56,287.45,287.55,287.4,287.5,21
20260220  11:57,287.65,287.95,287.65,287.85,4
20260220  11:58,287.95,288.1,287.75,287.75,38
20260220  11:59,287.6,287.65,287.6,287.6,3
20260220  12:00,287.7,288.0,287.7,288.0,7
20260220  12:01,288.0,288.0,287.55,287.55,9
20260220  12:02,287.7,287.8,287.55,287.55,23
20260220  12:03,287.55,287.75,287.45,287.45,16
20260220  12:04,287.4,287.45,287.05,287.05,39
20260220  12:05,287.05,287.35,286.75,286.8,20
20260220  12:06,286.9,286.9,286.75,286.75,2
20260220  12:07,286.8,286.9,286.8,286.9,9
20260220  12:08,286.85,286.95,286.6,286.6,61
20260220  12:09,286.7,287.1,286.6,287.1,25
20260220  12:10,287.0,287.0,287.0,287.0,3
20260220  12:11,287.0,287.0,286.75,286.9,6
20260220  12:12,286.8,286.8,286.75,286.75,2
20260220  12:13,286.75,286.75,286.75,286.75,0
20260220  12:14,286.75,286.75,286.75,286.75,1
20260220  12:15,286.75,286.75,286.6,286.75,11
20260220  12:16,286.85,287.05,286.85,286.85,8
20260220  12:17,287.05,287.15,287.05,287.15,2
20260220  12:18,287.2,287.2,287.15,287.2,3
20260220  12:19,287.2,287.2,287.2,287.2,0
20260220  12:20,287.3,287.35,287.25,287.25,5
20260220  12:21,287.1,287.1,286.8,287.05,15
20260220  12:22,287.2,287.5,287.2,287.4,7
20260220  12:23,287.6,287.6,287.35,287.35,4
20260220  12:24,287.35,287.4,287.35,287.4,7
20260220  12:25,287.45,287.55,287.1,287.1,9
20260220  12:26,287.05,287.35,287.05,287.15,7
20260220  12:27,287.2,287.4,287.2,287.4,5
20260220  12:28,287.35,287.4,287.2,287.2,6
20260220  12:29,287.15,287.15,287.05,287.05,6
20260220  12:30,287.2,287.2,287.2,287.2,1
20260220  12:31,287.2,287.2,287.2,287.2,2
20260220  12:32,287.2,287.2,287.2,287.2,1
20260220  12:33,287.25,287.7,287.25,287.65,15
20260220  12:34,287.75,287.8,287.55,287.6,15
20260220  12:35,287.65,287.75,287.45,287.75,14
20260220  12:36,287.7,287.85,287.7,287.7,5
20260220  12:37,287.6,287.65,287.25,287.6,33
20260220  12:38,287.55,287.55,287.45,287.45,6
20260220  12:39,287.4,287.4,287.3,287.3,7
20260220  12:40,287.4,287.4,287.4,287.4,1
20260220  12:41,287.25,287.25,287.25,287.25,1
20260220  12:42,287.1,287.2,287.1,287.2,5
20260220  12:43,287.4,287.4,287.35,287.35,7
20260220  12:44,287.05,287.05,287.05,287.05,1
20260220  12:45,287.05,287.05,287.05,287.05,0
20260220  12:46,287.0,287.15,287.0,287.1,11
20260220  12:47,287.4,287.4,287.35,287.35,2
20260220  12:48,287.25,287.3,287.2,287.3,9
20260220  12:49,287.4,287.4,287.4,287.4,2
20260220  12:50,287.4,287.7,287.4,287.65,11
20260220  12:51,287.5,287.6,287.5,287.6,5
20260220  12:52,287.5,287.65,287.5,287.65,3
20260220  12:53,287.65,287.65,287.65,287.65,0
20260220  12:54,287.55,287.55,287.5,287.5,5
20260220  12:55,287.35,287.45,287.35,287.45,2
20260220  12:56,287.45,287.45,287.4,287.4,3
20260220  12:57,287.25,287.25,287.25,287.25,1
20260220  12:58,287.35,287.35,287.35,287.35,1
20260220  12:59,287.35,287.5,287.35,287.5,7
20260220  13:00,287.25,287.25,287.1,287.2,7
20260220  13:01,287.1,287.1,286.6,286.7,31
20260220  13:02,286.65,286.7,286.6,286.6,12
20260220  13:03,286.7,287.05,286.7,287.05,6
20260220  13:04,287.05,287.05,286.9,286.9,8
20260220  13:05,286.85,286.85,286.65,286.65,7
20260220  13:06,286.6,286.65,285.55,285.65,119
20260220  13:07,285.55,285.7,285.4,285.55,62
20260220  13:08,285.7,285.85,285.55,285.75,11
20260220  13:09,285.75,285.75,285.05,285.25,63
20260220  13:10,285.5,285.5,285.3,285.45,11
20260220  13:11,285.7,285.7,285.7,285.7,1
20260220  13:12,285.9,286.05,285.9,286.05,5
20260220  13:13,285.95,286.15,285.95,286.15,6
20260220  13:14,285.9,285.9,285.85,285.85,2
20260220  13:15,286.05,286.05,285.85,285.85,6
20260220  13:16,286.0,286.0,286.0,286.0,1
20260220  13:17,286.0,286.0,286.0,286.0,1
20260220  13:18,285.85,285.95,285.85,285.9,11
20260220  13:19,286.15,286.25,285.8,285.8,7
20260220  13:20,285.75,285.75,285.65,285.65,6
20260220  13:21,285.75,285.8,285.75,285.8,3
20260220  13:22,286.05,286.05,285.95,286.0,3
20260220  13:23,286.0,286.2,286.0,286.0,7
20260220  13:24,286.15,286.35,286.15,286.35,8
20260220  13:25,286.25,286.8,286.15,286.8,23
20260220  13:26,286.35,286.7,286.35,286.65,23
20260220  13:27,286.75,286.75,286.7,286.7,3
20260220  13:28,286.7,286.7,286.25,286.25,8
20260220  13:29,286.25,286.25,286.25,286.25,1
20260220  13:30,286.4,286.4,286.15,286.15,3
20260223  10:15,284.0,285.5,283.5,284.6,200
20260223  10:16,284.45,284.5,284.1,284.25,19
20260223  10:17,284.2,284.25,283.6,284.25,22
20260223  10:18,284.25,284.5,284.2,284.35,19
20260223  10:19,284.45,284.55,284.2,284.2,18
20260223  10:20,284.4,284.4,282.95,283.2,75
20260223  10:21,283.0,283.25,282.95,283.1,17
20260223  10:22,283.3,283.3,283.1,283.15,9
20260223  10:23,283.25,283.25,282.5,282.6,18
20260223  10:24,282.8,283.25,282.8,283.25,10
20260223  10:25,283.2,283.8,283.2,283.8,10
20260223  10:26,283.9,284.15,283.9,283.95,11
20260223  10:27,283.8,283.8,283.8,283.8,3
20260223  10:28,283.75,283.8,283.65,283.65,5
20260223  10:29,283.8,284.15,283.8,284.1,9
20260223  10:30,284.35,284.65,284.1,284.5,19
20260223  10:31,284.4,284.4,284.4,284.4,2
20260223  10:32,284.85,284.9,284.8,284.8,8
20260223  10:33,284.8,284.8,284.7,284.7,2
20260223  10:34,284.4,284.4,284.4,284.4,1
20260223  10:35,284.5,284.5,284.4,284.4,2
20260223  10:36,284.3,284.4,284.25,284.25,5
20260223  10:37,284.0,284.1,284.0,284.0,4
20260223  10:38,284.15,284.15,284.15,284.15,3
20260223  10:39,284.0,284.0,283.9,283.9,4
20260223  10:40,283.8,283.95,283.8,283.95,2
20260223  10:41,284.0,284.0,284.0,284.0,1
20260223  10:42,284.0,284.0,284.0,284.0,0
20260223  10:43,284.25,284.25,284.25,284.25,1
20260223  10:44,284.4,284.4,284.35,284.35,2
20260223  10:45,284.35,284.35,284.35,284.35,0
20260223  10:46,284.05,284.25,284.05,284.25,3
20260223  10:47,284.4,284.6,284.4,284.6,6
20260223  10:48,284.55,284.75,284.55,284.75,3
20260223  10:49,284.8,284.9,284.7,284.9,7
20260223  10:50,284.8,284.8,284.2,284.2,8
20260223  10:51,284.3,284.35,284.3,284.35,4
20260223  10:52,284.4,284.45,284.4,284.45,4
20260223  10:53,284.4,284.7,284.4,284.7,8
20260223  10:54,284.75,284.75,284.55,284.55,6
20260223  10:55,284.55,284.55,284.55,284.55,0
20260223  10:56,284.95,284.95,284.9,284.9,2
20260223  10:57,285.0,285.1,284.95,284.95,8
20260223  10:58,284.9,284.9,284.5,284.5,7
20260223  10:59,284.7,284.7,284.35,284.4,6
20260223  11:00,284.15,284.15,283.95,284.1,6
20260223  11:01,283.95,284.1,283.9,283.95,10
20260223  11:02,284.0,284.1,283.95,284.1,4
20260223  11:03,284.05,284.05,283.9,283.9,2
20260223  11:04,283.75,283.75,283.75,283.75,1
20260223  11:05,283.9,283.95,283.9,283.95,2
20260223  11:06,283.95,283.95,283.95,283.95,0
20260223  11:07,284.05,284.05,283.95,283.95,2
20260223  11:08,283.95,283.95,283.95,283.95,0
20260223  11:09,283.95,283.95,283.9,283.9,2
20260223  11:10,283.8,283.8,283.8,283.8,2
20260223  11:11,283.9,283.95,283.9,283.95,3
20260223  11:12,284.15,284.15,284.0,284.0,4
20260223  11:13,284.1,284.2,284.1,284.2,3
20260223  11:14,284.1,284.15,283.65,283.85,14
20260223  11:15,283.6,283.7,283.6,283.65,4
20260223  11:16,283.5,283.55,283.5,283.55,2
20260223  11:17,283.35,283.35,282.85,282.85,18
20260223  11:18,282.75,283.2,282.75,283.2,9
20260223  11:19,283.5,283.65,283.5,283.55,5
20260223  11:20,283.45,283.6,283.3,283.3,16
20260223  11:21,283.25,283.25,283.25,283.25,1
20260223  11:22,283.3,283.3,283.3,283.3,2
20260223  11:23,283.7,283.7,283.4,283.4,5
20260223  11:24,283.5,283.65,283.45,283.45,7
20260223  11:25,283.6,283.6,283.25,283.5,9
20260223  11:26,283.55,283.55,283.55,283.55,1
20260223  11:27,283.7,283.8,283.7,283.8,4
20260223  11:28,283.75,283.75,283.75,283.75,1
20260223  11:29,283.95,284.4,283.95,284.4,11
20260223  11:30,284.25,285.1,284.25,284.95,18
20260223  11:31,284.9,284.9,284.85,284.85,2
20260223  11:32,285.0,285.0,284.75,284.75,9
20260223  11:33,284.65,284.65,284.5,284.5,3
20260223  11:34,284.35,284.45,284.35,284.45,4
20260223  11:35,284.55,284.8,284.55,284.8,5
20260223  11:36,284.85,285.1,284.7,284.85,18
20260223  11:37,285.0,285.05,284.85,284.95,20
20260223  11:38,284.75,284.9,284.75,284.9,4
20260223  11:39,284.85,284.95,284.75,284.75,6
20260223  11:40,284.95,285.1,284.95,284.95,6
20260223  11:41,285.05,285.1,284.65,284.65,5
20260223  11:42,284.8,284.8,284.55,284.55,3
20260223  11:43,284.65,284.65,284.55,284.55,4
20260223  11:44,284.5,284.5,284.4,284.4,6
20260223  11:45,284.55,284.55,284.55,284.55,1
20260223  11:46,284.5,284.5,284.35,284.35,2
20260223  11:47,284.25,284.25,284.0,284.0,10
20260223  11:48,284.05,284.05,283.5,283.7,31
20260223  11:49,283.65,284.0,283.65,283.9,5
20260223  11:50,283.8,283.9,283.8,283.9,3
20260223  11:51,283.9,283.9,283.9,283.9,1
20260223  11:52,283.75,283.75,283.65,283.65,2
20260223  11:53,283.8,284.0,283.55,283.85,27
20260223  11:54,283.85,283.95,283.85,283.95,3
20260223  11:55,283.8,283.8,283.5,283.75,13
20260223  11:56,283.65,283.65,283.45,283.55,14
20260223  11:57,283.3,283.3,283.3,283.3,1
20260223  11:58,283.1,283.1,282.45,282.55,65
20260223  11:59,282.7,283.0,282.7,283.0,3
20260223  12:00,282.9,282.9,282.7,282.7,8
20260223  12:01,283.0,283.25,283.0,283.25,2
20260223  12:02,283.25,283.8,283.25,283.75,12
20260223  12:03,283.55,283.55,283.4,283.4,5
20260223  12:04,283.45,283.75,283.45,283.75,10
20260223  12:05,283.7,283.8,283.5,283.6,12
20260223  12:06,283.7,283.7,283.15,283.15,18
20260223  12:07,283.0,283.2,283.0,283.2,5
20260223  12:08,283.25,283.25,283.0,283.0,7
20260223  12:09,282.85,282.85,282.85,282.85,1
20260223  12:10,282.75,282.85,282.65,282.75,12
20260223  12:11,282.6,282.6,281.9,282.3,90
20260223  12:12,282.15,282.15,282.05,282.1,13
20260223  12:13,281.9,282.05,281.8,281.9,16
20260223  12:14,282.0,282.0,281.95,281.95,3
20260223  12:15,281.95,281.95,281.95,281.95,0
20260223  12:16,281.75,281.85,281.75,281.85,5
20260223  12:17,281.75,281.75,281.75,281.75,3
20260223  12:18,281.75,281.75,281.75,281.75,0
20260223  12:19,281.9,282.0,281.15,281.25,68
20260223  12:20,281.35,281.7,281.35,281.7,8
20260223  12:21,281.75,282.0,281.25,281.5,24
20260223  12:22,281.55,281.55,281.45,281.45,7
20260223  12:23,281.5,281.5,281.5,281.5,2
20260223  12:24,281.6,281.6,281.6,281.6,1
20260223  12:25,281.7,281.7,281.5,281.65,9
20260223  12:26,281.7,281.7,281.65,281.65,2
20260223  12:27,282.1,282.1,281.55,281.75,15
20260223  12:28,281.75,281.75,281.75,281.75,0
20260223  12:29,281.85,282.2,281.85,282.2,10
20260223  12:30,282.2,282.3,282.05,282.05,9
20260223  12:31,282.05,282.35,282.05,282.35,8
20260223  12:32,282.3,282.5,282.3,282.5,6
20260223  12:33,282.5,282.5,282.5,282.5,0
20260223  12:34,282.1,282.1,282.1,282.1,2
20260223  12:35,281.95,281.95,281.85,281.9,3
20260223  12:36,282.2,282.25,282.15,282.15,6
20260223  12:37,282.15,282.15,282.15,282.15,0
20260223  12:38,282.5,282.5,282.4,282.45,16
20260223  12:39,282.5,282.65,282.3,282.35,25
20260223  12:40,282.35,282.35,282.35,282.35,1
20260223  12:41,282.35,282.35,282.35,282.35,0
20260223  12:42,282.35,282.35,282.35,282.35,0
20260223  12:43,282.1,282.1,281.8,281.8,4
20260223  12:44,281.95,282.0,281.95,282.0,2
20260223  12:45,282.15,282.2,282.15,282.2,5
20260223  12:46,282.05,282.05,282.0,282.0,2
20260223  12:47,282.05,282.05,281.95,281.95,2
20260223  12:48,281.9,281.9,281.8,281.8,3
20260223  12:49,282.1,282.1,281.95,282.0,7
20260223  12:50,282.0,282.1,282.0,282.1,6
20260223  12:51,282.0,282.0,281.85,281.85,4
20260223  12:52,282.0,282.2,282.0,282.2,3
20260223  12:53,282.2,282.2,282.2,282.2,0
20260223  12:54,281.9,281.9,281.9,281.9,1
20260223  12:55,281.95,281.95,281.95,281.95,1
20260223  12:56,281.9,281.9,281.9,281.9,1
20260223  12:57,281.85,281.9,281.85,281.9,4
20260223  12:58,281.8,281.9,281.75,281.9,6
20260223  12:59,281.9,281.9,281.8,281.8,5
20260223  13:00,281.8,281.8,281.35,281.4,20
20260223  13:01,281.35,281.85,281.05,281.85,23
20260223  13:02,282.0,282.45,282.0,282.25,19
20260223  13:03,282.1,282.1,282.1,282.1,2
20260223  13:04,281.85,281.95,281.7,281.95,10
20260223  13:05,281.8,281.8,281.7,281.7,14
20260223  13:06,281.7,281.9,281.7,281.9,2
20260223  13:07,281.95,281.95,281.75,281.8,5
20260223  13:08,281.85,282.0,281.85,282.0,3
20260223  13:09,281.85,281.9,281.7,281.75,7
20260223  13:10,281.75,281.95,281.75,281.95,2
20260223  13:11,281.95,281.95,281.95,281.95,0
20260223  13:12,282.2,282.2,281.75,281.85,13
20260223  13:13,281.7,281.7,281.7,281.7,1
20260223  13:14,281.55,281.55,280.85,281.0,68
20260223  13:15,281.0,281.0,280.95,280.95,7
20260223  13:16,281.3,281.3,281.3,281.3,1
20260223  13:17,281.35,281.35,281.3,281.3,2
20260223  13:18,281.6,281.9,281.6,281.9,5
20260223  13:19,281.9,282.0,281.9,281.9,3
20260223  13:20,281.95,282.0,281.7,281.8,9
20260223  13:21,281.7,281.8,281.1,281.1,30
20260223  13:22,281.15,281.4,280.95,281.4,18
20260223  13:23,281.4,281.9,281.4,281.9,10
20260223  13:24,281.65,281.7,281.6,281.7,6
20260223  13:25,281.7,281.85,281.7,281.85,4
20260223  13:26,281.85,281.85,281.85,281.85,2
20260223  13:27,281.7,281.7,281.7,281.7,1
20260223  13:28,281.55,281.55,281.4,281.4,4
20260223  13:29,281.35,281.5,281.35,281.5,3
20260223  13:30,281.5,281.6,281.5,281.6,3
20260224  10:15,276.8,278.0,276.5,277.8,230
20260224  10:16,277.35,277.45,276.8,276.95,47
20260224  10:17,276.85,277.6,276.85,277.5,36
20260224  10:18,277.6,277.7,277.4,277.45,31
20260224  10:19,277.45,277.7,277.4,277.6,11
20260224  10:20,277.45,277.9,277.45,277.85,15
20260224  10:21,277.9,278.0,277.75,277.85,8
20260224  10:22,277.85,278.0,277.55,277.8,38
20260224  10:23,277.8,278.75,277.75,278.75,80
20260224  10:24,278.75,279.25,278.7,279.0,37
20260224  10:25,278.95,278.95,278.65,278.75,18
20260224  10:26,278.55,278.6,278.35,278.6,20
20260224  10:27,278.5,278.85,278.5,278.65,28
20260224  10:28,278.7,278.7,278.7,278.7,2
20260224  10:29,278.6,278.65,278.55,278.65,3
20260224  10:30,278.75,278.75,278.35,278.6,36
20260224  10:31,278.75,279.15,278.7,279.15,12
20260224  10:32,279.25,279.55,279.2,279.55,38
20260224  10:33,279.55,280.5,279.55,280.15,73
20260224  10:34,279.85,279.85,279.55,279.6,9
20260224  10:35,279.5,279.7,279.4,279.65,11
20260224  10:36,279.65,279.65,279.65,279.65,0
20260224  10:37,279.5,279.6,279.5,279.6,3
20260224  10:38,279.75,279.9,279.75,279.9,9
20260224  10:39,279.7,279.75,279.1,279.35,31
20260224  10:40,279.1,279.4,279.1,279.4,9
20260224  10:41,279.5,279.5,279.45,279.45,4
20260224  10:42,279.45,279.45,279.25,279.35,4
20260224  10:43,279.45,279.45,279.25,279.25,4
20260224  10:44,279.2,279.45,279.1,279.45,22
20260224  10:45,279.5,279.5,279.45,279.45,2
20260224  10:46,279.6,279.65,279.4,279.4,3
20260224  10:47,279.3,279.3,279.3,279.3,2
20260224  10:48,279.55,279.7,279.55,279.7,9
20260224  10:49,279.6,279.6,279.5,279.6,5
20260224  10:50,279.55,279.55,279.55,279.55,1
20260224  10:51,279.25,279.25,279.05,279.05,5
20260224  10:52,279.05,279.05,279.05,279.05,0
20260224  10:53,279.15,279.15,279.05,279.05,2
20260224  10:54,279.05,279.05,278.85,278.95,23
20260224  10:55,279.1,279.15,278.8,278.95,15
20260224  10:56,278.75,278.75,278.7,278.7,5
20260224  10:57,278.7,278.7,278.7,278.7,0
20260224  10:58,278.8,278.8,278.55,278.55,5
20260224  10:59,278.65,278.65,278.65,278.65,1
20260224  11:00,278.55,278.55,278.2,278.2,7
20260224  11:01,278.15,278.35,278.0,278.35,10
20260224  11:02,278.35,278.35,278.35,278.35,0
20260224  11:03,278.35,278.35,278.3,278.3,2
20260224  11:04,278.25,278.3,278.15,278.3,9
20260224  11:05,278.45,278.55,278.45,278.55,3
20260224  11:06,278.35,278.35,278.35,278.35,1
20260224  11:07,278.45,278.45,278.0,278.2,11
20260224  11:08,278.05,278.1,277.95,278.0,12
20260224  11:09,278.1,278.1,278.0,278.0,4
20260224  11:10,278.1,278.1,277.95,277.95,2
20260224  11:11,278.2,278.35,277.95,277.95,4
20260224  11:12,278.05,278.05,277.9,278.0,5
20260224  11:13,277.9,277.9,277.7,277.7,14
20260224  11:14,277.85,277.85,277.85,277.85,1
20260224  11:15,277.85,277.85,277.85,277.85,1
20260224  11:16,278.0,278.2,277.85,278.1,21
20260224  11:17,278.1,278.45,278.0,278.15,8
20260224  11:18,278.35,278.35,278.25,278.25,3
20260224  11:19,278.4,278.55,278.35,278.55,3
20260224  11:20,278.4,278.65,278.4,278.65,2
20260224  11:21,278.55,278.55,278.45,278.45,11
20260224  11:22,278.55,278.75,278.55,278.7,3
20260224  11:23,278.7,278.7,278.7,278.7,0
20260224  11:24,278.65,278.65,278.65,278.65,1
20260224  11:25,278.85,278.85,278.85,278.85,1
20260224  11:26,278.8,278.9,278.8,278.9,5
20260224  11:27,278.75,278.75,278.65,278.65,5
20260224  11:28,278.65,278.65,278.65,278.65,1
20260224  11:29,278.7,278.7,278.6,278.65,3
20260224  11:30,279.0,279.0,278.8,278.8,4
20260224  11:31,278.6,278.6,278.5,278.55,3
20260224  11:32,278.35,278.35,278.25,278.35,5
20260224  11:33,278.4,278.45,278.4,278.45,2
20260224  11:34,278.35,278.35,278.35,278.35,2
20260224  11:35,278.35,278.35,278.3,278.3,2
20260224  11:36,278.3,278.85,278.1,278.1,16
20260224  11:37,278.1,278.15,278.05,278.1,8
20260224  11:38,278.05,278.25,278.05,278.1,7
20260224  11:39,278.05,278.05,278.05,278.05,4
20260224  11:40,277.95,277.95,277.95,277.95,2
20260224  11:41,278.0,278.05,278.0,278.05,2
20260224  11:42,277.8,277.8,277.8,277.8,1
20260224  11:43,277.75,277.8,277.75,277.8,3
20260224  11:44,277.65,277.7,277.5,277.65,15
20260224  11:45,277.8,277.85,277.8,277.85,3
20260224  11:46,277.75,277.75,277.65,277.65,2
20260224  11:47,277.6,277.65,277.6,277.65,2
20260224  11:48,277.6,277.6,276.85,277.25,25
20260224  11:49,277.2,277.3,277.0,277.3,17
20260224  11:50,277.15,277.45,277.15,277.35,5
20260224  11:51,277.4,277.45,277.4,277.4,5
20260224  11:52,277.3,277.45,277.3,277.3,11
20260224  11:53,277.45,277.45,277.45,277.45,4
20260224  11:54,277.45,277.45,277.45,277.45,0
20260224  11:55,277.2,277.2,276.65,276.65,21
20260224  11:56,276.75,276.75,276.6,276.65,20
20260224  11:57,276.55,276.75,276.5,276.55,24
20260224  11:58,276.75,276.75,276.3,276.35,17
20260224  11:59,276.3,276.3,276.0,276.05,35
20260224  12:00,276.2,276.2,276.0,276.05,11
20260224  12:01,276.2,276.4,276.2,276.25,25
20260224  12:02,276.0,276.45,276.0,276.45,5
20260224  12:03,276.4,276.4,276.15,276.15,10
20260224  12:04,276.05,276.2,276.05,276.15,4
20260224  12:05,276.1,276.1,275.5,275.65,82
20260224  12:06,275.7,275.85,275.6,275.6,35
20260224  12:07,275.75,275.8,275.35,275.35,36
20260224  12:08,275.45,275.45,275.35,275.35,18
20260224  12:09,275.45,276.75,275.45,276.75,52
20260224  12:10,276.45,277.15,276.45,277.15,18
20260224  12:11,277.1,277.15,277.0,277.15,12
20260224  12:12,277.1,277.2,276.9,277.1,25
20260224  12:13,276.7,277.0,276.45,277.0,16
20260224  12:14,276.85,277.3,276.85,277.05,15
20260224  12:15,277.05,277.2,276.95,276.95,4
20260224  12:16,277.0,277.6,277.0,277.6,27
20260224  12:17,277.5,277.5,277.3,277.3,8
20260224  12:18,277.15,277.2,277.0,277.1,13
20260224  12:19,277.15,277.15,276.85,277.0,17
20260224  12:20,277.2,277.2,277.2,277.2,1
20260224  12:21,277.25,277.25,276.75,276.8,20
20260224  12:22,276.8,276.9,276.8,276.9,4
20260224  12:23,277.0,277.2,277.0,277.1,5
20260224  12:24,277.05,277.25,277.05,277.25,3
20260224  12:25,277.4,277.6,277.4,277.6,8
20260224  12:26,277.7,278.0,277.6,277.8,28
20260224  12:27,277.85,278.9,277.8,278.5,58
20260224  12:28,278.45,278.45,278.4,278.4,5
20260224  12:29,278.35,278.35,278.3,278.3,3
20260224  12:30,278.2,278.35,278.15,278.15,9
20260224  12:31,278.2,278.2,277.8,277.8,5
20260224  12:32,277.9,278.05,277.85,277.85,9
20260224  12:33,277.75,277.75,277.55,277.6,7
20260224  12:34,277.8,277.8,277.45,277.55,11
20260224  12:35,277.45,277.45,277.45,277.45,1
20260224  12:36,277.55,277.55,277.4,277.4,6
20260224  12:37,277.35,277.6,277.35,277.6,7
20260224  12:38,277.7,277.75,277.65,277.65,8
20260224  12:39,277.65,277.75,277.65,277.65,4
20260224  12:40,277.5,278.0,277.5,277.8,15
20260224  12:41,277.7,278.05,277.7,278.0,9
20260224  12:42,278.05,278.05,277.7,277.7,7
20260224  12:43,277.6,277.95,277.6,277.8,9
20260224  12:44,278.0,278.2,278.0,278.05,14
20260224  12:45,278.05,278.15,277.75,277.75,7
20260224  12:46,277.75,277.75,277.75,277.75,0
20260224  12:47,277.85,277.85,277.7,277.8,7
20260224  12:48,277.85,277.85,277.7,277.7,2
20260224  12:49,277.8,277.8,277.8,277.8,1
20260224  12:50,277.7,277.85,277.65,277.8,6
20260224  12:51,277.8,277.8,277.65,277.65,7
20260224  12:52,277.8,277.8,277.8,277.8,1
20260224  12:53,277.9,278.0,277.9,278.0,2
20260224  12:54,277.95,278.15,277.95,278.1,9
20260224  12:55,278.1,278.1,278.1,278.1,0
20260224  12:56,278.05,278.1,277.95,278.1,11
20260224  12:57,278.15,278.15,278.15,278.15,1
20260224  12:58,278.1,278.25,278.1,278.25,4
20260224  12:59,278.2,278.25,278.2,278.25,4
20260224  13:00,278.2,278.2,278.0,278.0,4
20260224  13:01,278.0,278.0,278.0,278.0,0
20260224  13:02,278.05,278.3,278.05,278.2,5
20260224  13:03,278.3,278.65,278.3,278.65,7
20260224  13:04,278.7,279.75,278.7,279.75,54
20260224  13:05,279.45,279.45,279.4,279.4,2
20260224  13:06,279.25,279.35,279.25,279.35,8
20260224  13:07,278.9,279.05,278.9,279.0,10
20260224  13:08,278.55,278.55,278.55,278.55,1
20260224  13:09,278.5,278.8,278.5,278.8,9
20260224  13:10,278.8,278.8,278.8,278.8,0
20260224  13:11,279.0,279.15,279.0,279.15,4
20260224  13:12,279.2,279.2,279.2,279.2,2
20260224  13:13,279.15,279.15,279.1,279.1,3
20260224  13:14,278.9,279.0,278.8,278.95,6
20260224  13:15,278.85,278.85,278.85,278.85,1
20260224  13:16,278.85,278.85,278.85,278.85,0
20260224  13:17,278.75,278.75,278.75,278.75,1
20260224  13:18,278.9,278.9,278.9,278.9,2
20260224  13:19,278.95,278.95,278.9,278.9,2
20260224  13:20,278.85,278.85,278.75,278.75,2
20260224  13:21,278.65,278.75,278.65,278.65,5
20260224  13:22,278.65,278.65,278.65,278.65,0
20260224  13:23,278.7,278.7,278.7,278.7,1
20260224  13:24,278.6,278.6,278.55,278.55,6
20260224  13:25,278.55,278.55,278.55,278.55,0
20260224  13:26,278.65,278.85,278.65,278.85,3
20260224  13:27,278.8,278.8,278.75,278.75,3
20260224  13:28,278.75,279.0,278.75,279.0,4
20260224  13:29,279.0,279.0,279.0,279.0,0
20260224  13:30,278.95,278.95,278.85,278.85,5
20260225  10:15,285.0,285.05,284.0,284.5,135
20260225  10:16,284.5,285.75,284.45,285.75,82
20260225  10:17,285.55,285.55,284.85,285.15,55
20260225  10:18,285.15,285.55,284.8,284.8,23
20260225  10:19,285.0,285.1,284.75,284.75,14
20260225  10:20,284.6,284.6,283.5,283.6,25
20260225  10:21,283.6,283.6,283.3,283.5,11
20260225  10:22,283.6,283.75,283.15,283.4,18
20260225  10:23,283.25,283.3,283.05,283.2,54
20260225  10:24,283.25,283.25,282.5,282.8,44
20260225  10:25,283.0,283.05,282.2,282.8,35
20260225  10:26,282.75,282.9,282.65,282.7,13
20260225  10:27,282.75,283.0,282.75,283.0,5
20260225  10:28,283.0,283.1,283.0,283.05,3
20260225  10:29,283.2,283.35,283.2,283.2,3
20260225  10:30,283.2,283.4,283.2,283.4,6
20260225  10:31,283.25,283.5,282.9,283.5,35
20260225  10:32,283.6,284.0,283.4,284.0,16
20260225  10:33,284.0,284.0,283.85,283.85,5
20260225  10:34,283.85,283.85,283.75,283.75,2
20260225  10:35,283.45,283.45,283.15,283.25,6
20260225  10:36,283.25,283.25,283.05,283.05,4
20260225  10:37,282.65,282.7,282.35,282.35,6
20260225  10:38,282.3,282.35,281.9,281.95,51
20260225  10:39,281.85,282.0,281.75,282.0,30
20260225  10:40,282.0,282.0,281.5,281.65,30
20260225  10:41,281.45,281.5,281.15,281.2,13
20260225  10:42,281.25,281.3,280.95,281.2,39
20260225  10:43,281.1,281.45,280.95,281.45,17
20260225  10:44,281.55,282.15,281.55,282.05,18
20260225  10:45,282.35,282.4,282.35,282.4,5
20260225  10:46,282.4,282.4,281.95,282.15,10
20260225  10:47,282.25,282.3,281.8,282.15,12
20260225  10:48,282.25,282.45,282.25,282.25,11
20260225  10:49,282.2,282.35,282.2,282.25,4
20260225  10:50,282.25,282.25,282.25,282.25,1
20260225  10:51,282.25,282.3,282.2,282.3,11
20260225  10:52,282.3,282.7,282.3,282.7,20
20260225  10:53,282.7,282.8,282.25,282.25,18
20260225  10:54,282.25,282.25,282.25,282.25,0
20260225  10:55,282.2,282.4,282.0,282.0,7
20260225  10:56,282.0,282.05,281.9,282.05,13
20260225  10:57,281.95,281.95,281.95,281.95,1
20260225  10:58,282.05,282.1,282.05,282.1,2
20260225  10:59,282.2,282.2,281.9,282.0,10
20260225  11:00,281.85,281.95,281.3,281.9,28
20260225  11:01,281.9,281.9,281.85,281.85,2
20260225  11:02,281.85,281.85,281.25,281.45,16
20260225  11:03,281.55,281.55,281.55,281.55,4
20260225  11:04,281.6,281.6,281.3,281.3,9
20260225  11:05,281.3,281.3,281.3,281.3,1
20260225  11:06,281.25,281.3,281.2,281.2,7
20260225  11:07,281.1,281.3,280.95,281.15,30
20260225  11:08,280.95,281.05,280.95,281.05,5
20260225  11:09,281.05,281.15,281.0,281.15,11
20260225  11:10,281.1,281.35,281.1,281.3,15
20260225  11:11,281.4,281.4,281.05,281.05,5
20260225  11:12,281.15,281.3,281.15,281.2,6
20260225  11:13,281.05,281.05,280.75,280.9,30
20260225  11:14,280.8,280.95,280.8,280.95,5
20260225  11:15,281.0,281.45,281.0,281.45,13
20260225  11:16,281.5,281.5,281.2,281.2,6
20260225  11:17,281.25,281.25,281.2,281.2,4
20260225  11:18,281.25,281.3,281.25,281.3,3
20260225  11:19,281.3,281.45,281.3,281.4,14
20260225  11:20,281.35,282.0,281.35,281.9,34
20260225  11:21,281.9,282.0,281.8,281.8,6
20260225  11:22,281.7,281.7,281.5,281.6,5
20260225  11:23,281.35,281.35,281.35,281.35,1
20260225  11:24,281.55,281.6,281.5,281.5,5
20260225  11:25,281.45,281.45,281.35,281.45,19
20260225  11:26,281.45,281.45,281.45,281.45,0
20260225  11:27,281.45,281.45,281.45,281.45,1
20260225  11:28,281.35,281.45,281.35,281.45,5
20260225  11:29,281.5,281.7,281.5,281.7,2
20260225  11:30,281.55,281.7,281.55,281.7,3
20260225  11:31,281.6,281.6,281.55,281.55,4
20260225  11:32,281.7,281.7,281.45,281.45,8
20260225  11:33,281.5,281.5,281.5,281.5,3
20260225  11:34,281.7,281.95,281.7,281.8,10
20260225  11:35,281.65,281.8,281.65,281.8,4
20260225  11:36,281.8,281.8,281.8,281.8,1
20260225  11:37,281.8,281.8,281.8,281.8,1
20260225  11:38,281.8,281.8,281.8,281.8,0
20260225  11:39,281.8,281.8,281.8,281.8,0
20260225  11:40,281.8,281.8,281.8,281.8,0
20260225  11:41,281.5,281.7,281.5,281.7,9
20260225  11:42,281.7,281.95,281.7,281.85,5
20260225  11:43,281.75,281.75,281.7,281.75,5
20260225  11:44,281.75,281.8,281.75,281.75,3
20260225  11:45,281.75,281.75,281.75,281.75,0
20260225  11:46,281.85,281.85,281.85,281.85,1
20260225  11:47,281.7,281.8,281.7,281.75,4
20260225  11:48,281.75,281.75,281.75,281.75,5
20260225  11:49,281.75,281.85,281.75,281.85,6
20260225  11:50,281.85,281.85,281.65,281.75,6
20260225  11:51,281.75,281.75,281.75,281.75,0
20260225  11:52,281.7,281.75,281.7,281.75,3
20260225  11:53,281.7,281.7,281.7,281.7,4
20260225  11:54,281.8,281.9,281.8,281.9,3
20260225  11:55,282.0,282.55,282.0,282.55,37
20260225  11:56,282.55,282.55,282.55,282.55,0
20260225  11:57,282.35,282.35,282.2,282.25,4
20260225  11:58,282.25,282.25,282.25,282.25,0
20260225  11:59,282.25,282.25,282.25,282.25,0
20260225  12:00,282.3,282.6,282.3,282.4,10
20260225  12:01,282.4,282.4,282.4,282.4,0
20260225  12:02,282.7,282.7,282.5,282.5,7
20260225  12:03,282.25,282.25,282.25,282.25,1
20260225  12:04,282.3,282.3,282.3,282.3,1
20260225  12:05,282.05,282.05,282.0,282.05,3
20260225  12:06,282.0,282.0,282.0,282.0,2
20260225  12:07,281.95,282.05,281.9,282.05,8
20260225  12:08,282.05,282.05,282.05,282.05,0
20260225  12:09,282.05,282.15,282.05,282.15,2
20260225  12:10,282.1,282.45,282.1,282.45,12
20260225  12:11,282.45,282.45,282.45,282.45,0
20260225  12:12,282.15,282.15,282.15,282.15,1
20260225  12:13,282.15,282.15,282.15,282.15,0
20260225  12:14,282.15,282.2,282.1,282.2,5
20260225  12:15,282.2,282.2,282.2,282.2,0
20260225  12:16,282.1,282.1,282.0,282.1,4
20260225  12:17,282.1,282.1,282.1,282.1,0
20260225  12:18,282.15,282.15,282.1,282.1,2
20260225  12:19,282.05,282.25,282.0,282.25,9
20260225  12:20,282.25,282.25,282.25,282.25,0
20260225  12:21,282.5,282.6,282.5,282.6,2
20260225  12:22,282.55,282.6,282.45,282.45,6
20260225  12:23,282.25,282.35,282.25,282.35,12
20260225  12:24,282.6,282.7,282.6,282.7,4
20260225  12:25,282.7,282.7,282.7,282.7,0
20260225  12:26,282.75,283.0,282.75,283.0,14
20260225  12:27,283.05,283.4,283.05,283.25,18
20260225  12:28,283.4,283.7,283.4,283.7,23
20260225  12:29,283.7,283.7,283.7,283.7,2
20260225  12:30,283.6,283.7,283.55,283.65,5
20260225  12:31,283.65,283.65,283.45,283.65,9
20260225  12:32,283.65,283.65,283.65,283.65,1
20260225  12:33,283.7,283.7,283.65,283.65,3
20260225  12:34,283.65,283.75,283.65,283.7,5
20260225  12:35,283.75,283.75,283.6,283.7,7
20260225  12:36,283.75,283.75,283.75,283.75,1
20260225  12:37,283.65,283.65,283.65,283.65,2
20260225  12:38,283.7,284.2,283.65,284.2,28
20260225  12:39,284.3,284.55,284.25,284.25,38
20260225  12:40,284.3,284.35,284.3,284.35,2
20260225  12:41,284.3,284.5,284.3,284.45,11
20260225  12:42,284.2,284.3,284.2,284.3,4
20260225  12:43,284.3,284.3,284.3,284.3,1
20260225  12:44,284.4,284.4,284.25,284.3,8
20260225  12:45,284.1,284.25,284.1,284.25,6
20260225  12:46,284.1,284.15,283.65,284.0,39
20260225  12:47,284.25,284.3,284.25,284.3,4
20260225  12:48,284.45,284.9,284.45,284.75,15
20260225  12:49,284.7,285.1,284.7,285.1,8
20260225  12:50,285.1,285.6,285.1,285.6,50
20260225  12:51,285.55,285.55,285.3,285.3,8
20260225  12:52,285.05,285.05,284.7,284.85,14
20260225  12:53,284.85,284.85,284.85,284.85,0
20260225  12:54,284.9,284.9,284.55,284.65,12
20260225  12:55,284.7,284.7,284.7,284.7,1
20260225  12:56,284.85,284.85,284.85,284.85,3
20260225  12:57,284.85,284.95,284.85,284.95,7
20260225  12:58,284.7,284.7,284.7,284.7,1
20260225  12:59,284.55,284.55,284.5,284.5,8
20260225  13:00,284.3,284.35,284.2,284.35,9
20260225  13:01,284.25,284.3,284.2,284.2,10
20260225  13:02,284.35,284.4,284.35,284.4,2
20260225  13:03,284.45,284.45,284.4,284.4,3
20260225  13:04,284.25,284.4,284.25,284.25,8
20260225  13:05,284.3,284.3,284.2,284.25,3
20260225  13:06,284.25,284.25,284.25,284.25,2
20260225  13:07,284.35,284.35,284.25,284.25,3
20260225  13:08,284.25,284.25,284.25,284.25,0
20260225  13:09,284.45,284.45,284.3,284.3,5
20260225  13:10,284.15,284.3,284.15,284.3,7
20260225  13:11,284.3,284.55,284.25,284.55,7
20260225  13:12,284.65,285.65,284.65,285.2,59
20260225  13:13,284.95,284.95,284.85,284.85,2
20260225  13:14,284.85,284.95,284.85,284.9,6
20260225  13:15,284.95,285.25,284.95,285.15,13
20260225  13:16,285.0,285.05,284.8,284.8,7
20260225  13:17,284.7,284.8,284.7,284.8,3
20260225  13:18,284.75,284.75,284.65,284.65,3
20260225  13:19,284.55,284.55,284.3,284.3,4
20260225  13:20,284.45,284.55,284.4,284.4,6
20260225  13:21,284.5,284.55,284.25,284.35,11
20260225  13:22,284.3,284.35,284.3,284.35,2
20260225  13:23,284.2,284.2,284.15,284.15,7
20260225  13:24,284.25,284.25,284.05,284.05,5
20260225  13:25,284.25,284.3,284.0,284.3,30
20260225  13:26,284.25,284.25,284.15,284.2,8
20260225  13:27,284.55,284.55,284.45,284.55,5
20260225  13:28,284.55,284.55,284.55,284.55,2
20260225  13:29,284.6,284.65,284.55,284.65,6
20260225  13:30,284.8,285.05,284.65,285.05,18
20260226  10:15,284.4,284.9,283.75,284.5,79
20260226  10:16,283.85,284.25,283.8,284.2,11
20260226  10:17,284.2,285.2,284.2,285.15,60
20260226  10:18,285.1,285.1,284.0,284.25,20
20260226  10:19,284.1,284.1,283.6,283.6,26
20260226  10:20,283.55,283.55,283.25,283.35,8
20260226  10:21,283.65,283.85,283.65,283.7,11
20260226  10:22,283.7,283.8,283.7,283.8,6
20260226  10:23,283.8,283.9,283.7,283.7,5
20260226  10:24,283.75,283.85,283.75,283.75,4
20260226  10:25,283.65,283.8,283.55,283.8,6
20260226  10:26,283.65,283.85,283.65,283.8,6
20260226  10:27,283.8,283.8,283.8,283.8,0
20260226  10:28,283.95,283.95,283.95,283.95,1
20260226  10:29,284.0,284.2,284.0,284.15,10
20260226  10:30,284.1,284.55,283.75,284.2,24
20260226  10:31,284.2,284.3,284.15,284.3,5
20260226  10:32,284.45,284.45,284.15,284.15,4
20260226  10:33,284.15,284.15,284.15,284.15,0
20260226  10:34,284.15,284.15,284.15,284.15,0
20260226  10:35,284.0,284.05,283.8,284.05,15
20260226  10:36,284.1,284.1,284.05,284.05,3
20260226  10:37,284.0,284.0,283.85,284.0,7
20260226  10:38,283.8,283.85,283.8,283.85,9
20260226  10:39,283.9,283.95,283.85,283.9,5
20260226  10:40,283.75,283.75,283.25,283.3,29
20260226  10:41,283.3,283.3,283.15,283.15,4
20260226  10:42,283.2,283.3,283.2,283.25,12
20260226  10:43,283.2,283.35,283.2,283.3,12
20260226  10:44,283.3,283.3,283.3,283.3,1
20260226  10:45,283.45,283.45,283.3,283.35,4
20260226  10:46,283.3,283.35,283.25,283.35,4
20260226  10:47,283.15,283.25,283.1,283.1,11
20260226  10:48,283.2,283.2,283.2,283.2,1
20260226  10:49,283.3,283.3,283.3,283.3,2
20260226  10:50,283.5,283.8,283.5,283.8,22
20260226  10:51,283.95,283.95,283.85,283.95,17
20260226  10:52,283.95,283.95,283.95,283.95,0
20260226  10:53,283.85,283.85,283.85,283.85,1
20260226  10:54,283.85,283.85,283.85,283.85,0
20260226  10:55,283.7,283.7,283.7,283.7,1
20260226  10:56,283.65,283.7,283.65,283.65,7
20260226  10:57,283.65,283.65,283.65,283.65,0
20260226  10:58,283.75,283.85,283.75,283.85,4
20260226  10:59,283.8,283.8,283.8,283.8,1
20260226  11:00,283.8,283.8,283.8,283.8,2
20260226  11:01,283.65,283.7,283.65,283.7,14
20260226  11:02,283.65,283.65,283.5,283.5,2
20260226  11:03,283.6,283.65,283.6,283.65,2
20260226  11:04,283.8,283.9,283.8,283.9,2
20260226  11:05,283.9,283.9,283.9,283.9,0
20260226  11:06,283.8,283.8,283.8,283.8,3
20260226  11:07,283.9,284.1,283.9,284.05,10
20260226  11:08,284.2,284.3,284.15,284.15,7
20260226  11:09,284.0,284.25,284.0,284.2,5
20260226  11:10,284.25,284.4,284.25,284.35,7
20260226  11:11,284.3,284.35,284.3,284.3,5
20260226  11:12,284.5,284.5,284.35,284.35,6
20260226  11:13,284.2,284.2,284.05,284.15,3
20260226  11:14,284.05,284.05,284.0,284.05,3
20260226  11:15,284.2,284.2,283.95,283.95,14
20260226  11:16,283.7,283.7,283.65,283.65,3
20260226  11:17,283.6,283.7,283.6,283.7,2
20260226  11:18,283.7,283.7,283.7,283.7,0
20260226  11:19,283.7,283.7,283.5,283.7,10
20260226  11:20,283.35,283.55,283.3,283.55,6
20260226  11:21,283.55,283.75,283.55,283.75,8
20260226  11:22,283.75,283.75,283.75,283.75,0
20260226  11:23,283.75,283.75,283.55,283.55,6
20260226  11:24,283.6,283.7,283.6,283.7,7
20260226  11:25,283.6,283.75,283.6,283.75,4
20260226  11:26,283.7,283.7,283.45,283.55,11
20260226  11:27,283.6,283.65,283.6,283.65,2
20260226  11:28,283.65,283.85,283.65,283.85,2
20260226  11:29,283.7,283.75,283.65,283.75,5
20260226  11:30,283.75,283.75,283.75,283.75,0
20260226  11:31,283.85,283.85,283.85,283.85,2
20260226  11:32,283.85,283.85,283.85,283.85,0
20260226  11:33,283.7,283.8,283.7,283.8,4
20260226  11:34,283.7,283.7,283.6,283.65,8
20260226  11:35,283.6,283.6,283.25,283.3,9
20260226  11:36,283.4,283.4,283.4,283.4,1
20260226  11:37,283.2,283.25,283.2,283.25,4
20260226  11:38,283.15,283.2,283.1,283.2,4
20260226  11:39,283.25,283.35,283.25,283.25,4
20260226  11:40,283.15,283.15,283.15,283.15,1
20260226  11:41,283.25,283.25,283.2,283.2,3
20260226  11:42,283.1,283.1,283.0,283.05,7
20260226  11:43,282.9,282.95,282.75,282.8,17
20260226  11:44,282.7,282.95,282.7,282.95,6
20260226  11:45,283.05,283.05,283.0,283.0,2
20260226  11:46,283.0,283.0,283.0,283.0,0
20260226  11:47,283.0,283.15,282.9,282.9,6
20260226  11:48,283.0,283.0,283.0,283.0,1
20260226  11:49,283.0,283.0,283.0,283.0,0
20260226  11:50,282.95,283.1,282.95,283.0,6
20260226  11:51,283.0,283.0,283.0,283.0,0
20260226  11:52,283.0,283.0,282.8,282.85,5
20260226  11:53,282.9,282.9,282.25,282.25,49
20260226  11:54,282.4,282.4,282.15,282.2,27
20260226  11:55,282.25,282.25,281.6,281.8,61
20260226  11:56,281.8,282.1,281.8,281.9,10
20260226  11:57,281.95,282.0,281.95,282.0,4
20260226  11:58,282.1,282.2,282.1,282.2,6
20260226  11:59,281.95,282.15,281.95,282.15,6
20260226  12:00,282.15,282.15,282.0,282.05,5
20260226  12:01,282.05,282.2,282.0,282.1,11
20260226  12:02,282.1,282.1,282.1,282.1,0
20260226  12:03,282.45,282.5,282.4,282.4,6
20260226  12:04,282.4,282.4,282.15,282.15,9
20260226  12:05,282.2,282.4,282.15,282.4,5
20260226  12:06,282.55,282.55,282.55,282.55,1
20260226  12:07,282.5,282.5,282.35,282.35,2
20260226  12:08,282.6,282.6,282.6,282.6,1
20260226  12:09,282.5,282.5,282.5,282.5,1
20260226  12:10,282.15,282.25,282.1,282.25,4
20260226  12:11,282.25,282.25,282.25,282.25,1
20260226  12:12,282.1,282.2,282.1,282.15,3
20260226  12:13,282.15,282.15,282.15,282.15,0
20260226  12:14,282.15,282.15,281.95,281.95,3
20260226  12:15,281.9,282.15,281.9,282.15,5
20260226  12:16,282.2,282.2,282.2,282.2,1
20260226  12:17,282.15,282.25,282.15,282.25,4
20260226  12:18,282.25,282.25,282.25,282.25,0
20260226  12:19,282.35,282.35,282.25,282.25,5
20260226  12:20,282.25,282.25,282.25,282.25,0
20260226  12:21,282.35,282.45,282.35,282.45,6
20260226  12:22,282.5,282.55,282.45,282.45,8
20260226  12:23,282.45,282.55,282.45,282.55,2
20260226  12:24,282.65,282.85,282.65,282.85,3
20260226  12:25,282.85,283.15,282.8,283.1,28
20260226  12:26,282.95,282.95,282.95,282.95,1
20260226  12:27,282.75,282.75,282.65,282.75,8
20260226  12:28,282.75,282.75,282.55,282.55,13
20260226  12:29,282.55,282.55,282.55,282.55,0
20260226  12:30,282.55,282.55,282.55,282.55,0
20260226  12:31,282.65,282.75,282.65,282.75,6
20260226  12:32,282.65,283.0,282.65,283.0,11
20260226  12:33,283.05,283.1,282.95,283.0,28
20260226  12:34,283.15,283.15,283.15,283.15,1
20260226  12:35,283.05,283.05,283.0,283.0,4
20260226  12:36,283.15,283.15,283.0,283.0,2
20260226  12:37,283.0,283.05,283.0,283.0,3
20260226  12:38,283.15,283.15,283.15,283.15,1
20260226  12:39,283.0,283.0,283.0,283.0,1
20260226  12:40,283.15,283.15,283.05,283.05,3
20260226  12:41,283.05,283.05,283.0,283.0,3
20260226  12:42,282.95,282.95,282.95,282.95,1
20260226  12:43,282.9,283.1,282.9,282.9,6
20260226  12:44,282.9,282.9,282.9,282.9,0
20260226  12:45,282.9,282.9,282.9,282.9,3
20260226  12:46,282.9,282.9,282.9,282.9,0
20260226  12:47,283.0,283.0,283.0,283.0,1
20260226  12:48,282.95,282.95,282.95,282.95,1
20260226  12:49,283.0,283.0,283.0,283.0,1
20260226  12:50,283.0,283.1,283.0,283.1,2
20260226  12:51,283.1,283.1,283.1,283.1,1
20260226  12:52,283.1,283.1,283.1,283.1,0
20260226  12:53,283.15,283.15,283.15,283.15,1
20260226  12:54,283.15,283.15,283.15,283.15,0
20260226  12:55,283.2,283.4,283.2,283.4,10
20260226  12:56,283.35,283.35,283.35,283.35,1
20260226  12:57,283.4,283.5,283.4,283.5,14
20260226  12:58,283.5,283.5,283.35,283.35,7
20260226  12:59,283.25,283.3,283.25,283.3,3
20260226  13:00,283.3,283.3,283.3,283.3,0
20260226  13:01,283.45,283.55,283.35,283.35,13
20260226  13:02,283.1,283.1,283.1,283.1,1
20260226  13:03,283.1,283.1,283.1,283.1,1
20260226  13:04,283.0,283.0,282.95,282.95,2
20260226  13:05,282.95,282.95,282.95,282.95,3
20260226  13:06,282.8,283.0,282.8,283.0,12
20260226  13:07,283.05,283.05,283.05,283.05,1
20260226  13:08,283.3,283.35,283.3,283.35,7
20260226  13:09,283.3,283.4,283.3,283.4,3
20260226  13:10,283.45,283.55,283.45,283.55,3
20260226  13:11,283.5,283.6,283.45,283.6,10
20260226  13:12,283.8,284.0,283.8,284.0,18
20260226  13:13,283.65,283.65,283.65,283.65,1
20260226  13:14,283.65,283.65,283.65,283.65,0
20260226  13:15,283.5,283.55,283.5,283.55,3
20260226  13:16,283.55,283.55,283.55,283.55,0
20260226  13:17,283.5,283.5,283.4,283.4,3
20260226  13:18,283.5,283.55,283.5,283.55,5
20260226  13:19,283.4,283.5,283.4,283.5,3
20260226  13:20,283.5,283.5,283.5,283.5,0
20260226  13:21,283.3,283.3,283.3,283.3,3
20260226  13:22,283.3,283.3,283.3,283.3,0
20260226  13:23,283.45,283.5,283.45,283.5,4
20260226  13:24,283.55,283.55,283.55,283.55,2
20260226  13:25,283.55,283.55,283.55,283.55,0
20260226  13:26,283.35,283.4,283.35,283.4,4
20260226  13:27,283.4,283.4,283.4,283.4,0
20260226  13:28,283.6,283.6,283.55,283.55,3
20260226  13:29,283.5,283.5,283.4,283.45,7
20260226  13:30,283.25,283.55,283.25,283.55,8
20260227  10:15,280.75,280.95,280.45,280.55,176
20260227  10:16,280.65,280.8,280.5,280.65,29
20260227  10:17,280.65,281.0,280.5,280.9,32
20260227  10:18,280.8,281.0,280.7,281.0,35
20260227  10:19,281.0,281.3,280.9,281.0,47
20260227  10:20,281.05,281.1,281.05,281.1,4
20260227  10:21,281.15,281.5,281.15,281.4,21
20260227  10:22,281.3,281.75,281.3,281.5,25
20260227  10:23,281.5,281.7,281.5,281.7,18
20260227  10:24,281.75,281.95,281.7,281.75,22
20260227  10:25,281.75,281.8,281.75,281.75,5
20260227  10:26,281.85,282.2,281.85,282.0,57
20260227  10:27,282.0,282.0,282.0,282.0,5
20260227  10:28,281.85,281.85,281.85,281.85,1
20260227  10:29,281.95,282.2,281.95,282.2,5
20260227  10:30,282.15,282.35,282.15,282.35,27
20260227  10:31,282.25,282.25,281.8,282.0,13
20260227  10:32,282.2,282.35,282.2,282.35,8
20260227  10:33,282.3,282.6,282.25,282.4,42
20260227  10:34,282.25,282.3,282.05,282.3,13
20260227  10:35,282.3,282.3,282.3,282.3,0
20260227  10:36,282.25,282.25,282.25,282.25,1
20260227  10:37,282.3,282.4,282.25,282.4,10
20260227  10:38,282.45,282.45,282.2,282.2,7
20260227  10:39,282.25,282.25,282.25,282.25,2
20260227  10:40,282.25,282.25,281.9,281.9,8
20260227  10:41,282.05,282.05,281.95,281.95,2
20260227  10:42,281.85,281.85,281.85,281.85,1
20260227  10:43,281.75,282.1,281.75,281.95,33
20260227  10:44,282.1,282.25,282.1,282.25,16
20260227  10:45,282.1,282.1,282.0,282.1,11
20260227  10:46,281.85,281.85,281.7,281.7,2
20260227  10:47,281.7,281.85,281.7,281.85,2
20260227  10:48,281.75,281.85,281.75,281.75,10
20260227  10:49,281.75,281.8,281.75,281.8,4
20260227  10:50,281.85,281.9,281.8,281.8,5
20260227  10:51,281.8,281.8,281.8,281.8,0
20260227  10:52,282.0,282.0,282.0,282.0,1
20260227  10:53,281.85,281.85,281.7,281.7,3
20260227  10:54,281.8,281.8,281.8,281.8,2
20260227  10:55,281.8,281.8,281.8,281.8,1
20260227  10:56,281.8,281.8,281.8,281.8,0
20260227  10:57,281.85,281.9,281.85,281.9,2
20260227  10:58,281.8,281.8,281.7,281.7,7
20260227  10:59,281.7,281.7,281.7,281.7,0
20260227  11:00,281.75,281.75,281.75,281.75,2
20260227  11:01,282.0,282.0,282.0,282.0,1
20260227  11:02,281.9,281.9,281.7,281.7,3
20260227  11:03,281.7,281.9,281.7,281.8,6
20260227  11:04,281.8,281.8,281.75,281.75,2
20260227  11:05,281.75,281.75,281.75,281.75,0
20260227  11:06,281.75,281.75,281.75,281.75,0
20260227  11:07,281.85,281.85,281.8,281.8,2
20260227  11:08,281.8,281.8,281.8,281.8,0
20260227  11:09,281.8,281.8,281.8,281.8,0
20260227  11:10,281.8,281.8,281.8,281.8,0
20260227  11:11,281.65,281.75,281.65,281.75,2
20260227  11:12,281.7,281.7,281.6,281.65,5
20260227  11:13,281.6,281.65,281.55,281.65,4
20260227  11:14,281.65,281.65,281.65,281.65,0
20260227  11:15,281.85,282.4,281.85,282.15,34
20260227  11:16,281.85,281.85,281.65,281.75,21
20260227  11:17,281.8,281.8,281.8,281.8,1
20260227  11:18,282.05,282.1,282.05,282.1,4
20260227  11:19,282.2,282.2,282.2,282.2,2
20260227  11:20,282.15,282.15,282.1,282.1,2
20260227  11:21,282.0,282.0,282.0,282.0,1
20260227  11:22,282.05,282.1,282.05,282.1,2
20260227  11:23,282.05,282.05,281.95,281.95,4
20260227  11:24,281.95,281.95,281.95,281.95,0
20260227  11:25,281.9,281.9,281.9,281.9,3
20260227  11:26,282.05,282.05,282.0,282.0,5
20260227  11:27,282.05,282.1,282.0,282.0,12
20260227  11:28,281.8,281.9,281.8,281.9,3
20260227  11:29,281.9,281.9,281.9,281.9,1
20260227  11:30,281.95,281.95,281.8,281.8,9
20260227  11:31,281.5,281.65,281.45,281.6,20
20260227  11:32,281.6,281.6,281.6,281.6,1
20260227  11:33,281.6,281.6,281.6,281.6,0
20260227  11:34,281.9,281.95,281.8,281.8,3
20260227  11:35,281.9,281.95,281.85,281.85,8
20260227  11:36,281.8,281.85,281.6,281.75,12
20260227  11:37,281.75,281.75,281.75,281.75,0
20260227  11:38,281.75,281.75,281.75,281.75,0
20260227  11:39,281.65,281.65,281.65,281.65,1
20260227  11:40,281.85,281.95,281.85,281.9,7
20260227  11:41,281.9,281.9,281.8,281.8,4
20260227  11:42,281.95,282.05,281.9,281.9,30
20260227  11:43,282.0,282.2,281.9,282.0,29
20260227  11:44,282.0,282.0,282.0,282.0,1
20260227  11:45,282.0,282.05,282.0,282.05,3
20260227  11:46,281.9,281.9,281.9,281.9,1
20260227  11:47,281.9,281.9,281.9,281.9,0
20260227  11:48,281.85,281.85,281.65,281.65,2
20260227  11:49,281.7,281.7,281.7,281.7,1
20260227  11:50,281.65,281.65,281.6,281.6,3
20260227  11:51,281.6,281.6,281.6,281.6,1
20260227  11:52,281.55,281.55,281.5,281.5,10
20260227  11:53,281.45,281.65,281.45,281.6,30
20260227  11:54,281.7,281.8,281.65,281.7,10
20260227  11:55,281.65,281.65,281.45,281.55,5
20260227  11:56,281.55,281.55,281.5,281.5,4
20260227  11:57,281.55,281.55,281.3,281.35,11
20260227  11:58,281.35,281.35,281.3,281.3,3
20260227  11:59,281.35,281.55,281.35,281.55,6
20260227  12:00,281.65,281.65,281.4,281.4,5
20260227  12:01,281.25,281.3,281.0,281.0,11
20260227  12:02,281.0,281.05,280.65,280.9,38
20260227  12:03,280.85,280.85,280.85,280.85,2
20260227  12:04,280.9,281.0,280.9,280.95,6
20260227  12:05,281.0,281.15,281.0,281.1,16
20260227  12:06,281.05,281.2,281.0,281.2,5
20260227  12:07,281.1,281.1,281.1,281.1,1
20260227  12:08,281.1,281.1,281.05,281.05,3
20260227  12:09,281.05,281.05,280.75,280.75,5
20260227  12:10,280.85,280.85,280.85,280.85,1
20260227  12:11,280.7,280.7,280.65,280.65,3
20260227  12:12,280.7,280.7,280.55,280.7,9
20260227  12:13,280.55,280.6,280.45,280.5,21
20260227  12:14,280.4,280.45,279.35,279.55,253
20260227  12:15,279.5,279.5,278.9,278.9,41
20260227  12:16,279.05,279.1,278.55,279.1,61
20260227  12:17,278.85,279.15,278.7,278.85,23
20260227  12:18,278.85,278.85,278.85,278.85,3
20260227  12:19,278.85,279.15,278.75,279.15,15
20260227  12:20,279.0,279.4,279.0,279.25,11
20260227  12:21,279.1,279.2,278.9,279.1,18
20260227  12:22,279.1,279.35,279.05,279.35,10
20260227  12:23,279.15,279.15,279.0,279.1,7
20260227  12:24,278.9,278.9,278.9,278.9,5
20260227  12:25,279.0,279.0,278.9,278.9,10
20260227  12:26,278.85,278.85,278.85,278.85,1
20260227  12:27,278.85,278.9,278.8,278.85,8
20260227  12:28,278.75,278.85,278.6,278.8,22
20260227  12:29,278.8,278.9,278.8,278.9,4
20260227  12:30,279.0,279.05,278.65,278.8,16
20260227  12:31,278.7,278.7,278.1,278.3,31
20260227  12:32,278.3,278.45,278.3,278.4,4
20260227  12:33,278.55,278.55,278.35,278.45,6
20260227  12:34,278.5,278.7,278.4,278.45,15
20260227  12:35,278.35,278.35,278.15,278.3,14
20260227  12:36,278.25,278.45,278.15,278.45,10
20260227  12:37,278.5,278.65,278.5,278.6,12
20260227  12:38,278.7,278.85,278.65,278.65,16
20260227  12:39,278.6,278.7,278.4,278.6,13
20260227  12:40,278.65,278.7,278.3,278.3,28
20260227  12:41,278.4,278.5,278.4,278.5,8
20260227  12:42,278.3,278.3,277.85,277.85,34
20260227  12:43,277.85,278.0,277.7,277.7,39
20260227  12:44,277.75,278.1,277.65,278.1,42
20260227  12:45,278.2,278.2,277.75,277.75,20
20260227  12:46,277.8,278.15,277.8,277.8,28
20260227  12:47,277.75,277.75,277.6,277.65,12
20260227  12:48,277.55,277.65,277.5,277.5,15
20260227  12:49,277.65,277.8,277.5,277.7,16
20260227  12:50,277.7,277.7,277.7,277.7,0
20260227  12:51,277.95,278.1,277.8,277.8,16
20260227  12:52,277.85,278.05,277.75,278.05,13
20260227  12:53,277.95,278.3,277.9,278.25,18
20260227  12:54,278.2,278.3,278.1,278.3,5
20260227  12:55,278.2,278.2,278.1,278.15,6
20260227  12:56,278.2,278.2,278.05,278.2,6
20260227  12:57,278.2,278.35,278.2,278.35,15
20260227  12:58,278.2,278.4,278.15,278.4,4
20260227  12:59,278.3,278.3,278.25,278.3,5
20260227  13:00,278.15,278.15,277.9,277.9,17
20260227  13:01,277.85,277.95,277.85,277.95,13
20260227  13:02,278.1,278.25,278.05,278.25,11
20260227  13:03,278.2,278.2,278.15,278.15,4
20260227  13:04,278.0,278.3,278.0,278.3,6
20260227  13:05,278.25,278.35,278.25,278.35,8
20260227  13:06,278.25,278.25,278.2,278.2,3
20260227  13:07,278.2,278.25,278.2,278.25,3
20260227  13:08,278.25,278.25,278.1,278.1,4
20260227  13:09,277.9,278.1,277.9,278.1,6
20260227  13:10,278.05,278.2,277.95,277.95,20
20260227  13:11,278.05,278.05,278.0,278.05,5
20260227  13:12,278.1,278.1,278.05,278.05,2
20260227  13:13,278.15,278.3,278.15,278.3,7
20260227  13:14,278.35,278.35,278.25,278.3,4
20260227  13:15,278.35,278.45,278.25,278.35,8
20260227  13:16,278.25,278.35,278.25,278.35,2
20260227  13:17,278.25,278.25,278.1,278.1,6
20260227  13:18,278.05,278.1,277.75,278.1,45
20260227  13:19,278.15,278.15,277.85,277.85,8
20260227  13:20,277.8,277.8,277.65,277.7,6
20260227  13:21,277.75,278.2,277.75,278.2,8
20260227  13:22,278.1,278.25,278.1,278.25,7
20260227  13:23,278.25,278.25,278.25,278.25,0
20260227  13:24,278.25,278.25,278.25,278.25,1
20260227  13:25,278.25,278.3,278.25,278.3,3
20260227  13:26,278.4,278.4,278.25,278.25,5
20260227  13:27,277.95,277.95,277.95,277.95,1
20260227  13:28,278.05,278.15,277.95,278.15,14
20260227  13:29,278.25,278.25,278.1,278.25,8
20260227  13:30,278.15,278.25,278.1,278.25,6
20260302  10:15,279.9,280.7,279.25,279.4,392
20260302  10:16,279.45,281.15,279.45,281.0,76
20260302  10:17,280.8,281.0,280.45,280.5,19
20260302  10:18,280.25,280.35,279.55,279.6,67
20260302  10:19,279.5,279.5,278.05,278.7,72
20260302  10:20,278.5,279.1,278.5,278.8,34
20260302  10:21,278.8,279.6,278.8,279.6,12
20260302  10:22,279.65,279.7,279.35,279.5,14
20260302  10:23,279.4,279.4,279.4,279.4,1
20260302  10:24,279.15,279.5,279.15,279.5,17
20260302  10:25,279.9,279.9,279.7,279.7,17
20260302  10:26,279.7,280.1,279.65,279.9,20
20260302  10:27,279.85,280.9,279.85,280.7,27
20260302  10:28,280.75,281.15,280.75,280.9,10
20260302  10:29,281.0,281.2,281.0,281.2,19
20260302  10:30,281.2,281.4,281.0,281.0,25
20260302  10:31,281.05,281.4,280.7,280.7,25
20260302  10:32,280.7,281.0,280.7,281.0,16
20260302  10:33,281.15,281.25,281.05,281.25,12
20260302  10:34,281.2,281.25,281.1,281.25,11
20260302  10:35,281.3,281.4,281.25,281.4,14
20260302  10:36,281.45,281.75,281.45,281.5,16
20260302  10:37,281.45,282.2,281.35,281.9,69
20260302  10:38,281.45,281.7,281.1,281.1,26
20260302  10:39,281.15,281.3,281.15,281.2,9
20260302  10:40,281.15,281.35,280.95,281.1,25
20260302  10:41,281.2,281.95,281.2,281.55,17
20260302  10:42,281.45,281.6,281.45,281.6,14
20260302  10:43,281.35,281.5,281.3,281.35,11
20260302  10:44,281.15,281.25,281.05,281.05,6
20260302  10:45,280.9,280.95,280.6,280.65,11
20260302  10:46,280.6,280.6,280.5,280.5,2
20260302  10:47,280.45,280.75,280.4,280.75,13
20260302  10:48,280.75,280.75,280.75,280.75,0
20260302  10:49,280.4,280.4,280.2,280.2,10
20260302  10:50,280.15,280.3,280.15,280.2,8
20260302  10:51,280.0,280.0,279.15,279.25,23
20260302  10:52,279.25,279.45,279.2,279.45,9
20260302  10:53,279.4,279.4,278.6,278.65,29
20260302  10:54,278.6,278.95,278.5,278.8,11
20260302  10:55,278.7,279.05,278.3,278.5,28
20260302  10:56,278.55,279.2,278.55,279.2,21
20260302  10:57,279.35,279.5,279.2,279.2,12
20260302  10:58,279.35,279.55,279.2,279.45,18
20260302  10:59,279.4,279.4,279.25,279.25,2
20260302  11:00,279.2,279.35,279.2,279.35,9
20260302  11:01,279.35,279.35,279.35,279.35,2
20260302  11:02,279.35,279.35,279.35,279.35,0
20260302  11:03,279.45,279.45,279.2,279.2,4
20260302  11:04,279.3,279.65,279.3,279.45,13
20260302  11:05,279.45,279.85,279.4,279.55,21
20260302  11:06,279.75,280.1,279.7,280.0,13
20260302  11:07,279.85,280.05,279.85,280.05,12
20260302  11:08,280.1,280.3,280.1,280.25,14
20260302  11:09,279.9,280.0,279.9,279.9,7
20260302  11:10,279.8,279.8,279.35,279.65,20
20260302  11:11,279.8,279.8,279.5,279.6,14
20260302  11:12,279.3,279.3,278.9,278.9,18
20260302  11:13,278.9,278.95,278.6,278.85,26
20260302  11:14,279.2,279.2,278.7,279.05,12
20260302  11:15,278.85,279.0,278.65,278.7,22
20260302  11:16,278.7,278.9,278.5,278.5,36
20260302  11:17,278.5,278.95,278.4,278.95,16
20260302  11:18,278.9,278.9,278.9,278.9,4
20260302  11:19,278.95,278.95,278.9,278.9,4
20260302  11:20,278.9,278.9,278.9,278.9,0
20260302  11:21,278.7,279.2,278.7,279.05,22
20260302  11:22,279.35,279.35,279.15,279.15,5
20260302  11:23,279.15,279.15,279.15,279.15,0
20260302  11:24,279.0,279.1,278.95,279.1,5
20260302  11:25,279.3,279.3,279.1,279.1,3
20260302  11:26,278.9,279.2,278.9,279.2,13
20260302  11:27,279.1,279.1,278.85,278.85,4
20260302  11:28,278.6,278.7,278.55,278.65,10
20260302  11:29,278.8,278.8,278.8,278.8,1
20260302  11:30,278.75,278.85,278.6,278.85,16
20260302  11:31,278.85,278.85,278.5,278.5,6
20260302  11:32,278.45,278.45,278.45,278.45,2
20260302  11:33,278.4,278.4,278.4,278.4,1
20260302  11:34,278.55,278.6,278.55,278.6,2
20260302  11:35,278.5,278.9,278.5,278.9,12
20260302  11:36,278.8,278.8,278.75,278.75,2
20260302  11:37,278.75,278.75,278.3,278.3,7
20260302  11:38,278.2,278.3,278.2,278.2,9
20260302  11:39,278.25,278.35,278.25,278.35,2
20260302  11:40,278.35,278.35,278.35,278.35,1
20260302  11:41,278.3,278.3,277.55,277.85,37
20260302  11:42,277.9,278.2,277.7,277.8,43
20260302  11:43,277.8,278.3,277.55,277.6,45
20260302  11:44,277.6,278.6,277.6,278.4,50
20260302  11:45,278.75,279.15,278.55,279.15,39
20260302  11:46,279.3,279.8,279.3,279.7,21
20260302  11:47,279.8,280.15,279.8,280.15,40
20260302  11:48,280.25,280.95,280.25,280.9,65
20260302  11:49,280.85,280.85,280.4,280.4,23
20260302  11:50,280.3,280.3,279.4,279.6,30
20260302  11:51,279.8,280.35,279.8,280.35,19
20260302  11:52,280.25,280.5,280.25,280.45,9
20260302  11:53,280.25,280.45,280.2,280.45,9
20260302  11:54,280.5,280.5,280.15,280.25,11
20260302  11:55,280.4,280.6,280.4,280.4,4
20260302  11:56,280.3,280.3,280.3,280.3,1
20260302  11:57,280.1,280.1,279.9,279.9,14
20260302  11:58,279.9,280.1,279.9,280.0,11
20260302  11:59,280.1,280.1,279.9,280.05,10
20260302  12:00,280.15,280.5,280.15,280.15,20
20260302  12:01,280.05,280.05,279.95,279.95,5
20260302  12:02,279.95,280.3,279.9,280.3,22
20260302  12:03,280.3,280.3,280.3,280.3,0
20260302  12:04,280.3,280.4,279.9,280.4,25
20260302  12:05,280.55,280.6,280.55,280.6,3
20260302  12:06,280.55,280.55,280.15,280.15,18
20260302  12:07,280.25,280.3,280.25,280.3,4
20260302  12:08,280.35,280.4,280.3,280.3,8
20260302  12:09,280.3,280.45,280.3,280.4,15
20260302  12:10,280.5,280.5,280.45,280.5,8
20260302  12:11,280.65,281.2,280.65,281.1,33
20260302  12:12,280.9,280.9,280.65,280.8,10
20260302  12:13,281.0,281.0,280.75,280.9,21
20260302  12:14,280.85,280.85,280.75,280.75,4
20260302  12:15,280.9,280.9,280.7,280.75,7
20260302  12:16,280.75,280.75,280.75,280.75,1
20260302  12:17,280.85,280.9,280.85,280.85,7
20260302  12:18,280.75,280.75,280.6,280.6,5
20260302  12:19,280.55,280.75,280.55,280.75,6
20260302  12:20,280.6,280.6,280.55,280.55,3
20260302  12:21,280.75,280.75,280.65,280.65,4
20260302  12:22,280.75,281.0,280.7,280.7,17
20260302  12:23,280.6,280.8,280.6,280.7,7
20260302  12:24,280.7,280.7,280.7,280.7,0
20260302  12:25,280.75,280.75,280.65,280.65,7
20260302  12:26,280.55,280.55,280.5,280.5,3
20260302  12:27,280.55,280.6,280.5,280.5,3
20260302  12:28,280.45,280.45,280.45,280.45,1
20260302  12:29,280.35,280.35,280.25,280.25,9
20260302  12:30,280.2,280.3,279.9,280.0,29
20260302  12:31,280.1,280.15,280.05,280.15,6
20260302  12:32,279.95,279.95,279.5,279.9,19
20260302  12:33,280.05,280.05,280.0,280.0,7
20260302  12:34,280.0,280.0,280.0,280.0,0
20260302  12:35,280.0,280.0,280.0,280.0,0
20260302  12:36,279.7,279.9,279.5,279.9,7
20260302  12:37,279.7,279.85,279.7,279.8,5
20260302  12:38,279.8,279.8,279.8,279.8,0
20260302  12:39,279.9,279.9,279.9,279.9,1
20260302  12:40,279.8,279.8,279.35,279.35,22
20260302  12:41,279.35,279.35,279.35,279.35,0
20260302  12:42,279.2,279.2,279.2,279.2,1
20260302  12:43,279.15,279.15,279.1,279.1,4
20260302  12:44,279.2,279.2,279.1,279.1,5
20260302  12:45,279.15,279.4,279.15,279.15,9
20260302  12:46,279.25,279.45,279.25,279.45,9
20260302  12:47,279.45,279.45,279.45,279.45,0
20260302  12:48,279.4,279.65,279.05,279.65,33
20260302  12:49,279.7,279.9,279.7,279.75,4
20260302  12:50,279.55,279.6,279.35,279.6,17
20260302  12:51,279.65,279.65,279.65,279.65,1
20260302  12:52,279.6,279.6,279.6,279.6,3
20260302  12:53,279.6,279.6,279.6,279.6,1
20260302  12:54,279.65,280.0,279.6,279.6,27
20260302  12:55,279.7,279.8,279.7,279.7,6
20260302  12:56,279.6,279.6,279.6,279.6,1
20260302  12:57,279.6,279.6,279.6,279.6,0
20260302  12:58,279.25,279.5,279.25,279.5,5
20260302  12:59,279.5,279.5,279.5,279.5,0
20260302  13:00,279.5,279.5,279.5,279.5,0
20260302  13:01,279.3,279.3,279.25,279.25,15
20260302  13:02,279.15,279.25,279.15,279.25,4
20260302  13:03,279.3,279.75,279.3,279.35,17
20260302  13:04,279.3,279.3,279.15,279.2,11
20260302  13:05,279.15,279.55,279.05,279.55,27
20260302  13:06,279.4,279.5,279.4,279.5,4
20260302  13:07,279.45,279.5,279.45,279.5,4
20260302  13:08,279.55,279.55,279.55,279.55,1
20260302  13:09,279.45,279.5,279.45,279.5,7
20260302  13:10,279.5,279.5,279.5,279.5,0
20260302  13:11,279.5,279.9,279.5,279.85,8
20260302  13:12,279.75,279.9,279.75,279.75,9
20260302  13:13,279.65,279.65,279.65,279.65,1
20260302  13:14,279.7,279.7,279.45,279.45,4
20260302  13:15,279.35,279.5,279.35,279.5,5
20260302  13:16,279.55,279.55,279.4,279.4,3
20260302  13:17,279.5,279.85,279.5,279.8,8
20260302  13:18,279.75,279.9,279.75,279.9,9
20260302  13:19,279.95,279.95,279.85,279.85,3
20260302  13:20,279.85,280.1,279.85,280.1,5
20260302  13:21,280.2,280.45,280.1,280.45,12
20260302  13:22,280.75,280.8,280.45,280.45,16
20260302  13:23,280.45,280.75,280.45,280.7,12
20260302  13:24,280.75,280.95,280.7,280.85,11
20260302  13:25,280.85,281.2,280.8,281.2,28
20260302  13:26,281.2,281.4,281.2,281.4,18
20260302  13:27,281.4,281.4,281.1,281.15,28
20260302  13:28,281.15,281.35,281.15,281.3,17
20260302  13:29,281.3,281.8,281.3,281.8,16
20260302  13:30,281.65,282.05,281.65,281.8,37
20260303  10:15,284.65,284.9,283.85,284.6,168
20260303  10:16,284.4,285.35,284.15,285.35,78
20260303  10:17,285.0,285.05,283.9,284.1,62
20260303  10:18,284.15,284.3,283.7,283.7,33
20260303  10:19,283.7,283.85,283.7,283.75,18
20260303  10:20,283.75,284.0,283.6,284.0,22
20260303  10:21,284.0,285.1,284.0,285.05,44
20260303  10:22,285.15,286.15,285.15,285.8,122
20260303  10:23,285.75,286.25,285.75,286.25,21
20260303  10:24,286.25,286.55,286.05,286.35,66
20260303  10:25,286.35,286.4,285.6,285.95,25
20260303  10:26,285.65,285.9,285.6,285.65,15
20260303  10:27,285.5,285.8,285.4,285.55,14
20260303  10:28,285.55,285.95,285.55,285.7,12
20260303  10:29,285.75,286.05,285.75,286.05,12
20260303  10:30,286.35,287.4,286.35,287.2,120
20260303  10:31,287.15,287.85,287.1,287.75,68
20260303  10:32,287.6,287.65,286.95,287.2,25
20260303  10:33,287.0,287.25,287.0,287.15,8
20260303  10:34,287.1,287.55,286.95,287.25,16
20260303  10:35,287.25,287.3,287.05,287.1,7
20260303  10:36,286.95,287.4,286.9,287.1,11
20260303  10:37,287.0,287.2,286.95,287.2,7
20260303  10:38,287.3,288.2,287.3,288.05,102
20260303  10:39,287.95,287.95,287.8,287.95,11
20260303  10:40,288.0,288.0,287.65,287.8,11
20260303  10:41,287.7,287.85,287.7,287.7,12
20260303  10:42,287.65,287.65,287.6,287.6,6
20260303  10:43,287.6,287.6,287.35,287.35,17
20260303  10:44,287.15,287.15,287.05,287.05,2
20260303  10:45,286.95,287.3,286.95,287.0,18
20260303  10:46,287.0,287.2,286.9,286.9,24
20260303  10:47,287.3,287.3,287.2,287.2,2
20260303  10:48,287.15,287.15,286.9,286.9,12
20260303  10:49,286.7,286.85,286.65,286.7,16
20260303  10:50,286.7,287.25,286.7,287.25,21
20260303  10:51,287.2,287.6,287.2,287.45,11
20260303  10:52,287.5,287.75,287.5,287.7,19
20260303  10:53,287.7,287.75,287.7,287.75,5
20260303  10:54,287.75,288.05,287.75,287.95,30
20260303  10:55,287.7,287.8,287.15,287.15,11
20260303  10:56,287.15,287.15,287.05,287.05,4
20260303  10:57,286.9,286.95,286.85,286.85,3
20260303  10:58,286.85,286.85,286.85,286.85,1
20260303  10:59,286.9,286.9,286.9,286.9,3
20260303  11:00,286.75,287.2,286.75,287.2,7
20260303  11:01,287.35,287.6,287.3,287.3,20
20260303  11:02,287.25,287.25,286.8,286.9,10
20260303  11:03,286.75,286.95,286.75,286.8,9
20260303  11:04,287.25,287.35,287.2,287.2,10
20260303  11:05,287.2,287.2,287.2,287.2,0
20260303  11:06,287.15,287.4,287.15,287.4,5
20260303  11:07,287.25,287.25,287.05,287.05,2
20260303  11:08,287.05,287.25,287.05,287.05,6
20260303  11:09,287.0,287.5,287.0,287.4,8
20260303  11:10,287.4,287.4,287.0,287.0,12
20260303  11:11,286.8,286.8,286.75,286.75,3
20260303  11:12,286.75,286.8,286.6,286.75,14
20260303  11:13,286.85,286.85,286.8,286.8,3
20260303  11:14,286.85,286.9,286.85,286.9,3
20260303  11:15,286.75,286.75,286.55,286.75,19
20260303  11:16,286.75,286.85,286.7,286.85,6
20260303  11:17,287.0,287.6,287.0,287.5,19
20260303  11:18,287.55,287.8,287.4,287.8,20
20260303  11:19,287.8,288.5,287.8,288.35,26
20260303  11:20,288.25,288.45,288.15,288.25,27
20260303  11:21,288.35,288.35,287.95,287.95,4
20260303  11:22,287.75,288.0,287.75,288.0,10
20260303  11:23,287.9,287.9,287.75,287.75,6
20260303  11:24,287.6,287.6,287.6,287.6,1
20260303  11:25,287.5,287.5,287.45,287.45,2
20260303  11:26,287.45,287.6,287.15,287.6,9
20260303  11:27,287.65,287.8,287.5,287.65,15
20260303  11:28,287.65,288.0,287.65,288.0,7
20260303  11:29,288.0,288.05,287.5,287.65,17
20260303  11:30,287.7,288.0,287.7,287.75,22
20260303  11:31,287.8,287.8,287.3,287.3,6
20260303  11:32,287.25,287.35,286.9,286.9,14
20260303  11:33,286.85,287.05,286.55,286.75,11
20260303  11:34,286.7,286.8,286.55,286.75,13
20260303  11:35,286.85,287.0,286.85,287.0,3
20260303  11:36,287.2,287.35,287.15,287.35,7
20260303  11:37,287.4,287.65,287.4,287.55,19
20260303  11:38,287.5,287.6,287.35,287.35,14
20260303  11:39,287.35,287.4,287.3,287.4,5
20260303  11:40,287.4,287.4,287.4,287.4,0
20260303  11:41,287.9,287.9,286.95,286.95,65
20260303  11:42,286.9,286.95,286.35,286.4,72
20260303  11:43,286.45,286.45,285.95,286.05,18
20260303  11:44,286.1,286.1,286.05,286.1,4
20260303  11:45,286.3,286.3,285.3,285.3,32
20260303  11:46,285.4,285.6,285.05,285.35,88
20260303  11:47,285.55,285.75,284.8,284.9,56
20260303  11:48,284.75,285.1,284.7,284.8,11
20260303  11:49,284.7,284.9,284.65,284.85,10
20260303  11:50,284.7,284.7,284.6,284.6,7
20260303  11:51,284.65,285.35,284.6,285.3,12
20260303  11:52,285.25,285.45,285.15,285.45,12
20260303  11:53,285.4,285.55,285.25,285.35,11
20260303  11:54,285.45,285.45,285.3,285.45,10
20260303  11:55,285.3,285.35,285.3,285.3,4
20260303  11:56,285.3,285.3,285.3,285.3,0
20260303  11:57,284.85,285.0,284.85,285.0,3
20260303  11:58,285.15,285.3,285.15,285.3,4
20260303  11:59,285.2,285.2,284.95,284.95,8
20260303  12:00,285.0,285.0,284.3,284.3,18
20260303  12:01,284.1,284.15,283.65,283.9,45
20260303  12:02,283.9,284.05,283.75,283.8,16
20260303  12:03,283.85,284.0,283.6,283.6,7
20260303  12:04,283.45,283.45,282.9,283.1,40
20260303  12:05,283.05,283.05,282.4,282.45,55
20260303  12:06,282.35,283.25,282.35,282.9,30
20260303  12:07,283.1,283.4,283.1,283.15,6
20260303  12:08,283.1,283.35,283.0,283.0,18
20260303  12:09,282.7,282.75,282.45,282.75,12
20260303  12:10,282.9,283.05,282.9,283.05,4
20260303  12:11,283.0,283.0,282.9,282.9,4
20260303  12:12,282.85,282.85,282.8,282.85,3
20260303  12:13,283.05,283.4,283.05,283.4,2
20260303  12:14,283.4,283.4,283.3,283.3,3
20260303  12:15,283.05,283.5,283.05,283.5,10
20260303  12:16,283.55,283.95,283.5,283.95,35
20260303  12:17,283.85,283.9,283.4,283.4,32
20260303  12:18,283.35,283.7,283.35,283.6,10
20260303  12:19,283.6,283.8,283.6,283.75,12
20260303  12:20,283.9,284.2,283.9,284.2,13
20260303  12:21,284.05,284.4,284.05,284.4,18
20260303  12:22,284.35,284.5,284.3,284.35,14
20260303  12:23,284.3,284.4,284.3,284.4,6
20260303  12:24,284.45,284.45,284.4,284.4,3
20260303  12:25,284.4,284.4,284.4,284.4,0
20260303  12:26,284.65,284.65,284.65,284.65,1
20260303  12:27,284.85,285.35,284.85,285.1,18
20260303  12:28,284.95,284.95,284.55,284.6,13
20260303  12:29,284.45,284.7,284.4,284.45,17
20260303  12:30,284.6,284.95,284.6,284.95,11
20260303  12:31,285.3,285.4,285.15,285.15,10
20260303  12:32,285.0,285.15,285.0,285.15,6
20260303  12:33,284.95,285.05,284.75,285.05,13
20260303  12:34,285.1,285.1,285.1,285.1,1
20260303  12:35,285.1,285.15,284.65,284.65,7
20260303  12:36,284.6,284.6,284.1,284.1,13
20260303  12:37,284.1,284.8,284.1,284.3,20
20260303  12:38,284.15,284.15,283.8,283.8,14
20260303  12:39,283.65,284.5,283.65,284.4,21
20260303  12:40,284.5,284.65,284.45,284.6,9
20260303  12:41,284.9,285.0,284.9,285.0,5
20260303  12:42,284.65,284.65,284.65,284.65,1
20260303  12:43,284.75,284.75,284.75,284.75,1
20260303  12:44,284.75,284.85,284.7,284.8,4
20260303  12:45,284.75,284.75,284.75,284.75,1
20260303  12:46,284.8,285.0,284.8,285.0,2
20260303  12:47,285.0,285.0,284.8,284.85,8
20260303  12:48,284.55,285.2,284.55,285.15,7
20260303  12:49,285.15,285.15,285.15,285.15,0
20260303  12:50,285.35,285.35,285.3,285.3,3
20260303  12:51,285.15,285.15,285.15,285.15,1
20260303  12:52,285.15,285.25,285.15,285.15,6
20260303  12:53,285.0,285.0,284.8,284.9,12
20260303  12:54,284.85,284.85,284.85,284.85,1
20260303  12:55,284.9,285.0,284.9,285.0,3
20260303  12:56,285.05,285.55,285.05,285.45,25
20260303  12:57,285.1,285.1,285.1,285.1,2
20260303  12:58,285.1,285.1,285.1,285.1,0
20260303  12:59,285.25,285.25,285.25,285.25,1
20260303  13:00,285.05,285.05,285.05,285.05,1
20260303  13:01,284.55,284.75,284.5,284.5,12
20260303  13:02,284.6,284.75,284.6,284.75,4
20260303  13:03,284.8,285.25,284.8,285.25,4
20260303  13:04,285.15,285.35,285.1,285.1,8
20260303  13:05,285.1,285.4,285.1,285.4,6
20260303  13:06,285.35,285.45,285.2,285.45,11
20260303  13:07,285.55,285.55,285.05,285.15,26
20260303  13:08,284.9,285.0,284.7,284.75,18
20260303  13:09,284.85,284.9,284.85,284.9,3
20260303  13:10,285.15,285.55,285.15,285.35,10
20260303  13:11,285.45,285.7,285.45,285.7,5
20260303  13:12,285.7,285.95,285.65,285.75,22
20260303  13:13,285.8,286.5,285.8,286.15,30
20260303  13:14,286.05,286.35,286.05,286.35,5
20260303  13:15,286.35,286.35,286.35,286.35,1
20260303  13:16,286.5,286.55,286.25,286.45,29
20260303  13:17,286.5,287.0,286.35,287.0,30
20260303  13:18,287.25,287.55,287.2,287.35,30
20260303  13:19,287.3,287.3,286.9,287.1,19
20260303  13:20,287.1,287.1,286.95,287.0,13
20260303  13:21,286.95,287.2,286.8,287.05,15
20260303  13:22,286.95,286.95,286.75,286.75,12
20260303  13:23,286.9,286.9,286.8,286.8,2
20260303  13:24,286.85,286.85,286.8,286.8,5
20260303  13:25,286.95,286.95,286.8,286.8,3
20260303  13:26,287.0,287.0,287.0,287.0,4
20260303  13:27,286.8,287.0,286.8,286.95,13
20260303  13:28,286.9,287.0,286.9,287.0,4
20260303  13:29,286.85,287.15,286.85,287.15,10
20260303  13:30,287.1,287.85,287.1,287.85,41
20260304  10:15,283.5,283.5,282.4,283.05,111
20260304  10:16,283.35,283.75,283.3,283.6,24
20260304  10:17,283.75,283.95,283.7,283.7,6
20260304  10:18,283.85,284.1,283.45,283.45,35
20260304  10:19,283.65,284.0,283.6,284.0,11
20260304  10:20,284.1,284.55,284.05,284.35,32
20260304  10:21,284.4,284.6,284.15,284.6,40
20260304  10:22,284.45,284.5,284.25,284.35,16
20260304  10:23,284.3,284.3,283.8,283.8,20
20260304  10:24,283.75,284.05,283.75,283.8,14
20260304  10:25,283.8,283.8,283.55,283.55,20
20260304  10:26,283.6,284.2,283.6,284.2,17
20260304  10:27,284.2,284.35,283.55,283.55,18
20260304  10:28,283.5,283.5,283.3,283.4,5
20260304  10:29,283.45,283.6,283.45,283.55,3
20260304  10:30,283.5,283.5,283.45,283.45,2
20260304  10:31,283.55,283.8,283.55,283.75,12
20260304  10:32,283.85,283.85,283.65,283.65,12
20260304  10:33,283.55,283.85,283.55,283.85,5
20260304  10:34,283.8,284.25,283.8,284.15,15
20260304  10:35,284.25,284.45,284.25,284.25,7
20260304  10:36,284.2,284.2,284.2,284.2,1
20260304  10:37,284.25,284.35,284.2,284.25,7
20260304  10:38,284.35,284.6,284.35,284.4,10
20260304  10:39,284.4,284.4,284.2,284.25,4
20260304  10:40,284.2,284.2,284.2,284.2,1
20260304  10:41,284.15,284.15,284.15,284.15,1
20260304  10:42,284.4,284.4,284.35,284.35,2
20260304  10:43,284.0,284.25,284.0,284.25,6
20260304  10:44,284.15,284.2,284.15,284.2,2
20260304  10:45,284.15,284.15,284.1,284.1,2
20260304  10:46,284.05,284.05,284.0,284.05,3
20260304  10:47,284.05,284.1,284.0,284.0,5
20260304  10:48,284.0,284.0,283.75,283.75,7
20260304  10:49,284.0,284.1,284.0,284.1,6
20260304  10:50,284.05,284.05,284.05,284.05,1
20260304  10:51,284.15,284.15,283.7,283.7,8
20260304  10:52,283.75,283.85,283.25,283.3,29
20260304  10:53,283.25,283.25,283.25,283.25,1
20260304  10:54,283.25,283.45,283.25,283.45,4
20260304  10:55,283.45,283.45,283.05,283.1,6
20260304  10:56,283.05,283.1,283.0,283.1,7
20260304  10:57,283.05,283.05,283.05,283.05,1
20260304  10:58,283.2,283.5,283.2,283.5,9
20260304  10:59,283.75,283.75,283.75,283.75,1
20260304  11:00,283.6,283.8,283.6,283.8,12
20260304  11:01,283.8,283.8,283.8,283.8,0
20260304  11:02,283.8,283.8,283.8,283.8,1
20260304  11:03,283.8,283.8,283.8,283.8,0
20260304  11:04,283.85,283.85,283.85,283.85,1
20260304  11:05,283.8,283.85,283.6,283.8,11
20260304  11:06,283.85,284.25,283.85,284.2,13
20260304  11:07,284.3,284.35,284.25,284.25,8
20260304  11:08,284.35,284.5,284.35,284.5,3
20260304  11:09,284.65,285.0,284.65,284.8,14
20260304  11:10,285.0,285.2,284.9,284.9,32
20260304  11:11,285.0,285.05,284.9,285.0,15
20260304  11:12,285.1,285.1,284.8,284.9,9
20260304  11:13,284.95,285.55,284.95,285.55,17
20260304  11:14,285.7,285.9,285.7,285.75,16
20260304  11:15,285.65,285.75,285.15,285.3,17
20260304  11:16,285.1,285.1,285.1,285.1,2
20260304  11:17,285.1,285.3,285.1,285.3,4
20260304  11:18,285.45,285.45,284.85,285.2,25
20260304  11:19,285.35,286.0,285.35,285.75,34
20260304  11:20,285.8,285.85,285.65,285.7,9
20260304  11:21,285.6,285.6,285.5,285.5,4
20260304  11:22,285.65,285.9,285.55,285.75,20
20260304  11:23,285.65,285.65,285.35,285.45,14
20260304  11:24,285.35,286.0,285.35,285.7,22
20260304  11:25,285.75,285.75,285.45,285.65,16
20260304  11:26,285.85,285.85,285.7,285.7,8
20260304  11:27,285.9,285.95,285.85,285.85,5
20260304  11:28,285.95,286.1,285.9,285.9,13
20260304  11:29,286.0,286.25,286.0,286.2,9
20260304  11:30,286.2,286.45,286.2,286.45,40
20260304  11:31,286.35,286.6,286.35,286.6,40
20260304  11:32,286.6,286.7,286.6,286.6,9
20260304  11:33,286.6,286.75,286.5,286.7,21
20260304  11:34,286.75,286.75,286.6,286.65,20
20260304  11:35,286.65,286.65,286.55,286.55,14
20260304  11:36,286.65,286.65,286.2,286.35,30
20260304  11:37,286.45,286.6,286.4,286.6,15
20260304  11:38,286.5,286.75,286.5,286.6,7
20260304  11:39,286.75,286.95,286.65,286.75,20
20260304  11:40,286.65,286.7,286.5,286.5,7
20260304  11:41,286.35,286.5,285.95,286.2,17
20260304  11:42,286.2,286.2,286.1,286.2,4
20260304  11:43,286.2,286.25,286.2,286.25,6
20260304  11:44,286.15,286.15,286.15,286.15,2
20260304  11:45,286.15,286.15,286.15,286.15,1
20260304  11:46,286.15,286.15,286.15,286.15,0
20260304  11:47,286.05,286.1,286.05,286.1,3
20260304  11:48,286.15,286.25,286.15,286.25,3
20260304  11:49,286.25,286.25,286.2,286.2,2
20260304  11:50,286.25,286.25,285.9,285.9,9
20260304  11:51,285.9,285.9,285.9,285.9,0
20260304  11:52,286.0,286.2,285.95,285.95,9
20260304  11:53,285.95,285.95,285.95,285.95,0
20260304  11:54,285.95,285.95,285.95,285.95,0
20260304  11:55,286.1,286.1,286.0,286.0,6
20260304  11:56,286.15,286.15,286.15,286.15,2
20260304  11:57,286.2,286.3,286.2,286.2,11
20260304  11:58,286.15,286.15,286.0,286.1,13
20260304  11:59,286.15,286.15,285.8,285.8,10
20260304  12:00,285.8,285.85,285.55,285.65,24
20260304  12:01,285.7,285.7,285.4,285.55,19
20260304  12:02,285.3,285.45,285.3,285.45,5
20260304  12:03,285.5,285.5,285.4,285.45,4
20260304  12:04,285.45,285.7,285.4,285.7,9
20260304  12:05,285.55,285.75,285.55,285.75,5
20260304  12:06,285.75,285.95,285.65,285.9,26
20260304  12:07,285.85,285.85,285.8,285.8,6
20260304  12:08,285.85,285.85,285.85,285.85,4
20260304  12:09,285.9,285.9,285.85,285.85,5
20260304  12:10,285.8,285.9,285.8,285.9,5
20260304  12:11,286.0,286.0,285.8,285.8,13
20260304  12:12,285.85,285.85,285.6,285.6,12
20260304  12:13,285.65,286.05,285.65,286.05,13
20260304  12:14,286.2,286.3,286.2,286.3,3
20260304  12:15,286.25,286.3,286.1,286.1,9
20260304  12:16,286.15,286.4,286.15,286.4,3
20260304  12:17,286.35,286.35,286.35,286.35,2
20260304  12:18,286.45,286.45,286.45,286.45,1
20260304  12:19,286.35,286.85,286.35,286.7,16
20260304  12:20,286.8,287.1,286.65,286.65,76
20260304  12:21,286.65,286.65,286.55,286.6,5
20260304  12:22,286.45,286.55,286.45,286.55,3
20260304  12:23,286.55,286.55,286.5,286.55,3
20260304  12:24,286.6,287.1,286.6,287.0,13
20260304  12:25,287.0,287.3,286.95,287.3,27
20260304  12:26,287.2,287.2,287.1,287.15,16
20260304  12:27,287.15,287.3,287.05,287.1,19
20260304  12:28,287.15,287.2,287.0,287.05,7
20260304  12:29,286.7,286.7,286.55,286.55,5
20260304  12:30,286.6,286.65,286.45,286.45,10
20260304  12:31,286.45,286.45,286.2,286.2,7
20260304  12:32,286.2,286.2,286.2,286.2,0
20260304  12:33,286.25,286.25,286.2,286.2,5
20260304  12:34,286.15,286.15,286.0,286.15,19
20260304  12:35,286.2,286.4,286.2,286.4,12
20260304  12:36,286.4,286.7,286.4,286.7,17
20260304  12:37,286.85,286.85,286.85,286.85,3
20260304  12:38,286.8,287.35,286.8,287.35,20
20260304  12:39,287.3,287.4,287.3,287.35,3
20260304  12:40,287.45,287.45,286.8,286.8,19
20260304  12:41,286.85,286.85,286.75,286.75,4
20260304  12:42,286.75,287.25,286.75,287.25,9
20260304  12:43,287.4,287.8,287.35,287.65,135
20260304  12:44,287.65,287.65,287.0,287.05,52
20260304  12:45,287.0,287.15,287.0,287.15,2
20260304  12:46,287.0,287.45,287.0,287.45,19
20260304  12:47,287.45,287.45,287.45,287.45,0
20260304  12:48,287.5,287.7,287.5,287.7,3
20260304  12:49,287.65,287.65,287.45,287.45,7
20260304  12:50,287.3,288.55,287.3,287.65,161
20260304  12:51,287.85,288.0,287.85,287.85,8
20260304  12:52,287.7,287.8,287.7,287.75,3
20260304  12:53,287.6,287.6,287.55,287.55,5
20260304  12:54,287.6,287.95,287.6,287.8,12
20260304  12:55,287.4,287.4,287.3,287.3,6
20260304  12:56,287.3,287.3,287.3,287.3,7
20260304  12:57,287.2,287.2,287.0,287.1,30
20260304  12:58,287.1,287.4,287.1,287.3,10
20260304  12:59,287.35,287.35,287.35,287.35,1
20260304  13:00,287.5,287.6,287.5,287.6,3
20260304  13:01,287.7,287.75,287.65,287.75,3
20260304  13:02,287.9,288.0,287.8,287.8,13
20260304  13:03,287.9,287.95,287.7,287.7,11
20260304  13:04,287.75,287.8,287.7,287.75,5
20260304  13:05,287.75,287.75,287.75,287.75,2
20260304  13:06,287.9,288.25,287.9,288.25,16
20260304  13:07,288.3,288.4,287.95,287.95,9
20260304  13:08,287.95,288.1,287.85,288.1,21
20260304  13:09,288.05,288.1,287.75,287.75,29
20260304  13:10,287.9,288.05,287.9,288.05,12
20260304  13:11,288.1,288.1,287.65,287.65,18
20260304  13:12,287.7,287.85,287.7,287.85,5
20260304  13:13,287.95,287.95,287.8,287.8,6
20260304  13:14,287.75,287.8,287.7,287.8,6
20260304  13:15,287.75,287.75,287.7,287.7,2
20260304  13:16,287.6,287.65,287.6,287.6,6
20260304  13:17,287.5,287.5,287.4,287.4,9
20260304  13:18,287.25,287.25,287.0,287.1,21
20260304  13:19,287.1,287.25,286.85,287.25,25
20260304  13:20,287.3,287.4,287.0,287.4,9
20260304  13:21,287.35,287.35,287.1,287.1,7
20260304  13:22,287.2,287.3,287.1,287.3,5
20260304  13:23,287.3,287.4,287.2,287.2,16
20260304  13:24,287.05,287.05,286.65,286.85,15
20260304  13:25,286.7,286.95,286.65,286.8,13
20260304  13:26,286.85,286.85,286.6,286.75,20
20260304  13:27,286.8,287.5,286.8,287.5,14
20260304  13:28,287.4,287.4,287.4,287.4,1
20260304  13:29,287.4,287.4,287.25,287.3,3
20260304  13:30,287.55,287.65,287.4,287.4,25
20260305  10:15,287.05,287.7,286.4,286.8,173
20260305  10:16,287.0,287.5,287.0,287.5,15
20260305  10:17,287.55,287.7,287.05,287.1,13
20260305  10:18,287.1,287.2,286.85,287.2,7
20260305  10:19,287.2,287.2,286.65,286.65,5
20260305  10:20,286.6,286.85,286.4,286.55,26
20260305  10:21,286.65,286.95,286.4,286.4,20
20260305  10:22,286.6,286.75,286.5,286.75,4
20260305  10:23,286.8,286.85,286.55,286.75,17
20260305  10:24,286.8,286.8,286.6,286.6,11
20260305  10:25,286.85,286.9,286.8,286.8,5
20260305  10:26,286.6,286.6,286.05,286.2,41
20260305  10:27,286.2,286.35,286.2,286.35,4
20260305  10:28,286.55,286.55,286.55,286.55,1
20260305  10:29,286.35,286.55,286.35,286.55,3
20260305  10:30,286.55,286.55,286.4,286.45,4
20260305  10:31,286.3,286.3,285.35,285.35,53
20260305  10:32,285.35,285.5,285.05,285.45,30
20260305  10:33,285.3,285.3,285.0,285.15,30
20260305  10:34,285.2,285.3,285.2,285.3,3
20260305  10:35,285.3,285.7,285.25,285.6,7
20260305  10:36,285.55,285.65,285.55,285.6,5
20260305  10:37,285.65,285.7,285.35,285.5,17
20260305  10:38,285.5,285.5,285.5,285.5,0
20260305  10:39,285.45,286.15,285.4,286.0,19
20260305  10:40,285.8,285.8,285.8,285.8,1
20260305  10:41,285.95,286.3,285.95,286.3,5
20260305  10:42,286.45,286.6,286.25,286.25,10
20260305  10:43,286.25,286.25,286.25,286.25,0
20260305  10:44,286.1,286.1,286.1,286.1,1
20260305  10:45,286.05,286.05,286.05,286.05,2
20260305  10:46,286.05,286.05,286.05,286.05,0
20260305  10:47,285.95,285.95,285.9,285.9,2
20260305  10:48,285.95,285.95,285.95,285.95,1
20260305  10:49,286.15,286.15,286.15,286.15,2
20260305  10:50,286.35,286.35,286.3,286.3,2
20260305  10:51,286.1,286.1,285.9,285.9,5
20260305  10:52,285.8,285.8,285.8,285.8,1
20260305  10:53,285.8,285.8,285.8,285.8,0
20260305  10:54,286.05,286.2,286.0,286.0,5
20260305  10:55,285.9,286.05,285.9,286.05,3
20260305  10:56,286.05,286.05,286.05,286.05,1
20260305  10:57,286.05,286.05,286.0,286.0,8
20260305  10:58,286.0,286.0,286.0,286.0,0
20260305  10:59,286.05,286.1,285.95,286.1,4
20260305  11:00,286.25,286.35,286.15,286.15,7
20260305  11:01,285.95,285.95,285.95,285.95,2
20260305  11:02,285.85,285.95,285.85,285.95,6
20260305  11:03,286.0,286.0,285.85,285.9,5
20260305  11:04,286.15,286.15,286.0,286.0,2
20260305  11:05,286.2,286.2,286.0,286.0,2
20260305  11:06,286.0,286.0,286.0,286.0,0
20260305  11:07,286.15,286.35,286.1,286.35,7
20260305  11:08,286.35,286.35,286.35,286.35,0
20260305  11:09,286.35,286.4,286.25,286.25,8
20260305  11:10,286.25,286.25,286.25,286.25,0
20260305  11:11,286.15,286.3,286.15,286.3,3
20260305  11:12,286.5,286.5,286.5,286.5,1
20260305  11:13,286.55,286.55,286.55,286.55,1
20260305  11:14,286.55,286.55,286.55,286.55,0
20260305  11:15,286.6,286.75,286.4,286.75,14
20260305  11:16,286.95,286.95,286.9,286.9,5
20260305  11:17,286.9,286.9,286.9,286.9,3
20260305  11:18,286.9,287.0,286.9,287.0,5
20260305  11:19,287.0,287.0,287.0,287.0,1
20260305  11:20,287.0,287.25,287.0,287.15,15
20260305  11:21,287.15,287.15,286.85,286.95,8
20260305  11:22,286.95,286.95,286.95,286.95,0
20260305  11:23,287.1,287.1,286.7,286.7,8
20260305  11:24,286.75,286.8,286.75,286.8,2
20260305  11:25,286.9,286.9,286.9,286.9,2
20260305  11:26,286.9,286.9,286.9,286.9,1
20260305  11:27,287.1,287.1,287.05,287.05,14
20260305  11:28,287.05,287.05,287.05,287.05,0
20260305  11:29,287.15,287.25,287.15,287.25,2
20260305  11:30,287.15,287.15,286.9,287.1,24
20260305  11:31,287.2,287.25,287.2,287.2,3
20260305  11:32,287.3,287.3,287.2,287.2,4
20260305  11:33,287.15,287.3,287.0,287.3,12
20260305  11:34,287.15,287.15,286.95,287.05,16
20260305  11:35,287.05,287.05,287.0,287.0,2
20260305  11:36,287.0,287.0,287.0,287.0,1
20260305  11:37,287.0,287.0,287.0,287.0,0
20260305  11:38,286.65,286.65,286.65,286.65,3
20260305  11:39,286.4,286.4,286.35,286.4,3
20260305  11:40,286.4,286.4,286.4,286.4,0
20260305  11:41,286.5,286.5,286.35,286.4,4
20260305  11:42,286.6,286.7,286.6,286.7,4
20260305  11:43,286.8,286.8,286.6,286.6,9
20260305  11:44,286.6,287.0,286.6,287.0,13
20260305  11:45,286.9,286.9,286.85,286.85,3
20260305  11:46,286.95,286.95,286.95,286.95,1
20260305  11:47,286.8,287.0,286.7,287.0,15
20260305  11:48,286.95,287.1,286.95,287.05,23
20260305  11:49,287.05,287.05,287.05,287.05,5
20260305  11:50,287.1,287.1,286.8,286.9,9
20260305  11:51,286.9,287.05,286.9,287.05,3
20260305  11:52,287.0,287.0,286.5,286.6,9
20260305  11:53,286.6,286.6,286.6,286.6,0
20260305  11:54,286.55,286.55,286.5,286.5,3
20260305  11:55,286.6,286.6,286.6,286.6,2
20260305  11:56,286.55,286.55,286.55,286.55,2
20260305  11:57,286.5,286.5,286.5,286.5,1
20260305  11:58,286.5,286.5,286.3,286.3,4
20260305  11:59,286.2,286.2,286.1,286.15,20
20260305  12:00,286.2,286.35,286.15,286.15,9
20260305  12:01,286.1,286.1,285.95,285.95,2
20260305  12:02,285.8,285.8,285.8,285.8,1
20260305  12:03,285.85,285.85,285.7,285.7,16
20260305  12:04,285.75,285.75,285.55,285.55,9
20260305  12:05,285.65,286.25,285.65,286.2,23
20260305  12:06,286.25,286.4,286.25,286.25,11
20260305  12:07,286.35,286.35,286.35,286.35,1
20260305  12:08,286.35,286.6,286.35,286.6,5
20260305  12:09,286.65,286.65,286.5,286.5,3
20260305  12:10,286.5,286.5,286.5,286.5,0
20260305  12:11,286.5,286.5,286.45,286.45,2
20260305  12:12,286.45,286.45,286.45,286.45,0
20260305  12:13,286.75,286.75,286.65,286.65,3
20260305  12:14,286.65,286.65,286.65,286.65,1
20260305  12:15,286.65,286.9,286.65,286.9,6
20260305  12:16,286.9,286.9,286.9,286.9,0
20260305  12:17,286.8,287.3,286.8,287.3,24
20260305  12:18,287.4,287.8,287.4,287.65,29
20260305  12:19,287.55,287.55,287.55,287.55,1
20260305  12:20,287.65,287.9,287.65,287.9,16
20260305  12:21,288.0,288.0,287.5,287.55,36
20260305  12:22,287.65,288.15,287.65,288.05,24
20260305  12:23,288.05,288.2,287.6,287.6,19
20260305  12:24,287.6,287.6,287.6,287.6,1
20260305  12:25,287.7,287.9,287.6,287.6,11
20260305  12:26,287.55,287.75,287.5,287.5,13
20260305  12:27,287.55,287.65,287.55,287.65,5
20260305  12:28,287.65,287.65,287.65,287.65,0
20260305  12:29,287.6,287.75,287.6,287.75,4
20260305  12:30,287.8,288.0,287.8,288.0,4
20260305  12:31,288.0,288.3,288.0,288.3,11
20260305  12:32,288.3,288.45,288.3,288.4,7
20260305  12:33,288.35,288.35,288.2,288.2,4
20260305  12:34,288.25,288.25,288.05,288.05,6
20260305  12:35,288.05,288.05,288.05,288.05,0
20260305  12:36,288.05,288.1,288.05,288.1,6
20260305  12:37,288.05,288.05,288.0,288.0,4
20260305  12:38,288.1,288.15,288.05,288.15,4
20260305  12:39,288.5,288.85,288.5,288.8,30
20260305  12:40,288.8,288.8,288.6,288.7,17
20260305  12:41,288.55,288.65,288.55,288.65,7
20260305  12:42,288.6,288.6,288.55,288.55,4
20260305  12:43,288.55,288.55,288.55,288.55,1
20260305  12:44,288.55,288.65,288.55,288.65,2
20260305  12:45,288.7,288.8,288.7,288.75,10
20260305  12:46,288.7,288.75,288.6,288.6,6
20260305  12:47,288.65,288.7,288.65,288.65,5
20260305  12:48,288.65,288.65,288.65,288.65,1
20260305  12:49,288.7,288.7,288.7,288.7,2
20260305  12:50,288.6,288.6,288.55,288.6,3
20260305  12:51,288.45,288.45,288.25,288.3,11
20260305  12:52,288.3,288.45,288.3,288.45,7
20260305  12:53,288.5,288.5,288.5,288.5,1
20260305  12:54,288.5,288.5,288.5,288.5,1
20260305  12:55,288.6,288.6,288.6,288.6,2
20260305  12:56,288.4,288.4,288.25,288.25,3
20260305  12:57,288.15,288.2,288.1,288.2,3
20260305  12:58,288.4,288.4,288.3,288.35,7
20260305  12:59,288.35,288.35,288.35,288.35,3
20260305  13:00,287.95,287.95,287.95,287.95,1
20260305  13:01,288.0,288.0,288.0,288.0,2
20260305  13:02,288.15,288.15,288.1,288.1,3
20260305  13:03,288.1,288.1,288.0,288.05,5
20260305  13:04,287.95,287.95,287.95,287.95,2
20260305  13:05,288.0,288.1,288.0,288.1,3
20260305  13:06,288.1,288.1,288.1,288.1,1
20260305  13:07,288.25,288.4,288.2,288.2,10
20260305  13:08,288.05,288.2,288.05,288.2,5
20260305  13:09,288.1,288.1,287.85,287.85,13
20260305  13:10,287.8,288.05,287.75,288.0,10
20260305  13:11,288.05,288.2,287.95,288.0,18
20260305  13:12,288.0,288.0,288.0,288.0,2
20260305  13:13,287.9,287.9,287.65,287.7,9
20260305  13:14,287.7,287.7,287.7,287.7,0
20260305  13:15,287.75,287.9,287.45,287.85,23
20260305  13:16,287.95,288.25,287.95,288.2,8
20260305  13:17,288.3,288.3,288.3,288.3,1
20260305  13:18,288.35,288.8,288.35,288.8,13
20260305  13:19,288.85,289.2,288.75,289.05,35
20260305  13:20,289.1,289.2,288.8,288.8,12
20260305  13:21,288.75,288.85,288.65,288.65,8
20260305  13:22,288.65,288.65,288.3,288.3,12
20260305  13:23,288.25,288.3,288.25,288.3,8
20260305  13:24,288.3,288.3,288.3,288.3,1
20260305  13:25,288.15,288.2,288.05,288.05,17
20260305  13:26,288.05,288.05,288.05,288.05,0
20260305  13:27,288.15,288.2,288.15,288.2,3
20260305  13:28,288.1,288.25,287.95,288.25,11
20260305  13:29,288.3,288.3,288.3,288.3,1
20260305  13:30,288.25,288.25,288.25,288.25,1
20260306  10:15,294.25,295.45,293.85,294.3,253
20260306  10:16,294.1,295.45,294.1,294.75,77
20260306  10:17,294.75,295.2,294.5,294.95,46
20260306  10:18,295.4,295.45,294.95,295.2,97
20260306  10:19,295.25,295.25,294.95,295.1,18
20260306  10:20,295.15,295.5,294.95,295.3,12
20260306  10:21,295.25,295.85,294.85,295.4,60
20260306  10:22,295.25,295.4,294.85,295.25,48
20260306  10:23,295.15,295.4,294.5,295.4,39
20260306  10:24,295.35,296.05,295.35,295.75,105
20260306  10:25,295.75,295.75,294.7,294.7,43
20260306  10:26,294.8,295.15,293.75,293.75,78
20260306  10:27,293.75,294.15,293.6,294.15,34
20260306  10:28,294.3,294.8,294.3,294.8,9
20260306  10:29,294.65,294.65,294.45,294.45,4
20260306  10:30,294.5,295.25,294.5,295.15,33
20260306  10:31,295.15,295.5,295.15,295.45,34
20260306  10:32,295.3,295.7,295.1,295.7,21
20260306  10:33,295.65,297.0,295.65,296.55,85
20260306  10:34,296.35,296.65,295.55,296.55,87
20260306  10:35,296.55,296.55,296.15,296.25,12
20260306  10:36,296.1,296.85,296.1,296.85,20
20260306  10:37,296.95,297.2,296.45,296.6,58
20260306  10:38,296.45,296.7,296.45,296.7,6
20260306  10:39,296.7,296.7,296.1,296.25,22
20260306  10:40,296.4,296.45,296.25,296.25,19
20260306  10:41,296.3,296.5,296.15,296.4,15
20260306  10:42,296.45,297.05,296.25,297.05,55
20260306  10:43,297.05,297.1,296.85,297.0,16
20260306  10:44,296.9,296.9,296.7,296.7,3
20260306  10:45,296.7,296.75,296.6,296.75,8
20260306  10:46,296.55,296.55,296.4,296.4,5
20260306  10:47,296.55,296.65,296.55,296.65,7
20260306  10:48,296.6,296.7,296.2,296.2,14
20260306  10:49,296.4,296.4,296.2,296.2,8
20260306  10:50,296.2,296.25,296.15,296.25,8
20260306  10:51,296.25,296.8,296.25,296.8,6
20260306  10:52,296.7,296.85,296.7,296.85,5
20260306  10:53,296.9,296.95,296.8,296.85,11
20260306  10:54,297.0,297.0,296.95,296.95,5
20260306  10:55,296.95,296.95,296.7,296.7,10
20260306  10:56,296.55,296.8,296.55,296.8,13
20260306  10:57,296.55,296.85,296.4,296.85,9
20260306  10:58,296.9,297.05,296.8,296.95,20
20260306  10:59,296.85,297.5,296.85,297.25,56
20260306  11:00,297.1,297.15,296.95,297.1,8
20260306  11:01,296.9,297.1,296.9,297.05,11
20260306  11:02,297.05,297.1,296.9,296.95,6
20260306  11:03,296.85,296.85,296.85,296.85,1
20260306  11:04,296.9,296.9,296.8,296.8,3
20260306  11:05,296.75,296.8,296.35,296.5,17
20260306  11:06,296.5,296.6,296.25,296.25,21
20260306  11:07,296.35,296.35,296.1,296.25,15
20260306  11:08,295.9,295.95,295.55,295.95,19
20260306  11:09,295.95,296.1,295.9,296.1,4
20260306  11:10,296.15,296.15,296.15,296.15,5
20260306  11:11,296.25,296.4,296.25,296.25,9
20260306  11:12,296.35,296.35,296.0,296.25,23
20260306  11:13,296.15,296.15,295.65,295.75,26
20260306  11:14,295.7,296.15,295.7,296.15,11
20260306  11:15,295.95,296.35,295.95,296.25,10
20260306  11:16,296.2,296.2,295.65,295.65,11
20260306  11:17,295.75,295.95,295.75,295.95,3
20260306  11:18,296.0,296.0,295.95,295.95,5
20260306  11:19,295.8,295.9,295.8,295.9,5
20260306  11:20,295.9,295.9,295.9,295.9,0
20260306  11:21,295.95,295.95,295.75,295.75,3
20260306  11:22,295.7,296.25,295.55,296.25,18
20260306  11:23,296.3,296.4,296.2,296.2,4
20260306  11:24,296.4,296.45,296.4,296.45,3
20260306  11:25,296.25,296.35,296.25,296.3,11
20260306  11:26,296.3,296.4,296.25,296.35,9
20260306  11:27,296.1,296.3,296.1,296.3,5
20260306  11:28,296.15,296.15,295.65,295.65,14
20260306  11:29,295.6,295.85,295.55,295.75,15
20260306  11:30,295.75,295.9,295.7,295.7,7
20260306  11:31,295.55,295.6,295.55,295.6,6
20260306  11:32,295.5,295.55,294.75,294.9,28
20260306  11:33,294.9,294.9,294.5,294.6,44
20260306  11:34,294.6,294.6,294.25,294.25,31
20260306  11:35,294.15,294.65,294.05,294.65,21
20260306  11:36,294.75,294.75,294.7,294.7,6
20260306  11:37,294.8,294.85,294.8,294.8,6
20260306  11:38,294.75,294.75,294.55,294.55,3
20260306  11:39,294.45,294.45,294.25,294.25,12
20260306  11:40,294.2,294.2,293.8,293.8,28
20260306  11:41,293.85,294.2,293.85,294.2,4
20260306  11:42,294.25,294.4,294.25,294.4,5
20260306  11:43,294.2,294.45,294.05,294.45,8
20260306  11:44,294.25,294.55,294.25,294.55,3
20260306  11:45,294.75,294.75,294.15,294.15,5
20260306  11:46,293.95,294.25,293.95,294.05,10
20260306  11:47,294.15,295.1,294.0,295.05,34
20260306  11:48,294.85,294.85,294.35,294.55,17
20260306  11:49,294.35,294.5,294.3,294.5,5
20260306  11:50,294.65,294.65,294.65,294.65,1
20260306  11:51,294.65,294.9,294.65,294.9,5
20260306  11:52,295.1,295.1,294.9,294.9,2
20260306  11:53,294.85,294.85,294.8,294.8,2
20260306  11:54,294.65,294.65,294.3,294.4,6
20260306  11:55,294.4,294.65,294.35,294.65,8
20260306  11:56,294.65,294.65,294.65,294.65,0
20260306  11:57,294.5,294.65,294.3,294.45,9
20260306  11:58,294.5,294.5,294.3,294.3,3
20260306  11:59,294.3,294.3,293.7,293.85,31
20260306  12:00,294.1,294.1,293.15,293.75,45
20260306  12:01,293.65,293.75,293.55,293.7,13
20260306  12:02,293.75,293.75,293.15,293.15,23
20260306  12:03,293.15,293.4,293.15,293.4,14
20260306  12:04,293.3,293.85,293.3,293.85,11
20260306  12:05,293.95,294.15,293.9,294.0,10
20260306  12:06,293.9,294.05,293.9,294.05,7
20260306  12:07,294.1,294.1,294.1,294.1,1
20260306  12:08,294.1,294.1,293.8,293.85,9
20260306  12:09,293.95,293.95,293.8,293.95,18
20260306  12:10,293.9,293.9,293.9,293.9,3
20260306  12:11,294.05,294.1,294.05,294.1,5
20260306  12:12,294.15,294.4,293.95,293.95,26
20260306  12:13,293.65,293.85,293.6,293.85,4
20260306  12:14,293.85,293.85,293.85,293.85,0
20260306  12:15,293.9,294.15,293.9,294.05,8
20260306  12:16,294.1,294.2,294.1,294.1,8
20260306  12:17,294.1,294.1,294.1,294.1,0
20260306  12:18,294.2,294.7,294.2,294.65,26
20260306  12:19,294.35,294.35,294.35,294.35,1
20260306  12:20,294.15,294.15,294.05,294.05,2
20260306  12:21,293.95,294.1,293.85,294.05,12
20260306  12:22,293.85,294.15,293.85,294.15,4
20260306  12:23,293.85,293.85,293.7,293.7,8
20260306  12:24,293.65,293.65,293.55,293.55,2
20260306  12:25,293.45,293.6,293.4,293.6,5
20260306  12:26,293.8,293.85,293.7,293.7,8
20260306  12:27,293.7,293.7,293.7,293.7,0
20260306  12:28,293.5,293.7,293.5,293.6,6
20260306  12:29,293.5,293.5,293.35,293.4,3
20260306  12:30,293.25,293.25,293.2,293.25,5
20260306  12:31,293.15,293.55,293.15,293.25,59
20260306  12:32,293.15,293.3,293.15,293.3,31
20260306  12:33,293.4,293.65,293.4,293.55,7
20260306  12:34,293.55,293.55,293.55,293.55,0
20260306  12:35,293.7,293.85,293.6,293.85,10
20260306  12:36,293.95,293.95,293.7,293.7,12
20260306  12:37,293.7,293.7,293.7,293.7,0
20260306  12:38,293.65,293.8,293.65,293.8,3
20260306  12:39,293.8,293.8,293.8,293.8,0
20260306  12:40,293.9,293.95,293.8,293.8,4
20260306  12:41,293.8,293.85,293.8,293.85,2
20260306  12:42,293.8,293.9,293.75,293.9,7
20260306  12:43,293.65,293.65,293.55,293.65,4
20260306  12:44,293.65,293.65,293.6,293.65,5
20260306  12:45,293.75,293.75,293.75,293.75,1
20260306  12:46,293.8,293.85,293.8,293.85,2
20260306  12:47,293.95,294.2,293.95,294.2,14
20260306  12:48,294.15,294.5,294.15,294.35,32
20260306  12:49,294.25,294.25,294.05,294.05,4
20260306  12:50,294.0,294.0,293.75,293.85,5
20260306  12:51,294.0,294.15,294.0,294.15,4
20260306  12:52,294.15,294.5,294.15,294.5,7
20260306  12:53,294.4,294.5,294.25,294.45,16
20260306  12:54,294.4,295.75,294.4,294.85,45
20260306  12:55,294.85,294.9,294.7,294.9,8
20260306  12:56,294.85,294.85,294.65,294.65,8
20260306  12:57,294.65,294.65,294.35,294.4,8
20260306  12:58,294.4,294.4,294.4,294.4,0
20260306  12:59,294.45,294.45,294.35,294.35,2
20260306  13:00,294.05,294.05,293.7,293.7,15
20260306  13:01,293.9,293.95,293.8,293.8,10
20260306  13:02,293.95,293.95,293.95,293.95,1
20260306  13:03,293.95,293.95,293.95,293.95,0
20260306  13:04,294.05,294.05,294.0,294.0,3
20260306  13:05,294.05,294.45,294.0,294.45,17
20260306  13:06,294.6,294.6,294.25,294.4,12
20260306  13:07,294.35,294.4,294.35,294.4,4
20260306  13:08,294.6,294.6,294.6,294.6,2
20260306  13:09,294.3,294.3,294.25,294.25,4
20260306  13:10,294.25,294.25,294.1,294.2,13
20260306  13:11,294.3,294.35,294.15,294.35,14
20260306  13:12,294.35,294.35,294.35,294.35,2
20260306  13:13,294.35,294.35,294.35,294.35,0
20260306  13:14,294.4,294.6,294.25,294.6,10
20260306  13:15,294.55,294.75,294.55,294.6,12
20260306  13:16,294.55,294.55,294.4,294.4,13
20260306  13:17,294.35,294.65,294.15,294.65,14
20260306  13:18,294.2,294.5,294.2,294.5,8
20260306  13:19,294.65,295.2,294.65,295.1,25
20260306  13:20,295.1,295.2,295.1,295.1,11
20260306  13:21,295.2,295.4,295.2,295.4,6
20260306  13:22,295.3,295.3,295.2,295.2,11
20260306  13:23,294.9,295.0,294.9,295.0,5
20260306  13:24,294.85,295.05,294.8,295.0,7
20260306  13:25,295.05,295.05,294.85,294.95,10
20260306  13:26,295.1,295.5,295.1,295.5,4
20260306  13:27,295.45,295.45,294.8,294.95,20
20260306  13:28,294.95,294.95,294.95,294.95,0
20260306  13:29,294.95,295.45,294.9,295.45,26
20260306  13:30,295.4,295.65,295.4,295.65,5
20260309  10:15,296.95,297.5,295.8,297.3,483
20260309  10:16,297.3,298.3,297.25,297.9,92
20260309  10:17,298.0,298.25,297.3,298.15,78
20260309  10:18,298.15,298.35,297.15,297.15,71
20260309  10:19,297.1,297.1,296.0,296.2,63
20260309  10:20,296.3,296.3,295.8,296.1,8
20260309  10:21,296.2,296.45,296.05,296.15,7
20260309  10:22,296.25,296.5,296.2,296.2,16
20260309  10:23,296.2,296.2,295.85,295.85,13
20260309  10:24,295.8,296.0,295.8,295.8,9
20260309  10:25,295.75,296.35,295.75,296.05,32
20260309  10:26,295.95,295.95,295.75,295.9,14
20260309  10:27,295.85,295.85,295.65,295.7,15
20260309  10:28,295.8,296.3,295.8,296.3,34
20260309  10:29,296.1,296.1,295.95,296.1,8
20260309  10:30,296.25,296.4,296.15,296.4,16
20260309  10:31,296.45,296.45,296.3,296.45,16
20260309  10:32,296.5,296.8,296.5,296.8,21
20260309  10:33,296.55,296.85,296.4,296.45,16
20260309  10:34,296.65,296.65,296.65,296.65,3
20260309  10:35,296.8,296.85,296.7,296.7,11
20260309  10:36,296.75,297.0,296.75,296.95,11
20260309  10:37,297.2,297.3,297.05,297.05,9
20260309  10:38,297.0,297.3,297.0,297.3,12
20260309  10:39,297.3,297.35,297.0,297.25,10
20260309  10:40,297.25,297.25,296.55,296.55,8
20260309  10:41,296.8,296.8,296.5,296.6,6
20260309  10:42,296.6,296.85,296.6,296.6,14
20260309  10:43,296.45,296.6,296.45,296.6,3
20260309  10:44,296.7,297.15,296.55,297.15,11
20260309  10:45,297.35,297.7,297.3,297.3,9
20260309  10:46,297.35,297.35,297.3,297.35,3
20260309  10:47,297.2,297.4,297.2,297.4,6
20260309  10:48,297.3,297.65,297.3,297.5,9
20260309  10:49,297.5,297.9,297.25,297.75,43
20260309  10:50,297.7,298.25,297.6,297.95,35
20260309  10:51,298.05,298.45,298.05,298.35,20
20260309  10:52,298.4,298.95,298.4,298.8,54
20260309  10:53,298.8,298.95,298.6,298.75,38
20260309  10:54,298.7,298.8,298.2,298.2,13
20260309  10:55,298.05,298.55,297.95,298.55,34
20260309  10:56,298.3,298.5,298.3,298.5,2
20260309  10:57,298.6,298.6,298.35,298.4,7
20260309  10:58,298.3,298.3,298.2,298.2,2
20260309  10:59,298.4,298.4,298.0,298.0,8
20260309  11:00,297.85,298.15,297.85,298.05,3
20260309  11:01,298.15,298.15,297.5,297.55,20
20260309  11:02,297.55,297.6,297.15,297.15,16
20260309  11:03,297.2,298.85,297.2,298.0,38
20260309  11:04,297.9,297.95,297.9,297.95,3
20260309  11:05,298.05,298.35,298.0,298.35,21
20260309  11:06,298.2,298.25,298.15,298.25,6
20260309  11:07,298.3,298.4,298.3,298.4,5
20260309  11:08,298.85,298.9,298.45,298.7,29
20260309  11:09,298.7,298.9,298.7,298.9,20
20260309  11:10,298.9,298.95,298.65,298.9,26
20260309  11:11,298.85,299.4,298.85,299.35,64
20260309  11:12,299.45,300.5,299.45,300.3,205
20260309  11:13,300.25,301.2,300.25,300.6,71
20260309  11:14,300.45,300.6,300.35,300.55,16
20260309  11:15,300.7,300.75,300.0,300.0,46
20260309  11:16,300.1,300.75,300.1,300.75,26
20260309  11:17,300.4,300.85,300.4,300.85,33
20260309  11:18,300.75,301.0,300.5,301.0,48
20260309  11:19,301.0,301.1,300.65,300.85,34
20260309  11:20,301.0,301.25,301.0,301.2,18
20260309  11:21,301.25,301.45,301.2,301.45,15
20260309  11:22,301.3,301.4,301.05,301.05,22
20260309  11:23,301.05,301.2,300.75,300.8,124
20260309  11:24,300.85,300.85,300.25,300.45,28
20260309  11:25,300.5,300.7,299.9,300.1,47
20260309  11:26,300.15,300.6,300.05,300.45,19
20260309  11:27,300.5,300.6,300.0,300.0,18
20260309  11:28,300.2,300.2,300.2,300.2,1
20260309  11:29,300.15,300.2,299.9,300.0,18
20260309  11:30,300.05,300.2,299.55,299.7,27
20260309  11:31,299.75,299.9,299.6,299.85,22
20260309  11:32,299.9,300.45,299.9,300.4,22
20260309  11:33,300.6,300.75,300.55,300.55,11
20260309  11:34,300.6,300.6,300.15,300.3,34
20260309  11:35,300.45,300.5,300.4,300.45,15
20260309  11:36,300.45,300.45,300.45,300.45,0
20260309  11:37,300.7,300.75,300.65,300.65,10
20260309  11:38,300.5,300.5,300.2,300.25,4
20260309  11:39,300.2,300.2,300.15,300.15,3
20260309  11:40,300.1,300.1,300.0,300.0,4
20260309  11:41,300.3,300.6,300.2,300.6,14
20260309  11:42,300.6,300.75,300.25,300.25,22
20260309  11:43,300.4,300.55,300.4,300.55,3
20260309  11:44,300.55,300.55,300.55,300.55,0
20260309  11:45,300.45,300.5,300.45,300.45,4
20260309  11:46,300.5,300.5,300.2,300.2,17
20260309  11:47,300.3,300.3,300.1,300.15,9
20260309  11:48,300.05,300.35,300.05,300.35,11
20260309  11:49,300.25,300.25,300.2,300.2,2
20260309  11:50,300.35,300.35,300.35,300.35,4
20260309  11:51,300.6,300.85,300.6,300.85,16
20260309  11:52,300.85,301.2,300.85,300.95,40
20260309  11:53,300.8,300.9,300.8,300.9,3
20260309  11:54,300.95,300.95,300.9,300.9,2
20260309  11:55,300.8,300.8,300.6,300.6,4
20260309  11:56,300.65,300.75,300.65,300.75,4
20260309  11:57,300.95,301.1,300.95,301.1,4
20260309  11:58,301.0,301.0,301.0,301.0,2
20260309  11:59,300.95,301.05,300.95,301.05,2
20260309  12:00,301.0,301.0,300.85,300.85,3
20260309  12:01,300.75,300.75,300.7,300.7,2
20260309  12:02,300.65,300.65,300.35,300.35,7
20260309  12:03,300.4,300.4,300.4,300.4,3
20260309  12:04,300.6,300.65,300.4,300.4,9
20260309  12:05,300.45,300.7,300.45,300.7,3
20260309  12:06,300.65,300.65,300.55,300.55,3
20260309  12:07,300.55,300.7,300.55,300.6,5
20260309  12:08,300.55,300.55,300.2,300.2,11
20260309  12:09,300.25,300.45,300.25,300.45,2
20260309  12:10,300.6,300.8,300.6,300.8,5
20260309  12:11,300.95,301.0,300.8,300.8,24
20260309  12:12,300.9,300.9,300.65,300.65,17
20260309  12:13,300.75,300.95,300.75,300.95,3
20260309  12:14,300.85,300.85,300.75,300.8,5
20260309  12:15,300.7,300.75,300.7,300.75,3
20260309  12:16,300.8,300.8,300.55,300.65,21
20260309  12:17,300.6,300.6,300.6,300.6,1
20260309  12:18,300.6,300.75,300.6,300.75,3
20260309  12:19,300.6,300.6,300.25,300.25,11
20260309  12:20,300.25,300.45,300.0,300.45,24
20260309  12:21,300.35,300.55,300.3,300.55,12
20260309  12:22,300.55,300.8,300.55,300.8,6
20260309  12:23,300.8,301.05,300.8,301.05,8
20260309  12:24,301.1,301.45,301.1,301.45,26
20260309  12:25,301.45,301.65,301.35,301.65,17
20260309  12:26,301.5,301.5,301.45,301.45,3
20260309  12:27,301.4,301.4,300.95,300.95,8
20260309  12:28,300.9,300.9,300.85,300.85,2
20260309  12:29,300.95,301.1,300.95,301.1,2
20260309  12:30,301.05,301.1,300.95,301.0,8
20260309  12:31,301.0,301.0,300.6,300.7,17
20260309  12:32,300.75,300.75,300.75,300.75,1
20260309  12:33,300.95,301.2,300.9,301.2,10
20260309  12:34,301.15,301.2,301.1,301.15,6
20260309  12:35,301.1,301.15,301.05,301.05,4
20260309  12:36,300.95,300.95,300.95,300.95,2
20260309  12:37,300.9,300.9,300.65,300.85,16
20260309  12:38,300.85,300.85,300.65,300.65,3
20260309  12:39,300.55,300.55,300.3,300.5,6
20260309  12:40,300.2,300.2,300.15,300.15,3
20260309  12:41,300.2,300.2,300.05,300.2,9
20260309  12:42,300.3,300.65,300.3,300.6,12
20260309  12:43,300.6,300.6,300.4,300.4,8
20260309  12:44,300.3,300.3,300.05,300.1,16
20260309  12:45,300.15,300.25,300.1,300.1,9
20260309  12:46,300.15,300.2,299.35,299.4,99
20260309  12:47,299.4,299.45,299.3,299.35,19
20260309  12:48,299.25,299.5,299.25,299.25,14
20260309  12:49,299.25,299.35,298.85,298.85,27
20260309  12:50,298.95,299.35,298.95,299.3,21
20260309  12:51,299.3,299.35,299.15,299.15,8
20260309  12:52,299.0,299.0,299.0,299.0,2
20260309  12:53,298.8,298.85,298.6,298.7,10
20260309  12:54,298.6,298.6,298.15,298.15,32
20260309  12:55,298.3,298.3,298.05,298.05,16
20260309  12:56,298.05,298.35,298.0,298.2,22
20260309  12:57,298.15,298.8,298.0,298.45,94
20260309  12:58,298.2,298.45,298.1,298.35,9
20260309  12:59,298.55,298.7,298.55,298.6,7
20260309  13:00,298.5,298.9,298.1,298.7,57
20260309  13:01,298.85,299.15,298.65,298.9,33
20260309  13:02,299.05,299.2,298.75,298.95,27
20260309  13:03,298.8,298.95,298.8,298.9,14
20260309  13:04,298.9,299.1,298.9,298.95,12
20260309  13:05,298.8,298.8,298.35,298.35,24
20260309  13:06,298.4,298.75,298.35,298.35,23
20260309  13:07,298.3,298.6,298.25,298.25,16
20260309  13:08,298.2,298.55,298.1,298.45,15
20260309  13:09,298.2,298.2,297.5,297.65,53
20260309  13:10,297.55,297.55,296.65,297.2,46
20260309  13:11,297.2,297.55,297.2,297.45,29
20260309  13:12,297.4,297.4,297.15,297.15,9
20260309  13:13,297.2,297.3,296.9,297.3,13
20260309  13:14,297.15,297.2,296.65,297.0,29
20260309  13:15,296.95,297.2,296.8,297.2,48
20260309  13:16,297.35,297.4,297.2,297.2,19
20260309  13:17,297.15,297.15,296.95,297.05,7
20260309  13:18,297.2,297.7,297.2,297.5,17
20260309  13:19,297.45,297.65,297.4,297.65,30
20260309  13:20,297.65,297.7,297.65,297.7,9
20260309  13:21,297.45,297.45,297.15,297.25,21
20260309  13:22,297.2,297.25,297.1,297.25,5
20260309  13:23,297.2,297.25,296.95,297.0,14
20260309  13:24,297.0,297.0,296.9,296.9,4
20260309  13:25,296.9,296.9,296.7,296.75,18
20260309  13:26,296.65,296.75,296.65,296.7,7
20260309  13:27,296.65,296.75,296.65,296.75,8
20260309  13:28,296.7,296.7,296.45,296.7,18
20260309  13:29,296.75,296.75,296.15,296.35,25
20260309  13:30,296.45,296.65,296.25,296.25,40
20260310  10:15,295.0,295.75,294.05,294.95,242
20260310  10:16,294.75,295.4,294.55,295.3,51
20260310  10:17,295.35,295.55,294.75,294.75,28
20260310  10:18,295.0,295.15,294.45,294.85,59
20260310  10:19,295.1,295.1,294.3,294.75,67
20260310  10:20,294.9,295.2,294.75,295.1,16
20260310  10:21,295.2,295.7,295.2,295.2,56
20260310  10:22,295.35,295.65,295.2,295.65,45
20260310  10:23,295.55,295.55,295.2,295.5,17
20260310  10:24,295.4,295.45,295.4,295.45,2
20260310  10:25,295.65,295.75,295.25,295.25,12
20260310  10:26,295.1,295.3,294.05,294.2,56
20260310  10:27,294.15,294.15,292.05,293.2,114
20260310  10:28,293.35,293.65,293.2,293.3,24
20260310  10:29,293.3,293.7,293.05,293.15,33
20260310  10:30,293.05,293.35,293.05,293.05,17
20260310  10:31,293.15,293.35,293.05,293.3,23
20260310  10:32,293.3,293.45,293.25,293.25,8
20260310  10:33,293.2,293.7,292.8,293.15,105
20260310  10:34,293.2,293.55,292.9,293.5,43
20260310  10:35,293.55,293.75,293.35,293.35,10
20260310  10:36,293.35,293.4,292.95,293.15,49
20260310  10:37,293.3,293.3,293.05,293.15,14
20260310  10:38,293.15,293.35,292.95,293.35,27
20260310  10:39,293.25,293.3,293.05,293.1,8
20260310  10:40,293.4,293.4,293.4,293.4,1
20260310  10:41,293.45,293.5,293.1,293.35,15
20260310  10:42,293.25,293.3,293.0,293.0,22
20260310  10:43,293.0,293.4,292.7,293.15,69
20260310  10:44,293.3,293.5,293.15,293.15,13
20260310  10:45,293.25,293.9,293.25,293.5,27
20260310  10:46,293.45,293.45,293.05,293.05,11
20260310  10:47,292.9,293.25,292.9,293.25,20
20260310  10:48,293.25,293.25,292.55,292.7,63
20260310  10:49,292.85,293.05,292.7,292.85,26
20260310  10:50,292.7,293.1,292.7,292.85,41
20260310  10:51,293.05,293.25,292.9,293.1,26
20260310  10:52,293.3,293.7,293.2,293.45,30
20260310  10:53,293.55,293.55,293.0,293.0,18
20260310  10:54,292.95,292.95,292.85,292.9,14
20260310  10:55,292.95,293.1,292.85,292.85,10
20260310  10:56,292.85,293.1,292.85,293.0,13
20260310  10:57,293.05,293.05,293.0,293.05,11
20260310  10:58,293.05,293.05,293.0,293.05,6
20260310  10:59,293.1,293.15,292.85,292.95,24
20260310  11:00,293.15,294.0,293.15,293.9,48
20260310  11:01,293.8,293.9,293.8,293.9,3
20260310  11:02,293.9,294.3,293.7,294.3,23
20260310  11:03,294.35,294.5,294.3,294.45,11
20260310  11:04,294.55,294.55,294.5,294.55,5
20260310  11:05,294.6,294.85,294.6,294.75,8
20260310  11:06,294.6,294.85,294.6,294.65,20
20260310  11:07,294.6,294.85,294.25,294.4,25
20260310  11:08,294.5,294.6,294.5,294.6,8
20260310  11:09,294.5,294.5,293.9,294.2,29
20260310  11:10,294.15,294.35,294.15,294.2,10
20260310  11:11,294.35,294.4,294.35,294.4,6
20260310  11:12,294.4,294.6,294.4,294.6,5
20260310  11:13,294.6,294.6,294.6,294.6,2
20260310  11:14,294.45,294.85,294.35,294.75,22
20260310  11:15,294.8,294.85,294.4,294.5,32
20260310  11:16,294.5,294.5,294.5,294.5,1
20260310  11:17,294.5,294.5,294.5,294.5,0
20260310  11:18,294.45,294.45,294.3,294.35,9
20260310  11:19,294.35,294.35,294.35,294.35,3
20260310  11:20,294.35,294.4,294.2,294.4,11
20260310  11:21,294.25,294.25,293.6,293.6,35
20260310  11:22,293.5,293.6,293.3,293.5,9
20260310  11:23,293.65,293.65,293.55,293.55,3
20260310  11:24,293.65,293.65,293.65,293.65,2
20260310  11:25,293.6,293.6,293.35,293.4,6
20260310  11:26,293.6,293.6,293.6,293.6,1
20260310  11:27,293.75,293.75,293.35,293.35,8
20260310  11:28,293.35,293.45,293.3,293.3,9
20260310  11:29,293.2,293.5,293.2,293.5,8
20260310  11:30,293.5,293.5,293.5,293.5,1
20260310  11:31,293.5,293.5,293.5,293.5,0
20260310  11:32,293.85,294.2,293.85,294.05,12
20260310  11:33,294.05,294.1,294.05,294.05,4
20260310  11:34,294.25,294.25,294.25,294.25,1
20260310  11:35,294.2,294.2,294.05,294.2,8
20260310  11:36,294.0,294.05,294.0,294.05,4
20260310  11:37,294.05,294.05,293.95,293.95,3
20260310  11:38,293.95,293.95,293.95,293.95,2
20260310  11:39,293.95,294.1,293.8,293.9,7
20260310  11:40,293.75,293.75,293.75,293.75,3
20260310  11:41,293.75,293.95,293.75,293.95,4
20260310  11:42,293.85,293.85,293.85,293.85,1
20260310  11:43,294.0,294.0,293.75,293.75,3
20260310  11:44,293.75,293.85,293.75,293.85,3
20260310  11:45,293.95,293.95,293.7,293.75,4
20260310  11:46,293.6,293.6,293.4,293.4,3
20260310  11:47,293.2,293.2,292.95,293.2,5
20260310  11:48,293.45,293.45,293.0,293.15,24
20260310  11:49,293.15,293.15,293.15,293.15,3
20260310  11:50,293.25,293.35,293.25,293.3,5
20260310  11:51,293.3,293.3,293.3,293.3,0
20260310  11:52,293.4,293.65,293.4,293.4,5
20260310  11:53,293.4,293.4,293.4,293.4,0
20260310  11:54,293.4,293.4,293.3,293.3,3
20260310  11:55,293.45,293.7,293.4,293.45,9
20260310  11:56,293.55,293.55,293.45,293.5,5
20260310  11:57,293.5,293.5,293.5,293.5,0
20260310  11:58,293.5,293.5,293.45,293.45,4
20260310  11:59,293.45,293.85,293.45,293.85,7
20260310  12:00,293.65,293.7,293.0,293.65,52
20260310  12:01,293.55,293.55,293.4,293.45,9
20260310  12:02,293.45,293.45,293.45,293.45,0
20260310  12:03,293.45,293.45,293.45,293.45,3
20260310  12:04,293.55,293.7,293.55,293.7,7
20260310  12:05,293.55,293.55,293.35,293.35,9
20260310  12:06,293.35,293.35,293.35,293.35,0
20260310  12:07,293.3,293.3,293.1,293.1,5
20260310  12:08,293.15,293.15,293.15,293.15,1
20260310  12:09,293.3,293.35,293.3,293.3,4
20260310  12:10,293.35,293.45,293.25,293.25,5
20260310  12:11,293.2,293.2,293.2,293.2,3
20260310  12:12,293.45,293.45,293.35,293.45,18
20260310  12:13,293.5,293.6,293.5,293.6,5
20260310  12:14,293.5,293.5,293.2,293.2,7
20260310  12:15,293.2,293.2,293.2,293.2,1
20260310  12:16,293.1,293.25,293.1,293.25,7
20260310  12:17,293.1,293.1,293.1,293.1,2
20260310  12:18,293.2,293.25,293.15,293.25,4
20260310  12:19,293.25,293.25,293.25,293.25,0
20260310  12:20,293.1,293.2,292.9,293.2,30
20260310  12:21,293.3,293.35,293.3,293.35,2
20260310  12:22,293.3,293.3,293.3,293.3,2
20260310  12:23,293.1,293.2,293.05,293.2,9
20260310  12:24,293.2,293.35,293.2,293.35,5
20260310  12:25,293.3,293.3,293.0,293.0,7
20260310  12:26,293.05,293.15,292.9,292.9,8
20260310  12:27,292.9,293.0,292.8,293.0,9
20260310  12:28,293.15,293.15,293.0,293.0,3
20260310  12:29,292.95,293.1,292.95,293.1,6
20260310  12:30,293.0,293.0,293.0,293.0,3
20260310  12:31,293.0,293.35,293.0,293.2,26
20260310  12:32,293.35,293.45,293.3,293.4,5
20260310  12:33,293.3,293.3,293.3,293.3,1
20260310  12:34,293.25,293.25,293.25,293.25,2
20260310  12:35,293.05,293.2,293.05,293.1,16
20260310  12:36,293.2,293.25,293.15,293.15,11
20260310  12:37,293.1,293.7,293.1,293.7,11
20260310  12:38,293.5,293.5,293.3,293.3,5
20260310  12:39,293.4,293.4,293.4,293.4,1
20260310  12:40,293.45,293.5,293.45,293.5,5
20260310  12:41,293.6,294.15,293.55,294.05,34
20260310  12:42,294.05,294.4,294.05,294.4,6
20260310  12:43,294.4,294.4,294.2,294.2,5
20260310  12:44,294.2,294.25,293.9,293.9,10
20260310  12:45,293.9,293.9,293.9,293.9,1
20260310  12:46,293.9,293.9,293.9,293.9,0
20260310  12:47,293.9,293.9,293.9,293.9,0
20260310  12:48,294.0,294.0,294.0,294.0,2
20260310  12:49,294.35,294.45,294.35,294.35,4
20260310  12:50,294.45,294.75,294.45,294.75,31
20260310  12:51,294.65,294.65,294.4,294.4,18
20260310  12:52,294.3,294.5,294.3,294.5,8
20260310  12:53,294.55,294.55,294.45,294.55,11
20260310  12:54,294.5,294.5,294.4,294.4,7
20260310  12:55,294.3,294.3,294.25,294.25,2
20260310  12:56,294.15,294.15,294.1,294.1,2
20260310  12:57,294.15,294.3,294.15,294.3,3
20260310  12:58,294.3,294.3,294.3,294.3,1
20260310  12:59,294.35,294.35,294.3,294.3,2
20260310  13:00,294.2,294.6,294.15,294.2,49
20260310  13:01,294.2,294.2,294.0,294.0,17
20260310  13:02,294.05,294.35,293.95,294.2,15
20260310  13:03,294.2,294.35,294.2,294.25,11
20260310  13:04,294.15,294.15,293.75,293.75,7
20260310  13:05,293.8,293.8,293.65,293.75,6
20260310  13:06,293.95,294.15,293.95,294.15,6
20260310  13:07,294.05,294.15,293.65,294.0,18
20260310  13:08,294.05,294.05,293.75,293.75,4
20260310  13:09,293.7,293.8,293.65,293.75,11
20260310  13:10,293.7,294.2,293.7,294.2,10
20260310  13:11,294.15,294.4,294.15,294.2,6
20260310  13:12,294.25,294.25,294.2,294.2,3
20260310  13:13,294.25,294.35,294.2,294.2,8
20260310  13:14,294.15,294.25,294.05,294.05,9
20260310  13:15,294.05,294.4,294.05,294.3,9
20260310  13:16,294.3,294.4,294.1,294.4,15
20260310  13:17,294.35,294.35,294.1,294.2,9
20260310  13:18,294.3,294.45,294.3,294.45,6
20260310  13:19,294.35,294.35,294.3,294.3,4
20260310  13:20,294.25,294.35,294.25,294.25,11
20260310  13:21,294.2,294.2,294.05,294.2,8
20260310  13:22,294.15,294.25,293.95,294.25,16
20260310  13:23,294.2,294.45,294.2,294.25,15
20260310  13:24,294.15,294.55,294.15,294.55,17
20260310  13:25,294.55,294.7,294.45,294.6,18
20260310  13:26,294.35,294.35,294.1,294.15,8
20260310  13:27,294.2,294.3,294.2,294.3,4
20260310  13:28,294.4,294.4,294.4,294.4,3
20260310  13:29,294.35,294.5,294.35,294.5,9
20260310  13:30,294.55,294.65,294.35,294.65,29
20260311  10:15,293.6,294.0,292.2,292.3,186
20260311  10:16,292.2,292.5,291.05,291.7,110
20260311  10:17,291.65,291.95,291.5,291.8,33
20260311  10:18,291.8,291.95,291.5,291.55,36
20260311  10:19,291.4,291.4,291.1,291.15,20
20260311  10:20,291.05,291.15,290.4,290.9,100
20260311  10:21,290.8,290.8,290.05,290.3,62
20260311  10:22,290.3,290.3,289.4,289.6,89
20260311  10:23,289.55,290.0,289.3,290.0,73
20260311  10:24,290.0,290.1,289.85,290.0,31
20260311  10:25,289.9,289.9,288.45,288.8,116
20260311  10:26,288.85,289.0,288.45,288.7,45
20260311  10:27,288.65,289.15,288.65,289.05,34
20260311  10:28,288.7,288.9,288.05,288.25,53
20260311  10:29,288.25,288.7,288.15,288.5,43
20260311  10:30,288.5,289.1,288.45,289.1,38
20260311  10:31,289.05,289.05,288.5,288.5,58
20260311  10:32,288.35,288.9,288.35,288.7,13
20260311  10:33,288.7,289.0,288.55,288.8,15
20260311  10:34,288.9,289.15,288.85,288.85,23
20260311  10:35,288.9,289.35,288.9,289.3,45
20260311  10:36,289.25,289.85,289.25,289.85,45
20260311  10:37,289.6,289.65,289.45,289.65,19
20260311  10:38,289.55,289.95,289.55,289.55,59
20260311  10:39,289.55,289.55,289.05,289.05,20
20260311  10:40,289.15,289.3,289.0,289.0,23
20260311  10:41,289.25,289.45,289.25,289.3,12
20260311  10:42,289.2,289.45,289.15,289.4,17
20260311  10:43,289.25,289.35,289.2,289.3,9
20260311  10:44,289.3,289.6,289.3,289.6,10
20260311  10:45,289.55,289.55,289.4,289.5,8
20260311  10:46,289.65,289.75,289.0,289.1,42
20260311  10:47,289.15,289.15,288.8,288.85,24
20260311  10:48,288.95,289.0,288.6,288.6,18
20260311  10:49,288.65,289.4,288.6,289.35,13
20260311  10:50,289.4,289.4,289.3,289.4,8
20260311  10:51,289.25,289.5,289.25,289.5,10
20260311  10:52,289.45,289.45,289.45,289.45,2
20260311  10:53,289.3,289.3,289.1,289.1,11
20260311  10:54,288.95,289.0,288.6,288.8,34
20260311  10:55,288.6,288.7,288.55,288.7,13
20260311  10:56,288.7,288.7,288.5,288.55,15
20260311  10:57,288.45,288.7,288.45,288.7,6
20260311  10:58,288.85,289.1,288.25,288.5,125
20260311  10:59,288.5,288.5,288.3,288.5,16
20260311  11:00,288.65,289.0,288.65,289.0,12
20260311  11:01,288.95,288.95,288.65,288.75,7
20260311  11:02,288.7,289.45,288.7,289.3,14
20260311  11:03,289.3,289.85,289.3,289.7,37
20260311  11:04,289.7,290.1,289.6,289.85,48
20260311  11:05,289.85,289.85,289.5,289.5,15
20260311  11:06,289.5,290.1,289.5,290.0,25
20260311  11:07,289.9,290.3,289.9,290.15,24
20260311  11:08,290.05,290.2,290.0,290.0,8
20260311  11:09,290.0,290.05,290.0,290.0,9
20260311  11:10,289.95,290.0,289.2,289.55,23
20260311  11:11,289.6,289.6,289.15,289.4,20
20260311  11:12,289.55,289.55,289.1,289.2,15
20260311  11:13,289.4,289.5,289.4,289.45,6
20260311  11:14,289.35,289.35,288.85,289.0,22
20260311  11:15,288.85,288.9,288.6,288.8,23
20260311  11:16,288.95,289.0,288.95,289.0,3
20260311  11:17,288.85,288.85,288.2,288.4,31
20260311  11:18,288.5,288.6,288.25,288.35,20
20260311  11:19,288.35,288.6,288.35,288.6,8
20260311  11:20,288.55,288.55,288.55,288.55,2
20260311  11:21,288.85,289.15,288.85,289.0,9
20260311  11:22,288.85,289.05,288.85,289.05,4
20260311  11:23,289.2,289.2,289.2,289.2,3
20260311  11:24,289.1,289.1,289.1,289.1,1
20260311  11:25,289.05,289.2,289.05,289.2,4
20260311  11:26,289.2,289.2,289.2,289.2,0
20260311  11:27,289.1,289.25,289.1,289.25,10
20260311  11:28,289.25,289.25,288.8,288.8,7
20260311  11:29,288.7,288.7,288.4,288.4,26
20260311  11:30,288.45,288.75,288.45,288.75,6
20260311  11:31,288.75,288.8,288.65,288.65,9
20260311  11:32,288.7,288.85,288.7,288.85,5
20260311  11:33,288.8,288.8,288.8,288.8,2
20260311  11:34,288.8,288.8,288.8,288.8,0
20260311  11:35,288.8,288.8,288.8,288.8,0
20260311  11:36,288.7,288.75,288.55,288.55,10
20260311  11:37,288.7,288.7,288.4,288.45,9
20260311  11:38,288.45,288.45,288.45,288.45,2
20260311  11:39,288.3,288.35,288.1,288.25,21
20260311  11:40,288.5,288.55,288.45,288.5,14
20260311  11:41,288.55,288.55,288.35,288.45,10
20260311  11:42,288.4,288.4,288.25,288.4,13
20260311  11:43,288.4,288.4,288.4,288.4,1
20260311  11:44,288.35,288.35,288.35,288.35,1
20260311  11:45,288.35,288.35,288.05,288.35,30
20260311  11:46,288.35,288.35,288.2,288.2,13
20260311  11:47,288.15,288.15,288.15,288.15,1
20260311  11:48,288.15,288.15,287.85,287.85,22
20260311  11:49,287.9,288.15,287.9,288.15,10
20260311  11:50,288.2,288.2,288.15,288.2,4
20260311  11:51,288.0,288.35,287.95,288.25,18
20260311  11:52,288.35,288.35,288.05,288.05,3
20260311  11:53,287.85,287.85,287.7,287.7,9
20260311  11:54,287.85,287.9,287.85,287.9,5
20260311  11:55,287.8,288.0,287.8,287.9,5
20260311  11:56,287.9,287.9,287.8,287.8,7
20260311  11:57,287.65,287.65,287.2,287.4,41
20260311  11:58,287.45,287.5,287.05,287.3,44
20260311  11:59,287.4,287.4,287.4,287.4,1
20260311  12:00,287.35,287.4,287.3,287.4,14
20260311  12:01,287.3,287.3,287.05,287.05,11
20260311  12:02,287.1,287.1,286.8,286.8,63
20260311  12:03,287.1,287.1,287.1,287.1,2
20260311  12:04,287.15,287.25,286.95,286.95,17
20260311  12:05,287.0,287.1,287.0,287.1,8
20260311  12:06,287.1,287.25,286.95,286.95,16
20260311  12:07,286.95,286.95,286.95,286.95,2
20260311  12:08,287.05,287.15,287.05,287.1,8
20260311  12:09,287.05,287.05,285.95,286.4,326
20260311  12:10,286.4,286.8,286.3,286.55,27
20260311  12:11,286.65,286.65,286.65,286.65,1
20260311  12:12,286.75,287.15,286.6,287.05,47
20260311  12:13,287.15,287.2,286.9,286.95,18
20260311  12:14,287.0,287.0,286.85,286.85,4
20260311  12:15,287.0,287.3,286.95,287.25,17
20260311  12:16,287.25,287.25,287.25,287.25,0
20260311  12:17,287.2,287.2,286.75,286.75,15
20260311  12:18,286.75,286.8,286.5,286.5,10
20260311  12:19,286.5,286.65,286.5,286.65,17
20260311  12:20,286.65,286.75,286.55,286.55,11
20260311  12:21,286.55,286.8,286.55,286.8,10
20260311  12:22,286.95,286.95,286.7,286.8,5
20260311  12:23,286.9,287.15,286.8,287.05,25
20260311  12:24,287.05,287.05,287.05,287.05,0
20260311  12:25,286.95,287.2,286.95,287.2,31
20260311  12:26,287.1,287.2,287.1,287.1,13
20260311  12:27,287.1,287.25,287.1,287.25,16
20260311  12:28,287.1,287.35,287.1,287.35,45
20260311  12:29,287.4,287.4,287.1,287.1,26
20260311  12:30,287.1,287.15,286.75,287.0,35
20260311  12:31,286.9,286.95,286.75,286.75,14
20260311  12:32,286.95,286.95,286.9,286.9,4
20260311  12:33,286.9,286.9,286.8,286.8,2
20260311  12:34,286.85,286.85,286.5,286.55,12
20260311  12:35,286.55,286.8,286.5,286.55,30
20260311  12:36,286.6,286.7,286.4,286.4,7
20260311  12:37,286.55,286.55,285.8,285.85,42
20260311  12:38,285.9,286.3,285.85,286.3,15
20260311  12:39,286.3,286.4,286.2,286.3,7
20260311  12:40,286.15,286.3,286.05,286.3,10
20260311  12:41,286.4,286.9,286.4,286.8,73
20260311  12:42,286.75,286.75,286.55,286.55,6
20260311  12:43,286.55,286.7,286.45,286.65,16
20260311  12:44,286.6,286.65,286.4,286.4,11
20260311  12:45,286.4,286.65,286.4,286.65,11
20260311  12:46,286.6,286.65,286.3,286.3,7
20260311  12:47,286.4,286.65,286.4,286.5,8
20260311  12:48,286.65,286.65,286.45,286.6,8
20260311  12:49,286.6,286.6,286.45,286.55,3
20260311  12:50,286.45,286.55,286.45,286.55,4
20260311  12:51,286.4,286.6,286.25,286.6,9
20260311  12:52,286.45,286.5,286.35,286.35,7
20260311  12:53,286.25,286.35,286.1,286.3,11
20260311  12:54,286.25,286.4,286.25,286.4,7
20260311  12:55,286.35,286.35,286.25,286.35,3
20260311  12:56,286.25,286.25,286.2,286.2,6
20260311  12:57,286.1,286.1,285.45,285.45,42
20260311  12:58,285.45,285.75,285.45,285.5,19
20260311  12:59,285.5,285.5,285.05,285.2,69
20260311  13:00,285.05,285.05,284.25,284.85,384
20260311  13:01,284.9,285.35,284.7,284.8,47
20260311  13:02,284.8,285.05,284.25,284.75,65
20260311  13:03,284.7,284.75,284.05,284.3,68
20260311  13:04,284.25,284.5,283.7,283.8,62
20260311  13:05,284.1,284.25,283.85,284.0,53
20260311  13:06,284.0,284.0,283.5,283.8,55
20260311  13:07,283.85,284.65,283.85,284.5,37
20260311  13:08,284.4,285.65,284.4,285.3,179
20260311  13:09,285.5,285.65,285.2,285.65,63
20260311  13:10,285.7,285.9,285.45,285.7,59
20260311  13:11,285.55,286.15,285.55,286.0,18
20260311  13:12,286.0,286.05,285.55,285.75,32
20260311  13:13,285.4,285.75,285.4,285.7,11
20260311  13:14,285.65,286.35,285.65,286.35,43
20260311  13:15,286.05,286.1,285.75,285.9,28
20260311  13:16,285.95,286.5,285.85,286.15,47
20260311  13:17,286.2,286.6,286.15,286.5,34
20260311  13:18,286.45,286.5,285.95,285.95,41
20260311  13:19,285.85,286.05,285.8,285.9,13
20260311  13:20,286.05,286.5,286.05,286.5,19
20260311  13:21,286.5,286.65,286.45,286.5,33
20260311  13:22,286.5,287.15,286.45,287.15,35
20260311  13:23,287.2,287.65,287.2,287.55,46
20260311  13:24,287.45,287.65,287.05,287.45,31
20260311  13:25,287.4,287.45,287.2,287.45,11
20260311  13:26,287.45,287.5,287.35,287.5,13
20260311  13:27,287.45,287.45,287.25,287.25,21
20260311  13:28,287.15,287.25,287.1,287.25,20
20260311  13:29,287.25,287.5,287.2,287.45,18
20260311  13:30,287.4,287.4,287.1,287.4,75
20260312  10:15,287.7,288.4,286.75,287.5,382
20260312  10:16,287.6,288.35,287.5,288.3,100
20260312  10:17,288.35,288.7,287.85,288.6,55
20260312  10:18,288.65,289.1,288.65,289.0,93
20260312  10:19,289.0,289.65,288.95,288.95,39
20260312  10:20,289.4,289.65,289.35,289.65,28
20260312  10:21,289.55,289.75,289.55,289.7,37
20260312  10:22,289.7,289.95,289.55,289.8,29
20260312  10:23,289.85,290.0,289.55,289.55,44
20260312  10:24,289.4,289.8,289.25,289.35,37
20260312  10:25,289.3,289.55,289.3,289.5,7
20260312  10:26,289.3,289.6,289.25,289.4,12
20260312  10:27,289.2,289.35,289.1,289.2,17
20260312  10:28,289.3,289.3,289.1,289.3,12
20260312  10:29,289.25,289.35,289.25,289.3,14
20260312  10:30,289.4,289.5,289.3,289.45,4
20260312  10:31,289.2,289.65,289.2,289.35,28
20260312  10:32,289.35,289.4,289.35,289.35,5
20260312  10:33,289.4,290.45,289.4,290.45,92
20260312  10:34,290.45,290.55,290.15,290.55,24
20260312  10:35,290.3,290.4,290.3,290.4,4
20260312  10:36,290.5,290.55,290.45,290.45,9
20260312  10:37,290.4,290.4,290.25,290.3,14
20260312  10:38,290.25,290.5,290.15,290.15,16
20260312  10:39,290.0,290.0,289.9,289.9,6
20260312  10:40,290.0,290.15,289.95,289.95,9
20260312  10:41,290.1,290.1,290.0,290.0,2
20260312  10:42,289.85,289.85,289.65,289.75,16
20260312  10:43,289.65,289.65,289.15,289.15,24
20260312  10:44,289.3,289.6,288.9,289.25,54
20260312  10:45,289.35,290.1,289.3,290.1,64
20260312  10:46,290.05,290.05,289.6,289.6,8
20260312  10:47,289.65,289.65,289.3,289.3,13
20260312  10:48,289.5,289.6,289.35,289.6,16
20260312  10:49,289.65,289.8,289.55,289.55,14
20260312  10:50,289.65,290.15,289.65,290.15,17
20260312  10:51,290.1,290.1,290.0,290.05,5
20260312  10:52,290.0,290.3,290.0,290.15,10
20260312  10:53,290.15,290.6,290.05,290.55,40
20260312  10:54,290.6,290.95,290.55,290.95,41
20260312  10:55,290.9,291.55,290.9,291.35,29
20260312  10:56,291.3,291.45,291.05,291.45,22
20260312  10:57,291.1,291.45,291.1,291.4,27
20260312  10:58,291.35,291.35,291.1,291.2,14
20260312  10:59,290.8,291.2,290.8,291.0,25
20260312  11:00,291.1,291.15,290.9,291.15,17
20260312  11:01,291.25,291.25,290.95,291.15,12
20260312  11:02,291.15,291.55,291.15,291.55,7
20260312  11:03,291.55,291.55,291.35,291.4,8
20260312  11:04,291.45,291.7,291.45,291.5,16
20260312  11:05,291.45,291.65,291.45,291.65,16
20260312  11:06,291.7,291.7,291.45,291.65,7
20260312  11:07,291.6,292.1,291.6,291.9,30
20260312  11:08,292.0,292.2,291.9,292.0,58
20260312  11:09,291.9,292.05,291.75,291.75,15
20260312  11:10,291.8,291.8,291.6,291.6,27
20260312  11:11,291.5,291.55,291.4,291.4,11
20260312  11:12,291.8,291.85,291.75,291.85,8
20260312  11:13,291.85,291.9,291.75,291.75,5
20260312  11:14,291.75,291.9,291.55,291.9,12
20260312  11:15,291.85,291.9,291.85,291.9,2
20260312  11:16,291.8,291.8,291.75,291.75,2
20260312  11:17,291.8,291.8,291.6,291.6,11
20260312  11:18,291.6,291.6,291.5,291.5,9
20260312  11:19,291.35,291.35,291.35,291.35,1
20260312  11:20,291.25,291.35,291.25,291.35,3
20260312  11:21,291.35,291.35,291.15,291.3,7
20260312  11:22,291.2,291.2,291.15,291.15,9
20260312  11:23,291.2,291.6,291.2,291.6,11
20260312  11:24,291.45,291.45,291.1,291.1,11
20260312  11:25,291.15,291.4,291.15,291.35,15
20260312  11:26,291.2,291.3,291.2,291.3,6
20260312  11:27,291.25,291.35,291.25,291.35,16
20260312  11:28,291.55,291.55,291.1,291.1,17
20260312  11:29,291.45,291.45,291.3,291.35,5
20260312  11:30,291.2,291.2,291.05,291.05,4
20260312  11:31,291.1,291.1,290.65,290.7,33
20260312  11:32,290.85,290.95,290.75,290.75,14
20260312  11:33,290.75,291.05,290.75,291.05,9
20260312  11:34,291.1,291.1,290.95,290.95,3
20260312  11:35,290.85,290.85,290.85,290.85,2
20260312  11:36,290.85,290.85,290.75,290.75,5
20260312  11:37,290.85,290.85,290.7,290.7,6
20260312  11:38,290.7,290.7,290.7,290.7,0
20260312  11:39,290.85,291.0,290.8,290.8,11
20260312  11:40,290.85,291.45,290.85,291.3,30
20260312  11:41,291.35,291.35,291.35,291.35,1
20260312  11:42,291.15,291.15,290.85,290.85,5
20260312  11:43,290.8,290.8,290.45,290.45,13
20260312  11:44,290.4,290.55,290.35,290.55,8
20260312  11:45,290.55,290.65,290.55,290.65,6
20260312  11:46,290.45,290.9,290.45,290.9,6
20260312  11:47,291.0,291.1,290.85,290.95,16
20260312  11:48,291.05,291.15,291.0,291.0,7
20260312  11:49,291.0,291.0,290.7,290.85,21
20260312  11:50,290.9,291.0,290.55,290.85,33
20260312  11:51,290.85,290.85,290.85,290.85,3
20260312  11:52,290.65,290.65,290.6,290.6,3
20260312  11:53,290.7,291.2,290.7,291.0,21
20260312  11:54,290.95,291.05,290.85,291.05,16
20260312  11:55,291.05,291.25,290.9,291.25,9
20260312  11:56,291.3,291.35,291.3,291.35,2
20260312  11:57,291.3,291.3,291.2,291.25,8
20260312  11:58,291.25,291.25,291.0,291.2,13
20260312  11:59,291.25,291.35,291.25,291.25,12
20260312  12:00,291.3,291.5,291.3,291.4,30
20260312  12:01,291.35,291.65,291.35,291.65,4
20260312  12:02,291.75,291.75,291.65,291.75,7
20260312  12:03,291.85,291.85,291.45,291.6,21
20260312  12:04,291.45,291.45,291.3,291.3,8
20260312  12:05,291.3,291.3,291.25,291.3,4
20260312  12:06,291.45,291.6,291.45,291.5,3
20260312  12:07,291.5,291.5,291.5,291.5,0
20260312  12:08,291.4,291.4,291.4,291.4,2
20260312  12:09,291.5,291.55,291.5,291.55,3
20260312  12:10,291.4,291.55,291.4,291.55,4
20260312  12:11,291.5,291.5,291.5,291.5,1
20260312  12:12,291.25,291.35,291.25,291.25,6
20260312  12:13,291.25,291.25,291.25,291.25,0
20260312  12:14,291.25,291.3,291.25,291.3,3
20260312  12:15,291.25,291.25,291.25,291.25,1
20260312  12:16,291.05,291.05,290.85,290.85,2
20260312  12:17,290.95,290.95,290.95,290.95,2
20260312  12:18,291.15,291.2,291.15,291.2,3
20260312  12:19,291.1,291.1,291.1,291.1,3
20260312  12:20,291.1,291.35,291.1,291.35,4
20260312  12:21,291.25,291.25,291.15,291.15,2
20260312  12:22,291.15,291.15,291.1,291.15,9
20260312  12:23,291.0,291.0,290.7,291.0,14
20260312  12:24,290.85,290.95,290.85,290.95,5
20260312  12:25,290.8,290.8,290.8,290.8,1
20260312  12:26,290.85,291.0,290.85,291.0,6
20260312  12:27,290.9,291.1,290.9,291.1,5
20260312  12:28,291.1,291.2,290.9,291.2,49
20260312  12:29,291.05,291.05,291.05,291.05,1
20260312  12:30,291.0,291.15,291.0,291.15,6
20260312  12:31,291.2,291.25,291.2,291.25,4
20260312  12:32,291.2,291.2,291.15,291.15,4
20260312  12:33,291.05,291.05,290.85,290.95,9
20260312  12:34,291.05,291.05,291.05,291.05,1
20260312  12:35,290.85,290.85,290.85,290.85,1
20260312  12:36,290.7,291.05,290.7,291.05,6
20260312  12:37,291.1,291.1,290.95,290.95,4
20260312  12:38,290.85,290.85,290.85,290.85,1
20260312  12:39,290.65,290.75,290.65,290.75,3
20260312  12:40,290.7,290.7,290.65,290.65,4
20260312  12:41,290.55,290.55,290.2,290.3,19
20260312  12:42,290.3,290.35,290.1,290.1,9
20260312  12:43,290.15,290.15,289.95,290.1,11
20260312  12:44,290.2,290.2,290.1,290.1,5
20260312  12:45,290.2,290.35,290.15,290.35,6
20260312  12:46,290.5,290.5,290.4,290.45,4
20260312  12:47,290.25,290.25,290.2,290.2,2
20260312  12:48,290.1,290.15,290.1,290.1,5
20260312  12:49,290.1,290.1,290.1,290.1,0
20260312  12:50,290.15,290.15,290.15,290.15,1
20260312  12:51,290.0,290.1,289.95,290.1,16
20260312  12:52,290.1,290.1,289.45,289.55,52
20260312  12:53,289.45,289.55,289.2,289.3,21
20260312  12:54,289.35,289.45,289.35,289.45,9
20260312  12:55,289.5,289.5,289.4,289.45,4
20260312  12:56,289.6,289.9,289.6,289.9,6
20260312  12:57,289.85,289.85,289.85,289.85,1
20260312  12:58,289.75,289.75,289.65,289.75,3
20260312  12:59,289.75,289.75,289.7,289.7,2
20260312  13:00,289.55,290.4,289.4,290.35,49
20260312  13:01,290.25,290.3,289.95,290.05,22
20260312  13:02,290.1,290.35,290.1,290.25,9
20260312  13:03,290.25,290.35,290.05,290.1,24
20260312  13:04,290.1,290.15,289.95,290.15,18
20260312  13:05,290.1,290.55,290.1,290.45,11
20260312  13:06,290.55,290.55,290.45,290.55,11
20260312  13:07,290.4,290.55,290.3,290.55,11
20260312  13:08,290.7,290.7,290.65,290.7,7
20260312  13:09,290.7,291.85,290.7,291.2,58
20260312  13:10,291.35,291.8,291.35,291.75,54
20260312  13:11,291.85,292.0,291.75,291.9,28
20260312  13:12,291.8,291.8,291.55,291.55,10
20260312  13:13,291.5,291.55,291.3,291.35,16
20260312  13:14,291.35,291.55,291.25,291.4,20
20260312  13:15,291.45,291.5,291.4,291.5,8
20260312  13:16,291.7,292.15,291.7,291.9,39
20260312  13:17,291.95,291.95,291.85,291.95,13
20260312  13:18,291.9,291.95,291.8,291.9,17
20260312  13:19,291.9,292.05,291.85,291.95,11
20260312  13:20,292.15,292.2,292.0,292.05,22
20260312  13:21,292.0,292.0,291.65,291.75,14
20260312  13:22,291.75,291.85,291.6,291.6,18
20260312  13:23,291.7,291.75,291.5,291.6,10
20260312  13:24,291.6,291.6,291.55,291.6,8
20260312  13:25,291.55,291.55,291.5,291.55,4
20260312  13:26,291.65,291.7,291.55,291.65,10
20260312  13:27,291.7,292.1,291.7,292.05,19
20260312  13:28,292.05,292.3,291.95,292.3,26
20260312  13:29,292.45,292.5,292.25,292.3,22
20260312  13:30,292.3,292.75,292.2,292.75,81
20260313  10:15,290.2,290.5,288.15,289.25,195
20260313  10:16,288.7,288.85,288.05,288.25,41
20260313  10:17,288.15,288.2,287.6,288.2,104
20260313  10:18,288.25,288.25,288.2,288.2,7
20260313  10:19,288.1,288.3,288.05,288.1,12
20260313  10:20,288.1,288.1,287.6,287.75,23
20260313  10:21,287.85,287.85,287.25,287.5,36
20260313  10:22,287.4,287.6,287.2,287.2,26
20260313  10:23,287.3,287.5,287.05,287.25,22
20260313  10:24,287.2,287.55,287.2,287.55,12
20260313  10:25,287.75,287.95,287.45,287.45,40
20260313  10:26,287.4,287.4,286.75,286.85,79
20260313  10:27,287.0,287.25,286.05,286.55,47
20260313  10:28,286.45,286.5,286.2,286.4,26
20260313  10:29,286.4,286.45,286.05,286.45,18
20260313  10:30,286.6,286.9,286.45,286.9,30
20260313  10:31,287.0,287.25,286.95,287.05,22
20260313  10:32,287.05,287.05,286.95,287.0,6
20260313  10:33,286.9,286.95,286.85,286.95,5
20260313  10:34,287.1,287.3,287.0,287.0,11
20260313  10:35,287.15,287.3,287.15,287.2,5
20260313  10:36,287.25,287.35,287.0,287.25,9
20260313  10:37,287.2,287.2,286.75,286.8,10
20260313  10:38,286.85,286.9,286.75,286.75,4
20260313  10:39,286.75,286.75,286.3,286.3,20
20260313  10:40,286.2,286.4,286.15,286.4,7
20260313  10:41,286.3,286.3,285.8,285.8,51
20260313  10:42,285.9,285.9,285.65,285.65,13
20260313  10:43,285.85,286.1,285.65,286.1,24
20260313  10:44,286.05,286.2,286.0,286.2,9
20260313  10:45,286.2,286.35,286.2,286.25,11
20260313  10:46,286.4,286.8,286.4,286.5,9
20260313  10:47,286.45,286.45,286.45,286.45,1
20260313  10:48,286.6,286.75,286.5,286.55,21
20260313  10:49,286.5,286.65,286.5,286.65,8
20260313  10:50,286.65,286.95,286.65,286.75,11
20260313  10:51,286.85,286.95,286.7,286.7,8
20260313  10:52,286.65,286.8,286.6,286.65,20
20260313  10:53,286.65,287.15,286.65,287.15,36
20260313  10:54,287.05,287.1,287.0,287.05,6
20260313  10:55,287.1,287.1,286.95,286.95,4
20260313  10:56,286.95,287.0,286.95,287.0,3
20260313  10:57,287.05,287.05,286.85,286.85,7
20260313  10:58,286.95,286.95,286.7,286.85,9
20260313  10:59,286.8,286.95,286.8,286.95,4
20260313  11:00,287.0,287.0,286.6,286.85,24
20260313  11:01,286.9,286.9,286.6,286.65,7
20260313  11:02,286.6,286.7,286.6,286.7,7
20260313  11:03,286.7,286.7,286.7,286.7,0
20260313  11:04,286.7,287.1,286.7,287.1,5
20260313  11:05,287.05,287.25,287.05,287.2,8
20260313  11:06,287.05,287.15,286.85,286.9,10
20260313  11:07,286.95,286.95,286.65,286.65,11
20260313  11:08,286.65,286.9,286.6,286.9,15
20260313  11:09,287.05,287.2,287.05,287.15,7
20260313  11:10,287.1,287.2,287.1,287.1,7
20260313  11:11,287.1,287.25,287.05,287.25,6
20260313  11:12,287.1,287.1,286.95,286.95,9
20260313  11:13,286.95,287.1,286.95,287.1,3
20260313  11:14,287.45,287.7,287.25,287.6,11
20260313  11:15,287.6,287.7,287.55,287.55,5
20260313  11:16,287.5,287.6,287.5,287.6,6
20260313  11:17,287.55,287.7,287.55,287.7,5
20260313  11:18,287.7,287.75,287.5,287.5,12
20260313  11:19,287.5,287.55,287.45,287.55,17
20260313  11:20,287.45,287.7,287.4,287.7,7
20260313  11:21,287.6,287.7,287.6,287.7,8
20260313  11:22,287.55,287.6,287.5,287.6,12
20260313  11:23,287.5,287.5,287.3,287.5,10
20260313  11:24,287.35,287.35,286.95,286.95,8
20260313  11:25,286.95,287.0,286.9,286.9,4
20260313  11:26,287.05,287.1,287.0,287.1,5
20260313  11:27,287.0,287.0,286.6,286.85,34
20260313  11:28,286.95,286.95,286.65,286.7,14
20260313  11:29,286.7,286.85,286.7,286.85,6
20260313  11:30,286.95,287.2,286.95,287.2,3
20260313  11:31,287.25,287.45,287.25,287.35,10
20260313  11:32,287.4,287.45,287.35,287.45,4
20260313  11:33,287.4,287.6,287.4,287.6,12
20260313  11:34,287.6,287.65,287.15,287.15,8
20260313  11:35,287.25,287.4,287.25,287.4,4
20260313  11:36,287.4,287.4,287.4,287.4,0
20260313  11:37,287.35,287.5,287.35,287.5,5
20260313  11:38,287.45,287.45,287.45,287.45,1
20260313  11:39,287.4,287.4,287.4,287.4,5
20260313  11:40,287.35,287.8,287.3,287.65,29
20260313  11:41,287.8,288.0,287.65,287.7,24
20260313  11:42,287.6,288.25,287.6,287.9,64
20260313  11:43,287.85,288.05,287.75,287.95,15
20260313  11:44,287.9,287.9,287.9,287.9,1
20260313  11:45,287.7,288.2,287.7,287.95,16
20260313  11:46,288.1,288.3,288.1,288.3,7
20260313  11:47,288.25,288.4,288.2,288.2,17
20260313  11:48,288.15,288.95,288.15,288.9,56
20260313  11:49,288.85,288.9,288.8,288.8,9
20260313  11:50,288.55,288.55,288.55,288.55,3
20260313  11:51,288.55,288.55,288.25,288.3,38
20260313  11:52,288.25,288.25,288.2,288.2,4
20260313  11:53,288.2,288.3,288.2,288.3,2
20260313  11:54,288.3,288.3,288.3,288.3,0
20260313  11:55,288.3,288.3,288.3,288.3,0
20260313  11:56,288.25,288.3,288.25,288.3,3
20260313  11:57,288.3,288.3,288.15,288.15,5
20260313  11:58,288.0,288.0,288.0,288.0,2
20260313  11:59,288.0,288.1,287.85,288.0,7
20260313  12:00,287.95,288.2,287.95,288.2,8
20260313  12:01,288.2,288.2,287.65,287.65,8
20260313  12:02,287.75,287.9,287.75,287.8,11
20260313  12:03,287.75,287.75,287.4,287.4,13
20260313  12:04,287.25,287.25,287.0,287.25,12
20260313  12:05,287.3,287.3,287.2,287.25,9
20260313  12:06,287.25,287.25,287.2,287.25,6
20260313  12:07,287.25,287.25,287.25,287.25,0
20260313  12:08,287.1,287.2,287.0,287.05,7
20260313  12:09,287.1,287.35,287.05,287.15,26
20260313  12:10,287.2,287.2,287.2,287.2,1
20260313  12:11,287.05,287.05,286.9,287.0,21
20260313  12:12,287.25,287.4,287.25,287.35,5
20260313  12:13,287.3,287.4,287.3,287.4,6
20260313  12:14,287.45,287.45,287.45,287.45,1
20260313  12:15,287.45,287.6,287.45,287.6,13
20260313  12:16,287.6,287.75,287.6,287.7,6
20260313  12:17,287.7,287.7,287.7,287.7,0
20260313  12:18,287.65,287.7,287.55,287.65,40
20260313  12:19,287.75,287.85,287.75,287.85,2
20260313  12:20,287.8,287.8,287.75,287.75,4
20260313  12:21,287.55,287.6,287.55,287.6,8
20260313  12:22,287.75,287.75,287.55,287.75,17
20260313  12:23,287.75,287.9,287.55,287.9,29
20260313  12:24,287.9,287.9,287.85,287.9,5
20260313  12:25,287.8,288.0,287.8,288.0,8
20260313  12:26,288.05,288.05,288.0,288.0,5
20260313  12:27,287.75,287.75,287.75,287.75,1
20260313  12:28,287.8,287.8,287.8,287.8,2
20260313  12:29,287.75,288.0,287.75,287.9,12
20260313  12:30,287.7,287.7,287.55,287.55,4
20260313  12:31,287.55,287.55,287.2,287.35,27
20260313  12:32,287.45,287.5,287.3,287.3,9
20260313  12:33,287.4,287.4,287.2,287.3,4
20260313  12:34,287.25,287.25,287.25,287.25,1
20260313  12:35,287.25,287.3,287.0,287.1,9
20260313  12:36,287.05,287.05,286.85,286.9,12
20260313  12:37,286.95,286.95,286.9,286.9,2
20260313  12:38,286.8,286.8,286.4,286.45,31
20260313  12:39,286.5,286.7,286.45,286.7,13
20260313  12:40,286.65,286.85,286.65,286.8,8
20260313  12:41,286.9,287.3,286.9,287.25,16
20260313  12:42,287.25,287.25,287.25,287.25,0
20260313  12:43,287.15,287.3,287.15,287.3,5
20260313  12:44,287.4,287.45,287.4,287.45,3
20260313  12:45,287.45,287.45,287.2,287.2,7
20260313  12:46,287.15,287.15,287.1,287.1,2
20260313  12:47,287.1,287.1,287.1,287.1,0
20260313  12:48,287.15,287.15,287.1,287.1,3
20260313  12:49,287.15,287.2,286.9,286.9,10
20260313  12:50,286.9,286.9,286.85,286.85,4
20260313  12:51,286.75,286.8,286.75,286.8,3
20260313  12:52,286.9,287.15,286.9,287.15,7
20260313  12:53,287.0,287.0,287.0,287.0,4
20260313  12:54,286.9,286.9,286.8,286.8,3
20260313  12:55,286.75,286.75,286.7,286.7,2
20260313  12:56,286.7,286.85,286.7,286.85,13
20260313  12:57,286.8,286.8,286.75,286.8,4
20260313  12:58,286.75,286.75,286.6,286.75,10
20260313  12:59,286.8,287.15,286.8,287.15,23
20260313  13:00,287.05,287.65,286.8,287.65,70
20260313  13:01,287.8,288.8,287.8,288.55,60
20260313  13:02,288.45,288.45,288.0,288.1,17
20260313  13:03,288.05,288.05,287.45,287.95,26
20260313  13:04,288.05,288.05,287.8,287.85,12
20260313  13:05,288.0,288.25,287.8,288.25,41
20260313  13:06,288.3,289.1,288.3,288.9,78
20260313  13:07,289.0,289.1,288.6,288.6,10
20260313  13:08,288.6,289.35,288.5,289.2,23
20260313  13:09,289.2,289.4,289.15,289.3,37
20260313  13:10,289.5,289.65,289.15,289.5,38
20260313  13:11,289.35,289.35,289.1,289.2,15
20260313  13:12,289.45,289.45,288.75,288.8,10
20260313  13:13,288.7,288.95,288.45,288.8,19
20260313  13:14,288.8,288.8,288.55,288.65,5
20260313  13:15,288.65,289.1,288.65,288.95,23
20260313  13:16,289.0,289.05,289.0,289.05,2
20260313  13:17,288.85,289.05,288.8,289.05,6
20260313  13:18,288.95,289.05,288.8,288.95,14
20260313  13:19,289.05,289.5,289.05,289.5,46
20260313  13:20,289.65,290.0,289.65,289.8,28
20260313  13:21,289.6,289.65,289.6,289.65,4
20260313  13:22,289.5,289.5,288.95,289.0,26
20260313  13:23,289.0,289.4,288.8,288.95,24
20260313  13:24,288.9,289.15,288.85,289.15,9
20260313  13:25,289.3,289.4,289.3,289.4,3
20260313  13:26,289.35,289.45,289.35,289.35,4
20260313  13:27,289.2,289.3,289.2,289.3,3
20260313  13:28,289.3,289.35,289.2,289.25,14
20260313  13:29,289.25,289.4,289.15,289.4,3
20260313  13:30,289.25,289.35,289.05,289.2,27
20260316  10:15,284.55,285.0,284.05,284.25,176
20260316  10:16,284.5,284.9,284.35,284.4,20
20260316  10:17,284.45,285.0,284.3,284.3,25
20260316  10:18,284.45,284.55,283.8,284.1,51
20260316  10:19,284.0,284.0,283.75,283.85,29
20260316  10:20,283.75,284.0,283.75,284.0,17
20260316  10:21,283.85,283.85,283.55,283.8,18
20260316  10:22,283.8,284.05,283.65,284.05,11
20260316  10:23,284.1,284.25,284.1,284.25,4
20260316  10:24,284.45,284.7,284.45,284.7,14
20260316  10:25,284.65,284.65,284.1,284.25,17
20260316  10:26,284.1,284.4,283.8,283.95,40
20260316  10:27,283.85,283.85,283.8,283.8,5
20260316  10:28,283.8,284.25,283.8,284.25,40
20260316  10:29,284.3,284.4,284.15,284.15,6
20260316  10:30,284.0,284.0,283.85,284.0,7
20260316  10:31,284.0,284.25,284.0,284.0,5
20260316  10:32,283.7,283.7,283.35,283.65,28
20260316  10:33,283.5,283.6,283.5,283.55,8
20260316  10:34,283.7,283.7,283.7,283.7,1
20260316  10:35,283.6,283.7,283.15,283.15,31
20260316  10:36,283.15,283.15,282.95,283.15,19
20260316  10:37,283.5,283.5,283.3,283.35,3
20260316  10:38,283.5,283.5,283.3,283.45,20
20260316  10:39,283.5,283.55,283.2,283.25,27
20260316  10:40,283.3,283.3,282.95,282.95,23
20260316  10:41,283.0,283.1,282.75,282.75,30
20260316  10:42,282.75,282.75,282.75,282.75,1
20260316  10:43,282.85,283.0,282.75,282.8,30
20260316  10:44,282.85,283.6,282.85,283.4,44
20260316  10:45,283.45,283.55,283.45,283.55,5
20260316  10:46,283.55,283.55,283.3,283.3,5
20260316  10:47,283.35,283.55,283.25,283.45,18
20260316  10:48,283.5,283.7,283.5,283.7,11
20260316  10:49,283.7,283.7,283.4,283.4,3
20260316  10:50,283.5,283.5,283.3,283.3,12
20260316  10:51,283.2,283.3,283.2,283.3,9
20260316  10:52,283.35,283.35,283.35,283.35,1
20260316  10:53,283.2,283.2,283.05,283.2,23
20260316  10:54,283.2,283.2,283.2,283.2,1
20260316  10:55,283.15,283.4,283.15,283.4,3
20260316  10:56,283.5,283.65,283.35,283.5,11
20260316  10:57,283.35,283.35,283.3,283.35,5
20260316  10:58,283.45,283.55,283.3,283.3,8
20260316  10:59,283.15,283.15,283.1,283.15,10
20260316  11:00,283.15,283.15,282.95,283.1,30
20260316  11:01,283.2,283.2,282.95,282.95,23
20260316  11:02,282.95,283.0,282.95,283.0,3
20260316  11:03,283.05,283.05,282.95,282.95,7
20260316  11:04,282.95,282.95,282.0,282.25,166
20260316  11:05,282.25,282.45,282.25,282.45,15
20260316  11:06,282.6,282.85,282.55,282.8,12
20260316  11:07,282.85,282.85,282.6,282.65,11
20260316  11:08,282.65,282.7,282.6,282.7,3
20260316  11:09,282.65,282.7,282.65,282.7,4
20260316  11:10,282.65,282.65,281.6,281.6,267
20260316  11:11,281.65,281.95,281.6,281.95,37
20260316  11:12,281.95,282.15,281.9,282.05,31
20260316  11:13,282.1,282.2,282.1,282.1,7
20260316  11:14,282.0,282.0,282.0,282.0,3
20260316  11:15,282.1,282.1,281.85,282.05,13
20260316  11:16,282.2,282.35,282.2,282.35,3
20260316  11:17,282.4,282.75,282.4,282.7,16
20260316  11:18,282.8,282.85,282.7,282.7,5
20260316  11:19,282.65,282.8,282.6,282.8,6
20260316  11:20,282.85,282.85,282.4,282.4,5
20260316  11:21,282.45,282.5,282.2,282.2,14
20260316  11:22,282.35,282.45,282.3,282.45,26
20260316  11:23,282.45,282.5,282.45,282.45,6
20260316  11:24,282.5,282.6,282.3,282.3,8
20260316  11:25,282.25,282.25,282.1,282.1,5
20260316  11:26,282.1,282.35,282.1,282.35,7
20260316  11:27,282.25,282.3,282.25,282.3,5
20260316  11:28,282.35,282.4,282.3,282.3,34
20260316  11:29,282.25,282.55,282.15,282.55,6
20260316  11:30,282.5,282.5,282.45,282.5,9
20260316  11:31,282.5,282.5,282.45,282.5,6
20260316  11:32,282.45,282.45,282.45,282.45,1
20260316  11:33,282.5,282.5,282.5,282.5,1
20260316  11:34,282.3,282.4,282.3,282.4,6
20260316  11:35,282.4,282.4,282.2,282.2,2
20260316  11:36,282.15,282.25,282.15,282.25,6
20260316  11:37,282.2,282.25,282.05,282.25,25
20260316  11:38,282.25,282.3,282.25,282.3,2
20260316  11:39,282.35,282.5,282.3,282.5,28
20260316  11:40,282.5,282.95,282.5,282.95,37
20260316  11:41,282.9,283.15,282.9,283.15,33
20260316  11:42,282.9,282.95,282.9,282.95,3
20260316  11:43,282.95,282.95,282.85,282.85,3
20260316  11:44,282.85,282.85,282.85,282.85,0
20260316  11:45,282.85,283.55,282.85,283.55,20
20260316  11:46,283.25,283.25,283.25,283.25,3
20260316  11:47,283.2,283.2,283.0,283.15,6
20260316  11:48,283.25,283.65,283.25,283.65,4
20260316  11:49,283.4,283.4,283.25,283.35,5
20260316  11:50,283.35,283.35,283.3,283.3,6
20260316  11:51,283.2,283.3,283.2,283.3,7
20260316  11:52,283.5,283.75,283.5,283.75,8
20260316  11:53,283.55,283.55,283.55,283.55,1
20260316  11:54,283.8,283.8,283.65,283.65,3
20260316  11:55,283.55,283.55,283.55,283.55,10
20260316  11:56,283.8,283.8,283.8,283.8,3
20260316  11:57,283.85,283.95,283.85,283.9,10
20260316  11:58,283.9,283.9,283.9,283.9,0
20260316  11:59,283.8,283.8,283.7,283.7,4
20260316  12:00,283.65,283.85,283.65,283.8,12
20260316  12:01,283.65,283.65,283.65,283.65,1
20260316  12:02,283.7,283.7,283.15,283.15,13
20260316  12:03,283.15,283.2,283.0,283.1,18
20260316  12:04,283.2,283.2,283.2,283.2,1
20260316  12:05,283.4,283.55,283.35,283.55,14
20260316  12:06,283.2,283.2,283.05,283.05,6
20260316  12:07,283.15,283.15,282.75,282.75,30
20260316  12:08,282.95,283.1,282.95,283.1,5
20260316  12:09,283.15,283.15,282.95,282.95,4
20260316  12:10,282.9,282.9,282.75,282.75,12
20260316  12:11,282.75,283.1,282.75,283.1,11
20260316  12:12,283.1,283.35,283.1,283.25,6
20260316  12:13,283.1,283.1,283.1,283.1,1
20260316  12:14,283.15,283.15,283.0,283.1,4
20260316  12:15,283.1,283.1,283.1,283.1,0
20260316  12:16,282.95,282.95,282.8,282.8,3
20260316  12:17,282.9,282.9,282.9,282.9,3
20260316  12:18,282.9,282.9,282.9,282.9,1
20260316  12:19,282.8,282.8,282.8,282.8,1
20260316  12:20,282.85,283.35,282.85,283.2,15
20260316  12:21,283.2,283.2,283.2,283.2,0
20260316  12:22,283.1,283.3,283.1,283.3,3
20260316  12:23,283.3,283.3,283.3,283.3,0
20260316  12:24,283.3,283.6,283.3,283.6,5
20260316  12:25,283.55,283.65,283.5,283.5,7
20260316  12:26,283.6,283.6,283.5,283.6,5
20260316  12:27,283.6,283.6,283.6,283.6,4
20260316  12:28,283.7,283.7,283.65,283.65,2
20260316  12:29,283.65,283.65,283.65,283.65,2
20260316  12:30,283.65,283.65,283.4,283.6,17
20260316  12:31,283.45,283.45,283.3,283.35,9
20260316  12:32,283.4,283.4,283.4,283.4,2
20260316  12:33,283.3,283.3,283.3,283.3,1
20260316  12:34,283.35,283.45,283.35,283.45,3
20260316  12:35,283.35,283.35,283.15,283.35,7
20260316  12:36,283.4,283.4,283.4,283.4,1
20260316  12:37,283.25,283.3,283.25,283.3,3
20260316  12:38,283.4,283.5,283.4,283.5,8
20260316  12:39,283.5,283.9,283.4,283.85,22
20260316  12:40,283.85,284.15,283.75,284.05,32
20260316  12:41,284.1,284.7,284.05,284.7,58
20260316  12:42,284.75,284.75,284.25,284.25,46
20260316  12:43,284.25,284.45,283.9,284.1,27
20260316  12:44,284.05,284.25,283.95,284.15,32
20260316  12:45,284.1,284.1,283.85,283.85,19
20260316  12:46,283.9,284.0,283.9,284.0,5
20260316  12:47,284.15,284.15,284.05,284.05,8
20260316  12:48,284.05,284.15,284.05,284.15,2
20260316  12:49,284.05,284.25,284.05,284.2,16
20260316  12:50,284.45,284.45,284.35,284.4,10
20260316  12:51,284.45,284.45,284.3,284.35,3
20260316  12:52,284.3,284.35,284.1,284.1,32
20260316  12:53,284.1,284.1,283.8,283.8,19
20260316  12:54,283.9,283.95,283.55,283.75,18
20260316  12:55,283.65,283.95,283.65,283.95,10
20260316  12:56,283.85,284.2,283.85,284.1,14
20260316  12:57,284.05,284.1,284.05,284.1,3
20260316  12:58,284.15,284.15,284.15,284.15,2
20260316  12:59,284.0,284.0,283.8,283.8,15
20260316  13:00,283.65,284.2,283.65,284.15,30
20260316  13:01,284.15,284.25,283.85,284.0,44
20260316  13:02,284.1,284.65,283.95,284.65,24
20260316  13:03,284.7,285.15,284.6,285.15,72
20260316  13:04,285.2,285.55,285.2,285.4,19
20260316  13:05,285.35,285.35,285.1,285.1,22
20260316  13:06,285.1,285.55,285.1,285.4,24
20260316  13:07,285.35,285.5,285.3,285.35,11
20260316  13:08,285.5,285.95,285.5,285.9,43
20260316  13:09,285.9,286.0,285.55,285.85,64
20260316  13:10,285.8,285.9,285.8,285.9,10
20260316  13:11,285.95,285.95,285.5,285.7,34
20260316  13:12,285.6,286.0,285.6,285.85,32
20260316  13:13,285.85,285.85,285.65,285.65,10
20260316  13:14,285.6,285.6,285.55,285.6,8
20260316  13:15,285.5,286.0,285.35,286.0,41
20260316  13:16,286.0,286.35,285.65,285.65,53
20260316  13:17,285.75,285.85,285.7,285.7,12
20260316  13:18,285.75,285.75,285.05,285.1,22
20260316  13:19,285.2,285.2,285.0,285.15,14
20260316  13:20,285.1,285.35,285.0,285.3,12
20260316  13:21,285.4,285.7,285.4,285.6,17
20260316  13:22,285.4,285.45,285.4,285.45,2
20260316  13:23,285.4,285.75,285.4,285.7,12
20260316  13:24,285.7,285.8,285.7,285.8,6
20260316  13:25,285.65,285.65,285.65,285.65,4
20260316  13:26,285.7,285.75,285.0,285.05,57
20260316  13:27,285.05,285.2,285.05,285.2,58
20260316  13:28,285.2,285.2,285.0,285.0,7
20260316  13:29,285.1,285.2,284.95,284.95,11
20260316  13:30,285.05,285.8,285.05,285.55,48
20260317  10:15,293.0,294.35,292.95,293.75,182
20260317  10:16,293.85,294.2,293.75,293.75,38
20260317  10:17,293.85,294.1,293.6,293.6,16
20260317  10:18,293.65,293.75,293.3,293.4,17
20260317  10:19,293.45,293.85,293.45,293.5,33
20260317  10:20,293.4,294.35,293.4,294.35,43
20260317  10:21,294.2,294.3,293.95,294.3,43
20260317  10:22,294.4,294.4,293.9,294.1,32
20260317  10:23,293.95,294.0,293.75,293.9,9
20260317  10:24,293.8,294.0,293.65,293.65,8
20260317  10:25,293.7,293.7,293.3,293.35,9
20260317  10:26,293.25,293.5,293.15,293.5,7
20260317  10:27,293.55,293.75,293.55,293.75,4
20260317  10:28,293.6,293.6,293.1,293.1,9
20260317  10:29,293.05,293.2,292.4,292.45,56
20260317  10:30,292.45,292.55,292.3,292.55,15
20260317  10:31,292.55,292.8,292.5,292.8,8
20260317  10:32,292.65,293.4,292.65,293.15,21
20260317  10:33,293.15,293.15,293.0,293.0,5
20260317  10:34,293.0,293.1,292.75,292.9,11
20260317  10:35,292.9,292.9,292.9,292.9,0
20260317  10:36,292.75,293.05,292.6,293.05,5
20260317  10:37,292.6,292.6,292.15,292.2,10
20260317  10:38,292.2,292.5,292.2,292.5,4
20260317  10:39,292.55,292.55,292.55,292.55,1
20260317  10:40,292.55,292.55,292.2,292.2,5
20260317  10:41,292.05,292.45,292.05,292.4,22
20260317  10:42,292.15,292.65,292.15,292.65,11
20260317  10:43,292.55,292.55,292.2,292.4,8
20260317  10:44,292.3,292.3,292.0,292.0,8
20260317  10:45,292.05,292.35,292.05,292.3,12
20260317  10:46,292.35,292.4,291.9,291.9,14
20260317  10:47,292.05,292.25,292.05,292.1,6
20260317  10:48,292.1,292.5,292.1,292.2,11
20260317  10:49,292.05,292.2,292.05,292.15,9
20260317  10:50,292.05,292.2,291.9,291.9,10
20260317  10:51,292.05,292.35,292.05,292.3,7
20260317  10:52,292.4,292.45,292.4,292.45,3
20260317  10:53,292.6,292.75,292.45,292.75,22
20260317  10:54,292.5,292.65,292.45,292.55,16
20260317  10:55,292.5,292.6,292.5,292.55,5
20260317  10:56,292.5,292.5,292.4,292.4,3
20260317  10:57,292.4,292.45,292.4,292.45,5
20260317  10:58,292.6,292.7,292.6,292.7,7
20260317  10:59,292.75,292.95,292.75,292.95,7
20260317  11:00,292.95,292.95,292.55,292.6,9
20260317  11:01,292.65,292.85,292.65,292.85,3
20260317  11:02,292.85,292.85,292.85,292.85,0
20260317  11:03,292.85,292.85,292.85,292.85,0
20260317  11:04,293.15,293.15,292.95,293.0,9
20260317  11:05,292.85,292.95,292.85,292.95,3
20260317  11:06,292.9,292.9,292.75,292.85,7
20260317  11:07,292.95,293.05,292.95,293.05,4
20260317  11:08,293.05,293.05,292.75,292.85,19
20260317  11:09,292.95,293.05,292.95,293.0,7
20260317  11:10,292.85,292.85,292.5,292.75,31
20260317  11:11,292.8,293.3,292.8,293.3,19
20260317  11:12,293.3,293.35,293.3,293.3,4
20260317  11:13,293.5,294.05,293.45,294.05,49
20260317  11:14,293.95,294.4,293.65,293.65,39
20260317  11:15,293.75,293.8,293.6,293.65,11
20260317  11:16,293.75,294.0,293.75,294.0,13
20260317  11:17,294.1,294.55,294.1,294.35,24
20260317  11:18,294.4,294.5,294.2,294.35,25
20260317  11:19,294.45,294.55,294.4,294.45,12
20260317  11:20,294.35,294.5,293.85,294.0,13
20260317  11:21,294.2,294.2,293.9,293.9,9
20260317  11:22,293.7,293.75,293.5,293.55,18
20260317  11:23,293.65,293.65,293.1,293.25,19
20260317  11:24,293.25,293.55,293.25,293.55,11
20260317  11:25,293.8,293.8,293.5,293.55,14
20260317  11:26,293.6,293.6,293.1,293.1,16
20260317  11:27,292.95,293.15,292.5,292.5,19
20260317  11:28,292.6,292.6,292.05,292.15,29
20260317  11:29,292.1,292.1,291.9,291.9,4
20260317  11:30,291.85,292.25,291.85,291.95,6
20260317  11:31,292.1,292.1,291.95,292.1,8
20260317  11:32,291.95,291.95,291.95,291.95,2
20260317  11:33,292.1,292.2,291.9,291.9,40
20260317  11:34,292.2,293.0,292.2,293.0,19
20260317  11:35,292.9,293.05,292.85,292.85,14
20260317  11:36,292.7,292.75,292.65,292.65,4
20260317  11:37,292.45,292.5,292.45,292.5,2
20260317  11:38,292.15,292.5,291.9,292.5,21
20260317  11:39,292.3,292.3,292.0,292.15,7
20260317  11:40,292.15,292.15,292.15,292.15,0
20260317  11:41,292.15,292.15,292.15,292.15,0
20260317  11:42,292.35,292.7,292.35,292.6,10
20260317  11:43,292.8,292.85,292.6,292.6,7
20260317  11:44,292.6,292.6,292.6,292.6,0
20260317  11:45,292.65,292.65,292.65,292.65,1
20260317  11:46,292.65,292.75,292.65,292.7,4
20260317  11:47,292.75,292.75,292.7,292.7,7
20260317  11:48,292.9,293.35,292.9,293.3,15
20260317  11:49,293.05,293.1,292.9,292.9,10
20260317  11:50,292.75,292.75,292.65,292.7,15
20260317  11:51,292.9,292.9,292.9,292.9,1
20260317  11:52,293.15,293.55,293.15,293.5,32
20260317  11:53,293.6,293.7,293.6,293.7,6
20260317  11:54,293.65,293.7,293.65,293.7,2
20260317  11:55,293.8,293.85,293.8,293.85,2
20260317  11:56,293.65,293.65,293.65,293.65,2
20260317  11:57,293.7,293.7,293.65,293.65,2
20260317  11:58,293.65,293.65,293.65,293.65,1
20260317  11:59,293.7,293.7,293.7,293.7,1
20260317  12:00,293.55,293.55,293.5,293.5,3
20260317  12:01,293.5,293.6,293.45,293.6,9
20260317  12:02,293.65,293.85,293.45,293.85,8
20260317  12:03,293.85,293.85,293.85,293.85,0
20260317  12:04,293.85,293.85,293.85,293.85,0
20260317  12:05,293.85,293.85,293.85,293.85,0
20260317  12:06,293.85,293.85,293.75,293.75,4
20260317  12:07,293.7,293.8,293.65,293.8,6
20260317  12:08,294.0,294.0,293.85,293.85,2
20260317  12:09,293.95,294.15,293.8,294.15,14
20260317  12:10,294.4,294.7,294.35,294.5,49
20260317  12:11,294.4,294.4,294.05,294.05,14
20260317  12:12,293.95,294.0,293.95,294.0,10
20260317  12:13,294.05,294.05,293.8,293.8,6
20260317  12:14,293.85,294.25,293.85,293.95,13
20260317  12:15,294.0,294.15,293.85,293.95,16
20260317  12:16,293.85,294.0,293.8,294.0,13
20260317  12:17,294.35,294.4,294.25,294.3,9
20260317  12:18,294.3,294.3,294.2,294.25,9
20260317  12:19,294.3,294.3,294.3,294.3,3
20260317  12:20,294.25,294.4,294.25,294.3,7
20260317  12:21,294.15,294.15,293.95,294.1,8
20260317  12:22,294.2,294.3,294.2,294.25,9
20260317  12:23,294.15,294.2,293.95,294.15,16
20260317  12:24,294.1,294.4,294.1,294.4,2
20260317  12:25,294.65,295.05,294.6,294.6,57
20260317  12:26,294.65,294.75,294.45,294.45,8
20260317  12:27,294.35,294.75,294.35,294.6,20
20260317  12:28,294.55,294.65,294.4,294.55,14
20260317  12:29,294.6,294.6,294.45,294.45,2
20260317  12:30,294.5,294.6,294.5,294.6,5
20260317  12:31,294.8,294.8,294.8,294.8,2
20260317  12:32,294.6,294.6,294.45,294.5,8
20260317  12:33,294.55,294.65,294.4,294.4,13
20260317  12:34,294.4,294.4,294.4,294.4,2
20260317  12:35,294.45,294.45,294.05,294.15,22
20260317  12:36,294.1,294.3,294.1,294.3,13
20260317  12:37,294.25,294.25,294.0,294.0,6
20260317  12:38,294.0,294.1,294.0,294.1,4
20260317  12:39,294.15,294.15,294.1,294.1,5
20260317  12:40,294.1,294.1,294.1,294.1,0
20260317  12:41,294.35,294.35,294.35,294.35,2
20260317  12:42,294.35,294.75,294.35,294.65,21
20260317  12:43,294.55,294.55,294.25,294.3,9
20260317  12:44,294.3,294.3,294.3,294.3,0
20260317  12:45,294.25,294.3,294.1,294.15,6
20260317  12:46,294.25,294.35,294.25,294.35,2
20260317  12:47,294.65,294.8,294.65,294.8,6
20260317  12:48,294.9,295.1,294.85,295.05,19
20260317  12:49,295.1,295.25,294.8,294.8,13
20260317  12:50,294.95,294.95,294.8,294.9,4
20260317  12:51,295.0,295.55,295.0,295.45,40
20260317  12:52,295.45,295.55,295.15,295.15,16
20260317  12:53,294.85,294.85,294.75,294.85,7
20260317  12:54,294.65,294.65,294.65,294.65,1
20260317  12:55,294.6,294.6,294.35,294.6,13
20260317  12:56,294.5,294.5,294.45,294.45,3
20260317  12:57,294.45,294.45,294.45,294.45,2
20260317  12:58,294.5,294.65,294.35,294.35,16
20260317  12:59,294.35,294.35,294.25,294.3,4
20260317  13:00,294.15,294.55,294.15,294.2,36
20260317  13:01,294.15,294.15,293.1,293.3,70
20260317  13:02,293.55,294.1,293.55,293.8,31
20260317  13:03,293.95,295.85,293.95,295.75,53
20260317  13:04,295.85,296.0,295.25,295.5,44
20260317  13:05,295.6,295.95,295.6,295.95,33
20260317  13:06,295.85,296.0,295.2,295.45,27
20260317  13:07,295.7,296.0,295.55,295.8,53
20260317  13:08,295.8,297.25,295.65,297.25,171
20260317  13:09,297.35,298.15,296.95,297.85,149
20260317  13:10,297.9,298.15,297.5,297.95,61
20260317  13:11,297.75,297.75,297.3,297.35,23
20260317  13:12,297.3,297.8,297.3,297.65,41
20260317  13:13,297.6,297.6,297.25,297.4,26
20260317  13:14,297.45,297.75,297.4,297.75,20
20260317  13:15,297.7,297.9,297.6,297.65,41
20260317  13:16,297.8,297.9,297.7,297.85,19
20260317  13:17,298.0,298.75,297.8,298.65,120
20260317  13:18,298.8,298.8,298.4,298.45,40
20260317  13:19,298.45,298.7,298.45,298.7,15
20260317  13:20,298.8,298.9,298.2,298.2,70
20260317  13:21,298.1,298.2,297.8,298.2,35
20260317  13:22,298.15,298.15,297.45,297.5,49
20260317  13:23,297.6,297.75,297.35,297.4,24
20260317  13:24,297.45,297.6,297.35,297.4,28
20260317  13:25,297.45,297.6,297.45,297.6,7
20260317  13:26,297.55,297.85,297.55,297.85,16
20260317  13:27,297.9,297.9,297.6,297.6,6
20260317  13:28,297.8,298.2,297.55,298.2,31
20260317  13:29,298.25,298.25,298.05,298.15,17
20260317  13:30,298.2,299.0,298.2,298.3,108
20260318  10:15,294.4,295.2,293.1,294.6,143
20260318  10:16,294.6,295.15,294.6,294.8,20
20260318  10:17,294.8,294.85,294.25,294.4,20
20260318  10:18,294.5,294.5,293.85,294.1,20
20260318  10:19,294.0,294.2,294.0,294.2,3
20260318  10:20,294.35,294.75,294.35,294.6,10
20260318  10:21,294.35,294.45,294.0,294.0,13
20260318  10:22,294.15,294.2,293.85,294.2,17
20260318  10:23,294.4,294.4,294.2,294.25,10
20260318  10:24,294.25,294.25,293.55,293.75,25
20260318  10:25,293.7,293.7,293.25,293.25,10
20260318  10:26,293.25,293.35,293.2,293.2,6
20260318  10:27,293.45,293.65,293.25,293.25,17
20260318  10:28,293.5,293.55,292.2,293.1,98
20260318  10:29,293.25,293.3,293.15,293.3,15
20260318  10:30,293.4,293.6,293.4,293.6,3
20260318  10:31,293.65,293.95,293.65,293.8,13
20260318  10:32,293.75,294.0,293.65,293.75,10
20260318  10:33,293.65,293.85,293.6,293.85,13
20260318  10:34,294.0,294.15,293.8,293.8,17
20260318  10:35,293.65,293.75,293.6,293.75,7
20260318  10:36,293.65,293.65,293.5,293.6,5
20260318  10:37,293.65,294.0,293.65,293.85,11
20260318  10:38,293.95,294.4,293.85,294.3,18
20260318  10:39,294.4,294.4,294.25,294.3,6
20260318  10:40,294.35,294.75,294.35,294.55,17
20260318  10:41,294.7,294.75,294.2,294.2,24
20260318  10:42,294.1,294.45,293.95,293.95,17
20260318  10:43,294.05,294.45,294.0,294.25,22
20260318  10:44,294.3,294.3,294.3,294.3,1
20260318  10:45,294.35,294.4,294.15,294.25,16
20260318  10:46,294.25,294.3,294.15,294.15,9
20260318  10:47,294.5,294.75,294.5,294.55,10
20260318  10:48,294.5,294.5,294.35,294.35,5
20260318  10:49,294.35,294.35,294.1,294.1,6
20260318  10:50,294.2,294.3,293.75,293.75,16
20260318  10:51,293.8,293.8,293.5,293.5,8
20260318  10:52,293.85,293.95,293.8,293.8,10
20260318  10:53,293.8,293.85,293.6,293.6,5
20260318  10:54,293.55,293.55,293.5,293.5,2
20260318  10:55,293.55,293.65,293.5,293.55,9
20260318  10:56,293.6,293.75,293.6,293.75,9
20260318  10:57,293.65,293.65,293.55,293.55,2
20260318  10:58,293.75,293.85,293.75,293.8,8
20260318  10:59,293.8,293.95,293.75,293.9,6
20260318  11:00,293.85,294.05,293.8,294.0,7
20260318  11:01,294.0,294.0,293.35,293.65,57
20260318  11:02,293.55,293.55,292.95,293.35,37
20260318  11:03,293.6,293.8,293.6,293.8,4
20260318  11:04,293.9,294.35,293.9,294.35,15
20260318  11:05,294.35,294.35,294.3,294.3,4
20260318  11:06,293.75,293.75,293.75,293.75,3
20260318  11:07,293.6,293.7,293.55,293.7,6
20260318  11:08,293.8,293.9,293.8,293.9,2
20260318  11:09,293.75,293.85,293.75,293.85,2
20260318  11:10,293.75,293.75,293.3,293.4,17
20260318  11:11,293.3,293.4,293.3,293.3,5
20260318  11:12,293.3,293.3,292.95,293.2,39
20260318  11:13,293.1,293.1,293.05,293.05,2
20260318  11:14,292.95,293.0,292.85,293.0,13
20260318  11:15,293.0,293.0,292.8,292.8,8
20260318  11:16,292.85,292.9,292.8,292.85,9
20260318  11:17,292.85,292.85,292.75,292.85,4
20260318  11:18,292.7,293.1,292.7,293.05,5
20260318  11:19,293.05,293.05,293.05,293.05,0
20260318  11:20,292.8,292.8,292.7,292.8,16
20260318  11:21,292.85,292.85,292.6,292.65,15
20260318  11:22,292.75,292.9,292.7,292.75,8
20260318  11:23,292.65,292.65,292.2,292.2,44
20260318  11:24,292.15,292.3,292.05,292.15,33
20260318  11:25,292.2,292.4,292.2,292.4,2
20260318  11:26,292.55,292.55,292.3,292.3,4
20260318  11:27,292.1,292.1,292.1,292.1,1
20260318  11:28,292.1,292.45,292.1,292.45,15
20260318  11:29,292.1,292.1,292.1,292.1,1
20260318  11:30,292.45,292.65,292.35,292.35,20
20260318  11:31,292.25,292.4,292.25,292.4,5
20260318  11:32,292.35,292.5,292.2,292.2,4
20260318  11:33,292.1,292.1,291.05,291.25,99
20260318  11:34,291.15,291.65,291.15,291.25,22
20260318  11:35,291.3,291.3,290.95,291.25,23
20260318  11:36,291.35,291.35,291.2,291.2,5
20260318  11:37,291.15,291.5,291.15,291.45,5
20260318  11:38,291.6,291.7,291.55,291.7,13
20260318  11:39,291.75,291.95,291.6,291.9,11
20260318  11:40,291.75,291.8,291.5,291.55,5
20260318  11:41,291.45,291.45,291.25,291.35,14
20260318  11:42,291.35,291.35,291.1,291.1,12
20260318  11:43,291.35,291.35,291.25,291.3,6
20260318  11:44,291.45,291.5,291.15,291.15,10
20260318  11:45,291.2,291.25,291.15,291.15,6
20260318  11:46,291.35,291.35,291.35,291.35,2
20260318  11:47,291.3,291.45,291.05,291.1,14
20260318  11:48,291.05,291.15,291.05,291.15,3
20260318  11:49,291.15,291.45,291.15,291.25,11
20260318  11:50,291.45,292.0,291.45,292.0,15
20260318  11:51,291.95,291.95,291.95,291.95,2
20260318  11:52,292.15,292.15,292.0,292.15,6
20260318  11:53,292.0,292.1,291.85,291.85,8
20260318  11:54,291.7,291.9,291.7,291.9,4
20260318  11:55,291.9,291.9,291.85,291.85,2
20260318  11:56,291.7,291.75,291.6,291.6,8
20260318  11:57,291.5,291.5,291.5,291.5,2
20260318  11:58,291.55,291.8,291.55,291.8,5
20260318  11:59,291.75,291.85,291.75,291.85,2
20260318  12:00,291.75,292.05,291.75,292.0,8
20260318  12:01,292.05,292.1,291.75,291.8,62
20260318  12:02,291.8,291.8,291.8,291.8,0
20260318  12:03,291.85,291.95,291.85,291.9,5
20260318  12:04,291.75,291.85,291.7,291.7,4
20260318  12:05,291.8,292.0,291.8,292.0,18
20260318  12:06,292.15,292.65,292.15,292.5,25
20260318  12:07,292.55,292.55,292.45,292.45,11
20260318  12:08,292.55,292.55,292.15,292.15,6
20260318  12:09,292.1,292.2,292.05,292.1,7
20260318  12:10,292.2,292.2,292.05,292.05,8
20260318  12:11,292.05,292.05,291.9,292.05,19
20260318  12:12,291.95,292.05,291.95,292.0,4
20260318  12:13,291.8,291.8,291.55,291.55,10
20260318  12:14,291.6,291.75,291.3,291.3,24
20260318  12:15,291.35,291.7,291.25,291.7,15
20260318  12:16,291.8,291.9,291.7,291.7,16
20260318  12:17,291.7,291.9,291.7,291.9,7
20260318  12:18,291.85,292.2,291.85,292.15,5
20260318  12:19,292.3,292.35,292.25,292.25,7
20260318  12:20,292.1,292.1,292.1,292.1,1
20260318  12:21,292.0,292.05,291.85,291.95,12
20260318  12:22,291.8,291.85,291.7,291.75,13
20260318  12:23,291.85,292.0,291.85,291.9,16
20260318  12:24,291.85,291.85,291.85,291.85,2
20260318  12:25,291.85,291.85,291.7,291.8,16
20260318  12:26,291.9,292.15,291.9,292.15,6
20260318  12:27,292.3,292.4,292.1,292.1,6
20260318  12:28,292.0,292.2,292.0,292.2,4
20260318  12:29,292.15,292.4,292.1,292.4,7
20260318  12:30,292.4,292.4,292.4,292.4,0
20260318  12:31,292.4,292.4,292.4,292.4,0
20260318  12:32,292.4,292.6,292.4,292.6,15
20260318  12:33,292.5,292.65,292.4,292.4,6
20260318  12:34,292.25,292.3,292.0,292.05,14
20260318  12:35,292.0,292.0,291.95,291.95,3
20260318  12:36,291.8,291.8,291.8,291.8,2
20260318  12:37,291.75,291.75,291.6,291.6,14
20260318  12:38,291.6,291.6,291.6,291.6,2
20260318  12:39,291.6,291.75,291.6,291.75,8
20260318  12:40,291.75,291.75,291.55,291.55,7
20260318  12:41,291.55,291.6,291.5,291.6,4
20260318  12:42,291.65,291.75,291.65,291.75,2
20260318  12:43,291.7,291.7,291.7,291.7,1
20260318  12:44,291.8,291.8,290.8,290.85,55
20260318  12:45,290.95,291.0,290.85,290.85,14
20260318  12:46,290.95,290.95,290.75,290.75,19
20260318  12:47,290.7,290.7,290.05,290.4,49
20260318  12:48,290.5,290.65,290.5,290.65,10
20260318  12:49,290.65,290.65,290.65,290.65,1
20260318  12:50,290.5,290.55,290.25,290.3,15
20260318  12:51,290.2,290.35,290.2,290.3,15
20260318  12:52,290.55,290.55,290.4,290.4,5
20260318  12:53,290.4,290.4,290.2,290.25,5
20260318  12:54,290.35,290.5,290.35,290.5,5
20260318  12:55,290.45,290.5,290.4,290.5,6
20260318  12:56,290.45,290.5,290.45,290.45,7
20260318  12:57,290.45,290.45,290.2,290.2,7
20260318  12:58,290.2,290.95,290.2,290.95,28
20260318  12:59,290.8,290.8,290.65,290.7,6
20260318  13:00,290.8,291.15,290.5,291.0,42
20260318  13:01,291.05,291.05,290.35,290.7,48
20260318  13:02,290.55,291.4,290.55,291.4,15
20260318  13:03,291.35,291.6,291.35,291.6,21
20260318  13:04,291.5,291.5,291.35,291.45,14
20260318  13:05,291.4,291.45,291.3,291.4,14
20260318  13:06,291.4,291.4,290.85,290.95,19
20260318  13:07,291.0,291.15,291.0,291.0,5
20260318  13:08,291.0,291.25,291.0,291.25,14
20260318  13:09,291.2,291.2,291.1,291.1,8
20260318  13:10,291.15,291.15,291.1,291.15,4
20260318  13:11,291.15,291.2,291.0,291.15,24
20260318  13:12,291.25,291.3,291.0,291.0,16
20260318  13:13,291.0,291.05,290.45,290.45,38
20260318  13:14,290.35,290.35,290.1,290.3,27
20260318  13:15,290.3,290.65,290.3,290.65,49
20260318  13:16,290.6,290.6,290.45,290.6,11
20260318  13:17,290.55,290.75,290.55,290.75,9
20260318  13:18,290.7,290.8,290.15,290.15,42
20260318  13:19,290.2,290.2,290.15,290.2,13
20260318  13:20,290.25,290.25,289.8,290.05,110
20260318  13:21,290.15,290.15,289.85,290.1,17
20260318  13:22,290.3,290.3,290.1,290.3,14
20260318  13:23,290.2,290.5,290.05,290.4,11
20260318  13:24,290.5,290.5,290.25,290.35,13
20260318  13:25,290.3,290.4,290.2,290.4,9
20260318  13:26,290.75,290.85,290.7,290.85,16
20260318  13:27,290.7,291.05,290.65,290.85,19
20260318  13:28,290.8,290.9,290.7,290.85,8
20260318  13:29,290.9,291.1,290.9,291.1,9
20260318  13:30,291.15,291.2,290.95,291.2,22
20260319  10:15,294.75,296.55,294.45,296.3,346
20260319  10:16,296.3,296.8,295.65,296.4,122
20260319  10:17,296.35,297.05,296.3,296.9,81
20260319  10:18,297.05,297.55,297.0,297.45,84
20260319  10:19,297.35,297.35,295.4,295.65,117
20260319  10:20,295.6,295.7,294.7,294.7,70
20260319  10:21,294.9,295.15,294.65,294.8,16
20260319  10:22,294.75,294.95,294.7,294.9,17
20260319  10:23,294.95,295.05,294.55,294.9,27
20260319  10:24,294.85,294.85,294.55,294.55,6
20260319  10:25,294.9,294.9,294.85,294.85,3
20260319  10:26,294.7,294.7,294.65,294.65,2
20260319  10:27,294.7,295.0,294.55,294.85,35
20260319  10:28,294.85,294.85,294.65,294.75,16
20260319  10:29,294.8,294.8,294.8,294.8,3
20260319  10:30,294.45,294.6,294.25,294.45,19
20260319  10:31,294.5,295.0,294.5,295.0,11
20260319  10:32,294.75,294.75,293.75,294.3,77
20260319  10:33,294.05,294.1,293.55,293.55,18
20260319  10:34,293.6,293.9,293.55,293.9,9
20260319  10:35,293.95,294.2,293.9,293.95,28
20260319  10:36,294.1,294.4,294.1,294.2,11
20260319  10:37,293.9,293.9,293.6,293.7,8
20260319  10:38,293.7,294.05,293.65,294.05,5
20260319  10:39,293.95,293.95,293.8,293.8,5
20260319  10:40,293.9,294.1,293.75,293.95,35
20260319  10:41,293.95,294.05,293.7,293.7,9
20260319  10:42,293.8,294.0,293.75,293.75,13
20260319  10:43,293.85,293.85,293.6,293.85,7
20260319  10:44,293.9,294.05,293.6,293.7,12
20260319  10:45,293.55,293.55,293.05,293.1,23
20260319  10:46,293.3,293.5,293.3,293.5,10
20260319  10:47,293.55,293.55,293.45,293.55,4
20260319  10:48,293.3,293.3,293.3,293.3,1
20260319  10:49,293.4,293.6,293.3,293.45,9
20260319  10:50,293.45,293.6,293.35,293.5,10
20260319  10:51,293.4,293.55,293.4,293.55,2
20260319  10:52,293.8,293.8,293.6,293.6,5
20260319  10:53,293.45,293.45,293.3,293.4,7
20260319  10:54,293.4,293.4,293.4,293.4,0
20260319  10:55,293.4,293.45,293.35,293.45,3
20260319  10:56,293.5,293.75,293.4,293.65,19
20260319  10:57,293.7,293.75,293.65,293.7,9
20260319  10:58,293.7,293.9,293.6,293.85,16
20260319  10:59,293.85,294.15,293.7,293.85,31
20260319  11:00,293.85,293.9,293.6,293.65,29
20260319  11:01,293.7,294.25,293.65,294.25,38
20260319  11:02,294.5,294.8,294.5,294.75,18
20260319  11:03,294.85,295.2,294.5,294.55,30
20260319  11:04,294.8,294.95,294.3,294.3,16
20260319  11:05,294.55,294.85,294.4,294.85,19
20260319  11:06,294.85,294.9,294.85,294.9,4
20260319  11:07,295.1,295.45,295.1,295.25,12
20260319  11:08,295.25,295.25,295.15,295.2,6
20260319  11:09,295.35,295.4,295.3,295.35,16
20260319  11:10,295.4,295.8,295.3,295.8,17
20260319  11:11,295.8,295.8,295.5,295.6,21
20260319  11:12,295.6,295.7,295.45,295.45,8
20260319  11:13,295.55,295.7,295.35,295.35,8
20260319  11:14,295.3,295.45,295.3,295.4,3
20260319  11:15,295.25,295.5,295.1,295.5,45
20260319  11:16,295.55,295.8,295.55,295.7,10
20260319  11:17,295.6,295.9,295.45,295.45,23
20260319  11:18,295.6,295.6,295.15,295.15,10
20260319  11:19,295.0,295.0,294.85,294.85,8
20260319  11:20,295.0,295.0,294.25,294.3,10
20260319  11:21,294.3,294.55,294.25,294.45,17
20260319  11:22,294.4,294.4,294.2,294.2,11
20260319  11:23,294.2,294.4,294.2,294.4,6
20260319  11:24,294.45,294.45,294.45,294.45,2
20260319  11:25,294.55,294.55,294.55,294.55,1
20260319  11:26,294.5,294.75,294.5,294.55,8
20260319  11:27,294.75,294.95,294.75,294.85,6
20260319  11:28,294.95,294.95,294.95,294.95,1
20260319  11:29,294.9,294.95,294.9,294.95,3
20260319  11:30,295.0,295.0,294.9,294.9,2
20260319  11:31,294.7,294.7,294.6,294.6,2
20260319  11:32,294.8,294.8,294.8,294.8,2
20260319  11:33,294.8,294.8,294.8,294.8,0
20260319  11:34,294.8,294.8,294.8,294.8,0
20260319  11:35,294.9,294.9,294.9,294.9,1
20260319  11:36,295.0,295.05,295.0,295.05,4
20260319  11:37,295.15,295.15,295.1,295.1,3
20260319  11:38,295.2,295.25,295.2,295.25,2
20260319  11:39,295.3,295.35,295.3,295.3,4
20260319  11:40,295.3,295.3,295.3,295.3,0
20260319  11:41,295.4,295.45,295.0,295.0,21
20260319  11:42,294.9,294.9,294.85,294.85,2
20260319  11:43,294.9,294.9,294.55,294.55,5
20260319  11:44,294.65,294.75,294.45,294.45,23
20260319  11:45,294.2,294.2,293.8,293.8,24
20260319  11:46,293.9,294.15,293.9,294.1,22
20260319  11:47,293.95,293.95,293.9,293.9,4
20260319  11:48,293.85,294.2,293.85,294.2,11
20260319  11:49,294.2,294.3,294.05,294.05,8
20260319  11:50,293.9,293.9,293.9,293.9,3
20260319  11:51,294.05,294.15,294.05,294.15,3
20260319  11:52,294.2,294.25,294.05,294.25,9
20260319  11:53,294.2,294.45,294.2,294.4,9
20260319  11:54,294.45,294.5,294.45,294.5,2
20260319  11:55,294.45,294.45,294.4,294.4,2
20260319  11:56,294.4,294.4,294.4,294.4,0
20260319  11:57,294.25,294.3,294.2,294.2,6
20260319  11:58,294.05,294.2,294.05,294.2,4
20260319  11:59,294.35,295.0,294.35,295.0,35
20260319  12:00,295.05,295.05,294.5,294.5,30
20260319  12:01,294.55,295.05,294.55,295.05,22
20260319  12:02,295.05,295.25,295.0,295.25,6
20260319  12:03,295.0,295.0,294.95,295.0,3
20260319  12:04,295.0,295.0,295.0,295.0,0
20260319  12:05,295.0,295.05,295.0,295.05,4
20260319  12:06,295.0,295.0,295.0,295.0,2
20260319  12:07,295.1,295.15,295.1,295.15,7
20260319  12:08,294.95,295.0,294.95,295.0,2
20260319  12:09,295.0,295.05,295.0,295.05,2
20260319  12:10,295.0,295.0,294.7,294.8,15
20260319  12:11,295.0,295.0,295.0,295.0,1
20260319  12:12,295.15,295.15,294.95,294.95,10
20260319  12:13,294.95,294.95,294.95,294.95,0
20260319  12:14,294.9,295.0,294.9,295.0,4
20260319  12:15,295.0,295.1,295.0,295.1,3
20260319  12:16,295.0,295.0,294.95,294.95,8
20260319  12:17,294.95,294.95,294.95,294.95,0
20260319  12:18,295.0,295.0,294.85,294.85,7
20260319  12:19,294.8,294.8,294.8,294.8,1
20260319  12:20,294.5,294.5,293.95,293.95,20
20260319  12:21,293.85,293.85,293.15,293.4,21
20260319  12:22,293.3,293.3,293.0,293.25,37
20260319  12:23,293.3,293.85,293.3,293.85,9
20260319  12:24,293.85,293.95,293.75,293.95,6
20260319  12:25,293.95,293.95,293.95,293.95,0
20260319  12:26,293.85,293.85,293.8,293.8,2
20260319  12:27,294.1,294.3,294.1,294.3,7
20260319  12:28,294.1,294.15,294.1,294.15,4
20260319  12:29,294.1,294.2,294.1,294.2,2
20260319  12:30,294.2,294.3,294.2,294.3,8
20260319  12:31,294.4,294.4,294.4,294.4,2
20260319  12:32,294.5,294.5,294.3,294.3,4
20260319  12:33,294.25,294.25,294.25,294.25,2
20260319  12:34,294.15,294.35,294.15,294.35,5
20260319  12:35,294.25,294.35,294.25,294.35,3
20260319  12:36,294.2,294.2,293.95,294.0,14
20260319  12:37,293.85,293.85,293.65,293.65,7
20260319  12:38,293.7,293.75,293.5,293.7,24
20260319  12:39,293.65,293.75,293.65,293.75,7
20260319  12:40,293.8,293.8,293.8,293.8,1
20260319  12:41,293.85,294.1,293.75,294.1,15
20260319  12:42,294.2,294.2,294.2,294.2,2
20260319  12:43,294.2,294.35,294.2,294.35,2
20260319  12:44,294.35,294.35,294.35,294.35,0
20260319  12:45,294.4,294.45,294.05,294.25,15
20260319  12:46,294.25,294.55,294.25,294.35,13
20260319  12:47,294.35,294.35,294.35,294.35,0
20260319  12:48,294.2,294.2,294.2,294.2,2
20260319  12:49,294.2,294.2,294.2,294.2,0
20260319  12:50,294.2,294.2,294.2,294.2,0
20260319  12:51,294.15,294.2,294.1,294.2,6
20260319  12:52,294.5,294.85,294.5,294.85,5
20260319  12:53,294.8,294.8,294.4,294.4,10
20260319  12:54,294.4,294.45,294.4,294.45,4
20260319  12:55,294.5,294.55,294.35,294.35,8
20260319  12:56,294.35,294.75,294.35,294.75,15
20260319  12:57,294.75,294.75,294.55,294.55,3
20260319  12:58,294.65,294.75,294.5,294.75,33
20260319  12:59,294.8,295.05,294.8,295.05,12
20260319  13:00,294.95,295.15,294.85,294.85,38
20260319  13:01,294.7,294.7,294.2,294.3,43
20260319  13:02,294.25,294.25,293.75,294.05,37
20260319  13:03,293.95,294.4,293.85,294.4,16
20260319  13:04,294.2,294.2,293.8,293.9,12
20260319  13:05,293.95,293.95,293.25,293.35,8
20260319  13:06,293.35,293.45,293.05,293.2,25
20260319  13:07,293.05,293.9,293.05,293.9,31
20260319  13:08,293.9,294.25,293.85,294.2,19
20260319  13:09,294.1,294.35,294.1,294.15,16
20260319  13:10,293.95,294.3,293.85,294.1,11
20260319  13:11,293.9,293.9,293.35,293.45,21
20260319  13:12,293.4,293.5,293.25,293.5,14
20260319  13:13,293.45,293.45,292.85,293.05,78
20260319  13:14,293.1,293.5,293.1,293.45,18
20260319  13:15,293.4,293.6,293.4,293.4,63
20260319  13:16,293.3,293.3,292.85,292.85,16
20260319  13:17,292.65,292.95,292.55,292.8,21
20260319  13:18,292.75,293.45,292.75,293.3,17
20260319  13:19,293.35,293.8,293.35,293.6,18
20260319  13:20,293.6,293.65,293.25,293.25,14
20260319  13:21,293.0,293.05,292.85,292.9,17
20260319  13:22,293.0,293.15,292.85,293.05,22
20260319  13:23,293.1,293.1,293.05,293.05,6
20260319  13:24,293.1,293.15,293.0,293.15,9
20260319  13:25,293.25,293.45,293.15,293.15,18
20260319  13:26,293.1,293.25,293.1,293.2,5
20260319  13:27,293.05,293.2,293.0,293.2,15
20260319  13:28,293.1,293.1,292.95,292.95,2
20260319  13:29,292.85,292.85,292.6,292.75,11
20260319  13:30,292.6,292.6,292.1,292.35,38
20260320  10:15,303.0,303.4,301.9,302.25,358
20260320  10:16,302.3,302.85,302.0,302.35,70
20260320  10:17,302.4,302.65,302.25,302.25,37
20260320  10:18,302.25,302.5,302.2,302.5,26
20260320  10:19,302.6,303.4,302.6,303.2,99
20260320  10:20,303.2,303.65,303.0,303.5,65
20260320  10:21,303.6,303.8,303.55,303.65,34
20260320  10:22,303.65,304.4,303.5,303.75,140
20260320  10:23,303.8,304.15,303.75,303.95,18
20260320  10:24,303.8,303.85,303.55,303.6,13
20260320  10:25,303.75,303.75,303.55,303.55,19
20260320  10:26,303.55,303.6,303.4,303.6,6
20260320  10:27,303.8,303.9,303.55,303.75,11
20260320  10:28,303.8,303.8,303.7,303.7,6
20260320  10:29,304.0,304.3,304.0,304.2,13
20260320  10:30,304.25,304.3,304.2,304.3,10
20260320  10:31,304.25,304.4,304.2,304.3,31
20260320  10:32,304.2,304.4,303.8,303.9,31
20260320  10:33,303.8,303.9,303.7,303.85,13
20260320  10:34,303.85,303.85,303.6,303.7,52
20260320  10:35,303.55,303.55,303.05,303.15,19
20260320  10:36,303.15,303.2,303.15,303.2,3
20260320  10:37,303.15,303.4,303.0,303.4,63
20260320  10:38,303.55,303.7,303.55,303.7,4
20260320  10:39,303.8,303.9,303.65,303.65,6
20260320  10:40,303.75,303.9,303.7,303.85,18
20260320  10:41,303.8,303.9,303.6,303.8,24
20260320  10:42,303.8,303.8,303.4,303.45,11
20260320  10:43,303.5,303.85,303.4,303.85,12
20260320  10:44,303.9,303.9,303.6,303.85,25
20260320  10:45,303.9,303.9,303.7,303.75,36
20260320  10:46,303.7,303.75,303.65,303.7,37
20260320  10:47,303.3,303.3,302.7,302.7,24
20260320  10:48,302.85,303.05,302.75,302.8,17
20260320  10:49,302.9,303.05,302.75,302.85,14
20260320  10:50,302.9,302.9,302.15,302.3,22
20260320  10:51,302.3,302.4,302.15,302.15,14
20260320  10:52,302.5,303.25,302.5,302.9,26
20260320  10:53,302.8,303.2,302.8,302.9,18
20260320  10:54,302.85,302.85,302.35,302.6,13
20260320  10:55,302.75,302.85,302.7,302.85,9
20260320  10:56,302.8,302.85,302.65,302.7,23
20260320  10:57,302.55,302.55,302.55,302.55,2
20260320  10:58,302.45,302.5,302.3,302.35,8
20260320  10:59,302.15,302.25,302.05,302.15,29
20260320  11:00,302.2,302.2,301.55,301.8,85
20260320  11:01,301.8,302.6,301.8,302.35,111
20260320  11:02,302.2,302.35,301.65,302.0,60
20260320  11:03,301.9,301.9,301.55,301.75,18
20260320  11:04,301.7,301.7,300.7,300.7,109
20260320  11:05,300.7,301.05,300.55,300.85,25
20260320  11:06,300.8,301.0,300.7,300.75,20
20260320  11:07,300.75,300.75,300.15,300.3,60
20260320  11:08,300.15,300.35,300.05,300.05,25
20260320  11:09,300.1,300.35,299.9,299.95,68
20260320  11:10,299.8,300.3,299.55,300.2,36
20260320  11:11,300.3,300.55,299.95,299.95,29
20260320  11:12,299.95,299.95,299.15,299.8,44
20260320  11:13,299.85,300.05,299.8,299.8,11
20260320  11:14,299.75,299.95,299.75,299.95,5
20260320  11:15,299.6,300.05,299.6,300.05,13
20260320  11:16,299.95,299.95,299.85,299.9,9
20260320  11:17,300.1,300.1,300.1,300.1,2
20260320  11:18,300.1,300.1,299.9,300.05,4
20260320  11:19,299.95,300.05,299.9,300.05,8
20260320  11:20,299.9,300.15,299.85,300.0,18
20260320  11:21,299.7,299.85,299.5,299.55,20
20260320  11:22,299.5,299.55,298.5,298.85,140
20260320  11:23,298.85,299.0,298.75,298.85,8
20260320  11:24,299.0,299.1,299.0,299.1,9
20260320  11:25,298.9,299.2,298.9,299.2,14
20260320  11:26,299.1,299.35,299.1,299.25,7
20260320  11:27,299.2,299.35,299.15,299.35,6
20260320  11:28,299.3,299.5,299.3,299.5,2
20260320  11:29,299.2,299.2,299.05,299.05,15
20260320  11:30,299.15,299.45,299.15,299.45,9
20260320  11:31,299.35,299.35,299.25,299.25,3
20260320  11:32,299.25,299.35,299.05,299.1,11
20260320  11:33,299.05,299.25,299.05,299.25,7
20260320  11:34,299.2,299.2,299.2,299.2,4
20260320  11:35,299.2,299.5,299.05,299.05,23
20260320  11:36,299.2,299.2,299.2,299.2,3
20260320  11:37,299.3,299.3,299.25,299.25,2
20260320  11:38,299.3,299.45,299.05,299.25,11
20260320  11:39,299.3,299.5,299.2,299.5,24
20260320  11:40,299.4,299.4,299.35,299.35,3
20260320  11:41,299.25,299.25,299.25,299.25,1
20260320  11:42,299.45,299.5,299.4,299.4,14
20260320  11:43,299.4,299.4,299.4,299.4,1
20260320  11:44,299.5,300.0,299.45,299.9,31
20260320  11:45,299.95,300.2,299.85,299.95,29
20260320  11:46,299.85,299.85,299.55,299.55,9
20260320  11:47,299.65,299.65,299.5,299.5,11
20260320  11:48,299.3,299.3,299.05,299.05,13
20260320  11:49,299.1,299.25,299.1,299.25,3
20260320  11:50,299.2,299.5,299.2,299.5,14
20260320  11:51,299.5,299.5,299.4,299.45,4
20260320  11:52,299.35,299.4,299.15,299.15,6
20260320  11:53,299.1,299.45,299.1,299.45,15
20260320  11:54,299.25,299.25,299.1,299.1,3
20260320  11:55,299.05,299.2,298.95,299.05,16
20260320  11:56,299.0,299.0,298.55,298.55,29
20260320  11:57,298.6,298.6,298.25,298.4,34
20260320  11:58,298.55,298.6,298.5,298.6,4
20260320  11:59,298.7,298.75,297.85,298.25,47
20260320  12:00,298.15,298.45,298.15,298.45,8
20260320  12:01,298.3,298.5,297.95,298.0,15
20260320  12:02,298.05,298.05,297.4,297.7,32
20260320  12:03,297.8,297.95,297.8,297.95,6
20260320  12:04,298.0,298.0,297.9,298.0,8
20260320  12:05,298.0,298.05,297.9,298.05,12
20260320  12:06,297.9,298.05,297.9,298.0,14
20260320  12:07,298.1,298.45,297.9,298.05,21
20260320  12:08,298.0,298.1,297.9,298.05,7
20260320  12:09,298.25,298.25,298.2,298.2,3
20260320  12:10,298.3,298.35,298.3,298.35,2
20260320  12:11,298.3,298.3,298.3,298.3,4
20260320  12:12,298.3,298.45,298.05,298.1,11
20260320  12:13,298.15,298.4,297.95,298.2,26
20260320  12:14,298.3,298.45,298.3,298.45,3
20260320  12:15,298.5,298.55,298.3,298.3,16
20260320  12:16,298.35,298.45,298.3,298.45,9
20260320  12:17,298.35,298.55,298.35,298.55,6
20260320  12:18,298.55,298.75,298.55,298.75,9
20260320  12:19,298.8,299.1,298.8,298.9,18
20260320  12:20,298.9,299.05,298.9,298.9,13
20260320  12:21,298.95,299.05,298.8,298.95,16
20260320  12:22,299.15,299.15,299.1,299.1,5
20260320  12:23,299.1,299.25,299.1,299.25,3
20260320  12:24,299.3,299.55,299.25,299.25,27
20260320  12:25,299.35,299.75,299.35,299.6,20
20260320  12:26,299.55,299.65,299.45,299.6,23
20260320  12:27,299.55,299.6,299.55,299.55,13
20260320  12:28,299.45,299.65,299.45,299.45,12
20260320  12:29,299.5,299.6,299.45,299.6,14
20260320  12:30,299.65,299.85,299.25,299.5,37
20260320  12:31,299.65,299.7,299.15,299.4,18
20260320  12:32,299.35,299.35,298.15,298.45,80
20260320  12:33,298.45,298.95,298.45,298.8,21
20260320  12:34,298.6,298.85,298.45,298.7,86
20260320  12:35,298.7,299.15,297.85,298.15,58
20260320  12:36,298.65,299.65,298.65,299.65,32
20260320  12:37,299.6,299.9,299.55,299.75,20
20260320  12:38,299.7,300.05,299.7,299.85,20
20260320  12:39,299.85,300.05,299.75,300.05,20
20260320  12:40,299.95,300.2,299.9,300.1,23
20260320  12:41,300.05,300.2,300.05,300.05,14
20260320  12:42,300.1,300.6,299.95,300.3,50
20260320  12:43,300.25,300.35,300.1,300.25,24
20260320  12:44,300.2,300.85,300.15,300.85,24
20260320  12:45,300.9,301.1,300.7,300.75,36
20260320  12:46,300.85,301.05,300.75,301.0,21
20260320  12:47,300.85,300.95,300.3,300.3,21
20260320  12:48,300.2,300.5,300.05,300.5,15
20260320  12:49,300.65,300.65,300.65,300.65,1
20260320  12:50,300.65,300.65,300.35,300.35,10
20260320  12:51,300.4,300.4,299.95,299.95,8
20260320  12:52,300.05,300.2,300.05,300.15,6
20260320  12:53,300.05,300.05,300.0,300.0,3
20260320  12:54,299.95,300.3,299.9,300.15,24
20260320  12:55,300.45,300.55,300.4,300.4,7
20260320  12:56,300.2,300.3,300.2,300.3,2
20260320  12:57,300.3,300.5,300.25,300.5,7
20260320  12:58,300.4,300.45,300.4,300.45,2
20260320  12:59,300.45,300.85,300.45,300.85,17
20260320  13:00,300.7,300.85,300.55,300.8,36
20260320  13:01,300.85,301.15,300.6,301.1,56
20260320  13:02,301.0,301.0,300.7,300.8,26
20260320  13:03,300.95,301.4,300.95,301.3,37
20260320  13:04,301.25,301.25,300.9,300.95,39
20260320  13:05,301.0,301.45,301.0,301.25,26
20260320  13:06,301.25,301.3,301.2,301.3,15
20260320  13:07,301.35,302.25,301.35,302.15,45
20260320  13:08,302.2,302.55,302.0,302.45,24
20260320  13:09,302.5,302.55,302.35,302.5,35
20260320  13:10,302.6,302.65,302.3,302.3,32
20260320  13:11,302.2,302.35,302.0,302.0,22
20260320  13:12,301.9,301.9,301.25,301.25,23
20260320  13:13,301.05,301.1,300.6,300.85,40
20260320  13:14,300.9,301.3,300.8,301.15,13
20260320  13:15,301.4,301.65,301.4,301.55,16
20260320  13:16,301.55,301.55,301.1,301.15,19
20260320  13:17,301.15,301.15,301.15,301.15,0
20260320  13:18,301.1,301.35,301.05,301.2,25
20260320  13:19,301.25,301.55,301.25,301.4,17
20260320  13:20,301.4,301.9,301.4,301.8,25
20260320  13:21,301.8,302.15,301.8,302.1,19
20260320  13:22,302.15,302.15,301.85,301.85,8
20260320  13:23,301.85,301.85,301.2,301.2,16
20260320  13:24,301.1,301.1,300.55,300.75,29
20260320  13:25,300.65,300.95,300.65,300.85,18
20260320  13:26,300.95,301.0,300.8,301.0,7
20260320  13:27,301.0,301.6,300.95,301.45,45
20260320  13:28,301.55,301.85,301.55,301.8,10
20260320  13:29,301.9,301.9,301.65,301.9,39
20260320  13:30,301.75,301.75,301.3,301.6,17
20260323  10:15,308.8,310.45,308.3,309.8,437
20260323  10:16,309.65,310.5,309.3,310.3,91
20260323  10:17,310.3,310.45,308.85,309.0,47
20260323  10:18,308.8,308.85,308.35,308.55,26
20260323  10:19,308.55,308.6,308.2,308.3,55
20260323  10:20,308.15,308.95,308.15,308.95,60
20260323  10:21,308.8,309.0,308.7,308.7,21
20260323  10:22,308.7,309.6,308.65,309.6,61
20260323  10:23,309.5,310.05,309.5,310.0,40
20260323  10:24,310.0,310.0,309.75,309.75,29
20260323  10:25,309.85,310.1,309.75,310.05,10
20260323  10:26,310.0,310.0,309.6,309.7,18
20260323  10:27,309.5,309.9,309.5,309.9,4
20260323  10:28,309.85,310.0,309.85,309.95,14
20260323  10:29,310.0,311.25,310.0,311.1,48
20260323  10:30,311.1,311.65,311.0,311.15,36
20260323  10:31,310.95,311.2,310.65,310.7,25
20260323  10:32,310.45,310.45,310.0,310.3,12
20260323  10:33,310.3,310.5,310.3,310.5,7
20260323  10:34,310.7,310.85,310.65,310.85,16
20260323  10:35,311.0,311.0,310.2,310.35,20
20260323  10:36,310.1,310.55,310.1,310.55,13
20260323  10:37,310.55,311.4,310.55,311.4,6
20260323  10:38,311.25,311.25,311.15,311.15,3
20260323  10:39,311.0,311.0,310.8,310.8,3
20260323  10:40,310.95,311.55,310.95,311.45,27
20260323  10:41,311.55,311.95,311.55,311.6,22
20260323  10:42,311.5,311.55,310.95,310.95,9
20260323  10:43,310.7,310.8,310.55,310.55,7
20260323  10:44,310.7,310.85,310.7,310.75,4
20260323  10:45,311.0,311.0,310.8,310.8,5
20260323  10:46,310.5,310.5,310.4,310.4,9
20260323  10:47,310.75,310.85,310.75,310.75,4
20260323  10:48,311.0,311.0,310.9,310.9,3
20260323  10:49,310.9,311.2,310.75,310.85,11
20260323  10:50,310.85,311.1,310.85,311.0,13
20260323  10:51,311.05,311.05,310.85,310.9,5
20260323  10:52,311.1,311.3,311.1,311.3,4
20260323  10:53,311.35,312.3,311.35,312.25,36
20260323  10:54,312.2,312.25,312.0,312.25,5
20260323  10:55,312.15,312.15,311.9,312.15,7
20260323  10:56,311.95,312.15,311.8,312.15,14
20260323  10:57,312.25,312.35,312.0,312.0,13
20260323  10:58,311.75,312.1,311.75,312.0,10
20260323  10:59,312.15,312.2,311.95,312.2,7
20260323  11:00,312.4,312.7,311.95,312.1,43
20260323  11:01,311.9,311.95,311.75,311.85,18
20260323  11:02,311.8,311.8,310.95,310.95,32
20260323  11:03,310.75,311.1,310.55,310.95,22
20260323  11:04,311.05,311.2,310.95,311.05,9
20260323  11:05,311.15,311.35,311.15,311.35,4
20260323  11:06,311.75,311.8,311.75,311.75,3
20260323  11:07,311.55,311.6,311.45,311.45,8
20260323  11:08,311.5,311.55,311.5,311.55,4
20260323  11:09,311.6,311.6,311.6,311.6,1
20260323  11:10,311.75,311.75,311.25,311.25,3
20260323  11:11,311.05,311.15,311.0,311.15,10
20260323  11:12,311.2,311.2,310.65,310.8,16
20260323  11:13,310.7,310.7,310.5,310.7,11
20260323  11:14,310.6,310.6,310.25,310.3,8
20260323  11:15,310.2,310.65,310.15,310.15,20
20260323  11:16,310.25,310.5,310.25,310.5,5
20260323  11:17,310.5,310.5,310.5,310.5,0
20260323  11:18,310.6,310.7,310.4,310.4,4
20260323  11:19,310.3,310.35,309.6,309.7,26
20260323  11:20,309.65,309.7,309.5,309.5,12
20260323  11:21,309.6,309.6,309.5,309.55,4
20260323  11:22,309.45,309.8,309.45,309.75,20
20260323  11:23,309.65,309.9,309.65,309.7,5
20260323  11:24,309.8,310.0,309.6,309.7,17
20260323  11:25,309.75,309.75,309.75,309.75,1
20260323  11:26,309.8,310.0,309.8,309.85,6
20260323  11:27,309.7,309.7,309.55,309.55,2
20260323  11:28,309.35,309.35,309.25,309.25,3
20260323  11:29,309.2,309.2,309.0,309.1,19
20260323  11:30,309.25,309.5,309.25,309.5,5
20260323  11:31,309.3,309.45,309.3,309.45,2
20260323  11:32,309.15,309.15,309.05,309.05,2
20260323  11:33,309.05,309.05,308.75,308.75,5
20260323  11:34,308.95,308.95,308.95,308.95,2
20260323  11:35,309.05,309.1,308.65,308.7,43
20260323  11:36,308.8,308.8,308.65,308.75,12
20260323  11:37,308.65,309.0,308.65,309.0,7
20260323  11:38,308.95,308.95,308.45,308.75,10
20260323  11:39,308.6,308.85,308.6,308.65,9
20260323  11:40,308.65,308.8,308.65,308.8,3
20260323  11:41,308.55,308.55,308.5,308.5,2
20260323  11:42,308.3,308.5,308.2,308.45,13
20260323  11:43,308.4,308.95,308.4,308.8,19
20260323  11:44,308.75,308.75,308.45,308.45,11
20260323  11:45,308.55,308.75,308.5,308.7,9
20260323  11:46,308.65,308.65,308.35,308.35,18
20260323  11:47,308.4,308.4,307.55,307.95,56
20260323  11:48,307.6,308.4,307.6,308.3,20
20260323  11:49,308.35,308.5,308.35,308.35,3
20260323  11:50,308.55,308.55,308.55,308.55,1
20260323  11:51,308.5,309.4,308.5,309.4,20
20260323  11:52,309.3,309.3,309.2,309.2,5
20260323  11:53,309.3,309.55,309.3,309.55,2
20260323  11:54,309.45,309.45,309.3,309.3,4
20260323  11:55,309.3,309.3,309.3,309.3,0
20260323  11:56,309.3,309.6,309.3,309.6,6
20260323  11:57,309.7,309.7,309.55,309.55,2
20260323  11:58,309.75,310.05,309.7,310.0,25
20260323  11:59,309.95,309.95,309.75,309.75,8
20260323  12:00,309.5,309.75,309.5,309.75,6
20260323  12:01,309.8,310.3,309.8,310.3,10
20260323  12:02,310.15,310.15,310.15,310.15,1
20260323  12:03,310.1,310.2,309.95,310.0,12
20260323  12:04,310.1,310.4,310.0,310.05,24
20260323  12:05,310.0,311.55,310.0,311.45,25
20260323  12:06,311.6,311.6,311.35,311.45,14
20260323  12:07,311.25,311.6,311.25,311.25,17
20260323  12:08,310.95,310.95,308.3,308.5,149
20260323  12:09,308.4,308.6,307.8,308.1,34
20260323  12:10,308.2,308.35,307.8,307.85,39
20260323  12:11,307.6,307.75,306.7,306.7,113
20260323  12:12,306.7,307.0,306.3,306.4,47
20260323  12:13,306.6,307.15,306.35,307.15,33
20260323  12:14,307.0,307.0,306.55,307.0,12
20260323  12:15,307.2,307.2,306.35,306.55,16
20260323  12:16,306.55,306.6,306.05,306.2,58
20260323  12:17,306.25,306.45,306.1,306.2,35
20260323  12:18,306.2,306.2,305.65,305.9,106
20260323  12:19,306.05,306.1,305.7,306.0,32
20260323  12:20,306.0,306.0,305.05,305.55,122
20260323  12:21,305.55,305.55,305.05,305.3,76
20260323  12:22,305.3,305.5,304.75,305.1,100
20260323  12:23,305.05,305.75,304.4,304.7,129
20260323  12:24,304.8,304.95,304.75,304.8,11
20260323  12:25,304.85,305.55,304.85,305.25,14
20260323  12:26,305.4,305.4,305.15,305.25,10
20260323  12:27,305.35,305.55,305.35,305.45,9
20260323  12:28,305.8,306.35,305.65,306.15,22
20260323  12:29,306.0,306.1,304.45,304.45,71
20260323  12:30,304.6,304.6,303.9,303.9,53
20260323  12:31,303.9,303.9,303.15,303.15,109
20260323  12:32,303.25,303.75,303.05,303.25,50
20260323  12:33,303.2,303.75,302.8,303.65,60
20260323  12:34,303.55,303.6,303.4,303.55,10
20260323  12:35,303.4,304.0,303.3,303.3,60
20260323  12:36,303.3,303.95,303.3,303.85,40
20260323  12:37,303.85,304.0,303.7,303.85,14
20260323  12:38,303.9,304.05,303.6,304.0,50
20260323  12:39,303.95,304.3,303.95,304.15,14
20260323  12:40,304.0,304.2,303.5,303.55,26
20260323  12:41,303.5,303.75,303.5,303.55,52
20260323  12:42,303.5,303.75,303.5,303.75,29
20260323  12:43,303.7,303.8,303.7,303.75,7
20260323  12:44,303.75,304.3,303.75,304.2,28
20260323  12:45,304.25,304.35,303.25,303.25,34
20260323  12:46,303.2,303.4,302.85,303.0,21
20260323  12:47,302.8,303.15,302.6,303.15,28
20260323  12:48,303.15,303.5,303.1,303.5,11
20260323  12:49,303.5,303.7,303.15,303.25,24
20260323  12:50,303.45,303.55,303.0,303.0,24
20260323  12:51,302.85,302.95,301.55,301.65,117
20260323  12:52,301.75,302.7,301.4,302.6,70
20260323  12:53,302.45,302.75,302.05,302.6,35
20260323  12:54,302.45,302.9,302.25,302.25,43
20260323  12:55,302.1,302.2,302.0,302.2,19
20260323  12:56,302.2,302.3,301.85,302.1,62
20260323  12:57,302.1,302.15,301.15,301.55,58
20260323  12:58,301.5,301.85,300.95,301.55,92
20260323  12:59,301.6,301.9,301.55,301.55,23
20260323  13:00,301.5,302.0,301.5,301.95,61
20260323  13:01,302.0,302.65,302.0,302.65,48
20260323  13:02,302.55,302.65,302.0,302.45,69
20260323  13:03,302.4,302.55,302.05,302.05,34
20260323  13:04,302.2,302.3,302.15,302.3,25
20260323  13:05,302.25,302.7,301.85,301.95,103
20260323  13:06,302.2,303.45,302.2,303.45,106
20260323  13:07,303.25,303.25,302.1,302.2,55
20260323  13:08,302.2,302.65,302.2,302.4,31
20260323  13:09,302.4,302.85,302.4,302.65,42
20260323  13:10,302.7,303.75,302.7,303.3,83
20260323  13:11,303.4,303.5,302.35,302.4,39
20260323  13:12,302.15,302.25,301.15,301.3,75
20260323  13:13,301.2,301.85,301.1,301.7,69
20260323  13:14,301.65,301.65,301.1,301.55,46
20260323  13:15,301.65,301.95,301.65,301.9,25
20260323  13:16,301.95,302.35,301.85,302.15,32
20260323  13:17,302.15,302.8,301.95,302.75,29
20260323  13:18,302.65,302.7,302.4,302.4,20
20260323  13:19,302.35,302.6,302.35,302.6,15
20260323  13:20,302.65,303.3,302.65,303.0,45
20260323  13:21,302.95,304.2,302.95,303.95,82
20260323  13:22,303.85,303.85,303.45,303.65,23
20260323  13:23,303.65,304.3,303.6,304.15,21
20260323  13:24,304.25,304.4,304.2,304.35,20
20260323  13:25,304.4,304.45,304.25,304.35,22
20260323  13:26,304.4,304.75,304.4,304.65,24
20260323  13:27,304.9,305.0,304.6,304.9,19
20260323  13:28,304.6,304.6,304.4,304.45,28
20260323  13:29,304.55,304.55,304.05,304.1,26
20260323  13:30,304.25,304.65,303.7,304.6,65
