20250512  10:15,382.45,383.6,382.45,383.2,51
20250512  10:16,382.85,383.85,382.45,383.7,61
20250512  10:17,383.55,384.35,383.55,384.25,48
20250512  10:18,384.4,384.75,384.4,384.75,6
20250512  10:19,384.75,384.85,384.2,384.25,43
20250512  10:20,384.25,384.65,384.25,384.65,7
20250512  10:21,384.25,384.25,384.25,384.25,1
20250512  10:22,384.25,384.5,384.25,384.5,4
20250512  10:23,384.3,384.9,384.3,384.85,20
20250512  10:24,384.35,384.55,384.35,384.55,3
20250512  10:25,384.65,384.7,384.1,384.15,14
20250512  10:26,384.15,384.15,384.15,384.15,0
20250512  10:27,384.15,384.15,384.15,384.15,0
20250512  10:28,383.95,383.95,383.95,383.95,1
20250512  10:29,384.1,384.1,383.95,384.0,4
20250512  10:30,383.85,383.85,383.6,383.65,4
20250512  10:31,383.95,383.95,383.95,383.95,1
20250512  10:32,384.2,384.3,383.8,383.8,10
20250512  10:33,383.65,383.65,383.65,383.65,1
20250512  10:34,383.65,383.65,383.65,383.65,0
20250512  10:35,383.8,384.0,383.8,384.0,3
20250512  10:36,383.95,383.95,383.95,383.95,1
20250512  10:37,383.95,383.95,383.95,383.95,0
20250512  10:38,383.5,383.55,383.35,383.55,8
20250512  10:39,383.7,383.7,383.55,383.55,4
20250512  10:40,383.6,383.6,383.6,383.6,1
20250512  10:41,383.75,383.75,383.75,383.75,1
20250512  10:42,383.35,383.35,383.35,383.35,1
20250512  10:43,382.55,382.55,382.45,382.5,6
20250512  10:44,382.3,382.3,381.45,381.55,22
20250512  10:45,381.45,381.45,381.2,381.2,10
20250512  10:46,381.2,381.2,381.2,381.2,0
20250512  10:47,380.2,380.2,380.0,380.0,14
20250512  10:48,380.6,380.9,380.35,380.7,10
20250512  10:49,380.3,380.3,380.25,380.25,5
20250512  10:50,380.25,380.25,380.25,380.25,0
20250512  10:51,380.25,380.25,380.25,380.25,0
20250512  10:52,380.25,380.25,380.25,380.25,0
20250512  10:53,380.25,380.25,380.25,380.25,0
20250512  10:54,380.4,380.4,380.4,380.4,2
20250512  10:55,380.4,380.4,380.4,380.4,0
20250512  10:56,380.4,380.4,380.4,380.4,0
20250512  10:57,380.4,380.4,380.4,380.4,0
20250512  10:58,380.4,380.4,380.4,380.4,0
20250512  10:59,380.2,380.35,380.05,380.05,8
20250512  11:00,380.1,380.35,379.95,379.95,7
20250512  11:01,380.4,380.4,380.4,380.4,1
20250512  11:02,380.5,380.5,380.5,380.5,1
20250512  11:03,380.5,380.5,380.5,380.5,0
20250512  11:04,381.0,381.0,381.0,381.0,1
20250512  11:05,381.0,381.0,381.0,381.0,0
20250512  11:06,381.0,381.0,381.0,381.0,0
20250512  11:07,381.45,382.15,381.45,381.75,9
20250512  11:08,381.75,381.75,381.75,381.75,0
20250512  11:09,380.95,380.95,380.95,380.95,1
20250512  11:10,381.25,381.35,381.25,381.35,2
20250512  11:11,381.35,381.35,381.35,381.35,0
20250512  11:12,381.35,381.35,381.35,381.35,0
20250512  11:13,381.35,381.35,381.35,381.35,0
20250512  11:14,381.35,381.35,381.35,381.35,0
20250512  11:15,381.35,381.35,381.35,381.35,0
20250512  11:16,381.35,381.35,381.35,381.35,0
20250512  11:17,381.1,381.2,381.1,381.2,12
20250512  11:18,380.8,380.8,380.8,380.8,3
20250512  11:19,380.8,380.8,380.8,380.8,0
20250512  11:20,380.8,380.8,380.8,380.8,0
20250512  11:21,380.8,380.8,380.8,380.8,0
20250512  11:22,380.65,380.65,380.65,380.65,1
20250512  11:23,381.3,381.3,381.3,381.3,1
20250512  11:24,381.05,381.05,381.05,381.05,2
20250512  11:25,381.05,381.05,381.05,381.05,0
20250512  11:26,381.05,381.05,381.05,381.05,0
20250512  11:27,381.05,381.05,381.05,381.05,0
20250512  11:28,381.3,381.3,381.3,381.3,1
20250512  11:29,381.5,381.5,381.5,381.5,1
20250512  11:30,381.3,381.3,381.3,381.3,1
20250512  11:31,381.3,381.3,381.3,381.3,0
20250512  11:32,381.55,381.55,381.55,381.55,2
20250512  11:33,381.55,381.55,381.55,381.55,0
20250512  11:34,381.55,381.55,381.55,381.55,0
20250512  11:35,381.55,381.55,381.55,381.55,0
20250512  11:36,381.45,381.75,381.3,381.7,10
20250512  11:37,381.7,381.7,381.7,381.7,0
20250512  11:38,380.95,381.05,380.95,381.05,6
20250512  11:39,380.85,380.85,380.85,380.85,1
20250512  11:40,381.15,381.4,381.15,381.4,5
20250512  11:41,381.4,381.4,381.4,381.4,0
20250512  11:42,381.4,381.4,381.4,381.4,0
20250512  11:43,381.4,381.4,381.4,381.4,0
20250512  11:44,381.4,381.4,381.4,381.4,0
20250512  11:45,382.15,382.75,382.15,382.35,15
20250512  11:46,382.3,382.3,382.1,382.1,5
20250512  11:47,382.1,382.1,382.1,382.1,0
20250512  11:48,382.1,382.1,382.1,382.1,0
20250512  11:49,382.1,382.1,382.1,382.1,0
20250512  11:50,382.1,382.1,382.1,382.1,0
20250512  11:51,382.1,382.1,382.1,382.1,0
20250512  11:52,382.1,382.1,382.1,382.1,0
20250512  11:53,382.1,382.1,382.1,382.1,0
20250512  11:54,382.1,382.1,382.1,382.1,0
20250512  11:55,382.1,382.1,382.1,382.1,0
20250512  11:56,382.1,382.1,382.1,382.1,0
20250512  11:57,381.8,381.95,381.8,381.85,9
20250512  11:58,381.85,381.85,381.85,381.85,0
20250512  11:59,381.85,381.85,381.85,381.85,0
20250512  12:00,381.25,381.25,381.25,381.25,1
20250512  12:01,381.25,381.25,381.25,381.25,0
20250512  12:02,381.05,381.05,381.05,381.05,1
20250512  12:03,381.05,381.05,381.05,381.05,0
20250512  12:04,381.4,381.4,381.1,381.1,2
20250512  12:05,381.1,381.1,381.1,381.1,0
20250512  12:06,381.5,381.5,381.5,381.5,1
20250512  12:07,380.95,380.95,380.85,380.95,4
20250512  12:08,380.5,380.5,380.5,380.5,2
20250512  12:09,380.25,380.25,379.55,379.55,25
20250512  12:10,379.4,379.4,378.45,378.5,32
20250512  12:11,378.95,378.95,378.7,378.7,7
20250512  12:12,378.45,378.45,378.45,378.45,2
20250512  12:13,378.35,378.35,378.35,378.35,1
20250512  12:14,377.9,378.05,377.4,377.4,16
20250512  12:15,377.75,377.75,376.35,376.55,38
20250512  12:16,376.65,376.65,376.1,376.35,10
20250512  12:17,376.7,376.7,376.1,376.15,7
20250512  12:18,376.25,376.25,376.25,376.25,3
20250512  12:19,376.85,376.85,376.85,376.85,1
20250512  12:20,376.2,376.2,376.2,376.2,9
20250512  12:21,376.25,376.25,376.0,376.15,5
20250512  12:22,376.3,376.3,375.9,376.05,28
20250512  12:23,376.8,377.2,376.75,376.75,7
20250512  12:24,376.25,377.15,376.25,376.8,6
20250512  12:25,376.8,376.8,376.6,376.6,2
20250512  12:26,376.6,376.6,376.6,376.6,0
20250512  12:27,376.6,376.6,376.6,376.6,0
20250512  12:28,376.6,376.6,376.6,376.6,0
20250512  12:29,376.7,376.7,376.7,376.7,1
20250512  12:30,376.7,376.7,376.7,376.7,0
20250512  12:31,376.7,376.7,376.7,376.7,0
20250512  12:32,376.8,376.9,376.8,376.9,3
20250512  12:33,377.0,377.0,377.0,377.0,1
20250512  12:34,377.0,377.0,377.0,377.0,0
20250512  12:35,377.05,377.1,377.0,377.1,4
20250512  12:36,377.35,377.35,377.15,377.15,3
20250512  12:37,377.15,377.15,377.15,377.15,0
20250512  12:38,377.55,377.55,377.55,377.55,2
20250512  12:39,377.55,377.55,377.55,377.55,0
20250512  12:40,377.55,377.55,377.55,377.55,0
20250512  12:41,377.55,377.55,377.55,377.55,0
20250512  12:42,377.55,377.55,377.55,377.55,0
20250512  12:43,377.55,377.55,377.55,377.55,0
20250512  12:44,377.55,377.55,377.55,377.55,0
20250512  12:45,377.55,377.55,377.55,377.55,0
20250512  12:46,377.1,377.1,377.1,377.1,1
20250512  12:47,377.05,377.4,377.05,377.4,5
20250512  12:48,377.4,377.4,377.4,377.4,0
20250512  12:49,377.1,377.1,377.1,377.1,1
20250512  12:50,376.9,376.9,376.9,376.9,1
20250512  12:51,376.9,376.9,376.9,376.9,0
20250512  12:52,377.0,377.0,377.0,377.0,3
20250512  12:53,377.0,377.0,377.0,377.0,0
20250512  12:54,376.6,376.6,376.6,376.6,2
20250512  12:55,376.6,376.6,376.6,376.6,0
20250512  12:56,376.65,377.05,376.65,377.0,9
20250512  12:57,377.0,377.0,377.0,377.0,0
20250512  12:58,376.85,377.1,376.7,377.1,6
20250512  12:59,377.0,377.6,377.0,377.6,5
20250512  13:00,378.0,378.25,377.65,377.65,8
20250512  13:01,377.65,377.65,377.65,377.65,0
20250512  13:02,377.65,377.65,377.65,377.65,0
20250512  13:03,377.65,377.65,377.65,377.65,0
20250512  13:04,377.95,377.95,377.95,377.95,1
20250512  13:05,378.0,378.0,377.75,377.85,4
20250512  13:06,378.2,378.25,378.05,378.25,7
20250512  13:07,378.25,378.25,378.25,378.25,0
20250512  13:08,378.05,378.2,377.85,377.85,6
20250512  13:09,377.85,377.85,377.85,377.85,0
20250512  13:10,377.85,377.85,377.85,377.85,0
20250512  13:11,377.9,377.9,377.9,377.9,1
20250512  13:12,377.9,377.9,377.9,377.9,0
20250512  13:13,377.9,377.9,377.9,377.9,0
20250512  13:14,377.8,377.8,377.8,377.8,1
20250512  13:15,377.6,377.6,377.6,377.6,1
20250512  13:16,377.6,377.6,377.6,377.6,0
20250512  13:17,377.6,377.6,377.6,377.6,0
20250512  13:18,377.6,377.6,377.6,377.6,0
20250512  13:19,377.6,377.6,377.6,377.6,0
20250512  13:20,377.6,377.6,377.6,377.6,0
20250512  13:21,377.55,377.55,377.1,377.1,6
20250512  13:22,377.1,377.1,377.1,377.1,0
20250512  13:23,376.65,376.8,376.65,376.8,2
20250512  13:24,376.8,376.8,376.8,376.8,0
20250512  13:25,376.8,376.8,376.8,376.8,0
20250512  13:26,376.85,377.1,376.85,377.1,9
20250512  13:27,377.1,377.1,377.1,377.1,0
20250512  13:28,377.1,377.1,377.1,377.1,0
20250512  13:29,376.8,376.8,376.7,376.7,5
20250512  13:30,377.05,377.45,377.05,377.45,6
20250513  10:15,370.0,371.25,369.5,369.5,85
20250513  10:16,369.8,369.8,368.55,368.7,24
20250513  10:17,368.9,369.5,368.9,369.5,10
20250513  10:18,369.5,369.5,369.5,369.5,0
20250513  10:19,368.9,368.9,368.9,368.9,1
20250513  10:20,368.65,369.0,368.65,369.0,3
20250513  10:21,368.7,368.7,368.15,368.15,6
20250513  10:22,367.35,367.5,367.2,367.5,8
20250513  10:23,367.7,367.7,367.0,367.2,15
20250513  10:24,367.45,367.45,367.15,367.15,4
20250513  10:25,367.15,367.15,367.15,367.15,0
20250513  10:26,367.4,367.65,367.4,367.65,2
20250513  10:27,367.65,367.65,367.65,367.65,0
20250513  10:28,367.1,367.1,366.35,366.35,18
20250513  10:29,366.35,366.35,366.35,366.35,0
20250513  10:30,367.0,367.25,366.4,366.4,13
20250513  10:31,366.4,366.4,366.4,366.4,0
20250513  10:32,366.4,366.4,366.4,366.4,0
20250513  10:33,366.3,366.3,366.3,366.3,1
20250513  10:34,366.5,366.5,366.35,366.35,4
20250513  10:35,366.35,366.35,366.35,366.35,0
20250513  10:36,366.35,366.35,366.35,366.35,0
20250513  10:37,366.45,366.45,366.25,366.25,3
20250513  10:38,366.2,366.2,365.9,366.2,9
20250513  10:39,366.15,367.0,366.15,367.0,4
20250513  10:40,367.0,367.0,367.0,367.0,0
20250513  10:41,366.7,366.7,366.7,366.7,2
20250513  10:42,366.85,366.85,366.85,366.85,1
20250513  10:43,367.0,367.0,367.0,367.0,1
20250513  10:44,366.45,366.45,366.45,366.45,1
20250513  10:45,366.45,366.45,366.45,366.45,0
20250513  10:46,366.6,367.0,366.6,367.0,8
20250513  10:47,367.0,367.0,367.0,367.0,0
20250513  10:48,367.0,367.0,367.0,367.0,0
20250513  10:49,367.0,367.0,367.0,367.0,0
20250513  10:50,367.0,367.0,367.0,367.0,0
20250513  10:51,367.0,367.0,367.0,367.0,0
20250513  10:52,366.75,366.75,366.7,366.7,4
20250513  10:53,366.7,366.7,366.7,366.7,0
20250513  10:54,366.7,366.7,366.7,366.7,0
20250513  10:55,366.45,366.45,366.45,366.45,1
20250513  10:56,366.5,366.5,366.5,366.5,4
20250513  10:57,366.5,366.5,366.5,366.5,0
20250513  10:58,366.5,366.5,366.5,366.5,0
20250513  10:59,366.45,366.45,366.45,366.45,3
20250513  11:00,366.2,366.2,366.2,366.2,1
20250513  11:01,366.1,366.1,366.1,366.1,1
20250513  11:02,366.1,366.1,366.1,366.1,0
20250513  11:03,365.9,365.9,365.9,365.9,1
20250513  11:04,365.9,366.05,365.9,366.05,2
20250513  11:05,366.25,366.25,366.25,366.25,1
20250513  11:06,366.25,366.25,366.25,366.25,0
20250513  11:07,366.4,366.4,366.4,366.4,1
20250513  11:08,366.4,366.4,366.4,366.4,0
20250513  11:09,366.4,366.4,366.4,366.4,0
20250513  11:10,366.15,366.15,366.15,366.15,1
20250513  11:11,366.2,366.25,366.2,366.25,3
20250513  11:12,365.95,366.1,365.9,366.1,5
20250513  11:13,366.45,366.85,366.45,366.85,4
20250513  11:14,366.65,366.65,366.65,366.65,1
20250513  11:15,367.25,367.45,367.25,367.35,5
20250513  11:16,367.35,367.55,367.25,367.55,4
20250513  11:17,367.55,367.55,367.55,367.55,0
20250513  11:18,368.25,368.55,368.25,368.55,4
20250513  11:19,368.55,368.55,368.55,368.55,0
20250513  11:20,367.95,368.05,367.95,368.05,2
20250513  11:21,367.9,367.9,367.5,367.6,14
20250513  11:22,367.25,367.25,367.25,367.25,1
20250513  11:23,367.1,367.15,366.85,366.9,6
20250513  11:24,366.9,366.9,366.9,366.9,0
20250513  11:25,366.9,366.9,366.9,366.9,0
20250513  11:26,366.65,366.65,366.65,366.65,1
20250513  11:27,366.75,366.75,366.45,366.45,4
20250513  11:28,366.45,366.45,366.45,366.45,0
20250513  11:29,366.25,366.25,366.25,366.25,2
20250513  11:30,366.25,366.25,366.25,366.25,1
20250513  11:31,366.1,366.15,366.1,366.15,2
20250513  11:32,366.05,366.05,365.3,365.75,16
20250513  11:33,365.4,365.4,365.4,365.4,1
20250513  11:34,365.5,365.65,365.05,365.05,20
20250513  11:35,365.2,365.2,364.35,364.35,36
20250513  11:36,364.75,364.75,364.75,364.75,1
20250513  11:37,364.75,364.75,364.65,364.65,8
20250513  11:38,364.75,364.75,364.75,364.75,2
20250513  11:39,364.7,364.75,364.65,364.7,8
20250513  11:40,364.3,364.3,363.6,363.9,69
20250513  11:41,363.8,363.8,363.6,363.6,8
20250513  11:42,363.55,363.65,363.55,363.65,10
20250513  11:43,363.45,363.75,363.35,363.65,16
20250513  11:44,363.65,363.65,363.65,363.65,0
20250513  11:45,363.65,363.75,363.55,363.75,9
20250513  11:46,363.75,363.9,363.7,363.7,7
20250513  11:47,363.5,363.55,363.05,363.05,22
20250513  11:48,363.45,364.15,363.45,364.15,8
20250513  11:49,363.9,364.45,363.8,364.45,15
20250513  11:50,364.4,364.4,364.4,364.4,1
20250513  11:51,364.45,364.5,364.2,364.5,10
20250513  11:52,364.95,365.15,364.95,365.05,5
20250513  11:53,365.05,365.05,365.05,365.05,0
20250513  11:54,365.05,365.05,365.05,365.05,0
20250513  11:55,364.5,364.5,364.5,364.5,1
20250513  11:56,364.5,364.5,364.5,364.5,0
20250513  11:57,364.75,365.2,364.75,365.05,7
20250513  11:58,364.35,364.75,364.35,364.6,3
20250513  11:59,364.55,364.55,364.55,364.55,1
20250513  12:00,365.0,365.0,364.35,364.35,7
20250513  12:01,364.35,364.35,363.8,363.8,5
20250513  12:02,363.8,363.9,363.75,363.9,5
20250513  12:03,363.9,363.9,363.9,363.9,1
20250513  12:04,363.9,363.9,363.9,363.9,0
20250513  12:05,363.9,363.9,363.9,363.9,0
20250513  12:06,363.35,363.35,363.3,363.3,6
20250513  12:07,363.3,363.3,363.3,363.3,0
20250513  12:08,363.35,363.4,363.35,363.4,4
20250513  12:09,363.65,363.65,363.15,363.15,5
20250513  12:10,363.3,363.4,363.3,363.3,6
20250513  12:11,363.35,363.4,363.05,363.3,16
20250513  12:12,363.25,363.8,363.25,363.8,5
20250513  12:13,363.8,363.8,363.8,363.8,0
20250513  12:14,363.65,363.9,363.3,363.35,17
20250513  12:15,363.35,363.35,363.35,363.35,0
20250513  12:16,363.2,363.4,363.05,363.4,18
20250513  12:17,363.55,364.0,363.55,363.95,10
20250513  12:18,363.75,363.75,363.55,363.55,2
20250513  12:19,363.45,363.8,363.45,363.8,4
20250513  12:20,363.8,363.8,363.8,363.8,0
20250513  12:21,364.05,364.2,364.05,364.2,2
20250513  12:22,364.25,364.3,364.25,364.3,2
20250513  12:23,364.65,364.65,364.65,364.65,2
20250513  12:24,364.5,364.55,364.5,364.55,3
20250513  12:25,364.55,364.55,364.55,364.55,0
20250513  12:26,364.55,364.55,364.55,364.55,0
20250513  12:27,364.15,364.15,364.15,364.15,1
20250513  12:28,364.4,364.4,364.4,364.4,1
20250513  12:29,364.5,364.5,364.5,364.5,1
20250513  12:30,364.7,364.7,364.7,364.7,1
20250513  12:31,364.7,364.7,364.7,364.7,0
20250513  12:32,364.7,364.7,364.7,364.7,0
20250513  12:33,364.2,364.7,364.1,364.7,7
20250513  12:34,364.95,364.95,364.45,364.45,3
20250513  12:35,364.45,364.45,364.45,364.45,0
20250513  12:36,364.25,364.25,364.25,364.25,1
20250513  12:37,364.25,364.25,364.25,364.25,0
20250513  12:38,364.25,364.25,364.25,364.25,0
20250513  12:39,364.0,364.05,363.7,363.7,5
20250513  12:40,363.7,363.7,363.7,363.7,0
20250513  12:41,363.7,363.7,363.7,363.7,0
20250513  12:42,363.7,363.7,363.7,363.7,0
20250513  12:43,363.9,363.9,363.7,363.7,5
20250513  12:44,363.7,363.7,363.7,363.7,0
20250513  12:45,364.05,364.05,364.05,364.05,1
20250513  12:46,364.05,364.05,364.05,364.05,0
20250513  12:47,364.05,364.05,364.05,364.05,0
20250513  12:48,364.05,364.05,364.05,364.05,0
20250513  12:49,364.05,364.05,364.05,364.05,0
20250513  12:50,363.8,363.85,363.8,363.85,3
20250513  12:51,363.65,363.65,363.6,363.6,5
20250513  12:52,363.8,363.8,363.8,363.8,1
20250513  12:53,363.55,363.55,363.5,363.5,5
20250513  12:54,363.5,363.5,363.3,363.3,14
20250513  12:55,363.3,363.3,363.3,363.3,0
20250513  12:56,363.3,363.3,363.3,363.3,0
20250513  12:57,363.2,363.45,363.1,363.1,28
20250513  12:58,363.2,363.2,363.2,363.2,1
20250513  12:59,363.2,363.25,363.2,363.25,3
20250513  13:00,363.05,363.05,363.05,363.05,1
20250513  13:01,363.8,363.95,363.8,363.95,7
20250513  13:02,363.95,363.95,363.95,363.95,0
20250513  13:03,363.95,363.95,363.95,363.95,0
20250513  13:04,364.15,364.2,364.05,364.05,5
20250513  13:05,364.0,364.0,363.8,363.8,3
20250513  13:06,363.8,363.8,363.8,363.8,0
20250513  13:07,363.7,363.7,363.7,363.7,1
20250513  13:08,363.7,363.7,363.7,363.7,0
20250513  13:09,363.7,363.7,363.7,363.7,0
20250513  13:10,363.7,363.7,363.7,363.7,0
20250513  13:11,363.95,363.95,363.9,363.9,2
20250513  13:12,363.9,363.9,363.9,363.9,0
20250513  13:13,363.85,364.2,363.85,364.2,9
20250513  13:14,364.2,364.2,364.2,364.2,0
20250513  13:15,364.7,364.85,364.6,364.85,9
20250513  13:16,365.1,365.6,365.1,365.6,14
20250513  13:17,365.3,365.3,365.3,365.3,1
20250513  13:18,365.3,365.3,365.3,365.3,0
20250513  13:19,365.05,365.1,364.85,364.85,5
20250513  13:20,364.85,364.85,364.85,364.85,0
20250513  13:21,365.25,366.9,365.2,366.8,45
20250513  13:22,367.2,367.2,366.2,366.4,25
20250513  13:23,366.55,366.55,366.35,366.35,4
20250513  13:24,366.25,366.85,366.25,366.85,11
20250513  13:25,366.9,367.7,366.9,367.0,24
20250513  13:26,366.9,367.25,366.9,367.25,16
20250513  13:27,367.0,367.0,366.75,366.75,3
20250513  13:28,367.05,367.05,366.85,366.85,2
20250513  13:29,366.85,366.85,366.85,366.85,0
20250513  13:30,367.45,367.55,367.3,367.3,4
20250514  10:15,371.2,373.4,370.9,370.9,116
20250514  10:16,371.05,371.5,370.95,371.5,6
20250514  10:17,371.3,371.3,371.3,371.3,1
20250514  10:18,371.0,371.05,370.8,370.8,7
20250514  10:19,370.7,370.7,370.05,370.05,35
20250514  10:20,370.35,370.6,370.35,370.6,12
20250514  10:21,370.05,370.05,369.75,369.75,14
20250514  10:22,369.85,369.85,369.65,369.7,6
20250514  10:23,369.95,370.2,369.75,370.2,14
20250514  10:24,370.45,370.8,370.45,370.8,7
20250514  10:25,370.8,370.8,370.8,370.8,0
20250514  10:26,370.8,370.8,370.8,370.8,0
20250514  10:27,370.5,370.5,370.5,370.5,1
20250514  10:28,370.75,371.35,370.75,371.35,8
20250514  10:29,371.0,371.0,371.0,371.0,1
20250514  10:30,371.0,371.0,371.0,371.0,0
20250514  10:31,370.65,370.65,370.65,370.65,1
20250514  10:32,370.9,371.5,370.9,371.5,16
20250514  10:33,371.75,371.75,371.75,371.75,4
20250514  10:34,371.75,371.75,371.75,371.75,0
20250514  10:35,371.75,371.9,371.45,371.9,16
20250514  10:36,372.1,372.1,372.05,372.05,16
20250514  10:37,371.5,371.5,371.5,371.5,1
20250514  10:38,371.5,371.5,371.5,371.5,0
20250514  10:39,371.5,371.5,371.5,371.5,0
20250514  10:40,371.1,371.1,371.1,371.1,1
20250514  10:41,371.8,372.05,371.8,371.95,13
20250514  10:42,371.9,371.9,371.9,371.9,1
20250514  10:43,372.15,372.75,372.15,372.75,3
20250514  10:44,372.9,372.95,372.7,372.7,4
20250514  10:45,372.4,372.4,372.4,372.4,1
20250514  10:46,372.4,372.4,372.4,372.4,0
20250514  10:47,372.7,372.7,372.7,372.7,1
20250514  10:48,372.95,372.95,372.7,372.7,3
20250514  10:49,372.0,372.6,371.95,372.6,21
20250514  10:50,372.7,372.7,372.45,372.45,2
20250514  10:51,372.45,372.45,372.45,372.45,0
20250514  10:52,373.1,373.1,373.1,373.1,1
20250514  10:53,373.2,373.2,373.2,373.2,2
20250514  10:54,373.35,373.85,373.2,373.2,13
20250514  10:55,373.7,373.7,373.7,373.7,2
20250514  10:56,373.85,373.85,373.55,373.55,5
20250514  10:57,373.45,374.05,373.45,374.0,5
20250514  10:58,373.9,373.9,373.9,373.9,1
20250514  10:59,373.9,373.9,373.9,373.9,0
20250514  11:00,373.8,373.8,373.8,373.8,1
20250514  11:01,373.6,373.7,373.6,373.6,4
20250514  11:02,373.4,373.45,373.35,373.4,5
20250514  11:03,373.45,373.45,373.3,373.3,3
20250514  11:04,373.1,373.1,372.85,372.85,13
20250514  11:05,373.0,373.0,373.0,373.0,1
20250514  11:06,373.15,373.25,373.1,373.1,6
20250514  11:07,372.9,372.9,372.9,372.9,1
20250514  11:08,372.9,372.9,372.75,372.75,3
20250514  11:09,373.0,373.0,373.0,373.0,2
20250514  11:10,372.85,372.85,372.85,372.85,1
20250514  11:11,373.05,373.05,373.05,373.05,1
20250514  11:12,372.25,372.25,372.25,372.25,1
20250514  11:13,372.5,372.5,372.5,372.5,1
20250514  11:14,372.25,372.25,372.1,372.1,8
20250514  11:15,371.95,372.5,371.95,372.5,18
20250514  11:16,372.4,372.4,372.4,372.4,1
20250514  11:17,372.8,372.8,372.8,372.8,1
20250514  11:18,372.6,372.85,372.6,372.85,5
20250514  11:19,372.85,372.85,372.85,372.85,0
20250514  11:20,372.85,372.85,372.85,372.85,0
20250514  11:21,373.05,373.15,373.05,373.15,5
20250514  11:22,373.6,373.6,373.45,373.45,3
20250514  11:23,373.45,373.45,373.45,373.45,0
20250514  11:24,373.5,373.5,373.5,373.5,1
20250514  11:25,373.4,373.8,373.4,373.6,11
20250514  11:26,373.65,373.65,373.65,373.65,1
20250514  11:27,373.4,373.4,373.4,373.4,1
20250514  11:28,373.65,373.65,373.1,373.1,3
20250514  11:29,373.35,373.4,373.35,373.4,2
20250514  11:30,372.95,373.1,372.95,373.1,7
20250514  11:31,373.1,373.1,373.1,373.1,0
20250514  11:32,373.85,373.85,373.4,373.4,2
20250514  11:33,373.4,373.4,373.4,373.4,0
20250514  11:34,373.7,373.7,373.7,373.7,1
20250514  11:35,373.7,373.7,373.7,373.7,0
20250514  11:36,373.7,373.7,373.7,373.7,0
20250514  11:37,373.7,373.7,373.7,373.7,1
20250514  11:38,373.7,373.7,373.7,373.7,0
20250514  11:39,373.7,373.7,373.7,373.7,0
20250514  11:40,373.5,373.5,373.4,373.4,2
20250514  11:41,373.1,373.5,373.1,373.5,7
20250514  11:42,373.85,373.85,373.85,373.85,1
20250514  11:43,373.85,373.85,373.85,373.85,0
20250514  11:44,373.85,373.85,373.85,373.85,0
20250514  11:45,373.85,373.85,373.85,373.85,1
20250514  11:46,373.85,373.85,373.85,373.85,0
20250514  11:47,373.85,373.85,373.85,373.85,0
20250514  11:48,373.6,373.6,373.35,373.35,2
20250514  11:49,373.35,373.35,373.35,373.35,0
20250514  11:50,372.9,373.05,372.9,373.05,2
20250514  11:51,372.75,372.75,372.75,372.75,1
20250514  11:52,372.75,372.75,372.75,372.75,0
20250514  11:53,373.1,373.1,372.75,372.75,2
20250514  11:54,372.95,372.95,372.85,372.85,2
20250514  11:55,372.85,372.85,372.85,372.85,0
20250514  11:56,373.25,373.25,373.0,373.0,2
20250514  11:57,373.05,373.05,372.45,372.45,6
20250514  11:58,372.3,372.3,372.05,372.05,11
20250514  11:59,372.5,372.85,372.5,372.65,5
20250514  12:00,372.25,372.25,372.1,372.1,3
20250514  12:01,372.1,372.1,372.1,372.1,0
20250514  12:02,372.1,372.1,372.1,372.1,0
20250514  12:03,372.35,372.65,372.35,372.65,2
20250514  12:04,372.25,372.25,372.25,372.25,1
20250514  12:05,372.35,372.35,372.35,372.35,1
20250514  12:06,372.4,372.4,372.4,372.4,1
20250514  12:07,372.4,372.4,372.4,372.4,0
20250514  12:08,372.4,372.4,372.4,372.4,0
20250514  12:09,372.25,372.25,372.0,372.0,13
20250514  12:10,372.0,372.0,372.0,372.0,0
20250514  12:11,372.0,372.0,372.0,372.0,0
20250514  12:12,372.25,372.25,372.25,372.25,1
20250514  12:13,372.25,372.25,372.25,372.25,0
20250514  12:14,372.25,372.25,372.25,372.25,1
20250514  12:15,372.5,372.75,372.5,372.7,6
20250514  12:16,372.45,372.45,372.4,372.4,2
20250514  12:17,372.55,372.55,372.55,372.55,1
20250514  12:18,372.55,372.55,372.55,372.55,0
20250514  12:19,372.55,372.55,372.55,372.55,0
20250514  12:20,372.55,372.55,372.55,372.55,0
20250514  12:21,372.55,372.55,372.55,372.55,0
20250514  12:22,373.3,373.3,373.3,373.3,2
20250514  12:23,373.3,373.3,373.3,373.3,0
20250514  12:24,373.0,373.0,373.0,373.0,3
20250514  12:25,373.0,373.0,373.0,373.0,0
20250514  12:26,373.0,373.0,373.0,373.0,0
20250514  12:27,373.0,373.0,373.0,373.0,0
20250514  12:28,373.0,373.0,373.0,373.0,0
20250514  12:29,373.0,373.0,373.0,373.0,0
20250514  12:30,373.0,373.0,373.0,373.0,0
20250514  12:31,373.8,373.85,373.8,373.85,4
20250514  12:32,373.5,373.6,373.1,373.1,5
20250514  12:33,373.5,373.5,373.05,373.05,2
20250514  12:34,373.05,373.05,373.05,373.05,0
20250514  12:35,373.15,373.15,373.1,373.15,4
20250514  12:36,373.15,373.15,373.15,373.15,0
20250514  12:37,373.3,373.3,373.3,373.3,1
20250514  12:38,373.45,373.45,373.45,373.45,1
20250514  12:39,373.5,373.55,373.5,373.55,3
20250514  12:40,373.55,373.55,373.55,373.55,0
20250514  12:41,373.2,373.2,373.15,373.15,5
20250514  12:42,373.15,373.15,373.15,373.15,0
20250514  12:43,373.15,373.15,373.15,373.15,0
20250514  12:44,373.2,373.2,373.2,373.2,1
20250514  12:45,373.2,373.2,373.2,373.2,0
20250514  12:46,373.5,373.5,373.5,373.5,1
20250514  12:47,373.5,373.5,373.5,373.5,0
20250514  12:48,373.5,373.5,373.5,373.5,3
20250514  12:49,373.45,373.5,373.4,373.4,4
20250514  12:50,373.1,373.1,372.9,372.9,2
20250514  12:51,372.9,372.9,372.9,372.9,0
20250514  12:52,372.9,372.9,372.9,372.9,0
20250514  12:53,372.75,372.75,372.25,372.3,9
20250514  12:54,372.55,372.55,372.55,372.55,1
20250514  12:55,372.55,372.55,372.45,372.45,15
20250514  12:56,372.45,372.45,372.45,372.45,1
20250514  12:57,372.45,372.45,372.45,372.45,0
20250514  12:58,372.55,372.55,372.55,372.55,1
20250514  12:59,372.8,372.8,372.8,372.8,1
20250514  13:00,372.95,372.95,372.95,372.95,2
20250514  13:01,372.8,372.8,372.8,372.8,1
20250514  13:02,372.75,372.75,372.75,372.75,2
20250514  13:03,372.3,372.3,372.3,372.3,4
20250514  13:04,372.35,372.4,372.2,372.2,5
20250514  13:05,372.1,372.1,372.0,372.0,11
20250514  13:06,371.85,371.85,371.8,371.8,4
20250514  13:07,371.95,371.95,371.95,371.95,1
20250514  13:08,371.6,371.6,371.3,371.3,5
20250514  13:09,371.3,371.3,371.3,371.3,0
20250514  13:10,371.3,371.35,371.3,371.35,2
20250514  13:11,371.15,371.15,371.15,371.15,1
20250514  13:12,371.25,371.25,371.25,371.25,1
20250514  13:13,371.25,371.25,371.25,371.25,0
20250514  13:14,371.25,371.25,371.25,371.25,0
20250514  13:15,371.0,371.0,371.0,371.0,1
20250514  13:16,370.8,370.95,370.8,370.95,4
20250514  13:17,370.65,370.7,370.65,370.7,2
20250514  13:18,371.15,371.15,370.85,370.85,2
20250514  13:19,370.85,370.85,370.85,370.85,5
20250514  13:20,370.4,370.45,369.95,369.95,19
20250514  13:21,369.95,370.0,369.8,370.0,5
20250514  13:22,369.8,370.05,369.8,369.9,5
20250514  13:23,369.8,369.8,369.55,369.55,2
20250514  13:24,369.6,369.75,369.35,369.35,6
20250514  13:25,369.45,369.8,369.45,369.8,2
20250514  13:26,369.8,369.8,369.8,369.8,0
20250514  13:27,369.8,369.8,369.8,369.8,0
20250514  13:28,369.85,369.85,369.85,369.85,1
20250514  13:29,369.9,369.9,369.9,369.9,1
20250514  13:30,369.9,369.9,369.9,369.9,1
20250515  10:15,362.95,363.85,362.3,363.25,92
20250515  10:16,363.4,363.4,362.4,362.9,12
20250515  10:17,362.75,362.75,361.7,361.7,27
20250515  10:18,361.9,361.9,361.9,361.9,4
20250515  10:19,361.6,361.7,361.6,361.7,2
20250515  10:20,361.0,361.0,360.95,360.95,6
20250515  10:21,360.85,361.35,360.85,361.35,10
20250515  10:22,361.5,361.6,361.45,361.6,5
20250515  10:23,361.6,361.6,361.6,361.6,0
20250515  10:24,361.25,361.25,361.0,361.25,3
20250515  10:25,361.05,361.2,361.05,361.2,2
20250515  10:26,361.75,361.85,361.6,361.6,9
20250515  10:27,361.6,361.6,361.6,361.6,0
20250515  10:28,361.5,361.5,361.0,361.0,9
20250515  10:29,361.15,361.25,361.0,361.0,11
20250515  10:30,361.0,361.05,360.65,361.05,12
20250515  10:31,360.85,360.85,360.6,360.6,4
20250515  10:32,360.8,360.8,360.65,360.65,2
20250515  10:33,360.3,360.55,360.3,360.55,3
20250515  10:34,360.65,360.65,360.65,360.65,1
20250515  10:35,360.65,360.65,360.65,360.65,0
20250515  10:36,360.5,360.5,360.05,360.4,30
20250515  10:37,360.5,360.5,360.3,360.35,5
20250515  10:38,360.35,360.35,360.35,360.35,0
20250515  10:39,360.35,360.35,360.35,360.35,0
20250515  10:40,360.35,360.35,360.35,360.35,0
20250515  10:41,361.15,361.15,360.65,360.65,6
20250515  10:42,361.0,361.1,361.0,361.1,3
20250515  10:43,361.05,361.05,360.6,360.6,7
20250515  10:44,360.75,360.8,360.75,360.8,4
20250515  10:45,360.8,360.8,360.8,360.8,2
20250515  10:46,360.8,360.8,360.8,360.8,0
20250515  10:47,360.8,360.8,360.8,360.8,0
20250515  10:48,360.85,360.85,360.65,360.65,6
20250515  10:49,360.75,360.75,360.75,360.75,1
20250515  10:50,360.75,360.75,360.75,360.75,1
20250515  10:51,360.95,361.3,360.95,361.3,4
20250515  10:52,361.3,361.3,361.3,361.3,0
20250515  10:53,361.3,361.3,361.3,361.3,0
20250515  10:54,360.75,360.75,360.2,360.65,12
20250515  10:55,360.8,360.8,360.8,360.8,1
20250515  10:56,360.8,360.8,360.8,360.8,0
20250515  10:57,360.7,360.9,360.7,360.7,4
20250515  10:58,360.6,360.6,360.6,360.6,2
20250515  10:59,360.6,360.6,360.6,360.6,0
20250515  11:00,360.65,360.65,360.65,360.65,1
20250515  11:01,360.9,360.9,360.7,360.7,2
20250515  11:02,360.75,360.75,360.75,360.75,2
20250515  11:03,360.7,360.7,360.7,360.7,1
20250515  11:04,360.75,360.75,360.5,360.5,7
20250515  11:05,360.5,360.5,360.5,360.5,0
20250515  11:06,360.5,360.5,360.5,360.5,0
20250515  11:07,361.2,361.2,360.8,360.8,6
20250515  11:08,361.0,361.75,361.0,361.65,24
20250515  11:09,362.0,362.2,362.0,362.2,2
20250515  11:10,362.3,362.5,362.3,362.4,4
20250515  11:11,362.35,362.35,362.35,362.35,1
20250515  11:12,362.2,362.2,362.2,362.2,3
20250515  11:13,362.35,362.65,362.1,362.65,10
20250515  11:14,362.85,362.85,362.5,362.5,11
20250515  11:15,362.55,362.55,362.55,362.55,1
20250515  11:16,362.45,362.45,362.45,362.45,1
20250515  11:17,362.3,362.3,362.3,362.3,1
20250515  11:18,362.3,362.3,362.3,362.3,1
20250515  11:19,362.7,362.8,362.5,362.8,4
20250515  11:20,362.6,362.8,362.4,362.4,17
20250515  11:21,362.45,362.45,362.45,362.45,1
20250515  11:22,362.3,362.3,362.3,362.3,1
20250515  11:23,362.3,362.3,362.3,362.3,0
20250515  11:24,362.3,362.3,362.3,362.3,0
20250515  11:25,362.3,362.3,362.3,362.3,0
20250515  11:26,363.3,363.3,363.1,363.25,3
20250515  11:27,363.35,363.5,363.35,363.5,5
20250515  11:28,362.7,362.8,362.7,362.8,3
20250515  11:29,362.65,363.0,362.6,362.8,13
20250515  11:30,362.95,362.95,362.85,362.85,7
20250515  11:31,362.85,362.85,362.85,362.85,0
20250515  11:32,363.0,363.1,363.0,363.1,3
20250515  11:33,362.9,362.9,362.75,362.75,4
20250515  11:34,362.75,362.75,362.75,362.75,0
20250515  11:35,362.55,362.55,362.55,362.55,1
20250515  11:36,362.55,362.55,362.55,362.55,0
20250515  11:37,362.65,362.65,362.65,362.65,2
20250515  11:38,362.55,362.95,362.55,362.8,3
20250515  11:39,362.85,362.85,362.55,362.55,2
20250515  11:40,362.55,362.55,362.3,362.3,16
20250515  11:41,362.4,362.4,362.4,362.4,1
20250515  11:42,361.6,361.6,361.6,361.6,1
20250515  11:43,361.6,361.6,361.6,361.6,0
20250515  11:44,361.6,361.6,361.6,361.6,0
20250515  11:45,361.6,361.6,361.6,361.6,0
20250515  11:46,361.6,361.6,361.6,361.6,0
20250515  11:47,361.6,361.6,361.6,361.6,0
20250515  11:48,361.9,361.9,361.9,361.9,1
20250515  11:49,361.5,361.5,361.5,361.5,2
20250515  11:50,361.5,361.5,361.5,361.5,0
20250515  11:51,361.8,361.8,361.8,361.8,1
20250515  11:52,361.95,362.15,361.95,362.15,5
20250515  11:53,362.3,362.3,362.3,362.3,1
20250515  11:54,362.15,362.4,362.15,362.4,6
20250515  11:55,362.4,362.4,362.4,362.4,0
20250515  11:56,362.4,362.4,362.4,362.4,0
20250515  11:57,362.4,362.4,362.4,362.4,1
20250515  11:58,362.55,362.55,362.4,362.4,2
20250515  11:59,362.4,362.4,362.4,362.4,0
20250515  12:00,361.75,361.75,361.75,361.75,1
20250515  12:01,361.95,361.95,361.95,361.95,1
20250515  12:02,361.95,361.95,361.95,361.95,2
20250515  12:03,361.95,361.95,361.95,361.95,0
20250515  12:04,362.4,362.4,362.4,362.4,1
20250515  12:05,362.4,362.4,362.4,362.4,0
20250515  12:06,362.45,362.45,362.35,362.35,2
20250515  12:07,362.25,362.25,362.25,362.25,1
20250515  12:08,362.25,362.25,362.25,362.25,0
20250515  12:09,362.25,362.25,362.25,362.25,0
20250515  12:10,362.4,362.4,362.4,362.4,1
20250515  12:11,362.4,362.4,362.4,362.4,0
20250515  12:12,362.3,362.3,362.3,362.3,1
20250515  12:13,362.3,362.3,362.3,362.3,0
20250515  12:14,362.3,362.3,362.3,362.3,0
20250515  12:15,362.3,362.3,362.3,362.3,0
20250515  12:16,362.05,362.05,362.05,362.05,2
20250515  12:17,362.05,362.05,362.05,362.05,0
20250515  12:18,362.05,362.05,362.05,362.05,0
20250515  12:19,362.05,362.05,362.05,362.05,0
20250515  12:20,362.05,362.05,362.05,362.05,0
20250515  12:21,362.2,362.4,362.2,362.4,3
20250515  12:22,362.4,362.4,362.4,362.4,0
20250515  12:23,362.5,362.5,362.5,362.5,1
20250515  12:24,362.7,362.7,362.7,362.7,1
20250515  12:25,362.7,362.7,362.7,362.7,0
20250515  12:26,362.7,362.7,362.7,362.7,0
20250515  12:27,362.5,362.5,362.5,362.5,1
20250515  12:28,362.45,362.45,362.45,362.45,1
20250515  12:29,362.45,362.45,362.45,362.45,0
20250515  12:30,362.45,362.45,362.45,362.45,0
20250515  12:31,362.45,362.45,362.45,362.45,0
20250515  12:32,362.45,362.45,362.45,362.45,0
20250515  12:33,362.45,362.65,362.3,362.3,11
20250515  12:34,362.5,362.5,362.4,362.4,5
20250515  12:35,362.4,362.4,362.4,362.4,0
20250515  12:36,362.4,362.4,362.4,362.4,0
20250515  12:37,362.4,362.4,362.4,362.4,0
20250515  12:38,362.4,362.4,362.4,362.4,0
20250515  12:39,362.4,362.4,362.4,362.4,0
20250515  12:40,362.25,362.3,361.95,361.95,5
20250515  12:41,362.05,362.05,362.05,362.05,1
20250515  12:42,362.05,362.05,362.05,362.05,0
20250515  12:43,362.05,362.05,362.05,362.05,0
20250515  12:44,362.4,362.4,362.4,362.4,1
20250515  12:45,362.4,362.4,362.4,362.4,0
20250515  12:46,362.25,362.25,362.25,362.25,1
20250515  12:47,362.25,362.25,362.25,362.25,1
20250515  12:48,362.25,362.25,362.25,362.25,0
20250515  12:49,362.25,362.25,362.25,362.25,0
20250515  12:50,362.25,362.25,362.25,362.25,0
20250515  12:51,362.25,362.25,362.25,362.25,0
20250515  12:52,362.25,362.25,362.25,362.25,0
20250515  12:53,362.25,362.25,362.25,362.25,0
20250515  12:54,362.25,362.25,362.25,362.25,0
20250515  12:55,362.25,362.25,362.25,362.25,0
20250515  12:56,362.25,362.25,362.25,362.25,0
20250515  12:57,362.2,362.2,362.15,362.15,2
20250515  12:58,362.15,362.15,362.15,362.15,0
20250515  12:59,362.15,362.15,362.15,362.15,0
20250515  13:00,362.15,362.15,362.15,362.15,0
20250515  13:01,362.0,362.1,362.0,362.1,15
20250515  13:02,362.25,362.25,362.25,362.25,2
20250515  13:03,362.5,362.9,362.5,362.9,4
20250515  13:04,363.05,363.05,362.75,362.75,3
20250515  13:05,362.75,362.75,362.75,362.75,0
20250515  13:06,363.0,363.25,363.0,363.05,20
20250515  13:07,363.0,363.0,363.0,363.0,2
20250515  13:08,363.0,363.0,363.0,363.0,0
20250515  13:09,363.0,363.0,363.0,363.0,0
20250515  13:10,363.3,363.3,363.3,363.3,4
20250515  13:11,363.3,363.3,363.3,363.3,0
20250515  13:12,363.05,363.05,362.8,362.8,10
20250515  13:13,363.05,363.05,363.05,363.05,4
20250515  13:14,363.45,363.95,363.45,363.95,30
20250515  13:15,363.85,363.85,363.85,363.85,1
20250515  13:16,363.75,363.75,363.75,363.75,1
20250515  13:17,363.75,363.75,363.75,363.75,0
20250515  13:18,363.6,363.6,363.6,363.6,3
20250515  13:19,363.6,363.6,363.6,363.6,0
20250515  13:20,363.6,363.6,363.6,363.6,0
20250515  13:21,363.6,363.6,363.6,363.6,0
20250515  13:22,363.5,363.55,363.15,363.35,15
20250515  13:23,363.25,363.35,363.1,363.1,7
20250515  13:24,363.1,363.1,363.1,363.1,0
20250515  13:25,363.35,363.5,363.35,363.5,9
20250515  13:26,363.35,363.35,363.35,363.35,2
20250515  13:27,363.25,363.25,363.25,363.25,6
20250515  13:28,363.25,363.25,363.0,363.0,4
20250515  13:29,363.0,363.2,363.0,363.2,10
20250515  13:30,363.0,363.0,362.65,362.85,16
20250516  10:15,370.2,370.3,368.0,368.1,59
20250516  10:16,368.1,369.0,368.1,368.45,8
20250516  10:17,368.0,368.35,367.65,368.35,6
20250516  10:18,368.8,368.9,368.8,368.85,7
20250516  10:19,369.45,369.45,369.45,369.45,2
20250516  10:20,369.55,369.55,369.45,369.45,3
20250516  10:21,369.25,369.55,369.25,369.55,4
20250516  10:22,369.5,369.5,369.5,369.5,2
20250516  10:23,369.2,369.2,368.85,368.85,2
20250516  10:24,368.85,368.85,368.85,368.85,0
20250516  10:25,369.5,369.5,369.5,369.5,1
20250516  10:26,369.05,369.05,369.05,369.05,2
20250516  10:27,368.75,368.85,368.75,368.85,2
20250516  10:28,368.95,368.95,368.95,368.95,1
20250516  10:29,368.95,368.95,368.95,368.95,0
20250516  10:30,368.95,368.95,368.95,368.95,0
20250516  10:31,368.75,368.9,368.75,368.9,3
20250516  10:32,368.9,368.9,368.9,368.9,0
20250516  10:33,368.4,368.4,368.3,368.3,3
20250516  10:34,368.65,368.65,368.65,368.65,1
20250516  10:35,368.65,368.65,368.65,368.65,0
20250516  10:36,368.5,368.55,368.4,368.55,3
20250516  10:37,368.4,368.4,368.4,368.4,1
20250516  10:38,368.4,368.4,368.4,368.4,0
20250516  10:39,368.4,368.4,368.4,368.4,0
20250516  10:40,368.95,368.95,368.95,368.95,2
20250516  10:41,368.8,368.8,368.75,368.75,3
20250516  10:42,368.75,368.75,368.75,368.75,0
20250516  10:43,368.75,368.75,368.75,368.75,0
20250516  10:44,369.0,369.0,369.0,369.0,3
20250516  10:45,368.95,368.95,368.95,368.95,7
20250516  10:46,368.95,368.95,368.95,368.95,0
20250516  10:47,368.55,368.55,368.0,368.0,9
20250516  10:48,367.65,367.8,367.65,367.7,4
20250516  10:49,367.7,367.7,367.7,367.7,0
20250516  10:50,367.75,367.75,367.75,367.75,3
20250516  10:51,368.1,368.15,368.1,368.15,2
20250516  10:52,367.9,367.9,367.9,367.9,3
20250516  10:53,368.1,368.1,367.9,367.9,3
20250516  10:54,368.3,368.5,368.3,368.5,2
20250516  10:55,368.55,368.55,368.55,368.55,3
20250516  10:56,368.4,368.4,368.4,368.4,3
20250516  10:57,368.45,368.6,368.3,368.6,7
20250516  10:58,368.75,368.9,368.75,368.85,5
20250516  10:59,368.95,368.95,368.9,368.9,2
20250516  11:00,368.75,368.8,368.75,368.8,2
20250516  11:01,368.8,368.8,368.8,368.8,0
20250516  11:02,368.7,368.7,368.5,368.6,6
20250516  11:03,368.6,368.6,368.6,368.6,0
20250516  11:04,368.5,368.5,368.5,368.5,1
20250516  11:05,368.5,368.5,368.5,368.5,0
20250516  11:06,368.5,368.5,368.5,368.5,0
20250516  11:07,368.5,368.5,368.5,368.5,0
20250516  11:08,368.5,368.5,368.5,368.5,0
20250516  11:09,368.5,368.5,368.5,368.5,0
20250516  11:10,368.3,368.5,368.3,368.3,5
20250516  11:11,368.3,368.3,368.3,368.3,0
20250516  11:12,368.55,368.55,368.55,368.55,1
20250516  11:13,368.55,368.55,368.55,368.55,0
20250516  11:14,368.55,368.55,368.55,368.55,0
20250516  11:15,368.55,368.55,368.55,368.55,0
20250516  11:16,368.5,368.5,368.5,368.5,2
20250516  11:17,368.5,368.5,368.5,368.5,0
20250516  11:18,368.5,368.5,368.5,368.5,0
20250516  11:19,369.0,369.5,369.0,369.5,9
20250516  11:20,369.5,369.5,369.5,369.5,0
20250516  11:21,369.5,369.5,369.5,369.5,0
20250516  11:22,369.5,369.5,369.5,369.5,0
20250516  11:23,369.3,369.3,369.3,369.3,1
20250516  11:24,369.3,369.3,369.3,369.3,0
20250516  11:25,368.4,368.4,368.4,368.4,1
20250516  11:26,368.4,368.4,368.4,368.4,0
20250516  11:27,368.4,368.4,368.4,368.4,0
20250516  11:28,368.4,368.4,368.4,368.4,0
20250516  11:29,368.4,368.4,368.4,368.4,0
20250516  11:30,368.7,368.7,367.65,368.05,9
20250516  11:31,367.9,367.9,367.75,367.75,3
20250516  11:32,367.75,367.75,367.75,367.75,0
20250516  11:33,367.5,367.5,367.5,367.5,1
20250516  11:34,367.35,367.35,367.35,367.35,1
20250516  11:35,367.1,367.1,366.7,366.7,8
20250516  11:36,366.7,366.7,366.5,366.5,3
20250516  11:37,366.1,366.4,366.1,366.2,6
20250516  11:38,365.85,366.05,365.85,366.05,3
20250516  11:39,366.15,366.2,366.15,366.15,4
20250516  11:40,365.8,365.85,365.8,365.85,2
20250516  11:41,365.8,365.8,365.75,365.75,7
20250516  11:42,365.75,365.75,365.75,365.75,0
20250516  11:43,365.95,365.95,365.95,365.95,1
20250516  11:44,365.95,365.95,365.95,365.95,0
20250516  11:45,365.95,365.95,365.95,365.95,0
20250516  11:46,366.0,366.0,366.0,366.0,1
20250516  11:47,366.65,366.65,366.65,366.65,1
20250516  11:48,366.65,366.65,366.65,366.65,0
20250516  11:49,366.05,366.05,366.05,366.05,1
20250516  11:50,365.75,366.05,365.75,366.05,8
20250516  11:51,366.05,366.05,366.05,366.05,0
20250516  11:52,366.1,366.15,365.75,365.8,8
20250516  11:53,366.15,366.15,366.15,366.15,1
20250516  11:54,366.15,366.15,366.15,366.15,0
20250516  11:55,365.85,366.1,365.8,366.1,11
20250516  11:56,365.8,365.8,365.8,365.8,1
20250516  11:57,365.45,365.95,365.45,365.95,4
20250516  11:58,365.8,366.7,365.8,366.7,2
20250516  11:59,366.7,366.7,366.7,366.7,0
20250516  12:00,366.55,367.0,366.55,366.9,9
20250516  12:01,366.9,366.9,366.9,366.9,0
20250516  12:02,366.9,366.9,366.9,366.9,0
20250516  12:03,366.9,366.9,366.9,366.9,0
20250516  12:04,366.9,366.9,366.9,366.9,0
20250516  12:05,366.55,366.55,366.55,366.55,2
20250516  12:06,366.45,366.6,366.25,366.6,7
20250516  12:07,366.6,366.6,366.6,366.6,0
20250516  12:08,367.0,367.0,367.0,367.0,1
20250516  12:09,366.85,366.85,366.85,366.85,1
20250516  12:10,367.05,367.05,366.95,366.95,2
20250516  12:11,366.95,366.95,366.95,366.95,0
20250516  12:12,366.95,366.95,366.95,366.95,0
20250516  12:13,366.95,366.95,366.95,366.95,0
20250516  12:14,366.8,366.8,366.65,366.65,3
20250516  12:15,366.4,366.4,366.3,366.3,11
20250516  12:16,366.25,366.25,365.45,365.6,11
20250516  12:17,365.45,365.45,365.45,365.45,1
20250516  12:18,365.45,365.45,365.45,365.45,0
20250516  12:19,365.45,365.45,365.45,365.45,0
20250516  12:20,365.4,365.45,365.35,365.35,5
20250516  12:21,365.35,365.35,365.35,365.35,0
20250516  12:22,365.35,365.35,365.35,365.35,0
20250516  12:23,365.45,365.5,365.45,365.5,2
20250516  12:24,365.35,365.35,365.35,365.35,1
20250516  12:25,365.0,365.15,364.95,365.05,14
20250516  12:26,365.05,365.05,365.05,365.05,0
20250516  12:27,365.05,365.05,365.05,365.05,0
20250516  12:28,365.05,365.05,365.05,365.05,0
20250516  12:29,365.05,365.05,365.05,365.05,0
20250516  12:30,365.05,365.05,365.05,365.05,0
20250516  12:31,365.05,365.05,365.05,365.05,0
20250516  12:32,365.35,365.35,365.35,365.35,1
20250516  12:33,365.55,365.55,365.55,365.55,1
20250516  12:34,365.6,365.6,365.6,365.6,2
20250516  12:35,365.3,365.6,365.3,365.6,13
20250516  12:36,365.9,365.9,365.5,365.5,5
20250516  12:37,365.4,365.4,365.35,365.35,2
20250516  12:38,365.35,365.35,365.35,365.35,0
20250516  12:39,365.45,365.45,365.45,365.45,1
20250516  12:40,365.75,365.75,365.75,365.75,2
20250516  12:41,365.7,365.7,365.65,365.65,3
20250516  12:42,365.25,365.25,365.25,365.25,1
20250516  12:43,365.35,365.35,365.35,365.35,1
20250516  12:44,365.35,365.35,365.35,365.35,0
20250516  12:45,365.5,365.5,365.5,365.5,1
20250516  12:46,365.25,365.25,365.25,365.25,1
20250516  12:47,365.25,365.25,365.25,365.25,0
20250516  12:48,365.25,365.25,365.25,365.25,0
20250516  12:49,365.2,365.2,365.2,365.2,3
20250516  12:50,365.2,365.2,365.15,365.15,2
20250516  12:51,365.15,365.15,365.15,365.15,0
20250516  12:52,365.15,365.15,365.15,365.15,0
20250516  12:53,365.25,365.35,365.25,365.35,2
20250516  12:54,365.35,365.35,365.35,365.35,0
20250516  12:55,365.35,365.35,365.35,365.35,0
20250516  12:56,365.05,365.1,365.05,365.05,3
20250516  12:57,364.95,364.95,364.95,364.95,1
20250516  12:58,364.7,364.7,364.7,364.7,1
20250516  12:59,365.1,365.1,364.45,364.45,13
20250516  13:00,364.55,364.55,364.0,364.25,7
20250516  13:01,364.15,364.2,363.9,364.05,9
20250516  13:02,364.05,364.05,364.05,364.05,0
20250516  13:03,363.95,363.95,363.2,363.35,10
20250516  13:04,363.0,363.1,363.0,363.1,2
20250516  13:05,363.2,363.35,363.2,363.35,2
20250516  13:06,363.5,363.5,363.5,363.5,1
20250516  13:07,363.5,363.5,363.5,363.5,0
20250516  13:08,363.6,363.6,363.6,363.6,2
20250516  13:09,363.55,363.95,363.55,363.95,3
20250516  13:10,363.7,363.7,363.7,363.7,1
20250516  13:11,363.7,363.7,363.7,363.7,0
20250516  13:12,364.1,364.1,364.1,364.1,1
20250516  13:13,364.2,364.2,364.05,364.05,3
20250516  13:14,364.05,364.05,364.0,364.0,3
20250516  13:15,364.0,364.0,364.0,364.0,0
20250516  13:16,364.0,364.0,364.0,364.0,0
20250516  13:17,364.0,364.0,364.0,364.0,0
20250516  13:18,364.1,364.1,364.1,364.1,1
20250516  13:19,363.75,363.75,363.75,363.75,1
20250516  13:20,363.95,363.95,363.95,363.95,1
20250516  13:21,363.9,363.95,363.9,363.95,2
20250516  13:22,363.95,363.95,363.95,363.95,0
20250516  13:23,364.0,364.0,363.8,363.8,5
20250516  13:24,364.0,364.2,364.0,364.2,5
20250516  13:25,364.2,364.2,364.2,364.2,0
20250516  13:26,363.8,363.8,363.8,363.8,1
20250516  13:27,363.8,363.8,363.8,363.8,0
20250516  13:28,363.85,363.9,363.85,363.85,8
20250516  13:29,364.0,364.0,363.85,363.85,13
20250516  13:30,364.0,364.0,363.6,363.6,24
20250519  10:15,362.8,363.55,362.3,363.55,40
20250519  10:16,363.55,364.35,363.5,364.2,18
20250519  10:17,363.95,365.05,363.95,363.95,22
20250519  10:18,363.75,363.95,363.35,363.9,17
20250519  10:19,363.45,363.45,363.45,363.45,1
20250519  10:20,364.2,365.05,364.2,365.05,5
20250519  10:21,365.55,365.55,365.2,365.2,3
20250519  10:22,365.25,366.15,365.25,366.15,18
20250519  10:23,366.2,366.2,365.8,365.8,6
20250519  10:24,365.9,365.9,365.9,365.9,2
20250519  10:25,366.0,366.15,365.95,365.95,4
20250519  10:26,366.0,366.1,366.0,366.05,6
20250519  10:27,366.15,366.35,366.0,366.35,8
20250519  10:28,366.5,366.5,366.5,366.5,1
20250519  10:29,366.45,366.45,366.45,366.45,1
20250519  10:30,366.6,366.75,366.6,366.75,2
20250519  10:31,366.75,366.75,366.75,366.75,0
20250519  10:32,367.0,367.35,367.0,367.3,4
20250519  10:33,367.8,368.0,367.6,367.6,10
20250519  10:34,368.05,368.05,367.95,367.95,3
20250519  10:35,367.95,367.95,367.95,367.95,0
20250519  10:36,368.1,368.85,367.95,367.95,40
20250519  10:37,368.3,368.45,368.15,368.45,8
20250519  10:38,367.9,367.9,367.8,367.8,2
20250519  10:39,368.55,368.55,368.4,368.4,2
20250519  10:40,368.65,368.75,368.6,368.75,5
20250519  10:41,368.85,368.9,368.7,368.7,10
20250519  10:42,369.0,369.1,369.0,369.1,5
20250519  10:43,369.3,369.45,369.25,369.25,10
20250519  10:44,369.25,369.25,369.25,369.25,0
20250519  10:45,368.95,368.95,368.9,368.9,3
20250519  10:46,368.7,368.7,368.7,368.7,1
20250519  10:47,368.9,368.9,368.8,368.8,2
20250519  10:48,368.6,368.6,367.8,367.8,13
20250519  10:49,368.25,368.25,368.25,368.25,1
20250519  10:50,367.6,367.6,367.5,367.5,3
20250519  10:51,367.0,367.9,367.0,367.9,20
20250519  10:52,367.9,367.9,367.9,367.9,0
20250519  10:53,367.75,367.9,367.75,367.9,2
20250519  10:54,367.9,367.9,367.9,367.9,0
20250519  10:55,367.75,367.75,367.75,367.75,1
20250519  10:56,367.75,367.75,367.75,367.75,0
20250519  10:57,367.75,367.75,367.75,367.75,2
20250519  10:58,367.45,367.45,366.85,366.85,8
20250519  10:59,366.85,366.85,366.85,366.85,0
20250519  11:00,367.15,367.15,367.15,367.15,1
20250519  11:01,366.75,367.05,366.75,367.05,2
20250519  11:02,366.8,366.8,366.25,366.25,6
20250519  11:03,366.25,366.25,366.25,366.25,0
20250519  11:04,366.4,366.4,366.1,366.1,7
20250519  11:05,366.0,366.05,366.0,366.05,4
20250519  11:06,366.05,366.05,366.05,366.05,0
20250519  11:07,366.65,366.65,366.65,366.65,1
20250519  11:08,366.5,366.5,366.5,366.5,1
20250519  11:09,366.45,366.6,366.35,366.35,5
20250519  11:10,366.0,366.0,365.8,366.0,3
20250519  11:11,365.9,365.9,365.9,365.9,1
20250519  11:12,366.15,366.15,366.15,366.15,1
20250519  11:13,366.25,366.25,366.15,366.25,4
20250519  11:14,366.25,366.25,366.25,366.25,0
20250519  11:15,366.25,366.25,366.25,366.25,0
20250519  11:16,366.4,366.45,366.4,366.45,2
20250519  11:17,366.45,366.45,366.45,366.45,0
20250519  11:18,366.4,366.4,366.4,366.4,1
20250519  11:19,366.25,366.25,366.2,366.25,3
20250519  11:20,366.2,366.3,366.2,366.3,3
20250519  11:21,365.9,365.9,365.8,365.8,3
20250519  11:22,365.85,365.85,365.0,365.0,87
20250519  11:23,365.0,365.0,365.0,365.0,0
20250519  11:24,365.5,365.5,365.4,365.4,5
20250519  11:25,365.5,365.65,365.5,365.65,3
20250519  11:26,365.7,365.7,365.7,365.7,1
20250519  11:27,366.1,366.1,366.1,366.1,1
20250519  11:28,366.25,366.25,366.25,366.25,7
20250519  11:29,366.3,366.3,366.2,366.2,2
20250519  11:30,366.2,366.2,366.2,366.2,0
20250519  11:31,366.2,366.2,366.2,366.2,0
20250519  11:32,365.9,365.9,365.9,365.9,1
20250519  11:33,366.05,366.2,366.05,366.2,3
20250519  11:34,365.85,365.85,365.85,365.85,1
20250519  11:35,365.85,365.85,365.85,365.85,0
20250519  11:36,365.85,365.85,365.85,365.85,0
20250519  11:37,365.95,365.95,365.45,365.45,25
20250519  11:38,365.65,365.65,365.45,365.45,3
20250519  11:39,365.5,365.6,365.5,365.6,2
20250519  11:40,365.4,365.4,364.95,364.95,2
20250519  11:41,364.5,364.65,364.5,364.65,2
20250519  11:42,364.65,364.65,364.65,364.65,1
20250519  11:43,364.85,364.85,364.85,364.85,1
20250519  11:44,364.85,364.85,364.85,364.85,0
20250519  11:45,365.15,365.15,365.05,365.05,2
20250519  11:46,365.05,365.05,365.05,365.05,0
20250519  11:47,364.8,364.8,364.55,364.55,10
20250519  11:48,364.6,364.6,364.6,364.6,1
20250519  11:49,364.6,364.6,364.6,364.6,0
20250519  11:50,364.6,364.6,364.6,364.6,0
20250519  11:51,365.0,365.0,365.0,365.0,1
20250519  11:52,365.0,365.0,365.0,365.0,0
20250519  11:53,365.0,365.0,365.0,365.0,1
20250519  11:54,365.15,365.3,365.15,365.3,2
20250519  11:55,365.3,365.3,365.3,365.3,0
20250519  11:56,365.0,365.05,365.0,365.05,2
20250519  11:57,365.05,365.05,365.05,365.05,0
20250519  11:58,365.0,365.0,365.0,365.0,1
20250519  11:59,365.0,365.0,365.0,365.0,0
20250519  12:00,365.1,365.1,365.05,365.05,3
20250519  12:01,365.05,365.05,365.05,365.05,0
20250519  12:02,364.8,364.8,364.8,364.8,1
20250519  12:03,364.7,364.75,364.55,364.7,13
20250519  12:04,364.7,364.7,364.7,364.7,0
20250519  12:05,364.35,364.4,364.35,364.4,4
20250519  12:06,364.45,364.5,364.45,364.5,2
20250519  12:07,364.6,364.6,364.6,364.6,1
20250519  12:08,364.55,364.55,364.45,364.45,2
20250519  12:09,364.65,364.65,364.65,364.65,1
20250519  12:10,364.65,364.65,364.65,364.65,0
20250519  12:11,364.65,364.65,364.65,364.65,0
20250519  12:12,364.65,364.65,364.65,364.65,0
20250519  12:13,364.65,364.65,364.65,364.65,0
20250519  12:14,364.65,364.65,364.65,364.65,2
20250519  12:15,364.45,364.45,364.45,364.45,1
20250519  12:16,364.45,364.45,364.45,364.45,0
20250519  12:17,365.0,365.0,365.0,365.0,1
20250519  12:18,365.0,365.0,365.0,365.0,0
20250519  12:19,365.0,365.0,365.0,365.0,0
20250519  12:20,364.8,364.8,364.8,364.8,2
20250519  12:21,364.8,364.8,364.8,364.8,0
20250519  12:22,365.2,365.2,364.95,364.95,3
20250519  12:23,364.95,364.95,364.95,364.95,0
20250519  12:24,365.5,365.55,365.5,365.55,4
20250519  12:25,365.55,365.55,365.55,365.55,0
20250519  12:26,366.05,366.05,365.9,365.9,2
20250519  12:27,365.9,365.9,365.9,365.9,0
20250519  12:28,366.2,366.3,366.2,366.3,2
20250519  12:29,366.3,366.3,366.3,366.3,0
20250519  12:30,366.3,366.3,366.3,366.3,0
20250519  12:31,366.3,366.3,366.3,366.3,2
20250519  12:32,366.45,366.45,366.45,366.45,1
20250519  12:33,366.3,366.3,366.3,366.3,1
20250519  12:34,366.3,366.3,366.3,366.3,0
20250519  12:35,366.3,366.3,366.3,366.3,0
20250519  12:36,366.3,366.3,366.3,366.3,0
20250519  12:37,366.5,366.5,366.5,366.5,1
20250519  12:38,366.7,366.7,366.7,366.7,2
20250519  12:39,366.7,366.7,366.7,366.7,0
20250519  12:40,367.0,367.0,367.0,367.0,1
20250519  12:41,367.0,367.0,367.0,367.0,0
20250519  12:42,367.0,367.0,367.0,367.0,0
20250519  12:43,367.0,367.0,367.0,367.0,0
20250519  12:44,367.0,367.0,367.0,367.0,0
20250519  12:45,367.65,368.1,367.65,368.1,11
20250519  12:46,368.1,368.1,368.1,368.1,0
20250519  12:47,368.1,368.1,368.1,368.1,0
20250519  12:48,368.1,368.1,368.1,368.1,0
20250519  12:49,367.8,367.8,367.8,367.8,2
20250519  12:50,367.8,367.8,367.8,367.8,0
20250519  12:51,368.0,368.0,368.0,368.0,3
20250519  12:52,368.0,368.0,368.0,368.0,0
20250519  12:53,367.9,367.9,367.9,367.9,1
20250519  12:54,367.9,367.9,367.9,367.9,0
20250519  12:55,367.9,367.9,367.9,367.9,0
20250519  12:56,367.6,367.65,367.6,367.6,4
20250519  12:57,367.5,367.55,367.5,367.55,2
20250519  12:58,367.35,367.35,367.1,367.1,9
20250519  12:59,367.15,367.45,367.15,367.35,7
20250519  13:00,367.35,367.35,367.35,367.35,0
20250519  13:01,367.35,367.35,367.35,367.35,0
20250519  13:02,366.45,366.45,366.45,366.45,1
20250519  13:03,366.35,366.55,366.35,366.55,9
20250519  13:04,366.4,366.4,366.15,366.15,4
20250519  13:05,366.15,366.15,366.1,366.1,2
20250519  13:06,365.9,365.9,365.9,365.9,2
20250519  13:07,365.9,366.05,365.8,366.05,3
20250519  13:08,366.05,366.05,366.05,366.05,0
20250519  13:09,366.05,366.05,366.05,366.05,0
20250519  13:10,366.05,366.05,366.05,366.05,0
20250519  13:11,365.8,365.8,365.8,365.8,1
20250519  13:12,365.8,365.8,365.8,365.8,0
20250519  13:13,365.85,365.85,365.85,365.85,1
20250519  13:14,365.9,366.0,365.9,366.0,3
20250519  13:15,366.0,366.0,366.0,366.0,0
20250519  13:16,366.0,366.0,366.0,366.0,2
20250519  13:17,365.75,365.75,365.75,365.75,5
20250519  13:18,366.0,366.0,365.6,365.6,13
20250519  13:19,365.25,365.25,365.25,365.25,1
20250519  13:20,365.25,365.25,365.25,365.25,0
20250519  13:21,364.85,364.95,364.75,364.95,17
20250519  13:22,364.85,364.95,364.85,364.95,4
20250519  13:23,364.9,364.95,364.9,364.95,3
20250519  13:24,365.0,365.0,364.7,364.7,5
20250519  13:25,364.65,364.65,364.6,364.6,2
20250519  13:26,364.6,364.6,364.6,364.6,0
20250519  13:27,365.05,365.05,365.05,365.05,1
20250519  13:28,365.45,365.45,365.0,365.0,4
20250519  13:29,365.0,365.0,365.0,365.0,0
20250519  13:30,365.1,365.1,365.1,365.1,2
20250520  10:15,371.1,371.1,369.6,369.95,86
20250520  10:16,370.2,370.55,369.35,369.45,16
20250520  10:17,369.55,370.7,369.05,370.7,43
20250520  10:18,370.85,372.55,370.7,372.3,49
20250520  10:19,371.4,372.6,371.35,372.6,39
20250520  10:20,372.4,372.4,372.4,372.4,3
20250520  10:21,372.4,372.4,372.4,372.4,0
20250520  10:22,372.4,372.4,372.4,372.4,0
20250520  10:23,372.8,372.9,372.65,372.8,16
20250520  10:24,372.9,373.05,372.65,373.05,5
20250520  10:25,373.0,373.2,373.0,373.2,10
20250520  10:26,373.45,374.5,373.45,374.15,32
20250520  10:27,374.25,374.55,374.25,374.55,6
20250520  10:28,374.25,374.3,374.25,374.3,2
20250520  10:29,374.7,374.85,374.55,374.55,17
20250520  10:30,374.7,375.0,374.7,374.8,20
20250520  10:31,374.9,375.0,374.9,375.0,4
20250520  10:32,374.9,375.4,374.9,375.1,12
20250520  10:33,375.5,375.7,375.5,375.7,6
20250520  10:34,375.7,375.9,375.65,375.75,34
20250520  10:35,375.65,375.65,375.65,375.65,1
20250520  10:36,375.3,375.7,375.3,375.7,6
20250520  10:37,375.1,375.4,375.1,375.4,3
20250520  10:38,375.35,375.45,375.35,375.45,2
20250520  10:39,374.85,374.85,374.45,374.45,3
20250520  10:40,374.9,374.9,374.9,374.9,2
20250520  10:41,374.8,374.8,374.55,374.6,4
20250520  10:42,374.35,374.35,374.35,374.35,1
20250520  10:43,374.7,374.7,374.7,374.7,1
20250520  10:44,374.6,374.6,374.6,374.6,2
20250520  10:45,374.2,374.2,374.2,374.2,2
20250520  10:46,374.0,374.0,374.0,374.0,3
20250520  10:47,374.05,374.15,373.95,373.95,5
20250520  10:48,373.9,373.9,373.6,373.6,2
20250520  10:49,373.2,373.2,373.2,373.2,2
20250520  10:50,373.75,373.75,373.75,373.75,2
20250520  10:51,373.3,373.4,373.3,373.4,2
20250520  10:52,373.35,373.35,373.35,373.35,1
20250520  10:53,373.25,373.25,373.25,373.25,1
20250520  10:54,373.25,373.25,373.25,373.25,0
20250520  10:55,373.2,373.2,373.2,373.2,1
20250520  10:56,373.4,373.4,373.4,373.4,3
20250520  10:57,373.4,373.4,373.4,373.4,0
20250520  10:58,373.15,373.15,373.15,373.15,3
20250520  10:59,373.15,373.15,373.15,373.15,0
20250520  11:00,373.0,373.0,373.0,373.0,1
20250520  11:01,372.35,372.5,372.35,372.5,2
20250520  11:02,372.5,372.5,372.5,372.5,0
20250520  11:03,372.7,372.7,372.7,372.7,1
20250520  11:04,372.7,372.7,372.7,372.7,0
20250520  11:05,373.0,373.0,372.85,372.85,3
20250520  11:06,372.9,372.9,372.9,372.9,1
20250520  11:07,372.9,372.9,372.9,372.9,0
20250520  11:08,373.15,373.15,372.95,372.95,5
20250520  11:09,372.95,372.95,372.95,372.95,0
20250520  11:10,372.7,372.7,372.7,372.7,1
20250520  11:11,372.75,373.0,372.75,373.0,11
20250520  11:12,373.0,373.0,373.0,373.0,0
20250520  11:13,373.0,373.0,373.0,373.0,0
20250520  11:14,373.0,373.0,373.0,373.0,0
20250520  11:15,372.5,372.5,372.1,372.1,8
20250520  11:16,372.35,372.35,372.35,372.35,1
20250520  11:17,372.35,372.35,372.35,372.35,0
20250520  11:18,372.35,372.35,372.35,372.35,0
20250520  11:19,372.35,372.35,372.35,372.35,0
20250520  11:20,372.35,372.35,372.35,372.35,0
20250520  11:21,372.85,372.85,372.85,372.85,4
20250520  11:22,373.05,373.05,373.0,373.0,3
20250520  11:23,373.0,373.0,373.0,373.0,0
20250520  11:24,373.0,373.0,373.0,373.0,0
20250520  11:25,373.1,373.1,373.1,373.1,1
20250520  11:26,373.05,373.05,373.05,373.05,1
20250520  11:27,372.75,372.75,372.75,372.75,1
20250520  11:28,372.75,372.75,372.75,372.75,0
20250520  11:29,372.75,372.75,372.75,372.75,0
20250520  11:30,373.0,373.0,373.0,373.0,1
20250520  11:31,373.0,373.0,373.0,373.0,0
20250520  11:32,373.3,373.3,373.3,373.3,2
20250520  11:33,373.35,373.35,373.35,373.35,2
20250520  11:34,373.45,373.45,373.45,373.45,1
20250520  11:35,373.4,373.4,373.2,373.4,7
20250520  11:36,373.4,373.4,373.4,373.4,0
20250520  11:37,373.4,373.4,373.4,373.4,0
20250520  11:38,373.4,373.4,373.4,373.4,0
20250520  11:39,373.15,373.15,373.15,373.15,1
20250520  11:40,373.15,373.15,373.15,373.15,0
20250520  11:41,373.15,373.15,373.15,373.15,0
20250520  11:42,373.15,373.15,373.15,373.15,0
20250520  11:43,373.45,373.45,373.45,373.45,1
20250520  11:44,373.45,373.45,373.45,373.45,0
20250520  11:45,373.05,373.05,373.05,373.05,1
20250520  11:46,373.05,373.05,373.05,373.05,0
20250520  11:47,373.05,373.05,373.05,373.05,0
20250520  11:48,373.05,373.05,373.05,373.05,0
20250520  11:49,372.5,372.5,372.5,372.5,1
20250520  11:50,372.6,372.85,372.6,372.6,13
20250520  11:51,372.3,372.45,372.3,372.45,2
20250520  11:52,372.5,372.5,372.5,372.5,1
20250520  11:53,372.75,372.75,372.75,372.75,1
20250520  11:54,372.75,372.75,372.75,372.75,0
20250520  11:55,372.2,372.35,372.2,372.35,2
20250520  11:56,372.3,372.3,372.3,372.3,1
20250520  11:57,372.35,372.35,372.35,372.35,3
20250520  11:58,372.4,372.4,372.4,372.4,1
20250520  11:59,372.5,372.5,372.5,372.5,3
20250520  12:00,372.5,372.5,372.5,372.5,0
20250520  12:01,372.45,372.45,372.15,372.15,5
20250520  12:02,372.15,372.15,372.15,372.15,0
20250520  12:03,372.15,372.15,372.15,372.15,0
20250520  12:04,372.15,372.15,372.15,372.15,0
20250520  12:05,372.75,372.75,372.75,372.75,1
20250520  12:06,372.75,372.75,372.75,372.75,0
20250520  12:07,372.75,372.75,372.75,372.75,0
20250520  12:08,372.65,372.65,372.65,372.65,5
20250520  12:09,372.6,372.6,372.6,372.6,1
20250520  12:10,372.6,372.6,372.6,372.6,0
20250520  12:11,372.6,372.6,372.6,372.6,0
20250520  12:12,372.8,373.25,372.8,373.25,15
20250520  12:13,373.7,373.95,373.65,373.95,16
20250520  12:14,373.95,373.95,373.85,373.85,2
20250520  12:15,373.95,373.95,373.9,373.9,10
20250520  12:16,373.85,373.85,373.85,373.85,1
20250520  12:17,373.85,373.85,373.85,373.85,0
20250520  12:18,373.9,373.95,373.9,373.95,8
20250520  12:19,373.95,373.95,373.95,373.95,0
20250520  12:20,373.95,373.95,373.95,373.95,0
20250520  12:21,373.95,373.95,373.9,373.9,3
20250520  12:22,373.85,373.85,373.85,373.85,1
20250520  12:23,373.85,373.85,373.85,373.85,0
20250520  12:24,373.85,373.9,373.8,373.8,16
20250520  12:25,373.65,373.7,373.3,373.7,11
20250520  12:26,373.7,373.9,373.7,373.75,5
20250520  12:27,373.95,373.95,373.95,373.95,1
20250520  12:28,374.0,374.05,374.0,374.05,9
20250520  12:29,374.1,374.1,374.0,374.0,10
20250520  12:30,374.1,374.3,374.1,374.3,2
20250520  12:31,374.5,374.75,374.5,374.6,8
20250520  12:32,374.5,375.05,374.5,374.95,25
20250520  12:33,374.55,374.55,374.4,374.4,2
20250520  12:34,374.4,374.4,374.4,374.4,0
20250520  12:35,374.3,374.3,374.3,374.3,1
20250520  12:36,374.3,374.3,374.3,374.3,0
20250520  12:37,374.5,374.5,374.25,374.25,2
20250520  12:38,374.25,374.25,374.25,374.25,0
20250520  12:39,374.25,374.25,374.25,374.25,0
20250520  12:40,374.75,374.85,374.75,374.85,5
20250520  12:41,374.95,374.95,374.8,374.8,4
20250520  12:42,374.8,374.8,374.8,374.8,0
20250520  12:43,375.2,375.2,375.2,375.2,2
20250520  12:44,375.2,375.2,375.2,375.2,0
20250520  12:45,375.05,375.05,375.0,375.0,5
20250520  12:46,374.85,375.0,374.85,375.0,3
20250520  12:47,375.0,375.0,375.0,375.0,0
20250520  12:48,375.0,375.0,375.0,375.0,0
20250520  12:49,374.45,374.55,374.2,374.35,4
20250520  12:50,374.0,374.35,374.0,374.35,2
20250520  12:51,374.35,374.35,374.35,374.35,0
20250520  12:52,374.35,374.35,374.35,374.35,0
20250520  12:53,374.3,374.35,374.25,374.35,5
20250520  12:54,374.3,374.3,373.9,373.9,4
20250520  12:55,373.8,373.9,373.8,373.9,8
20250520  12:56,373.95,373.95,373.95,373.95,1
20250520  12:57,374.0,374.0,374.0,374.0,1
20250520  12:58,374.0,374.0,374.0,374.0,0
20250520  12:59,374.0,374.0,374.0,374.0,0
20250520  13:00,374.0,374.0,374.0,374.0,0
20250520  13:01,374.0,374.0,374.0,374.0,0
20250520  13:02,374.25,374.25,374.25,374.25,2
20250520  13:03,374.25,374.3,374.25,374.3,3
20250520  13:04,374.3,374.3,374.3,374.3,0
20250520  13:05,374.0,374.0,373.4,373.4,49
20250520  13:06,373.5,373.9,373.5,373.85,11
20250520  13:07,373.85,373.85,373.85,373.85,0
20250520  13:08,373.85,373.85,373.85,373.85,0
20250520  13:09,373.85,373.85,373.85,373.85,0
20250520  13:10,373.75,373.75,373.65,373.65,2
20250520  13:11,373.65,373.65,373.65,373.65,0
20250520  13:12,373.55,373.55,373.45,373.45,4
20250520  13:13,373.45,373.45,373.45,373.45,0
20250520  13:14,373.45,373.45,373.45,373.45,0
20250520  13:15,373.45,373.45,373.45,373.45,0
20250520  13:16,373.45,373.45,373.45,373.45,0
20250520  13:17,373.45,373.45,373.45,373.45,0
20250520  13:18,374.0,374.0,373.95,373.95,3
20250520  13:19,373.95,373.95,373.95,373.95,0
20250520  13:20,374.25,374.5,374.2,374.5,7
20250520  13:21,374.5,374.5,374.5,374.5,0
20250520  13:22,374.75,374.8,374.65,374.75,4
20250520  13:23,374.75,374.75,374.75,374.75,0
20250520  13:24,374.4,374.4,374.25,374.25,15
20250520  13:25,374.45,374.45,374.45,374.45,2
20250520  13:26,374.45,374.45,374.45,374.45,0
20250520  13:27,374.45,374.45,374.45,374.45,0
20250520  13:28,374.45,374.45,374.45,374.45,0
20250520  13:29,374.45,374.45,374.45,374.45,0
20250520  13:30,374.45,374.45,374.45,374.45,0
20250521  10:15,367.0,368.15,367.0,367.1,38
20250521  10:16,367.5,367.5,366.3,366.3,8
20250521  10:17,366.15,366.15,365.95,365.95,10
20250521  10:18,365.95,365.95,365.95,365.95,0
20250521  10:19,366.6,366.65,366.6,366.65,2
20250521  10:20,366.3,366.35,365.85,366.1,10
20250521  10:21,366.5,366.5,364.65,364.95,27
20250521  10:22,364.75,364.8,364.55,364.7,7
20250521  10:23,365.1,365.15,365.1,365.15,4
20250521  10:24,364.65,364.65,364.6,364.6,2
20250521  10:25,364.75,364.95,364.75,364.95,2
20250521  10:26,364.95,364.95,364.95,364.95,4
20250521  10:27,364.95,364.95,364.95,364.95,0
20250521  10:28,364.6,364.6,364.6,364.6,1
20250521  10:29,364.6,364.6,364.6,364.6,2
20250521  10:30,364.45,364.55,364.4,364.55,5
20250521  10:31,364.95,364.95,364.95,364.95,1
20250521  10:32,364.95,364.95,364.95,364.95,0
20250521  10:33,364.95,364.95,364.95,364.95,0
20250521  10:34,365.05,365.05,364.5,364.5,39
20250521  10:35,364.5,364.5,364.5,364.5,0
20250521  10:36,364.6,364.7,364.55,364.7,4
20250521  10:37,364.4,364.4,364.2,364.2,5
20250521  10:38,364.65,364.65,364.65,364.65,1
20250521  10:39,364.55,364.55,364.55,364.55,1
20250521  10:40,364.7,364.7,364.7,364.7,1
20250521  10:41,364.7,364.7,364.7,364.7,0
20250521  10:42,364.25,364.25,364.25,364.25,1
20250521  10:43,364.0,364.0,363.5,363.5,7
20250521  10:44,363.85,363.85,363.7,363.7,21
20250521  10:45,363.85,363.85,363.75,363.75,14
20250521  10:46,363.75,363.75,363.75,363.75,0
20250521  10:47,363.6,363.6,363.55,363.55,2
20250521  10:48,363.55,363.55,363.55,363.55,0
20250521  10:49,363.55,363.55,363.55,363.55,0
20250521  10:50,363.55,363.55,363.55,363.55,0
20250521  10:51,364.1,364.45,364.1,364.45,17
20250521  10:52,364.15,364.3,364.15,364.3,3
20250521  10:53,364.6,364.6,364.6,364.6,1
20250521  10:54,364.5,364.5,364.5,364.5,1
20250521  10:55,364.3,364.3,364.2,364.2,2
20250521  10:56,364.2,364.2,364.2,364.2,0
20250521  10:57,364.2,364.2,364.2,364.2,0
20250521  10:58,364.2,364.2,364.2,364.2,0
20250521  10:59,363.75,363.75,363.75,363.75,1
20250521  11:00,363.75,363.75,363.75,363.75,0
20250521  11:01,363.75,363.75,363.75,363.75,0
20250521  11:02,364.05,364.05,364.05,364.05,2
20250521  11:03,364.1,364.1,364.1,364.1,1
20250521  11:04,363.9,363.9,363.9,363.9,1
20250521  11:05,363.9,363.9,363.9,363.9,0
20250521  11:06,363.9,363.9,363.9,363.9,0
20250521  11:07,363.9,363.9,363.9,363.9,0
20250521  11:08,364.5,364.6,364.5,364.6,3
20250521  11:09,364.4,364.4,364.3,364.3,3
20250521  11:10,364.3,364.3,364.3,364.3,0
20250521  11:11,364.25,364.25,364.25,364.25,1
20250521  11:12,364.25,364.25,364.25,364.25,0
20250521  11:13,364.2,364.2,363.95,363.95,2
20250521  11:14,363.85,364.05,363.85,364.05,2
20250521  11:15,364.05,364.05,364.05,364.05,0
20250521  11:16,364.8,364.8,364.8,364.8,1
20250521  11:17,364.8,364.8,364.8,364.8,0
20250521  11:18,364.8,364.8,364.8,364.8,0
20250521  11:19,365.1,365.1,365.1,365.1,1
20250521  11:20,365.0,365.15,364.9,365.15,5
20250521  11:21,365.15,365.15,365.15,365.15,0
20250521  11:22,365.15,365.15,365.15,365.15,0
20250521  11:23,365.15,365.15,365.15,365.15,0
20250521  11:24,365.15,365.15,365.15,365.15,0
20250521  11:25,365.15,365.15,365.15,365.15,1
20250521  11:26,365.0,365.0,365.0,365.0,1
20250521  11:27,365.0,365.0,365.0,365.0,0
20250521  11:28,365.2,365.2,364.9,364.9,2
20250521  11:29,364.9,364.9,364.9,364.9,2
20250521  11:30,364.9,364.9,364.9,364.9,0
20250521  11:31,364.9,364.9,364.9,364.9,0
20250521  11:32,364.65,364.65,364.65,364.65,1
20250521  11:33,364.7,364.7,364.45,364.45,5
20250521  11:34,364.45,364.45,364.45,364.45,0
20250521  11:35,364.45,364.45,364.45,364.45,0
20250521  11:36,364.45,364.45,364.45,364.45,1
20250521  11:37,364.45,364.45,364.45,364.45,0
20250521  11:38,364.55,364.55,364.55,364.55,2
20250521  11:39,364.85,364.85,364.85,364.85,1
20250521  11:40,364.85,364.85,364.85,364.85,0
20250521  11:41,364.85,364.85,364.85,364.85,0
20250521  11:42,364.85,364.85,364.85,364.85,0
20250521  11:43,364.85,364.85,364.85,364.85,0
20250521  11:44,364.85,364.85,364.85,364.85,0
20250521  11:45,364.85,364.85,364.85,364.85,0
20250521  11:46,364.85,364.85,364.85,364.85,0
20250521  11:47,364.3,364.8,364.3,364.65,10
20250521  11:48,364.65,364.65,364.65,364.65,0
20250521  11:49,364.65,364.65,364.65,364.65,0
20250521  11:50,364.65,364.65,364.65,364.65,0
20250521  11:51,364.75,364.75,364.75,364.75,1
20250521  11:52,364.75,364.75,364.75,364.75,0
20250521  11:53,364.75,364.75,364.75,364.75,0
20250521  11:54,364.75,364.75,364.75,364.75,0
20250521  11:55,364.75,364.75,364.75,364.75,0
20250521  11:56,365.0,365.0,365.0,365.0,2
20250521  11:57,365.2,365.2,365.2,365.2,1
20250521  11:58,365.2,365.2,365.2,365.2,0
20250521  11:59,365.9,365.9,365.8,365.8,2
20250521  12:00,365.7,365.7,365.6,365.6,2
20250521  12:01,365.6,365.6,365.6,365.6,0
20250521  12:02,365.0,365.55,365.0,365.55,7
20250521  12:03,365.4,365.4,365.4,365.4,1
20250521  12:04,365.4,365.4,365.4,365.4,0
20250521  12:05,365.4,365.4,365.4,365.4,0
20250521  12:06,365.25,365.25,365.25,365.25,2
20250521  12:07,365.65,365.65,365.65,365.65,2
20250521  12:08,365.65,365.65,365.65,365.65,0
20250521  12:09,365.65,365.65,365.65,365.65,0
20250521  12:10,365.45,365.45,365.45,365.45,1
20250521  12:11,365.45,365.45,365.45,365.45,0
20250521  12:12,365.45,365.45,365.45,365.45,0
20250521  12:13,365.1,365.15,365.1,365.15,2
20250521  12:14,365.15,365.15,365.15,365.15,0
20250521  12:15,365.45,365.45,365.45,365.45,1
20250521  12:16,365.55,365.55,365.35,365.35,2
20250521  12:17,365.35,365.35,365.35,365.35,0
20250521  12:18,365.35,365.35,365.35,365.35,0
20250521  12:19,365.35,365.35,365.35,365.35,0
20250521  12:20,365.35,365.35,365.35,365.35,0
20250521  12:21,365.7,365.7,365.5,365.5,3
20250521  12:22,365.45,365.45,365.45,365.45,1
20250521  12:23,365.9,365.95,365.85,365.95,5
20250521  12:24,365.95,365.95,365.95,365.95,0
20250521  12:25,365.9,365.9,365.9,365.9,1
20250521  12:26,366.05,366.05,366.05,366.05,1
20250521  12:27,366.05,366.05,366.05,366.05,0
20250521  12:28,366.3,366.3,366.3,366.3,2
20250521  12:29,366.15,366.35,366.15,366.35,2
20250521  12:30,366.4,366.4,366.4,366.4,1
20250521  12:31,366.4,366.65,366.4,366.65,2
20250521  12:32,366.6,366.6,366.55,366.55,3
20250521  12:33,366.4,366.65,366.4,366.65,2
20250521  12:34,366.5,366.9,366.5,366.9,4
20250521  12:35,366.9,366.9,366.9,366.9,0
20250521  12:36,366.5,366.5,366.5,366.5,1
20250521  12:37,366.5,366.5,366.5,366.5,0
20250521  12:38,366.5,366.5,366.5,366.5,0
20250521  12:39,367.0,367.3,367.0,367.3,3
20250521  12:40,367.3,367.3,367.3,367.3,0
20250521  12:41,367.4,367.4,367.4,367.4,2
20250521  12:42,367.4,367.4,367.4,367.4,0
20250521  12:43,367.4,367.4,367.4,367.4,2
20250521  12:44,367.2,367.2,367.15,367.15,2
20250521  12:45,367.15,367.15,367.15,367.15,0
20250521  12:46,367.15,367.15,367.15,367.15,0
20250521  12:47,366.95,366.95,366.95,366.95,1
20250521  12:48,366.95,366.95,366.95,366.95,0
20250521  12:49,367.2,367.2,367.2,367.2,2
20250521  12:50,367.2,367.2,367.2,367.2,0
20250521  12:51,367.2,367.2,367.2,367.2,0
20250521  12:52,367.55,367.55,367.4,367.4,3
20250521  12:53,367.4,367.4,367.4,367.4,1
20250521  12:54,367.45,367.45,367.2,367.2,5
20250521  12:55,367.2,367.2,367.2,367.2,0
20250521  12:56,367.2,367.2,367.2,367.2,0
20250521  12:57,367.2,367.2,367.2,367.2,0
20250521  12:58,366.4,366.45,366.4,366.45,5
20250521  12:59,366.4,366.6,366.4,366.6,5
20250521  13:00,366.55,366.55,366.5,366.5,4
20250521  13:01,366.5,366.5,366.3,366.45,3
20250521  13:02,366.3,366.6,366.3,366.55,6
20250521  13:03,366.35,366.35,366.35,366.35,1
20250521  13:04,366.35,366.35,366.35,366.35,0
20250521  13:05,366.35,366.35,366.35,366.35,0
20250521  13:06,366.35,366.35,366.35,366.35,0
20250521  13:07,366.35,366.35,366.35,366.35,0
20250521  13:08,366.35,366.35,366.35,366.35,0
20250521  13:09,366.95,366.95,366.95,366.95,1
20250521  13:10,366.95,366.95,366.95,366.95,0
20250521  13:11,367.5,367.5,367.5,367.5,1
20250521  13:12,367.35,368.35,367.35,368.2,8
20250521  13:13,367.95,368.05,367.95,368.05,2
20250521  13:14,368.05,368.05,368.05,368.05,0
20250521  13:15,367.95,368.0,367.95,368.0,3
20250521  13:16,368.0,368.0,368.0,368.0,0
20250521  13:17,368.0,368.05,368.0,368.0,4
20250521  13:18,368.0,368.0,368.0,368.0,0
20250521  13:19,367.5,367.5,367.5,367.5,1
20250521  13:20,367.5,367.5,367.5,367.5,0
20250521  13:21,367.45,367.45,367.45,367.45,1
20250521  13:22,367.45,367.45,367.45,367.45,0
20250521  13:23,367.5,367.55,367.5,367.55,2
20250521  13:24,367.45,367.75,367.45,367.75,2
20250521  13:25,367.75,367.75,367.75,367.75,0
20250521  13:26,367.45,367.45,367.4,367.4,5
20250521  13:27,367.4,367.4,367.4,367.4,0
20250521  13:28,367.4,367.4,367.4,367.4,0
20250521  13:29,367.4,367.4,367.4,367.4,0
20250521  13:30,367.4,367.4,367.4,367.4,0
20250522  10:15,365.55,365.6,362.7,362.7,74
20250522  10:16,362.75,363.1,362.0,362.55,48
20250522  10:17,362.55,362.8,361.8,361.8,13
20250522  10:18,361.75,362.0,361.6,361.75,14
20250522  10:19,361.6,362.1,361.6,362.1,6
20250522  10:20,361.9,363.3,361.9,362.95,22
20250522  10:21,362.95,363.0,362.65,362.65,12
20250522  10:22,362.7,362.8,362.7,362.7,3
20250522  10:23,362.7,362.7,362.7,362.7,0
20250522  10:24,363.1,364.1,363.1,363.95,13
20250522  10:25,364.05,364.15,363.65,363.65,11
20250522  10:26,363.45,363.45,363.35,363.35,2
20250522  10:27,363.15,363.25,363.0,363.25,4
20250522  10:28,362.55,362.65,362.55,362.65,14
20250522  10:29,362.5,362.5,362.5,362.5,1
20250522  10:30,362.55,362.8,362.55,362.8,7
20250522  10:31,362.65,362.85,362.65,362.85,10
20250522  10:32,362.5,362.7,362.4,362.7,51
20250522  10:33,362.75,362.8,362.6,362.6,3
20250522  10:34,362.55,362.75,362.55,362.7,10
20250522  10:35,362.95,362.95,362.8,362.8,4
20250522  10:36,362.55,362.55,362.3,362.3,8
20250522  10:37,362.75,362.75,362.75,362.75,1
20250522  10:38,362.75,362.75,362.75,362.75,0
20250522  10:39,362.55,362.55,362.55,362.55,3
20250522  10:40,362.5,362.6,362.5,362.6,2
20250522  10:41,362.6,362.6,362.6,362.6,0
20250522  10:42,362.95,362.95,362.95,362.95,2
20250522  10:43,362.8,362.8,362.4,362.4,4
20250522  10:44,362.4,362.4,362.4,362.4,0
20250522  10:45,362.15,362.25,362.15,362.25,2
20250522  10:46,362.1,362.35,362.1,362.25,4
20250522  10:47,362.2,362.2,362.15,362.15,4
20250522  10:48,362.15,362.15,362.15,362.15,0
20250522  10:49,362.5,362.7,362.5,362.7,4
20250522  10:50,362.55,362.55,362.55,362.55,1
20250522  10:51,362.55,362.55,362.55,362.55,0
20250522  10:52,362.55,362.55,362.55,362.55,0
20250522  10:53,362.55,362.55,362.55,362.55,0
20250522  10:54,362.35,362.35,362.35,362.35,1
20250522  10:55,362.35,362.35,362.35,362.35,0
20250522  10:56,362.35,362.35,362.35,362.35,0
20250522  10:57,362.4,362.5,362.4,362.5,4
20250522  10:58,362.6,362.65,362.6,362.65,3
20250522  10:59,362.65,362.65,362.65,362.65,0
20250522  11:00,362.4,362.45,362.4,362.45,5
20250522  11:01,362.2,362.4,362.2,362.35,24
20250522  11:02,362.25,362.4,362.25,362.4,39
20250522  11:03,362.5,362.5,362.5,362.5,1
20250522  11:04,362.5,362.5,362.5,362.5,0
20250522  11:05,362.25,362.25,361.9,361.9,6
20250522  11:06,361.85,361.85,361.8,361.8,3
20250522  11:07,361.9,361.9,361.9,361.9,2
20250522  11:08,361.9,361.9,361.9,361.9,1
20250522  11:09,362.0,362.0,362.0,362.0,1
20250522  11:10,362.15,362.35,362.15,362.35,40
20250522  11:11,362.4,362.4,362.2,362.3,23
20250522  11:12,362.4,363.25,362.4,363.25,47
20250522  11:13,363.2,363.2,362.9,362.9,21
20250522  11:14,362.55,363.45,362.55,363.35,25
20250522  11:15,363.3,363.7,363.3,363.7,29
20250522  11:16,363.8,364.1,363.8,363.95,17
20250522  11:17,364.05,364.05,362.75,362.75,64
20250522  11:18,363.0,363.2,363.0,363.2,4
20250522  11:19,363.1,363.1,363.1,363.1,4
20250522  11:20,363.2,363.2,363.2,363.2,1
20250522  11:21,363.05,363.05,363.05,363.05,5
20250522  11:22,363.05,363.05,363.05,363.05,0
20250522  11:23,363.1,363.25,363.0,363.25,10
20250522  11:24,363.15,363.8,363.15,363.8,20
20250522  11:25,364.15,364.15,364.0,364.0,4
20250522  11:26,363.85,363.85,363.7,363.7,2
20250522  11:27,363.75,363.75,363.75,363.75,1
20250522  11:28,363.75,363.75,363.75,363.75,0
20250522  11:29,363.5,363.5,363.5,363.5,1
20250522  11:30,363.65,363.65,363.65,363.65,4
20250522  11:31,363.9,363.9,363.9,363.9,1
20250522  11:32,363.8,363.85,363.8,363.85,4
20250522  11:33,363.85,363.9,363.85,363.85,3
20250522  11:34,364.1,364.1,363.3,363.6,34
20250522  11:35,363.7,363.7,363.55,363.55,3
20250522  11:36,363.55,363.55,363.55,363.55,0
20250522  11:37,363.55,363.55,363.55,363.55,0
20250522  11:38,363.55,363.55,363.55,363.55,0
20250522  11:39,363.55,363.55,363.55,363.55,0
20250522  11:40,363.55,363.55,363.55,363.55,0
20250522  11:41,363.3,363.3,363.3,363.3,8
20250522  11:42,363.3,363.3,363.3,363.3,4
20250522  11:43,363.4,363.4,363.4,363.4,1
20250522  11:44,363.3,363.3,363.3,363.3,9
20250522  11:45,363.3,363.4,363.3,363.35,43
20250522  11:46,363.45,363.65,363.4,363.4,7
20250522  11:47,363.3,363.55,363.3,363.55,8
20250522  11:48,363.6,363.6,363.45,363.45,3
20250522  11:49,363.45,363.45,363.45,363.45,0
20250522  11:50,363.45,363.45,363.45,363.45,0
20250522  11:51,363.45,363.6,363.45,363.6,4
20250522  11:52,363.45,363.45,363.4,363.4,4
20250522  11:53,363.35,363.35,363.35,363.35,2
20250522  11:54,363.4,363.4,363.4,363.4,1
20250522  11:55,363.55,363.55,363.55,363.55,1
20250522  11:56,363.45,363.45,363.3,363.3,6
20250522  11:57,363.3,363.45,362.8,362.8,30
20250522  11:58,362.9,362.9,362.9,362.9,2
20250522  11:59,363.05,363.05,363.05,363.05,2
20250522  12:00,362.8,362.85,362.8,362.85,3
20250522  12:01,362.85,362.85,362.85,362.85,0
20250522  12:02,362.6,362.6,362.5,362.5,3
20250522  12:03,362.6,362.6,362.6,362.6,2
20250522  12:04,362.6,362.6,362.6,362.6,0
20250522  12:05,362.6,362.6,362.6,362.6,0
20250522  12:06,362.6,362.6,362.6,362.6,0
20250522  12:07,362.6,362.6,362.6,362.6,0
20250522  12:08,362.6,362.6,362.6,362.6,0
20250522  12:09,362.3,362.45,362.3,362.35,7
20250522  12:10,362.4,362.4,362.4,362.4,1
20250522  12:11,362.4,362.4,362.4,362.4,0
20250522  12:12,362.4,362.4,362.4,362.4,0
20250522  12:13,362.55,362.55,362.5,362.5,2
20250522  12:14,362.5,362.5,362.5,362.5,0
20250522  12:15,362.4,362.4,362.4,362.4,1
20250522  12:16,362.25,362.25,362.25,362.25,1
20250522  12:17,362.6,362.6,362.6,362.6,1
20250522  12:18,362.8,362.95,362.8,362.95,4
20250522  12:19,363.0,363.0,363.0,363.0,1
20250522  12:20,363.0,363.0,363.0,363.0,0
20250522  12:21,362.95,362.95,362.95,362.95,1
20250522  12:22,362.95,362.95,362.95,362.95,0
20250522  12:23,362.5,362.5,362.25,362.25,9
20250522  12:24,362.2,362.2,362.15,362.15,2
20250522  12:25,362.3,362.35,362.15,362.25,6
20250522  12:26,362.25,362.25,362.25,362.25,0
20250522  12:27,362.25,362.25,362.25,362.25,0
20250522  12:28,362.25,362.25,362.25,362.25,0
20250522  12:29,362.25,362.25,362.25,362.25,0
20250522  12:30,362.25,362.25,362.25,362.25,0
20250522  12:31,362.25,362.25,362.25,362.25,0
20250522  12:32,362.25,362.25,362.25,362.25,0
20250522  12:33,362.25,362.25,362.25,362.25,0
20250522  12:34,362.7,362.7,362.7,362.7,1
20250522  12:35,362.7,362.7,362.7,362.7,0
20250522  12:36,362.7,362.7,362.7,362.7,0
20250522  12:37,362.7,362.7,362.7,362.7,0
20250522  12:38,362.7,362.7,362.7,362.7,0
20250522  12:39,362.85,362.85,362.15,362.15,3
20250522  12:40,362.15,362.15,362.15,362.15,0
20250522  12:41,362.15,362.15,362.15,362.15,0
20250522  12:42,362.15,362.15,362.15,362.15,0
20250522  12:43,362.15,362.15,362.15,362.15,0
20250522  12:44,362.65,362.75,362.65,362.75,2
20250522  12:45,362.75,362.75,362.75,362.75,0
20250522  12:46,362.65,362.7,362.65,362.7,2
20250522  12:47,362.7,362.7,362.7,362.7,0
20250522  12:48,362.9,362.9,362.9,362.9,1
20250522  12:49,362.9,362.9,362.9,362.9,0
20250522  12:50,362.95,362.95,362.95,362.95,1
20250522  12:51,363.1,363.35,363.1,363.35,4
20250522  12:52,363.35,363.35,363.35,363.35,0
20250522  12:53,363.35,363.35,363.35,363.35,0
20250522  12:54,363.35,363.35,363.35,363.35,0
20250522  12:55,363.15,363.15,363.0,363.0,3
20250522  12:56,363.0,363.0,363.0,363.0,0
20250522  12:57,363.25,363.25,363.25,363.25,1
20250522  12:58,363.25,363.25,363.25,363.25,0
20250522  12:59,363.25,363.25,363.25,363.25,0
20250522  13:00,362.7,362.95,362.7,362.95,2
20250522  13:01,362.95,362.95,362.95,362.95,0
20250522  13:02,362.6,362.6,362.5,362.5,2
20250522  13:03,362.4,362.4,362.4,362.4,1
20250522  13:04,362.45,362.5,362.45,362.5,10
20250522  13:05,362.5,362.5,362.5,362.5,0
20250522  13:06,362.5,362.5,362.5,362.5,0
20250522  13:07,362.5,362.5,362.5,362.5,0
20250522  13:08,362.35,362.5,362.35,362.45,18
20250522  13:09,362.05,362.05,361.1,361.35,28
20250522  13:10,361.35,361.35,361.3,361.35,6
20250522  13:11,361.45,361.45,361.2,361.2,10
20250522  13:12,361.3,361.3,361.3,361.3,1
20250522  13:13,361.0,361.0,360.5,360.85,28
20250522  13:14,360.85,360.85,360.85,360.85,0
20250522  13:15,360.65,360.65,360.4,360.55,18
20250522  13:16,360.4,360.4,360.4,360.4,3
20250522  13:17,360.5,360.55,360.25,360.4,33
20250522  13:18,360.55,360.7,360.3,360.45,8
20250522  13:19,360.75,360.75,360.7,360.7,2
20250522  13:20,360.8,360.8,360.8,360.8,1
20250522  13:21,361.05,361.05,361.05,361.05,1
20250522  13:22,361.05,361.05,361.0,361.0,2
20250522  13:23,361.0,361.1,361.0,361.1,2
20250522  13:24,361.1,361.1,361.1,361.1,0
20250522  13:25,361.1,361.1,361.1,361.1,0
20250522  13:26,360.75,360.75,360.75,360.75,1
20250522  13:27,360.75,360.75,360.75,360.75,1
20250522  13:28,360.75,360.75,360.75,360.75,0
20250522  13:29,360.65,360.95,360.65,360.95,4
20250522  13:30,361.0,361.0,360.95,360.95,2
20250523  10:15,360.4,360.7,358.85,359.65,66
20250523  10:16,359.15,359.75,358.9,359.75,15
20250523  10:17,359.35,359.35,358.2,358.6,28
20250523  10:18,358.8,358.8,358.5,358.5,7
20250523  10:19,358.2,358.25,358.2,358.25,4
20250523  10:20,358.65,358.85,358.65,358.85,3
20250523  10:21,358.85,358.85,358.85,358.85,0
20250523  10:22,358.3,359.05,358.25,359.05,5
20250523  10:23,359.1,359.1,359.1,359.1,1
20250523  10:24,359.1,359.1,359.1,359.1,1
20250523  10:25,358.75,358.75,358.65,358.65,4
20250523  10:26,358.65,358.75,358.6,358.75,3
20250523  10:27,358.6,358.6,358.6,358.6,1
20250523  10:28,358.3,358.7,358.3,358.7,6
20250523  10:29,359.2,359.25,359.2,359.25,2
20250523  10:30,359.25,359.25,359.25,359.25,1
20250523  10:31,358.95,358.95,358.95,358.95,2
20250523  10:32,358.95,358.95,358.95,358.95,0
20250523  10:33,358.35,358.35,358.35,358.35,2
20250523  10:34,358.35,358.35,358.35,358.35,0
20250523  10:35,358.35,358.35,358.35,358.35,0
20250523  10:36,358.4,358.4,358.4,358.4,1
20250523  10:37,358.7,358.7,358.7,358.7,1
20250523  10:38,358.65,358.65,358.2,358.2,12
20250523  10:39,358.15,358.4,357.75,358.05,50
20250523  10:40,357.95,357.95,357.85,357.9,8
20250523  10:41,357.55,357.55,357.55,357.55,2
20250523  10:42,357.5,357.5,357.5,357.5,1
20250523  10:43,357.3,357.4,357.3,357.4,4
20250523  10:44,357.0,357.0,356.85,356.85,18
20250523  10:45,357.35,357.45,357.25,357.25,7
20250523  10:46,356.95,356.95,356.5,356.65,9
20250523  10:47,356.5,356.5,356.0,356.0,17
20250523  10:48,355.9,355.9,355.55,355.8,32
20250523  10:49,355.7,355.7,355.6,355.7,3
20250523  10:50,355.55,355.75,355.5,355.6,40
20250523  10:51,355.75,355.85,355.75,355.8,6
20250523  10:52,355.6,355.6,355.25,355.6,27
20250523  10:53,355.5,355.5,355.25,355.4,3
20250523  10:54,355.45,355.5,355.25,355.45,22
20250523  10:55,355.7,355.7,355.7,355.7,1
20250523  10:56,355.9,356.4,355.9,356.4,2
20250523  10:57,356.35,356.35,356.2,356.2,7
20250523  10:58,356.2,356.35,356.2,356.3,5
20250523  10:59,356.25,356.3,356.25,356.3,2
20250523  11:00,356.3,356.3,356.3,356.3,1
20250523  11:01,356.3,356.3,356.3,356.3,0
20250523  11:02,356.2,356.3,356.2,356.3,2
20250523  11:03,356.0,356.0,356.0,356.0,1
20250523  11:04,355.9,355.9,355.9,355.9,2
20250523  11:05,355.8,356.0,355.7,356.0,8
20250523  11:06,356.0,356.0,356.0,356.0,0
20250523  11:07,356.45,356.6,356.45,356.6,2
20250523  11:08,356.6,356.6,356.6,356.6,0
20250523  11:09,356.6,356.6,356.6,356.6,0
20250523  11:10,356.1,356.1,355.65,355.65,14
20250523  11:11,355.95,356.0,355.9,356.0,4
20250523  11:12,356.0,356.0,356.0,356.0,0
20250523  11:13,355.65,355.8,355.65,355.8,6
20250523  11:14,355.8,355.8,355.8,355.8,0
20250523  11:15,355.7,355.95,355.7,355.95,3
20250523  11:16,355.9,355.9,355.9,355.9,1
20250523  11:17,355.65,355.65,354.8,355.05,71
20250523  11:18,355.3,355.4,355.25,355.25,3
20250523  11:19,355.3,355.3,355.3,355.3,2
20250523  11:20,355.35,355.35,355.35,355.35,1
20250523  11:21,355.3,355.8,355.25,355.8,6
20250523  11:22,355.65,355.7,355.6,355.6,4
20250523  11:23,355.6,355.6,355.6,355.6,0
20250523  11:24,355.8,355.8,355.8,355.8,1
20250523  11:25,355.85,355.85,355.8,355.8,5
20250523  11:26,355.85,355.85,355.85,355.85,1
20250523  11:27,355.75,355.95,355.75,355.95,3
20250523  11:28,355.9,355.9,355.9,355.9,1
20250523  11:29,356.0,356.0,356.0,356.0,1
20250523  11:30,356.0,356.0,356.0,356.0,0
20250523  11:31,356.0,356.0,356.0,356.0,0
20250523  11:32,355.75,355.75,355.75,355.75,2
20250523  11:33,355.75,355.75,355.75,355.75,0
20250523  11:34,355.75,355.75,355.75,355.75,0
20250523  11:35,355.5,355.5,355.5,355.5,2
20250523  11:36,355.7,355.7,355.6,355.6,2
20250523  11:37,355.6,355.6,355.6,355.6,0
20250523  11:38,355.6,355.8,355.6,355.8,6
20250523  11:39,356.0,356.3,356.0,356.3,3
20250523  11:40,356.3,356.3,356.3,356.3,0
20250523  11:41,356.3,356.3,356.3,356.3,0
20250523  11:42,356.3,356.3,356.3,356.3,0
20250523  11:43,356.3,356.3,356.3,356.3,0
20250523  11:44,356.3,356.3,356.3,356.3,0
20250523  11:45,356.3,356.35,356.3,356.35,2
20250523  11:46,356.05,356.05,356.0,356.0,2
20250523  11:47,356.2,356.2,356.2,356.2,4
20250523  11:48,356.2,356.2,356.2,356.2,0
20250523  11:49,356.2,356.2,356.2,356.2,0
20250523  11:50,356.3,356.3,356.3,356.3,2
20250523  11:51,356.3,356.3,356.3,356.3,1
20250523  11:52,355.85,355.85,355.8,355.8,2
20250523  11:53,355.85,355.85,355.85,355.85,1
20250523  11:54,355.85,355.85,355.85,355.85,0
20250523  11:55,355.85,355.85,355.85,355.85,0
20250523  11:56,355.65,355.75,355.6,355.65,5
20250523  11:57,355.75,355.75,355.75,355.75,1
20250523  11:58,355.75,355.75,355.75,355.75,0
20250523  11:59,355.8,355.8,355.8,355.8,2
20250523  12:00,355.75,355.9,355.7,355.7,11
20250523  12:01,355.7,355.7,355.7,355.7,0
20250523  12:02,355.7,355.7,355.7,355.7,0
20250523  12:03,355.7,355.7,355.7,355.7,0
20250523  12:04,356.75,356.75,356.75,356.75,1
20250523  12:05,356.75,356.75,356.75,356.75,0
20250523  12:06,356.75,356.75,356.75,356.75,0
20250523  12:07,356.75,356.75,356.75,356.75,0
20250523  12:08,356.75,356.75,356.75,356.75,0
20250523  12:09,356.25,356.25,356.25,356.25,1
20250523  12:10,356.25,356.25,356.25,356.25,0
20250523  12:11,356.25,356.25,356.25,356.25,0
20250523  12:12,356.25,356.25,356.25,356.25,0
20250523  12:13,356.25,356.25,356.25,356.25,0
20250523  12:14,356.1,356.1,356.1,356.1,1
20250523  12:15,356.1,356.1,356.1,356.1,0
20250523  12:16,356.1,356.1,356.1,356.1,0
20250523  12:17,355.95,355.95,355.95,355.95,1
20250523  12:18,355.95,355.95,355.95,355.95,0
20250523  12:19,355.95,355.95,355.95,355.95,0
20250523  12:20,356.05,356.05,356.05,356.05,3
20250523  12:21,356.05,356.05,356.05,356.05,0
20250523  12:22,355.95,356.0,355.95,356.0,9
20250523  12:23,356.0,356.0,356.0,356.0,0
20250523  12:24,355.8,355.8,355.8,355.8,1
20250523  12:25,355.8,355.8,355.8,355.8,0
20250523  12:26,355.9,355.9,355.25,355.25,8
20250523  12:27,355.55,355.65,355.4,355.4,7
20250523  12:28,355.4,355.4,355.4,355.4,1
20250523  12:29,355.25,355.5,355.25,355.45,19
20250523  12:30,355.7,355.8,355.7,355.8,27
20250523  12:31,355.8,355.8,355.8,355.8,0
20250523  12:32,355.8,355.9,355.8,355.9,3
20250523  12:33,355.9,355.9,355.9,355.9,0
20250523  12:34,355.9,355.9,355.9,355.9,0
20250523  12:35,356.45,356.45,356.45,356.45,1
20250523  12:36,356.45,356.45,356.45,356.45,0
20250523  12:37,356.45,356.45,356.45,356.45,0
20250523  12:38,356.45,356.45,356.45,356.45,0
20250523  12:39,356.25,356.3,356.1,356.3,20
20250523  12:40,356.15,356.2,356.15,356.15,6
20250523  12:41,356.15,356.15,356.15,356.15,0
20250523  12:42,356.15,356.15,356.15,356.15,0
20250523  12:43,356.15,356.15,356.15,356.15,0
20250523  12:44,356.15,356.15,356.15,356.15,0
20250523  12:45,356.15,356.15,356.15,356.15,0
20250523  12:46,355.75,355.75,355.75,355.75,2
20250523  12:47,355.75,355.75,355.75,355.75,0
20250523  12:48,355.75,355.75,355.75,355.75,0
20250523  12:49,355.75,356.1,355.75,356.1,11
20250523  12:50,356.1,356.1,356.1,356.1,0
20250523  12:51,356.1,356.1,356.1,356.1,0
20250523  12:52,356.1,356.1,356.1,356.1,0
20250523  12:53,355.75,355.75,355.6,355.6,2
20250523  12:54,355.6,355.6,355.6,355.6,0
20250523  12:55,355.55,355.55,355.35,355.35,8
20250523  12:56,355.2,355.35,355.2,355.35,2
20250523  12:57,355.55,356.1,355.4,355.6,28
20250523  12:58,355.7,355.7,355.4,355.4,5
20250523  12:59,355.65,355.65,355.65,355.65,1
20250523  13:00,355.65,355.65,355.65,355.65,0
20250523  13:01,355.25,355.35,355.25,355.35,6
20250523  13:02,355.2,355.2,355.2,355.2,5
20250523  13:03,354.95,354.95,354.7,354.7,37
20250523  13:04,354.75,354.75,354.7,354.7,3
20250523  13:05,354.9,354.95,354.9,354.9,3
20250523  13:06,354.9,354.9,354.9,354.9,0
20250523  13:07,354.9,354.9,354.9,354.9,0
20250523  13:08,355.1,355.1,355.1,355.1,2
20250523  13:09,355.05,355.05,355.05,355.05,1
20250523  13:10,355.0,355.0,355.0,355.0,1
20250523  13:11,355.0,355.0,355.0,355.0,0
20250523  13:12,354.85,354.95,354.8,354.8,8
20250523  13:13,354.85,354.85,354.6,354.6,21
20250523  13:14,354.75,354.75,354.6,354.75,8
20250523  13:15,354.85,354.85,354.25,354.25,45
20250523  13:16,354.25,354.45,354.25,354.45,8
20250523  13:17,354.7,354.75,354.6,354.75,4
20250523  13:18,354.75,354.8,354.75,354.8,3
20250523  13:19,354.75,354.75,354.75,354.75,1
20250523  13:20,354.85,354.85,354.7,354.7,6
20250523  13:21,354.7,354.7,354.7,354.7,0
20250523  13:22,354.7,354.7,354.7,354.7,0
20250523  13:23,355.3,355.35,355.3,355.35,5
20250523  13:24,355.65,355.85,355.65,355.75,5
20250523  13:25,355.95,355.95,355.95,355.95,2
20250523  13:26,355.95,355.95,355.95,355.95,0
20250523  13:27,355.95,355.95,355.95,355.95,0
20250523  13:28,356.05,356.05,356.05,356.05,1
20250523  13:29,355.9,355.9,355.9,355.9,1
20250523  13:30,356.35,356.35,356.0,356.0,6
20250527  10:15,357.65,357.65,354.7,355.2,68
20250527  10:16,354.7,355.1,354.7,354.7,14
20250527  10:17,355.0,355.8,355.0,355.7,28
20250527  10:18,355.15,355.65,355.15,355.5,5
20250527  10:19,355.4,355.4,355.4,355.4,1
20250527  10:20,354.85,354.85,353.75,354.0,79
20250527  10:21,354.0,354.0,354.0,354.0,11
20250527  10:22,354.1,354.2,354.0,354.2,8
20250527  10:23,354.0,354.5,354.0,354.4,7
20250527  10:24,354.45,354.45,354.0,354.1,15
20250527  10:25,354.55,354.55,354.5,354.5,2
20250527  10:26,354.7,354.7,354.7,354.7,1
20250527  10:27,354.45,354.45,354.35,354.35,3
20250527  10:28,354.45,354.45,354.45,354.45,2
20250527  10:29,354.3,354.4,354.3,354.4,4
20250527  10:30,354.55,355.2,354.55,355.2,21
20250527  10:31,355.0,355.0,354.4,354.45,8
20250527  10:32,354.45,354.45,354.45,354.45,0
20250527  10:33,354.45,354.45,354.45,354.45,0
20250527  10:34,354.5,354.5,354.5,354.5,1
20250527  10:35,354.5,354.5,354.5,354.5,0
20250527  10:36,353.75,353.8,353.75,353.8,11
20250527  10:37,353.8,353.8,353.55,353.55,10
20250527  10:38,353.5,353.55,353.35,353.55,15
20250527  10:39,353.55,353.55,353.55,353.55,0
20250527  10:40,353.9,353.9,353.6,353.6,9
20250527  10:41,353.6,353.6,353.6,353.6,0
20250527  10:42,353.6,353.6,353.6,353.6,2
20250527  10:43,354.0,354.0,354.0,354.0,1
20250527  10:44,354.15,354.15,354.15,354.15,1
20250527  10:45,353.95,354.05,353.85,353.85,3
20250527  10:46,353.95,354.1,353.95,354.1,2
20250527  10:47,354.2,354.3,354.2,354.25,4
20250527  10:48,354.0,354.3,354.0,354.3,2
20250527  10:49,354.65,354.65,354.65,354.65,1
20250527  10:50,354.6,354.6,354.6,354.6,1
20250527  10:51,354.3,354.5,354.05,354.05,6
20250527  10:52,354.6,354.65,354.6,354.65,2
20250527  10:53,355.0,355.15,355.0,355.15,8
20250527  10:54,355.2,355.2,354.7,354.7,3
20250527  10:55,354.8,354.8,354.8,354.8,1
20250527  10:56,354.75,354.75,354.75,354.75,1
20250527  10:57,355.05,355.1,355.05,355.1,3
20250527  10:58,355.2,355.2,354.9,354.9,7
20250527  10:59,355.05,355.1,354.9,354.9,3
20250527  11:00,354.8,354.8,354.8,354.8,1
20250527  11:01,354.95,355.1,354.95,355.1,2
20250527  11:02,355.25,355.6,355.25,355.6,8
20250527  11:03,355.6,355.75,355.6,355.75,3
20250527  11:04,355.5,355.95,355.5,355.95,2
20250527  11:05,355.7,355.85,355.7,355.85,2
20250527  11:06,355.65,355.65,355.65,355.65,1
20250527  11:07,355.45,355.65,355.45,355.65,2
20250527  11:08,355.75,355.75,355.75,355.75,1
20250527  11:09,355.9,355.9,355.9,355.9,1
20250527  11:10,355.75,355.9,355.75,355.9,3
20250527  11:11,355.65,355.65,355.65,355.65,1
20250527  11:12,355.65,355.65,355.65,355.65,1
20250527  11:13,355.75,355.75,355.75,355.75,1
20250527  11:14,355.9,355.9,355.9,355.9,1
20250527  11:15,355.75,355.75,355.75,355.75,2
20250527  11:16,355.8,356.1,355.8,356.1,13
20250527  11:17,356.1,356.1,355.95,355.95,3
20250527  11:18,355.9,355.9,355.9,355.9,1
20250527  11:19,356.0,356.0,356.0,356.0,1
20250527  11:20,356.05,356.05,356.05,356.05,2
20250527  11:21,356.1,356.25,356.1,356.25,3
20250527  11:22,356.45,356.45,356.45,356.45,2
20250527  11:23,356.5,356.75,356.35,356.65,8
20250527  11:24,356.6,356.6,356.6,356.6,1
20250527  11:25,356.6,356.6,356.6,356.6,3
20250527  11:26,356.85,356.85,356.8,356.85,3
20250527  11:27,356.85,356.85,356.85,356.85,0
20250527  11:28,356.9,356.9,356.7,356.85,3
20250527  11:29,356.7,356.7,356.7,356.7,1
20250527  11:30,356.7,356.7,356.7,356.7,0
20250527  11:31,357.0,357.0,357.0,357.0,1
20250527  11:32,357.4,357.4,356.8,356.8,4
20250527  11:33,356.7,356.7,356.7,356.7,1
20250527  11:34,356.65,356.7,356.65,356.7,3
20250527  11:35,356.25,356.25,355.85,356.25,3
20250527  11:36,355.9,356.15,355.9,356.15,3
20250527  11:37,356.15,356.15,356.15,356.15,1
20250527  11:38,356.2,356.2,356.2,356.2,1
20250527  11:39,356.05,356.05,356.05,356.05,1
20250527  11:40,356.25,356.25,356.25,356.25,1
20250527  11:41,356.35,356.35,356.35,356.35,1
20250527  11:42,356.45,356.45,356.3,356.3,2
20250527  11:43,356.45,356.45,356.45,356.45,1
20250527  11:44,356.45,356.45,356.45,356.45,1
20250527  11:45,356.45,356.45,356.45,356.45,0
20250527  11:46,356.45,356.45,356.45,356.45,0
20250527  11:47,356.45,356.45,356.45,356.45,0
20250527  11:48,356.55,356.55,356.55,356.55,1
20250527  11:49,356.55,356.55,356.55,356.55,0
20250527  11:50,356.5,356.5,356.45,356.45,5
20250527  11:51,356.45,356.45,356.45,356.45,0
20250527  11:52,356.45,356.45,356.45,356.45,0
20250527  11:53,356.45,356.45,356.45,356.45,0
20250527  11:54,356.45,356.45,356.45,356.45,0
20250527  11:55,356.45,356.45,356.45,356.45,3
20250527  11:56,356.7,356.7,356.5,356.5,4
20250527  11:57,356.35,356.5,356.35,356.5,3
20250527  11:58,356.5,356.5,356.5,356.5,1
20250527  11:59,356.4,356.4,356.4,356.4,1
20250527  12:00,356.5,356.5,356.15,356.15,2
20250527  12:01,355.8,355.8,355.45,355.45,5
20250527  12:02,355.9,355.9,355.7,355.7,2
20250527  12:03,355.7,355.7,355.7,355.7,0
20250527  12:04,355.65,355.65,355.65,355.65,2
20250527  12:05,355.65,355.65,355.65,355.65,0
20250527  12:06,355.85,355.85,355.65,355.65,2
20250527  12:07,355.65,355.65,355.65,355.65,0
20250527  12:08,355.65,355.65,355.65,355.65,0
20250527  12:09,355.65,355.65,355.65,355.65,0
20250527  12:10,355.65,355.65,355.65,355.65,1
20250527  12:11,355.9,355.9,355.9,355.9,1
20250527  12:12,356.15,356.15,356.1,356.1,2
20250527  12:13,356.1,356.1,356.1,356.1,0
20250527  12:14,356.1,356.1,356.1,356.1,0
20250527  12:15,356.1,356.1,356.1,356.1,0
20250527  12:16,356.1,356.1,356.1,356.1,0
20250527  12:17,355.8,355.8,355.8,355.8,1
20250527  12:18,355.9,355.9,355.9,355.9,1
20250527  12:19,355.6,355.7,355.6,355.7,2
20250527  12:20,355.5,355.55,355.35,355.55,4
20250527  12:21,355.55,355.55,355.55,355.55,0
20250527  12:22,355.35,355.35,355.3,355.3,10
20250527  12:23,355.2,355.2,355.05,355.05,2
20250527  12:24,355.05,355.05,355.05,355.05,0
20250527  12:25,355.05,355.05,355.05,355.05,0
20250527  12:26,355.45,355.45,355.45,355.45,1
20250527  12:27,355.5,355.65,355.5,355.65,2
20250527  12:28,355.6,355.6,355.6,355.6,1
20250527  12:29,355.6,355.6,355.6,355.6,0
20250527  12:30,355.6,355.6,355.6,355.6,0
20250527  12:31,355.6,355.6,355.6,355.6,0
20250527  12:32,355.6,355.6,355.6,355.6,0
20250527  12:33,355.95,356.1,355.85,356.1,4
20250527  12:34,355.95,355.95,355.9,355.9,2
20250527  12:35,355.9,355.9,355.9,355.9,0
20250527  12:36,355.9,355.9,355.9,355.9,0
20250527  12:37,355.9,355.9,355.9,355.9,0
20250527  12:38,355.9,355.9,355.9,355.9,0
20250527  12:39,355.9,355.9,355.9,355.9,0
20250527  12:40,355.9,355.9,355.9,355.9,0
20250527  12:41,355.9,355.9,355.9,355.9,0
20250527  12:42,355.9,355.9,355.9,355.9,0
20250527  12:43,355.35,355.35,355.15,355.15,10
20250527  12:44,355.15,355.15,355.15,355.15,0
20250527  12:45,355.0,355.0,354.65,354.65,10
20250527  12:46,354.5,354.7,354.5,354.55,9
20250527  12:47,354.55,354.55,354.55,354.55,0
20250527  12:48,354.45,354.5,354.45,354.5,2
20250527  12:49,354.5,354.5,354.5,354.5,0
20250527  12:50,354.5,354.5,354.5,354.5,0
20250527  12:51,354.2,354.2,354.2,354.2,3
20250527  12:52,354.2,354.2,354.2,354.2,0
20250527  12:53,353.9,353.9,353.85,353.85,5
20250527  12:54,353.85,353.85,353.85,353.85,0
20250527  12:55,353.95,353.95,353.55,353.55,8
20250527  12:56,353.55,353.55,353.55,353.55,0
20250527  12:57,353.55,353.55,353.55,353.55,0
20250527  12:58,353.65,353.65,353.65,353.65,2
20250527  12:59,353.65,353.65,353.65,353.65,2
20250527  13:00,353.95,353.95,353.95,353.95,1
20250527  13:01,353.9,353.9,353.9,353.9,1
20250527  13:02,353.9,353.9,353.9,353.9,0
20250527  13:03,353.9,353.9,353.9,353.9,1
20250527  13:04,353.85,353.85,353.65,353.65,3
20250527  13:05,353.8,353.8,353.8,353.8,1
20250527  13:06,353.8,353.8,353.8,353.8,0
20250527  13:07,353.95,353.95,353.9,353.9,2
20250527  13:08,353.9,353.9,353.9,353.9,0
20250527  13:09,353.7,354.05,353.7,354.05,5
20250527  13:10,354.1,354.1,354.1,354.1,1
20250527  13:11,354.0,354.0,354.0,354.0,1
20250527  13:12,353.95,353.95,353.95,353.95,1
20250527  13:13,353.95,353.95,353.95,353.95,0
20250527  13:14,353.8,353.85,353.8,353.85,3
20250527  13:15,353.85,353.85,353.85,353.85,0
20250527  13:16,353.85,353.85,353.85,353.85,0
20250527  13:17,353.45,353.65,353.45,353.65,2
20250527  13:18,353.65,353.65,353.6,353.6,2
20250527  13:19,353.6,353.6,353.6,353.6,0
20250527  13:20,353.6,353.6,353.6,353.6,0
20250527  13:21,353.8,354.0,353.8,353.95,25
20250527  13:22,354.0,354.0,353.8,353.8,5
20250527  13:23,353.8,353.8,353.8,353.8,0
20250527  13:24,354.0,354.0,354.0,354.0,1
20250527  13:25,354.15,354.15,354.15,354.15,1
20250527  13:26,354.15,354.15,354.15,354.15,0
20250527  13:27,354.15,354.15,354.15,354.15,0
20250527  13:28,354.3,354.3,354.15,354.15,8
20250527  13:29,354.15,354.15,354.15,354.15,0
20250527  13:30,354.05,354.05,353.7,353.75,29
20250528  10:15,357.0,357.3,355.7,356.3,112
20250528  10:16,356.2,356.6,356.2,356.6,4
20250528  10:17,357.5,357.5,356.9,357.1,3
20250528  10:18,356.8,357.05,356.8,357.05,13
20250528  10:19,357.3,357.3,357.3,357.3,1
20250528  10:20,357.5,357.5,356.3,356.3,10
20250528  10:21,356.65,356.65,356.65,356.65,3
20250528  10:22,356.4,356.4,356.0,356.05,11
20250528  10:23,355.9,356.4,355.8,356.4,10
20250528  10:24,356.75,356.75,356.75,356.75,2
20250528  10:25,356.3,356.3,356.0,356.0,5
20250528  10:26,356.3,356.3,356.25,356.25,2
20250528  10:27,356.2,356.25,356.2,356.25,3
20250528  10:28,356.4,356.4,356.4,356.4,1
20250528  10:29,356.35,356.35,356.35,356.35,1
20250528  10:30,356.35,356.95,356.35,356.95,5
20250528  10:31,356.55,357.05,356.55,356.95,5
20250528  10:32,356.7,356.85,356.7,356.7,4
20250528  10:33,356.35,356.45,356.35,356.35,11
20250528  10:34,356.8,356.8,356.55,356.55,3
20250528  10:35,356.55,356.55,356.55,356.55,1
20250528  10:36,356.3,356.3,355.9,355.9,6
20250528  10:37,356.1,356.1,355.85,355.95,5
20250528  10:38,355.9,355.9,355.9,355.9,2
20250528  10:39,355.8,355.9,355.7,355.7,6
20250528  10:40,355.6,355.6,355.4,355.4,3
20250528  10:41,355.55,356.05,355.45,356.05,16
20250528  10:42,355.7,355.7,355.7,355.7,1
20250528  10:43,355.7,355.7,355.7,355.7,1
20250528  10:44,355.95,356.15,355.95,356.15,2
20250528  10:45,356.0,356.0,356.0,356.0,1
20250528  10:46,356.1,356.1,356.1,356.1,2
20250528  10:47,356.1,356.1,356.1,356.1,0
20250528  10:48,355.55,355.55,355.3,355.55,7
20250528  10:49,355.35,355.35,355.2,355.2,8
20250528  10:50,355.55,355.55,355.55,355.55,5
20250528  10:51,355.55,355.55,355.55,355.55,1
20250528  10:52,355.7,355.95,355.7,355.9,4
20250528  10:53,355.9,356.05,355.9,356.05,8
20250528  10:54,355.9,355.9,355.9,355.9,3
20250528  10:55,355.9,355.9,355.9,355.9,0
20250528  10:56,355.9,355.9,355.9,355.9,0
20250528  10:57,355.9,355.9,355.9,355.9,0
20250528  10:58,355.9,355.9,355.9,355.9,0
20250528  10:59,355.75,355.75,355.75,355.75,1
20250528  11:00,355.65,355.85,355.65,355.85,4
20250528  11:01,355.85,355.85,355.85,355.85,0
20250528  11:02,355.5,355.55,355.35,355.55,11
20250528  11:03,355.5,355.5,355.5,355.5,1
20250528  11:04,355.3,355.3,355.3,355.3,1
20250528  11:05,355.3,355.3,355.3,355.3,0
20250528  11:06,355.8,355.9,355.8,355.9,3
20250528  11:07,356.0,356.3,356.0,356.3,6
20250528  11:08,356.2,356.2,356.2,356.2,1
20250528  11:09,356.45,356.45,356.45,356.45,2
20250528  11:10,356.7,356.7,356.7,356.7,1
20250528  11:11,356.7,356.7,356.7,356.7,0
20250528  11:12,356.7,356.7,356.7,356.7,0
20250528  11:13,356.7,356.7,356.7,356.7,0
20250528  11:14,355.9,356.05,355.9,356.05,4
20250528  11:15,356.25,356.25,356.25,356.25,1
20250528  11:16,356.25,356.25,356.25,356.25,0
20250528  11:17,356.45,356.65,356.45,356.65,3
20250528  11:18,356.95,357.0,356.95,357.0,2
20250528  11:19,357.0,357.0,357.0,357.0,0
20250528  11:20,357.0,357.0,357.0,357.0,0
20250528  11:21,357.2,357.5,357.2,357.5,3
20250528  11:22,357.3,357.3,357.3,357.3,1
20250528  11:23,357.3,357.3,357.3,357.3,0
20250528  11:24,357.3,357.3,357.3,357.3,0
20250528  11:25,356.6,356.6,356.6,356.6,1
20250528  11:26,356.6,356.6,356.6,356.6,0
20250528  11:27,356.6,356.6,356.6,356.6,0
20250528  11:28,356.6,356.6,356.6,356.6,0
20250528  11:29,356.6,356.6,356.6,356.6,0
20250528  11:30,357.05,357.05,356.8,356.8,2
20250528  11:31,356.8,356.8,356.8,356.8,0
20250528  11:32,356.8,356.8,356.8,356.8,0
20250528  11:33,356.8,356.8,356.8,356.8,0
20250528  11:34,356.5,356.5,356.5,356.5,2
20250528  11:35,356.5,356.5,356.5,356.5,1
20250528  11:36,356.5,356.5,356.5,356.5,0
20250528  11:37,356.5,356.5,356.5,356.5,0
20250528  11:38,356.5,356.5,356.5,356.5,0
20250528  11:39,356.5,356.5,356.5,356.5,0
20250528  11:40,356.75,356.75,356.75,356.75,1
20250528  11:41,356.75,356.75,356.75,356.75,0
20250528  11:42,356.8,356.8,356.8,356.8,1
20250528  11:43,356.8,356.8,356.8,356.8,0
20250528  11:44,356.8,356.8,356.8,356.8,0
20250528  11:45,356.8,356.8,356.8,356.8,1
20250528  11:46,356.8,356.8,356.8,356.8,0
20250528  11:47,357.0,357.0,357.0,357.0,1
20250528  11:48,357.1,357.1,357.1,357.1,1
20250528  11:49,357.1,357.1,357.1,357.1,0
20250528  11:50,356.95,356.95,356.95,356.95,1
20250528  11:51,356.95,356.95,356.95,356.95,0
20250528  11:52,356.95,356.95,356.85,356.85,6
20250528  11:53,356.95,356.95,356.95,356.95,1
20250528  11:54,356.95,356.95,356.95,356.95,0
20250528  11:55,356.95,356.95,356.95,356.95,0
20250528  11:56,356.95,356.95,356.95,356.95,0
20250528  11:57,356.95,356.95,356.95,356.95,0
20250528  11:58,357.3,357.5,357.3,357.5,9
20250528  11:59,357.5,357.5,357.5,357.5,0
20250528  12:00,357.5,357.5,357.5,357.5,0
20250528  12:01,357.4,357.8,357.4,357.8,4
20250528  12:02,357.5,357.5,356.5,356.5,14
20250528  12:03,356.05,356.05,356.0,356.0,4
20250528  12:04,356.0,356.0,356.0,356.0,0
20250528  12:05,356.0,356.0,356.0,356.0,0
20250528  12:06,356.2,356.35,356.2,356.35,4
20250528  12:07,355.9,355.9,355.9,355.9,3
20250528  12:08,355.9,355.9,355.6,355.6,5
20250528  12:09,355.6,355.6,355.6,355.6,0
20250528  12:10,355.6,355.6,355.6,355.6,0
20250528  12:11,355.8,355.8,355.65,355.65,2
20250528  12:12,355.65,355.65,355.65,355.65,1
20250528  12:13,355.65,355.65,355.65,355.65,0
20250528  12:14,355.65,355.65,355.65,355.65,0
20250528  12:15,355.9,355.9,355.9,355.9,1
20250528  12:16,355.9,355.9,355.9,355.9,0
20250528  12:17,355.9,355.9,355.9,355.9,0
20250528  12:18,355.8,355.8,355.8,355.8,1
20250528  12:19,355.8,355.8,355.8,355.8,0
20250528  12:20,355.8,355.8,355.8,355.8,0
20250528  12:21,355.8,355.8,355.5,355.55,10
20250528  12:22,355.55,355.55,355.55,355.55,0
20250528  12:23,355.25,355.25,355.25,355.25,3
20250528  12:24,355.25,355.25,355.25,355.25,0
20250528  12:25,355.25,355.25,355.25,355.25,0
20250528  12:26,355.25,355.25,355.25,355.25,0
20250528  12:27,355.25,355.25,355.25,355.25,0
20250528  12:28,355.25,355.25,355.25,355.25,0
20250528  12:29,355.8,355.8,355.8,355.8,1
20250528  12:30,355.8,355.8,355.8,355.8,0
20250528  12:31,355.3,355.3,355.05,355.05,15
20250528  12:32,355.05,355.05,355.05,355.05,0
20250528  12:33,355.05,355.05,354.9,354.95,13
20250528  12:34,354.9,355.0,354.9,354.95,9
20250528  12:35,354.95,354.95,354.95,354.95,0
20250528  12:36,354.95,354.95,354.95,354.95,0
20250528  12:37,354.95,354.95,354.95,354.95,0
20250528  12:38,354.95,354.95,354.95,354.95,0
20250528  12:39,354.95,354.95,354.95,354.95,0
20250528  12:40,356.15,356.5,356.05,356.05,7
20250528  12:41,356.3,356.3,356.3,356.3,2
20250528  12:42,356.3,356.3,356.3,356.3,1
20250528  12:43,356.1,356.1,356.1,356.1,1
20250528  12:44,356.1,356.1,356.1,356.1,0
20250528  12:45,356.55,356.55,356.55,356.55,1
20250528  12:46,356.55,356.55,356.55,356.55,0
20250528  12:47,356.55,356.55,356.55,356.55,0
20250528  12:48,356.05,356.05,356.05,356.05,2
20250528  12:49,356.35,356.35,356.35,356.35,1
20250528  12:50,356.35,356.35,356.35,356.35,0
20250528  12:51,356.35,356.35,356.35,356.35,0
20250528  12:52,356.35,356.35,356.35,356.35,0
20250528  12:53,356.35,356.35,356.35,356.35,0
20250528  12:54,356.35,356.35,356.35,356.35,0
20250528  12:55,356.35,356.35,356.35,356.35,0
20250528  12:56,356.35,356.35,356.35,356.35,0
20250528  12:57,356.35,356.35,356.35,356.35,0
20250528  12:58,355.45,355.5,355.25,355.25,6
20250528  12:59,355.7,355.7,355.65,355.65,2
20250528  13:00,355.75,355.85,355.75,355.85,5
20250528  13:01,355.85,355.85,355.85,355.85,0
20250528  13:02,355.65,355.65,355.65,355.65,1
20250528  13:03,355.9,355.9,355.9,355.9,2
20250528  13:04,355.9,355.9,355.9,355.9,0
20250528  13:05,355.9,355.9,355.9,355.9,0
20250528  13:06,355.9,355.9,355.9,355.9,1
20250528  13:07,355.9,355.9,355.9,355.9,0
20250528  13:08,355.85,355.85,355.85,355.85,1
20250528  13:09,355.85,355.85,355.85,355.85,0
20250528  13:10,355.9,355.9,355.9,355.9,8
20250528  13:11,355.9,355.9,355.9,355.9,0
20250528  13:12,355.9,355.9,355.9,355.9,0
20250528  13:13,355.95,355.95,355.95,355.95,1
20250528  13:14,355.95,355.95,355.95,355.95,0
20250528  13:15,355.95,355.95,355.95,355.95,0
20250528  13:16,355.95,355.95,355.95,355.95,0
20250528  13:17,355.95,355.95,355.95,355.95,0
20250528  13:18,355.95,355.95,355.95,355.95,0
20250528  13:19,355.95,355.95,355.95,355.95,0
20250528  13:20,355.95,355.95,355.95,355.95,0
20250528  13:21,355.4,355.4,355.25,355.25,4
20250528  13:22,355.25,355.25,355.25,355.25,0
20250528  13:23,355.25,355.25,355.25,355.25,0
20250528  13:24,355.2,355.2,355.0,355.0,3
20250528  13:25,354.65,354.65,354.0,354.3,18
20250528  13:26,354.3,354.3,354.3,354.3,1
20250528  13:27,354.3,354.3,354.3,354.3,0
20250528  13:28,354.55,354.85,354.5,354.8,13
20250528  13:29,354.8,354.8,354.8,354.8,0
20250528  13:30,354.5,354.5,354.35,354.35,13
20250529  10:15,350.9,351.8,349.9,350.5,93
20250529  10:16,350.75,351.6,350.0,350.0,20
20250529  10:17,350.2,350.2,349.6,349.6,7
20250529  10:18,349.85,350.25,349.85,350.25,7
20250529  10:19,350.0,350.0,350.0,350.0,1
20250529  10:20,349.8,350.3,349.8,350.3,8
20250529  10:21,349.9,349.9,349.55,349.55,3
20250529  10:22,349.6,349.8,349.6,349.8,2
20250529  10:23,349.7,349.7,349.15,349.35,10
20250529  10:24,349.25,349.25,349.25,349.25,1
20250529  10:25,349.35,349.35,349.35,349.35,5
20250529  10:26,349.4,349.4,349.4,349.4,1
20250529  10:27,348.75,348.75,348.65,348.65,2
20250529  10:28,349.3,349.3,349.3,349.3,1
20250529  10:29,349.65,349.65,349.65,349.65,1
20250529  10:30,349.65,349.65,349.65,349.65,0
20250529  10:31,349.65,349.65,349.65,349.65,0
20250529  10:32,349.65,349.65,349.65,349.65,0
20250529  10:33,349.05,349.1,349.05,349.1,4
20250529  10:34,348.85,348.95,348.85,348.95,3
20250529  10:35,348.95,348.95,348.95,348.95,1
20250529  10:36,348.95,348.95,348.95,348.95,0
20250529  10:37,348.9,348.9,348.7,348.7,2
20250529  10:38,349.35,349.35,349.15,349.15,2
20250529  10:39,348.6,348.6,348.6,348.6,1
20250529  10:40,348.55,348.55,348.25,348.25,6
20250529  10:41,348.25,348.25,348.25,348.25,0
20250529  10:42,348.25,348.25,348.25,348.25,0
20250529  10:43,348.55,348.55,348.55,348.55,1
20250529  10:44,349.25,349.25,349.15,349.15,3
20250529  10:45,348.75,348.9,348.75,348.9,2
20250529  10:46,349.1,349.1,349.1,349.1,1
20250529  10:47,349.1,349.1,349.1,349.1,0
20250529  10:48,349.1,349.1,349.1,349.1,0
20250529  10:49,349.1,349.1,349.1,349.1,0
20250529  10:50,349.1,349.1,349.1,349.1,0
20250529  10:51,349.1,349.1,349.1,349.1,0
20250529  10:52,349.1,349.1,349.1,349.1,0
20250529  10:53,349.2,349.2,349.2,349.2,2
20250529  10:54,349.2,349.2,349.2,349.2,0
20250529  10:55,349.2,349.2,349.2,349.2,0
20250529  10:56,349.2,349.2,349.2,349.2,0
20250529  10:57,349.2,349.2,349.2,349.2,0
20250529  10:58,349.2,349.2,349.2,349.2,0
20250529  10:59,349.2,349.2,349.2,349.2,0
20250529  11:00,349.2,349.2,349.2,349.2,0
20250529  11:01,349.2,349.2,349.2,349.2,0
20250529  11:02,349.2,349.2,349.2,349.2,0
20250529  11:03,348.6,348.65,348.6,348.65,2
20250529  11:04,348.9,349.05,348.9,349.0,6
20250529  11:05,348.95,348.95,348.95,348.95,1
20250529  11:06,348.75,349.1,348.75,349.1,2
20250529  11:07,349.0,349.0,348.95,348.95,12
20250529  11:08,348.95,348.95,348.95,348.95,0
20250529  11:09,348.7,348.7,348.65,348.65,5
20250529  11:10,348.65,348.65,348.65,348.65,0
20250529  11:11,348.65,348.65,348.65,348.65,0
20250529  11:12,349.0,349.0,348.95,348.95,3
20250529  11:13,348.95,348.95,348.95,348.95,0
20250529  11:14,348.95,348.95,348.95,348.95,0
20250529  11:15,348.9,348.9,348.9,348.9,2
20250529  11:16,348.9,348.9,348.9,348.9,0
20250529  11:17,348.8,348.8,348.8,348.8,1
20250529  11:18,348.8,348.8,348.8,348.8,0
20250529  11:19,348.6,348.6,348.25,348.3,6
20250529  11:20,348.3,348.3,348.3,348.3,0
20250529  11:21,349.35,349.75,349.35,349.75,2
20250529  11:22,349.75,349.75,349.75,349.75,0
20250529  11:23,349.75,349.75,349.75,349.75,0
20250529  11:24,350.0,350.0,350.0,350.0,7
20250529  11:25,349.85,349.85,349.85,349.85,2
20250529  11:26,350.3,350.5,350.3,350.5,2
20250529  11:27,350.65,350.65,350.4,350.55,6
20250529  11:28,350.35,350.35,350.35,350.35,1
20250529  11:29,350.35,350.35,350.35,350.35,5
20250529  11:30,350.1,350.25,350.1,350.1,7
20250529  11:31,350.1,350.1,350.1,350.1,0
20250529  11:32,350.1,350.1,350.1,350.1,0
20250529  11:33,350.1,350.1,350.1,350.1,0
20250529  11:34,350.1,350.1,350.1,350.1,0
20250529  11:35,350.55,350.8,350.55,350.8,3
20250529  11:36,350.9,351.05,350.65,351.05,6
20250529  11:37,351.05,351.05,351.05,351.05,0
20250529  11:38,351.0,351.1,351.0,351.1,2
20250529  11:39,351.1,351.1,351.1,351.1,0
20250529  11:40,351.1,351.1,351.1,351.1,0
20250529  11:41,351.2,351.2,351.2,351.2,1
20250529  11:42,350.8,350.8,350.75,350.75,5
20250529  11:43,350.75,350.75,350.75,350.75,0
20250529  11:44,350.85,350.85,350.85,350.85,1
20250529  11:45,351.0,351.05,351.0,351.05,12
20250529  11:46,350.8,350.8,350.8,350.8,1
20250529  11:47,350.8,350.8,350.8,350.8,0
20250529  11:48,350.5,350.65,350.5,350.65,6
20250529  11:49,350.65,350.65,350.65,350.65,0
20250529  11:50,350.65,350.65,350.65,350.65,0
20250529  11:51,350.65,350.65,350.65,350.65,0
20250529  11:52,350.85,350.9,350.85,350.9,2
20250529  11:53,350.9,350.9,350.9,350.9,0
20250529  11:54,350.9,350.9,350.9,350.9,0
20250529  11:55,350.9,350.9,350.9,350.9,0
20250529  11:56,350.9,350.9,350.9,350.9,0
20250529  11:57,350.5,350.95,350.5,350.95,45
20250529  11:58,351.1,351.2,351.1,351.1,17
20250529  11:59,351.1,351.1,351.1,351.1,0
20250529  12:00,350.75,350.75,350.75,350.75,3
20250529  12:01,350.75,350.8,350.75,350.8,10
20250529  12:02,350.8,350.8,350.8,350.8,0
20250529  12:03,350.6,350.6,350.6,350.6,1
20250529  12:04,350.5,350.5,349.85,349.9,8
20250529  12:05,349.9,349.9,349.9,349.9,0
20250529  12:06,350.2,350.35,350.2,350.35,2
20250529  12:07,350.1,350.4,350.1,350.4,3
20250529  12:08,350.55,350.55,350.55,350.55,1
20250529  12:09,350.55,350.55,350.55,350.55,0
20250529  12:10,350.65,350.65,350.65,350.65,2
20250529  12:11,350.9,351.15,350.9,351.15,11
20250529  12:12,351.0,351.0,351.0,351.0,1
20250529  12:13,350.95,351.1,350.9,351.05,11
20250529  12:14,351.05,351.05,351.05,351.05,0
20250529  12:15,351.05,351.05,351.05,351.05,0
20250529  12:16,351.05,351.05,351.05,351.05,0
20250529  12:17,350.6,350.6,350.35,350.35,4
20250529  12:18,350.4,350.4,350.4,350.4,4
20250529  12:19,350.4,350.4,350.4,350.4,0
20250529  12:20,350.4,350.4,350.4,350.4,0
20250529  12:21,350.4,350.4,350.4,350.4,0
20250529  12:22,350.5,350.5,350.4,350.4,3
20250529  12:23,350.4,350.4,350.4,350.4,0
20250529  12:24,350.5,350.7,350.35,350.7,4
20250529  12:25,350.7,350.7,350.7,350.7,0
20250529  12:26,350.7,350.7,350.7,350.7,0
20250529  12:27,350.7,350.7,350.7,350.7,0
20250529  12:28,350.6,350.6,350.6,350.6,2
20250529  12:29,350.75,350.85,350.75,350.85,8
20250529  12:30,350.85,350.85,350.85,350.85,0
20250529  12:31,350.55,350.55,350.55,350.55,1
20250529  12:32,350.55,350.55,350.55,350.55,0
20250529  12:33,350.55,350.55,350.55,350.55,0
20250529  12:34,350.55,350.55,350.55,350.55,0
20250529  12:35,350.55,350.55,350.55,350.55,0
20250529  12:36,350.25,350.25,350.25,350.25,1
20250529  12:37,350.25,350.25,350.25,350.25,0
20250529  12:38,350.25,350.25,350.25,350.25,0
20250529  12:39,350.25,350.25,350.25,350.25,0
20250529  12:40,350.45,350.45,350.45,350.45,1
20250529  12:41,350.65,350.65,350.65,350.65,4
20250529  12:42,350.5,350.65,350.5,350.6,9
20250529  12:43,350.6,350.6,350.6,350.6,0
20250529  12:44,350.65,350.65,350.65,350.65,2
20250529  12:45,350.65,350.65,350.65,350.65,0
20250529  12:46,350.65,350.65,350.65,350.65,0
20250529  12:47,350.7,350.7,350.7,350.7,1
20250529  12:48,350.7,350.7,350.7,350.7,0
20250529  12:49,350.7,350.7,350.7,350.7,0
20250529  12:50,350.7,350.7,350.7,350.7,0
20250529  12:51,350.6,350.6,350.6,350.6,1
20250529  12:52,350.75,350.95,350.75,350.95,3
20250529  12:53,351.05,351.05,351.05,351.05,1
20250529  12:54,351.1,351.4,351.1,351.4,8
20250529  12:55,351.15,351.45,351.15,351.4,7
20250529  12:56,351.25,351.4,351.25,351.4,5
20250529  12:57,351.5,351.55,351.45,351.5,8
20250529  12:58,351.5,351.5,351.5,351.5,0
20250529  12:59,351.7,351.9,351.7,351.9,3
20250529  13:00,351.8,351.8,351.6,351.7,19
20250529  13:01,351.7,352.0,351.7,352.0,2
20250529  13:02,352.2,352.4,351.75,351.8,18
20250529  13:03,351.8,351.8,351.8,351.8,2
20250529  13:04,351.8,351.8,351.8,351.8,0
20250529  13:05,351.6,351.6,351.6,351.6,2
20250529  13:06,351.6,351.95,351.6,351.75,16
20250529  13:07,352.1,352.1,351.95,351.95,4
20250529  13:08,351.7,351.7,351.55,351.55,2
20250529  13:09,351.55,351.55,351.55,351.55,0
20250529  13:10,351.7,351.95,351.7,351.75,7
20250529  13:11,351.75,351.75,351.75,351.75,0
20250529  13:12,351.75,351.75,351.75,351.75,0
20250529  13:13,351.75,351.75,351.75,351.75,0
20250529  13:14,351.05,351.05,350.85,350.9,5
20250529  13:15,350.65,350.85,350.6,350.85,10
20250529  13:16,350.9,351.0,350.9,351.0,2
20250529  13:17,351.0,351.0,351.0,351.0,0
20250529  13:18,350.75,350.75,350.75,350.75,1
20250529  13:19,350.9,350.95,350.9,350.95,2
20250529  13:20,350.95,351.05,350.95,351.05,2
20250529  13:21,351.2,351.2,351.1,351.1,4
20250529  13:22,351.05,351.05,351.05,351.05,1
20250529  13:23,351.15,351.15,351.15,351.15,1
20250529  13:24,351.15,351.15,351.15,351.15,0
20250529  13:25,351.15,351.15,351.15,351.15,0
20250529  13:26,351.0,351.2,351.0,351.2,14
20250529  13:27,351.2,351.2,351.2,351.2,0
20250529  13:28,351.2,351.2,351.15,351.15,4
20250529  13:29,351.35,351.35,351.35,351.35,1
20250529  13:30,351.15,351.15,351.15,351.15,2
20250530  10:15,345.5,346.5,345.3,345.7,111
20250530  10:16,345.5,345.5,344.3,344.5,34
20250530  10:17,344.7,345.35,344.65,345.35,26
20250530  10:18,344.8,345.8,344.8,344.95,25
20250530  10:19,345.0,345.45,345.0,345.45,16
20250530  10:20,345.5,346.05,345.5,346.05,4
20250530  10:21,346.05,346.05,346.05,346.05,0
20250530  10:22,345.9,346.1,345.9,346.0,5
20250530  10:23,346.0,346.0,346.0,346.0,0
20250530  10:24,346.0,346.0,346.0,346.0,0
20250530  10:25,346.05,346.05,345.95,345.95,3
20250530  10:26,345.25,345.25,344.75,344.75,14
20250530  10:27,344.5,344.5,344.5,344.5,1
20250530  10:28,344.5,344.5,344.5,344.5,0
20250530  10:29,344.5,344.5,344.5,344.5,0
20250530  10:30,344.65,344.65,344.6,344.6,2
20250530  10:31,344.7,344.7,344.7,344.7,1
20250530  10:32,344.65,344.65,344.65,344.65,1
20250530  10:33,344.65,344.65,344.65,344.65,0
20250530  10:34,344.75,344.85,344.65,344.85,8
20250530  10:35,344.85,344.85,344.85,344.85,0
20250530  10:36,344.6,344.6,344.45,344.45,4
20250530  10:37,344.5,344.8,344.5,344.8,8
20250530  10:38,344.85,344.85,344.85,344.85,1
20250530  10:39,344.6,345.0,344.6,344.65,16
20250530  10:40,344.6,344.6,344.6,344.6,1
20250530  10:41,344.3,344.75,344.15,344.75,32
20250530  10:42,344.5,344.65,344.5,344.65,2
20250530  10:43,344.8,344.8,344.8,344.8,1
20250530  10:44,344.8,344.8,344.8,344.8,0
20250530  10:45,345.6,345.7,345.6,345.65,4
20250530  10:46,345.45,345.45,345.45,345.45,1
20250530  10:47,345.35,345.35,345.35,345.35,1
20250530  10:48,345.35,345.35,345.35,345.35,0
20250530  10:49,344.6,344.6,344.6,344.6,2
20250530  10:50,344.6,344.6,344.6,344.6,0
20250530  10:51,345.0,345.0,345.0,345.0,1
20250530  10:52,344.55,344.55,344.55,344.55,3
20250530  10:53,344.9,344.9,344.9,344.9,1
20250530  10:54,345.0,345.0,345.0,345.0,2
20250530  10:55,345.0,345.35,345.0,345.1,7
20250530  10:56,345.5,345.5,345.35,345.35,3
20250530  10:57,345.6,345.6,345.05,345.05,2
20250530  10:58,345.1,345.15,345.1,345.1,5
20250530  10:59,345.1,345.1,345.1,345.1,0
20250530  11:00,345.4,345.55,345.35,345.35,5
20250530  11:01,345.35,345.35,345.35,345.35,0
20250530  11:02,345.35,345.35,345.35,345.35,0
20250530  11:03,345.65,345.8,345.55,345.55,11
20250530  11:04,345.55,345.8,345.55,345.8,2
20250530  11:05,345.9,345.9,345.65,345.75,5
20250530  11:06,345.6,345.65,345.6,345.65,2
20250530  11:07,346.0,346.1,346.0,346.0,7
20250530  11:08,345.85,345.85,345.65,345.65,6
20250530  11:09,345.65,345.65,345.65,345.65,0
20250530  11:10,345.55,345.55,345.55,345.55,2
20250530  11:11,345.45,345.6,345.3,345.35,9
20250530  11:12,345.35,345.35,345.35,345.35,0
20250530  11:13,345.35,345.35,345.35,345.35,0
20250530  11:14,345.5,345.55,345.45,345.55,4
20250530  11:15,345.65,345.65,345.65,345.65,1
20250530  11:16,345.65,345.65,345.65,345.65,0
20250530  11:17,345.3,345.3,345.15,345.15,4
20250530  11:18,345.3,345.3,345.3,345.3,1
20250530  11:19,345.9,345.9,345.9,345.9,1
20250530  11:20,345.85,345.85,345.85,345.85,1
20250530  11:21,345.85,345.85,345.85,345.85,0
20250530  11:22,345.85,345.85,345.85,345.85,0
20250530  11:23,345.85,345.85,345.75,345.75,4
20250530  11:24,345.85,345.85,345.85,345.85,2
20250530  11:25,345.9,346.0,345.7,345.7,10
20250530  11:26,345.75,345.95,345.75,345.95,6
20250530  11:27,346.0,346.0,345.85,345.85,5
20250530  11:28,346.0,346.0,346.0,346.0,1
20250530  11:29,346.25,346.25,346.25,346.25,1
20250530  11:30,345.95,345.95,345.95,345.95,1
20250530  11:31,345.85,345.85,345.85,345.85,1
20250530  11:32,345.85,345.85,345.85,345.85,0
20250530  11:33,346.0,346.0,346.0,346.0,3
20250530  11:34,346.2,346.2,346.2,346.2,1
20250530  11:35,346.2,346.2,346.2,346.2,0
20250530  11:36,345.9,345.9,345.65,345.85,4
20250530  11:37,345.7,345.95,345.65,345.95,5
20250530  11:38,345.95,345.95,345.95,345.95,1
20250530  11:39,346.0,346.0,346.0,346.0,6
20250530  11:40,345.95,346.05,345.95,346.05,2
20250530  11:41,346.25,346.5,346.25,346.35,9
20250530  11:42,346.55,346.7,346.15,346.35,13
20250530  11:43,346.4,346.5,346.4,346.5,2
20250530  11:44,346.2,346.2,346.2,346.2,1
20250530  11:45,346.2,346.2,346.2,346.2,0
20250530  11:46,346.3,346.3,346.2,346.2,4
20250530  11:47,346.2,346.2,346.2,346.2,0
20250530  11:48,346.6,346.75,346.6,346.75,4
20250530  11:49,346.75,346.75,346.75,346.75,0
20250530  11:50,346.75,346.75,346.75,346.75,0
20250530  11:51,346.75,346.9,346.65,346.75,13
20250530  11:52,346.7,346.7,346.65,346.7,14
20250530  11:53,346.7,346.7,346.7,346.7,0
20250530  11:54,346.15,346.15,346.1,346.1,2
20250530  11:55,346.1,346.1,346.1,346.1,0
20250530  11:56,346.1,346.1,346.1,346.1,0
20250530  11:57,346.1,346.1,346.1,346.1,0
20250530  11:58,346.45,346.45,346.45,346.45,2
20250530  11:59,346.45,346.75,346.45,346.75,3
20250530  12:00,346.5,346.5,346.5,346.5,1
20250530  12:01,346.5,346.5,346.5,346.5,0
20250530  12:02,346.6,346.6,346.6,346.6,1
20250530  12:03,346.6,346.6,346.6,346.6,0
20250530  12:04,346.6,346.6,346.6,346.6,0
20250530  12:05,346.6,346.6,346.6,346.6,1
20250530  12:06,346.6,346.6,346.6,346.6,0
20250530  12:07,346.6,346.6,346.6,346.6,0
20250530  12:08,346.7,346.7,346.4,346.45,22
20250530  12:09,346.75,346.75,346.75,346.75,4
20250530  12:10,346.7,346.7,346.55,346.55,5
20250530  12:11,346.65,346.7,346.65,346.7,4
20250530  12:12,347.0,348.0,347.0,347.45,41
20250530  12:13,347.45,347.45,347.45,347.45,1
20250530  12:14,347.45,347.45,347.45,347.45,0
20250530  12:15,346.9,347.35,346.9,347.35,10
20250530  12:16,347.25,347.4,347.25,347.4,2
20250530  12:17,347.5,347.5,347.45,347.45,2
20250530  12:18,347.45,347.45,347.45,347.45,2
20250530  12:19,347.5,347.5,347.5,347.5,1
20250530  12:20,347.5,347.8,347.5,347.5,4
20250530  12:21,347.5,347.5,347.5,347.5,0
20250530  12:22,347.25,347.35,347.25,347.35,11
20250530  12:23,347.5,347.5,347.5,347.5,1
20250530  12:24,347.25,347.35,347.25,347.35,2
20250530  12:25,347.25,347.25,347.05,347.05,13
20250530  12:26,346.75,346.75,346.75,346.75,1
20250530  12:27,346.75,346.75,346.75,346.75,0
20250530  12:28,346.75,346.75,346.75,346.75,0
20250530  12:29,346.75,346.75,346.75,346.75,0
20250530  12:30,346.25,346.35,346.1,346.35,3
20250530  12:31,346.35,346.35,346.35,346.35,1
20250530  12:32,346.35,346.35,346.35,346.35,0
20250530  12:33,346.35,346.35,346.35,346.35,0
20250530  12:34,346.5,346.5,346.5,346.5,1
20250530  12:35,346.5,346.5,346.5,346.5,0
20250530  12:36,346.5,346.5,346.5,346.5,0
20250530  12:37,346.5,346.5,346.5,346.5,0
20250530  12:38,346.5,346.5,346.5,346.5,0
20250530  12:39,346.6,346.6,346.6,346.6,1
20250530  12:40,346.6,346.6,346.6,346.6,0
20250530  12:41,346.2,346.4,346.2,346.4,2
20250530  12:42,346.5,346.65,346.3,346.3,6
20250530  12:43,346.3,346.3,346.3,346.3,0
20250530  12:44,346.3,346.3,346.3,346.3,0
20250530  12:45,346.3,346.3,346.3,346.3,0
20250530  12:46,346.2,346.2,346.2,346.2,1
20250530  12:47,346.4,346.4,346.4,346.4,2
20250530  12:48,346.3,346.3,346.3,346.3,1
20250530  12:49,346.3,346.3,346.3,346.3,0
20250530  12:50,346.3,346.3,346.3,346.3,0
20250530  12:51,346.25,346.45,346.25,346.45,2
20250530  12:52,346.3,346.3,346.3,346.3,1
20250530  12:53,346.3,346.3,346.3,346.3,0
20250530  12:54,346.3,346.3,346.3,346.3,0
20250530  12:55,346.3,346.3,346.3,346.3,0
20250530  12:56,346.0,346.0,345.8,345.8,18
20250530  12:57,346.2,346.2,346.2,346.2,1
20250530  12:58,346.2,346.2,346.2,346.2,0
20250530  12:59,346.2,346.2,346.2,346.2,0
20250530  13:00,346.2,346.2,346.2,346.2,0
20250530  13:01,346.25,346.25,346.25,346.25,1
20250530  13:02,346.25,346.25,346.25,346.25,0
20250530  13:03,346.25,346.25,346.25,346.25,0
20250530  13:04,346.25,346.25,346.25,346.25,0
20250530  13:05,346.35,346.35,346.35,346.35,1
20250530  13:06,346.35,346.35,346.35,346.35,0
20250530  13:07,346.6,346.6,346.6,346.6,1
20250530  13:08,346.65,346.65,346.65,346.65,1
20250530  13:09,346.45,346.45,346.45,346.45,1
20250530  13:10,346.45,346.45,346.45,346.45,0
20250530  13:11,346.45,346.45,346.45,346.45,0
20250530  13:12,346.45,346.45,346.45,346.45,0
20250530  13:13,346.45,346.45,346.45,346.45,0
20250530  13:14,346.45,346.45,346.45,346.45,0
20250530  13:15,346.35,346.35,346.35,346.35,1
20250530  13:16,346.35,346.35,346.35,346.35,0
20250530  13:17,346.55,346.55,346.55,346.55,1
20250530  13:18,346.55,346.55,346.55,346.55,0
20250530  13:19,346.55,346.55,346.55,346.55,0
20250530  13:20,346.55,346.55,346.55,346.55,0
20250530  13:21,346.55,346.55,346.55,346.55,0
20250530  13:22,346.5,346.5,346.5,346.5,1
20250530  13:23,346.5,346.5,346.5,346.5,0
20250530  13:24,346.5,346.5,346.5,346.5,0
20250530  13:25,346.35,346.35,346.35,346.35,1
20250530  13:26,346.35,346.35,346.35,346.35,0
20250530  13:27,346.35,346.35,346.35,346.35,0
20250530  13:28,346.35,346.35,346.35,346.35,0
20250530  13:29,346.35,346.35,346.35,346.35,0
20250530  13:30,346.35,346.35,346.35,346.35,0
20250602  10:15,338.0,338.6,336.45,336.85,182
20250602  10:16,337.7,338.25,337.4,338.0,38
20250602  10:17,338.2,338.5,338.2,338.5,4
20250602  10:18,338.95,338.95,338.6,338.6,7
20250602  10:19,338.8,338.95,338.7,338.85,4
20250602  10:20,338.8,339.2,338.8,339.2,5
20250602  10:21,339.15,339.3,339.15,339.3,4
20250602  10:22,339.2,339.35,339.0,339.35,50
20250602  10:23,339.3,340.0,339.3,339.8,47
20250602  10:24,339.85,339.85,339.65,339.65,8
20250602  10:25,339.8,340.45,339.8,340.35,25
20250602  10:26,340.4,340.4,339.95,340.15,9
20250602  10:27,340.3,340.5,340.3,340.3,22
20250602  10:28,340.5,340.5,340.4,340.4,8
20250602  10:29,340.4,340.6,340.3,340.4,13
20250602  10:30,340.25,340.7,339.8,340.55,30
20250602  10:31,340.65,340.65,340.55,340.55,2
20250602  10:32,340.45,340.45,340.35,340.35,2
20250602  10:33,340.4,340.6,340.4,340.45,4
20250602  10:34,340.4,340.4,340.4,340.4,1
20250602  10:35,340.35,341.25,340.2,341.05,30
20250602  10:36,341.25,341.5,341.15,341.5,25
20250602  10:37,341.5,341.75,341.1,341.6,32
20250602  10:38,341.2,341.4,341.15,341.15,15
20250602  10:39,341.15,341.15,341.15,341.15,0
20250602  10:40,341.15,341.15,341.15,341.15,0
20250602  10:41,341.2,341.35,341.2,341.35,2
20250602  10:42,341.35,341.35,341.35,341.35,0
20250602  10:43,341.4,341.45,341.4,341.4,4
20250602  10:44,341.4,341.4,341.4,341.4,2
20250602  10:45,341.3,341.3,341.3,341.3,1
20250602  10:46,341.3,341.3,341.3,341.3,0
20250602  10:47,341.1,341.1,341.1,341.1,1
20250602  10:48,341.4,341.45,341.4,341.45,4
20250602  10:49,341.35,341.35,341.35,341.35,1
20250602  10:50,341.45,341.45,341.4,341.4,3
20250602  10:51,341.4,341.4,341.4,341.4,0
20250602  10:52,341.15,341.15,341.15,341.15,2
20250602  10:53,341.2,341.3,341.2,341.3,3
20250602  10:54,341.3,341.3,341.3,341.3,0
20250602  10:55,341.35,341.4,341.35,341.4,4
20250602  10:56,341.5,341.5,341.1,341.1,20
20250602  10:57,341.35,341.35,341.15,341.3,21
20250602  10:58,341.5,341.5,341.5,341.5,1
20250602  10:59,341.2,341.2,341.05,341.05,2
20250602  11:00,341.05,341.05,341.05,341.05,0
20250602  11:01,341.05,341.05,341.05,341.05,0
20250602  11:02,341.25,341.25,341.25,341.25,1
20250602  11:03,340.9,340.9,340.75,340.85,4
20250602  11:04,340.75,341.05,340.75,341.05,4
20250602  11:05,341.4,341.4,341.35,341.35,4
20250602  11:06,341.35,341.35,341.35,341.35,0
20250602  11:07,341.3,341.45,341.3,341.45,5
20250602  11:08,341.3,341.5,341.25,341.25,9
20250602  11:09,341.3,341.35,341.0,341.0,4
20250602  11:10,341.1,341.15,341.1,341.15,3
20250602  11:11,340.75,340.85,340.75,340.85,4
20250602  11:12,340.8,340.8,340.8,340.8,1
20250602  11:13,340.8,340.8,340.8,340.8,0
20250602  11:14,340.8,340.8,340.8,340.8,0
20250602  11:15,340.8,341.85,340.8,341.8,51
20250602  11:16,341.75,341.75,341.3,341.3,3
20250602  11:17,341.3,341.3,341.3,341.3,1
20250602  11:18,341.4,341.4,341.4,341.4,1
20250602  11:19,341.45,341.6,341.45,341.6,11
20250602  11:20,341.6,341.6,341.6,341.6,0
20250602  11:21,341.6,341.6,341.6,341.6,0
20250602  11:22,341.6,341.6,341.0,341.2,31
20250602  11:23,341.25,341.25,341.2,341.2,2
20250602  11:24,341.2,341.2,341.2,341.2,0
20250602  11:25,341.2,341.2,341.2,341.2,0
20250602  11:26,340.65,340.65,340.3,340.45,8
20250602  11:27,340.45,340.5,340.45,340.5,7
20250602  11:28,340.5,340.5,340.5,340.5,23
20250602  11:29,340.5,340.9,340.5,340.65,27
20250602  11:30,340.9,340.9,340.9,340.9,4
20250602  11:31,340.9,340.9,340.9,340.9,0
20250602  11:32,340.9,340.9,340.9,340.9,0
20250602  11:33,341.25,341.35,341.25,341.35,2
20250602  11:34,341.2,341.2,341.15,341.15,2
20250602  11:35,341.15,341.15,341.15,341.15,0
20250602  11:36,341.15,341.15,341.15,341.15,0
20250602  11:37,340.75,340.85,340.75,340.85,2
20250602  11:38,340.85,340.85,340.85,340.85,0
20250602  11:39,340.7,340.7,340.6,340.6,7
20250602  11:40,340.3,340.3,340.3,340.3,1
20250602  11:41,340.0,340.0,339.95,339.95,3
20250602  11:42,339.95,339.95,339.95,339.95,2
20250602  11:43,339.65,339.65,339.4,339.4,7
20250602  11:44,339.2,339.2,339.2,339.2,2
20250602  11:45,339.55,339.6,339.55,339.6,4
20250602  11:46,339.8,339.8,339.8,339.8,1
20250602  11:47,339.65,339.65,339.55,339.6,10
20250602  11:48,339.35,339.6,339.35,339.5,9
20250602  11:49,339.55,339.55,339.55,339.55,7
20250602  11:50,339.55,339.55,339.55,339.55,3
20250602  11:51,339.55,339.55,339.55,339.55,0
20250602  11:52,339.75,339.75,339.75,339.75,2
20250602  11:53,339.85,339.85,339.75,339.75,4
20250602  11:54,339.75,339.75,339.75,339.75,0
20250602  11:55,339.75,339.75,339.75,339.75,0
20250602  11:56,339.75,339.75,339.75,339.75,0
20250602  11:57,339.55,339.6,339.55,339.6,2
20250602  11:58,339.65,339.65,339.65,339.65,1
20250602  11:59,339.65,339.65,339.65,339.65,0
20250602  12:00,339.75,339.85,339.75,339.85,2
20250602  12:01,339.85,339.85,339.85,339.85,1
20250602  12:02,339.75,340.0,339.65,340.0,10
20250602  12:03,340.35,340.35,340.2,340.2,6
20250602  12:04,340.4,340.4,340.4,340.4,2
20250602  12:05,340.4,340.4,340.4,340.4,0
20250602  12:06,340.6,340.6,340.6,340.6,1
20250602  12:07,340.6,340.6,340.6,340.6,1
20250602  12:08,340.7,340.7,340.7,340.7,1
20250602  12:09,340.85,340.85,340.65,340.65,5
20250602  12:10,340.65,340.65,340.65,340.65,0
20250602  12:11,340.6,340.6,340.6,340.6,1
20250602  12:12,340.35,340.35,340.3,340.3,2
20250602  12:13,340.3,340.3,340.3,340.3,0
20250602  12:14,339.85,339.85,339.85,339.85,1
20250602  12:15,340.15,340.15,340.15,340.15,1
20250602  12:16,340.15,340.15,340.15,340.15,0
20250602  12:17,339.75,339.75,339.5,339.6,4
20250602  12:18,339.3,339.6,339.3,339.6,6
20250602  12:19,339.65,339.65,339.4,339.4,2
20250602  12:20,339.4,339.4,339.4,339.4,0
20250602  12:21,339.2,339.2,339.2,339.2,2
20250602  12:22,339.1,339.1,339.1,339.1,1
20250602  12:23,339.35,339.35,339.35,339.35,1
20250602  12:24,339.65,339.65,339.65,339.65,2
20250602  12:25,339.65,339.65,339.65,339.65,1
20250602  12:26,339.65,339.65,339.65,339.65,0
20250602  12:27,339.95,339.95,339.75,339.75,5
20250602  12:28,339.85,339.9,339.85,339.9,2
20250602  12:29,340.0,340.0,339.95,339.95,3
20250602  12:30,339.95,339.95,339.95,339.95,0
20250602  12:31,339.95,339.95,339.95,339.95,0
20250602  12:32,339.95,339.95,339.95,339.95,0
20250602  12:33,339.75,339.95,339.75,339.95,7
20250602  12:34,339.95,339.95,339.95,339.95,0
20250602  12:35,339.95,339.95,339.95,339.95,0
20250602  12:36,339.75,339.8,339.75,339.75,4
20250602  12:37,339.75,339.75,339.75,339.75,0
20250602  12:38,339.75,339.75,339.75,339.75,0
20250602  12:39,339.65,339.9,339.65,339.9,9
20250602  12:40,339.9,339.9,339.9,339.9,1
20250602  12:41,339.9,339.9,339.9,339.9,0
20250602  12:42,340.1,340.2,340.1,340.2,4
20250602  12:43,340.25,340.3,340.15,340.15,5
20250602  12:44,340.3,340.3,340.3,340.3,12
20250602  12:45,340.4,340.4,340.15,340.15,5
20250602  12:46,339.75,339.9,339.65,339.9,9
20250602  12:47,339.9,339.9,339.9,339.9,0
20250602  12:48,339.75,339.75,339.55,339.55,10
20250602  12:49,339.5,339.55,338.8,338.8,26
20250602  12:50,339.0,339.35,339.0,339.35,15
20250602  12:51,339.35,339.35,339.35,339.35,0
20250602  12:52,339.35,339.35,339.35,339.35,0
20250602  12:53,339.35,339.35,339.35,339.35,0
20250602  12:54,339.35,339.35,339.35,339.35,0
20250602  12:55,339.35,339.35,339.35,339.35,0
20250602  12:56,339.7,339.7,339.7,339.7,1
20250602  12:57,339.7,339.7,339.7,339.7,0
20250602  12:58,339.65,339.65,339.5,339.5,24
20250602  12:59,339.5,339.55,339.45,339.45,7
20250602  13:00,339.45,339.45,339.45,339.45,0
20250602  13:01,339.75,339.75,339.75,339.75,2
20250602  13:02,339.75,339.75,339.75,339.75,0
20250602  13:03,339.7,339.7,339.7,339.7,1
20250602  13:04,339.7,339.7,339.7,339.7,0
20250602  13:05,339.55,339.65,339.55,339.55,6
20250602  13:06,339.5,339.55,339.5,339.55,4
20250602  13:07,339.7,339.7,339.35,339.35,15
20250602  13:08,339.5,339.5,339.5,339.5,1
20250602  13:09,339.5,339.5,339.5,339.5,0
20250602  13:10,339.6,339.6,339.55,339.55,2
20250602  13:11,339.65,339.65,339.65,339.65,1
20250602  13:12,339.65,339.65,339.65,339.65,0
20250602  13:13,339.8,339.8,339.8,339.8,1
20250602  13:14,339.8,339.8,339.8,339.8,1
20250602  13:15,339.8,340.2,339.8,340.2,16
20250602  13:16,340.2,340.2,340.2,340.2,1
20250602  13:17,340.2,340.35,339.55,339.55,35
20250602  13:18,339.65,339.65,339.65,339.65,2
20250602  13:19,339.7,339.7,339.7,339.7,2
20250602  13:20,339.7,339.7,339.7,339.7,0
20250602  13:21,340.0,340.2,340.0,340.15,11
20250602  13:22,340.05,340.05,340.05,340.05,1
20250602  13:23,339.85,340.05,339.85,340.05,8
20250602  13:24,340.2,340.2,340.2,340.2,12
20250602  13:25,340.3,340.3,340.3,340.3,1
20250602  13:26,340.35,340.45,340.35,340.45,10
20250602  13:27,340.4,340.4,340.35,340.35,2
20250602  13:28,340.1,340.2,340.1,340.2,6
20250602  13:29,340.2,340.2,340.15,340.15,8
20250602  13:30,340.1,340.5,340.1,340.25,25
20250603  10:15,339.95,340.0,339.05,339.15,100
20250603  10:16,338.5,339.2,338.35,338.9,16
20250603  10:17,339.1,339.1,338.85,338.85,4
20250603  10:18,338.7,338.85,338.7,338.85,2
20250603  10:19,339.2,339.55,338.7,338.7,5
20250603  10:20,338.5,338.5,338.1,338.1,3
20250603  10:21,338.55,338.55,338.55,338.55,3
20250603  10:22,338.35,338.4,338.25,338.4,6
20250603  10:23,338.4,338.4,338.4,338.4,1
20250603  10:24,338.2,338.2,338.0,338.05,10
20250603  10:25,338.15,338.2,338.15,338.2,5
20250603  10:26,337.8,337.9,337.65,337.65,11
20250603  10:27,337.65,337.8,337.65,337.7,25
20250603  10:28,337.65,338.0,337.65,338.0,7
20250603  10:29,338.05,338.05,338.05,338.05,1
20250603  10:30,338.25,338.25,338.1,338.1,3
20250603  10:31,338.1,338.1,338.1,338.1,0
20250603  10:32,338.05,338.1,338.05,338.1,4
20250603  10:33,338.15,338.45,338.15,338.45,11
20250603  10:34,338.25,338.25,338.25,338.25,2
20250603  10:35,338.0,338.0,338.0,338.0,1
20250603  10:36,338.0,338.0,338.0,338.0,0
20250603  10:37,338.15,338.15,338.15,338.15,1
20250603  10:38,338.15,338.15,338.15,338.15,0
20250603  10:39,338.3,338.35,338.2,338.2,12
20250603  10:40,338.05,338.05,338.05,338.05,1
20250603  10:41,338.05,338.05,338.05,338.05,0
20250603  10:42,337.95,337.95,337.7,337.9,6
20250603  10:43,338.0,338.0,338.0,338.0,4
20250603  10:44,337.9,337.9,337.9,337.9,1
20250603  10:45,337.8,337.8,337.75,337.75,13
20250603  10:46,337.7,337.85,337.7,337.85,3
20250603  10:47,337.85,337.85,337.7,337.75,5
20250603  10:48,337.8,338.2,337.8,338.2,17
20250603  10:49,338.2,338.2,338.2,338.2,0
20250603  10:50,338.2,338.2,338.2,338.2,0
20250603  10:51,337.95,337.95,337.95,337.95,1
20250603  10:52,337.9,338.05,337.9,338.05,2
20250603  10:53,338.05,338.05,337.95,337.95,5
20250603  10:54,337.85,338.05,337.8,338.05,13
20250603  10:55,338.05,338.2,337.9,338.15,27
20250603  10:56,338.05,338.05,338.05,338.05,1
20250603  10:57,337.5,337.6,337.5,337.6,20
20250603  10:58,337.5,337.6,337.4,337.5,12
20250603  10:59,337.35,337.35,337.3,337.3,11
20250603  11:00,337.35,337.55,337.35,337.55,7
20250603  11:01,337.4,337.9,337.4,337.75,13
20250603  11:02,337.5,337.5,337.5,337.5,1
20250603  11:03,337.65,337.85,337.6,337.6,17
20250603  11:04,337.9,337.9,337.9,337.9,1
20250603  11:05,337.8,338.05,337.8,338.0,11
20250603  11:06,337.7,337.7,337.7,337.7,1
20250603  11:07,337.8,337.85,337.8,337.8,10
20250603  11:08,337.9,338.15,337.9,338.15,9
20250603  11:09,338.15,338.15,338.15,338.15,1
20250603  11:10,337.95,337.95,337.95,337.95,2
20250603  11:11,338.1,338.1,337.9,337.9,10
20250603  11:12,337.9,337.9,337.9,337.9,0
20250603  11:13,337.6,337.75,337.55,337.75,8
20250603  11:14,338.1,338.25,338.1,338.2,16
20250603  11:15,338.25,338.25,338.2,338.2,2
20250603  11:16,338.45,338.45,338.35,338.35,4
20250603  11:17,338.35,338.35,338.35,338.35,0
20250603  11:18,338.15,338.15,338.0,338.0,5
20250603  11:19,338.2,338.4,338.2,338.4,2
20250603  11:20,338.05,338.05,338.05,338.05,1
20250603  11:21,337.85,337.85,337.85,337.85,1
20250603  11:22,337.85,337.85,337.75,337.75,3
20250603  11:23,337.75,337.8,337.75,337.8,3
20250603  11:24,337.8,337.8,337.8,337.8,0
20250603  11:25,337.65,337.65,337.65,337.65,2
20250603  11:26,337.65,337.65,337.65,337.65,1
20250603  11:27,337.75,337.75,337.75,337.75,2
20250603  11:28,337.85,337.95,337.85,337.95,3
20250603  11:29,338.2,338.2,338.2,338.2,1
20250603  11:30,338.05,338.15,338.05,338.15,2
20250603  11:31,338.2,338.2,338.05,338.05,2
20250603  11:32,338.05,338.05,338.05,338.05,4
20250603  11:33,337.9,337.9,337.75,337.75,2
20250603  11:34,337.55,337.75,337.55,337.75,8
20250603  11:35,337.75,337.75,337.75,337.75,0
20250603  11:36,337.7,338.05,337.7,338.05,12
20250603  11:37,338.05,338.1,338.05,338.1,6
20250603  11:38,338.0,338.0,338.0,338.0,1
20250603  11:39,338.0,338.0,337.85,337.85,4
20250603  11:40,337.85,338.0,337.85,338.0,4
20250603  11:41,338.4,338.5,338.4,338.5,2
20250603  11:42,338.4,338.4,338.4,338.4,1
20250603  11:43,338.35,338.35,338.25,338.25,4
20250603  11:44,338.25,338.25,338.25,338.25,0
20250603  11:45,338.35,338.35,338.35,338.35,3
20250603  11:46,337.95,338.0,337.85,338.0,6
20250603  11:47,338.0,338.15,337.95,337.95,13
20250603  11:48,337.95,337.95,337.95,337.95,0
20250603  11:49,337.95,337.95,337.95,337.95,0
20250603  11:50,337.95,337.95,337.95,337.95,0
20250603  11:51,338.2,338.2,338.2,338.2,1
20250603  11:52,338.5,338.5,338.4,338.4,6
20250603  11:53,338.4,338.4,338.4,338.4,2
20250603  11:54,338.4,338.4,338.4,338.4,0
20250603  11:55,338.45,338.55,338.45,338.55,2
20250603  11:56,338.4,338.4,338.4,338.4,1
20250603  11:57,338.6,339.05,338.5,338.5,11
20250603  11:58,338.5,338.5,338.5,338.5,0
20250603  11:59,338.5,338.5,338.5,338.5,0
20250603  12:00,338.75,338.75,338.5,338.6,13
20250603  12:01,338.9,338.9,338.6,338.6,4
20250603  12:02,338.5,338.5,338.4,338.4,3
20250603  12:03,338.3,338.3,338.05,338.05,11
20250603  12:04,337.9,338.0,337.9,338.0,3
20250603  12:05,337.9,337.9,337.9,337.9,2
20250603  12:06,337.9,338.05,337.9,337.9,8
20250603  12:07,337.9,337.9,337.75,337.8,11
20250603  12:08,337.8,338.05,337.8,338.05,11
20250603  12:09,338.35,338.4,338.2,338.4,8
20250603  12:10,338.4,338.45,338.15,338.3,7
20250603  12:11,338.2,338.55,338.2,338.55,4
20250603  12:12,338.55,338.65,338.4,338.65,6
20250603  12:13,338.75,338.75,338.4,338.45,7
20250603  12:14,338.45,338.45,338.45,338.45,0
20250603  12:15,338.4,338.4,338.3,338.35,4
20250603  12:16,338.5,338.8,338.5,338.8,5
20250603  12:17,339.05,339.1,338.95,338.95,6
20250603  12:18,338.95,338.95,338.95,338.95,1
20250603  12:19,338.9,338.9,338.9,338.9,1
20250603  12:20,338.9,338.9,338.9,338.9,0
20250603  12:21,338.9,338.9,338.9,338.9,0
20250603  12:22,339.1,339.1,339.1,339.1,1
20250603  12:23,339.2,339.3,339.2,339.3,5
20250603  12:24,339.3,339.3,339.3,339.3,0
20250603  12:25,339.15,339.15,339.15,339.15,1
20250603  12:26,339.25,339.25,339.25,339.25,1
20250603  12:27,339.25,339.25,339.25,339.25,0
20250603  12:28,339.25,339.25,339.25,339.25,0
20250603  12:29,339.25,339.25,339.25,339.25,0
20250603  12:30,339.25,339.25,339.25,339.25,0
20250603  12:31,339.25,339.25,339.25,339.25,0
20250603  12:32,338.8,338.8,338.8,338.8,4
20250603  12:33,338.8,338.8,338.8,338.8,0
20250603  12:34,338.85,338.95,338.8,338.9,9
20250603  12:35,339.0,339.1,339.0,339.1,3
20250603  12:36,339.15,339.2,339.15,339.2,5
20250603  12:37,339.1,339.25,339.05,339.05,3
20250603  12:38,339.05,339.3,339.0,339.3,4
20250603  12:39,339.2,339.4,339.2,339.4,2
20250603  12:40,339.4,339.4,339.4,339.4,3
20250603  12:41,339.15,339.15,339.1,339.1,3
20250603  12:42,339.0,339.0,338.9,338.9,5
20250603  12:43,338.9,338.9,338.9,338.9,0
20250603  12:44,338.9,338.9,338.9,338.9,2
20250603  12:45,338.85,338.85,338.8,338.8,5
20250603  12:46,338.8,338.8,338.8,338.8,0
20250603  12:47,338.85,338.85,338.85,338.85,1
20250603  12:48,338.8,338.95,338.8,338.95,2
20250603  12:49,339.05,339.05,339.05,339.05,1
20250603  12:50,339.05,339.05,339.05,339.05,0
20250603  12:51,339.05,339.05,339.05,339.05,0
20250603  12:52,339.05,339.05,339.05,339.05,0
20250603  12:53,339.05,339.05,339.05,339.05,0
20250603  12:54,339.05,339.05,339.05,339.05,0
20250603  12:55,339.4,339.4,339.35,339.35,3
20250603  12:56,339.5,339.6,339.5,339.6,3
20250603  12:57,339.45,339.45,339.45,339.45,2
20250603  12:58,339.45,339.45,339.45,339.45,5
20250603  12:59,339.45,339.45,339.45,339.45,0
20250603  13:00,339.45,339.45,339.45,339.45,0
20250603  13:01,339.45,339.45,339.45,339.45,0
20250603  13:02,339.45,339.45,339.45,339.45,0
20250603  13:03,339.45,339.45,339.45,339.45,0
20250603  13:04,339.65,339.65,339.45,339.45,3
20250603  13:05,339.45,339.45,339.45,339.45,0
20250603  13:06,339.7,339.9,339.7,339.9,13
20250603  13:07,339.7,339.7,339.55,339.55,2
20250603  13:08,339.2,339.35,339.05,339.35,9
20250603  13:09,339.35,339.35,339.35,339.35,0
20250603  13:10,339.2,339.2,339.2,339.2,1
20250603  13:11,339.3,339.3,339.3,339.3,1
20250603  13:12,339.25,339.25,339.25,339.25,1
20250603  13:13,339.45,339.45,339.45,339.45,1
20250603  13:14,339.4,339.4,339.4,339.4,1
20250603  13:15,339.3,339.35,339.3,339.35,4
20250603  13:16,339.25,339.25,339.25,339.25,1
20250603  13:17,339.05,339.05,339.05,339.05,2
20250603  13:18,339.05,339.05,339.05,339.05,0
20250603  13:19,339.1,339.1,339.1,339.1,1
20250603  13:20,339.25,339.25,339.25,339.25,1
20250603  13:21,339.25,339.25,339.25,339.25,0
20250603  13:22,339.0,339.35,339.0,339.35,4
20250603  13:23,339.1,339.1,338.7,338.7,13
20250603  13:24,338.65,338.65,338.65,338.65,2
20250603  13:25,338.55,338.65,338.55,338.65,2
20250603  13:26,338.6,338.6,338.4,338.5,18
20250603  13:27,338.5,338.5,338.5,338.5,0
20250603  13:28,338.5,338.55,338.45,338.5,13
20250603  13:29,338.5,338.5,338.5,338.5,3
20250603  13:30,338.3,338.3,338.25,338.3,4
20250604  10:15,338.6,339.0,337.65,338.5,109
20250604  10:16,338.35,339.35,338.25,339.05,15
20250604  10:17,338.8,338.8,338.0,338.0,14
20250604  10:18,337.7,337.7,337.7,337.7,1
20250604  10:19,337.7,337.7,337.6,337.6,2
20250604  10:20,337.4,337.75,337.4,337.5,14
20250604  10:21,338.0,338.15,337.85,337.9,12
20250604  10:22,337.7,337.7,337.25,337.25,14
20250604  10:23,337.2,337.25,337.2,337.2,5
20250604  10:24,338.0,338.35,338.0,338.1,8
20250604  10:25,338.1,338.1,338.1,338.1,0
20250604  10:26,338.05,338.2,338.05,338.2,4
20250604  10:27,338.25,338.25,338.25,338.25,1
20250604  10:28,338.5,338.5,338.4,338.4,4
20250604  10:29,338.5,338.8,338.45,338.8,22
20250604  10:30,338.35,338.75,338.35,338.75,4
20250604  10:31,338.65,338.7,338.65,338.7,4
20250604  10:32,338.7,338.7,338.7,338.7,0
20250604  10:33,338.65,338.65,338.65,338.65,1
20250604  10:34,338.95,338.95,338.95,338.95,1
20250604  10:35,339.45,339.5,339.4,339.5,14
20250604  10:36,339.6,339.75,339.6,339.75,6
20250604  10:37,340.0,340.55,340.0,340.55,12
20250604  10:38,340.65,340.65,340.5,340.5,3
20250604  10:39,340.6,340.6,340.6,340.6,4
20250604  10:40,341.0,341.1,340.15,340.65,23
20250604  10:41,340.9,341.0,340.9,341.0,3
20250604  10:42,340.85,340.85,340.6,340.6,2
20250604  10:43,340.6,340.6,340.6,340.6,0
20250604  10:44,340.75,340.75,340.75,340.75,2
20250604  10:45,341.05,341.05,341.05,341.05,1
20250604  10:46,341.25,341.35,341.25,341.35,3
20250604  10:47,341.3,341.35,341.0,341.0,18
20250604  10:48,341.25,341.25,341.1,341.1,2
20250604  10:49,341.0,341.0,340.9,340.9,3
20250604  10:50,340.75,340.75,340.75,340.75,1
20250604  10:51,340.85,341.2,340.8,341.2,3
20250604  10:52,341.2,341.2,341.2,341.2,0
20250604  10:53,341.15,341.15,341.1,341.1,2
20250604  10:54,340.95,341.1,340.95,341.1,5
20250604  10:55,341.1,341.1,341.1,341.1,4
20250604  10:56,341.05,341.05,341.05,341.05,1
20250604  10:57,341.2,341.2,341.05,341.05,2
20250604  10:58,341.3,341.35,341.25,341.35,4
20250604  10:59,341.35,341.35,341.35,341.35,0
20250604  11:00,341.3,342.2,341.3,341.75,35
20250604  11:01,341.95,342.1,341.85,341.85,12
20250604  11:02,341.85,341.85,341.85,341.85,0
20250604  11:03,341.55,341.7,341.5,341.7,11
20250604  11:04,341.7,341.8,341.25,341.3,36
20250604  11:05,341.45,341.7,341.45,341.7,14
20250604  11:06,341.7,341.7,341.7,341.7,0
20250604  11:07,341.5,341.6,341.5,341.6,9
20250604  11:08,341.6,341.6,341.6,341.6,3
20250604  11:09,341.6,341.6,341.6,341.6,0
20250604  11:10,341.65,341.65,341.5,341.5,6
20250604  11:11,341.7,341.7,341.7,341.7,1
20250604  11:12,341.7,341.7,341.7,341.7,0
20250604  11:13,341.7,341.75,341.4,341.75,7
20250604  11:14,341.8,342.15,341.8,342.15,3
20250604  11:15,342.3,342.9,342.3,342.8,33
20250604  11:16,342.6,342.6,342.4,342.5,7
20250604  11:17,342.15,342.15,342.15,342.15,1
20250604  11:18,342.4,342.4,342.25,342.3,5
20250604  11:19,341.75,341.75,341.75,341.75,2
20250604  11:20,341.75,341.75,341.75,341.75,0
20250604  11:21,341.6,341.6,341.6,341.6,3
20250604  11:22,341.85,341.85,341.85,341.85,1
20250604  11:23,341.8,341.85,341.8,341.85,2
20250604  11:24,341.85,341.85,341.85,341.85,0
20250604  11:25,342.05,342.15,342.0,342.15,10
20250604  11:26,342.15,342.2,342.15,342.2,6
20250604  11:27,342.25,342.25,342.25,342.25,3
20250604  11:28,341.65,341.65,341.65,341.65,3
20250604  11:29,342.1,342.6,342.1,342.6,5
20250604  11:30,342.55,343.0,342.55,343.0,16
20250604  11:31,342.95,343.0,342.85,342.85,20
20250604  11:32,342.75,342.75,342.6,342.6,2
20250604  11:33,342.6,342.6,342.3,342.55,4
20250604  11:34,342.75,342.75,342.6,342.6,4
20250604  11:35,342.85,342.85,342.45,342.85,10
20250604  11:36,342.85,342.85,342.85,342.85,0
20250604  11:37,342.4,342.4,342.4,342.4,1
20250604  11:38,342.3,342.3,342.15,342.2,7
20250604  11:39,341.9,341.9,341.9,341.9,1
20250604  11:40,342.15,342.15,342.15,342.15,1
20250604  11:41,342.05,342.15,342.05,342.15,5
20250604  11:42,342.1,342.3,342.1,342.3,2
20250604  11:43,342.15,342.15,342.15,342.15,1
20250604  11:44,342.15,342.15,342.15,342.15,0
20250604  11:45,342.05,342.05,341.35,341.35,6
20250604  11:46,340.95,341.05,340.75,340.75,6
20250604  11:47,340.6,341.2,340.6,341.2,7
20250604  11:48,341.75,341.8,341.75,341.8,3
20250604  11:49,341.3,341.5,341.3,341.5,4
20250604  11:50,341.65,341.65,341.65,341.65,1
20250604  11:51,341.6,341.6,341.6,341.6,1
20250604  11:52,341.5,341.5,341.5,341.5,1
20250604  11:53,341.5,341.5,341.5,341.5,0
20250604  11:54,341.5,341.5,341.5,341.5,0
20250604  11:55,341.35,341.35,341.3,341.35,3
20250604  11:56,341.5,341.5,341.5,341.5,1
20250604  11:57,341.5,341.5,341.5,341.5,0
20250604  11:58,341.85,342.2,341.85,342.15,4
20250604  11:59,342.25,342.25,342.0,342.0,3
20250604  12:00,341.95,341.95,341.95,341.95,1
20250604  12:01,342.1,342.15,342.1,342.15,2
20250604  12:02,342.15,342.15,342.15,342.15,0
20250604  12:03,342.15,342.15,342.15,342.15,0
20250604  12:04,342.15,342.15,342.15,342.15,0
20250604  12:05,342.3,342.4,342.3,342.4,2
20250604  12:06,342.55,342.55,342.3,342.35,13
20250604  12:07,342.35,342.35,342.35,342.35,0
20250604  12:08,342.6,342.6,342.6,342.6,2
20250604  12:09,342.7,342.7,342.7,342.7,1
20250604  12:10,342.65,342.65,342.25,342.25,19
20250604  12:11,342.15,342.15,342.15,342.15,5
20250604  12:12,342.4,342.4,342.4,342.4,1
20250604  12:13,342.15,342.15,341.95,341.95,2
20250604  12:14,341.85,341.85,341.85,341.85,2
20250604  12:15,341.85,341.85,341.85,341.85,0
20250604  12:16,341.6,341.6,341.55,341.55,2
20250604  12:17,341.55,341.55,341.55,341.55,0
20250604  12:18,342.0,342.0,341.85,341.85,2
20250604  12:19,341.85,341.85,341.85,341.85,0
20250604  12:20,341.85,341.85,341.85,341.85,0
20250604  12:21,341.85,341.85,341.85,341.85,0
20250604  12:22,341.85,341.85,341.85,341.85,0
20250604  12:23,341.25,341.3,341.15,341.3,8
20250604  12:24,341.3,341.3,341.3,341.3,0
20250604  12:25,341.3,341.3,341.3,341.3,0
20250604  12:26,341.0,341.0,340.75,340.8,12
20250604  12:27,340.8,340.85,340.8,340.85,2
20250604  12:28,340.75,340.75,340.75,340.75,3
20250604  12:29,341.0,341.0,341.0,341.0,1
20250604  12:30,340.5,340.5,340.5,340.5,1
20250604  12:31,340.5,340.5,340.5,340.5,0
20250604  12:32,340.2,340.7,340.2,340.65,39
20250604  12:33,340.55,340.55,340.55,340.55,5
20250604  12:34,340.75,340.95,340.75,340.95,4
20250604  12:35,340.55,340.55,340.55,340.55,1
20250604  12:36,340.55,340.55,340.55,340.55,0
20250604  12:37,340.55,340.55,340.55,340.55,0
20250604  12:38,340.45,340.45,340.45,340.45,1
20250604  12:39,340.45,340.45,340.45,340.45,0
20250604  12:40,340.0,340.0,339.55,339.55,11
20250604  12:41,339.2,339.2,339.15,339.15,3
20250604  12:42,339.15,339.15,339.15,339.15,0
20250604  12:43,339.25,339.65,339.25,339.65,9
20250604  12:44,339.75,339.8,339.75,339.75,3
20250604  12:45,339.7,339.85,339.7,339.8,6
20250604  12:46,339.7,339.7,339.7,339.7,1
20250604  12:47,339.7,339.7,339.7,339.7,0
20250604  12:48,339.7,339.7,339.7,339.7,0
20250604  12:49,339.15,339.2,339.15,339.2,2
20250604  12:50,339.3,339.3,339.3,339.3,1
20250604  12:51,339.45,339.5,339.45,339.5,7
20250604  12:52,339.5,339.5,339.5,339.5,0
20250604  12:53,339.5,339.5,339.5,339.5,1
20250604  12:54,339.8,339.9,339.75,339.9,8
20250604  12:55,339.9,339.9,339.9,339.9,0
20250604  12:56,339.9,339.9,339.9,339.9,0
20250604  12:57,339.45,339.45,339.45,339.45,1
20250604  12:58,339.25,339.25,339.15,339.15,4
20250604  12:59,339.55,339.55,339.55,339.55,1
20250604  13:00,339.45,339.45,339.3,339.35,8
20250604  13:01,339.15,339.25,339.15,339.25,2
20250604  13:02,339.25,339.25,339.25,339.25,0
20250604  13:03,339.6,339.6,339.6,339.6,1
20250604  13:04,339.4,339.4,339.4,339.4,1
20250604  13:05,339.1,339.1,339.1,339.1,1
20250604  13:06,339.1,339.1,339.1,339.1,0
20250604  13:07,339.3,339.3,339.2,339.2,17
20250604  13:08,339.4,339.4,339.4,339.4,2
20250604  13:09,339.4,339.4,339.4,339.4,0
20250604  13:10,339.4,339.4,339.4,339.4,1
20250604  13:11,339.4,339.4,339.4,339.4,0
20250604  13:12,339.4,339.4,339.4,339.4,0
20250604  13:13,339.55,339.55,339.5,339.5,3
20250604  13:14,339.5,339.5,339.5,339.5,0
20250604  13:15,339.5,339.5,339.5,339.5,0
20250604  13:16,339.5,339.5,339.5,339.5,0
20250604  13:17,340.4,340.7,340.35,340.4,11
20250604  13:18,340.5,340.5,340.5,340.5,1
20250604  13:19,340.55,340.55,340.55,340.55,2
20250604  13:20,340.85,340.85,340.85,340.85,1
20250604  13:21,340.85,340.85,340.85,340.85,0
20250604  13:22,340.85,340.85,340.85,340.85,1
20250604  13:23,341.35,341.75,341.35,341.75,16
20250604  13:24,341.7,341.7,341.5,341.5,11
20250604  13:25,341.65,341.8,341.65,341.8,4
20250604  13:26,341.9,341.9,341.65,341.65,2
20250604  13:27,341.55,341.55,341.35,341.35,4
20250604  13:28,341.1,341.1,341.1,341.1,2
20250604  13:29,341.1,341.1,341.0,341.0,7
20250604  13:30,341.3,341.55,341.3,341.4,9
20250605  10:15,344.65,346.95,344.65,346.05,244
20250605  10:16,346.25,346.5,345.25,345.85,34
20250605  10:17,345.8,346.05,345.8,345.8,12
20250605  10:18,345.85,345.85,345.85,345.85,3
20250605  10:19,346.0,346.7,346.0,346.6,26
20250605  10:20,346.1,346.3,346.0,346.3,13
20250605  10:21,345.9,345.9,345.9,345.9,1
20250605  10:22,346.0,346.55,346.0,346.55,13
20250605  10:23,346.5,346.5,346.4,346.4,8
20250605  10:24,346.6,346.6,346.0,346.0,9
20250605  10:25,345.9,345.9,345.5,345.5,18
20250605  10:26,345.5,345.5,345.3,345.3,2
20250605  10:27,345.75,345.75,345.75,345.75,1
20250605  10:28,345.4,345.55,345.4,345.55,2
20250605  10:29,345.95,346.15,345.95,346.0,4
20250605  10:30,346.0,346.1,346.0,346.1,3
20250605  10:31,346.0,346.5,346.0,346.5,32
20250605  10:32,346.6,346.9,346.6,346.8,27
20250605  10:33,346.55,346.55,346.3,346.5,10
20250605  10:34,346.7,347.2,346.7,346.95,26
20250605  10:35,346.95,346.95,346.95,346.95,0
20250605  10:36,346.95,346.95,346.95,346.95,0
20250605  10:37,346.7,346.9,346.7,346.9,5
20250605  10:38,346.9,346.9,346.9,346.9,0
20250605  10:39,346.55,346.7,346.5,346.7,14
20250605  10:40,346.95,346.95,346.95,346.95,1
20250605  10:41,346.8,346.8,346.8,346.8,2
20250605  10:42,347.2,347.2,347.2,347.2,9
20250605  10:43,347.1,347.2,347.1,347.2,3
20250605  10:44,347.2,347.2,347.2,347.2,0
20250605  10:45,346.95,346.95,346.95,346.95,1
20250605  10:46,347.2,347.5,347.15,347.4,17
20250605  10:47,347.45,347.45,347.45,347.45,3
20250605  10:48,347.2,347.2,347.2,347.2,1
20250605  10:49,347.2,347.2,347.2,347.2,1
20250605  10:50,347.2,347.2,347.2,347.2,0
20250605  10:51,347.2,347.5,347.2,347.35,8
20250605  10:52,347.15,347.2,346.65,346.65,30
20250605  10:53,346.85,347.25,346.85,347.1,23
20250605  10:54,347.25,347.9,347.25,347.75,31
20250605  10:55,347.75,347.8,347.5,347.8,20
20250605  10:56,347.8,348.15,347.8,348.15,17
20250605  10:57,348.15,348.95,348.15,348.8,47
20250605  10:58,348.8,349.45,348.8,349.1,23
20250605  10:59,349.4,349.75,349.2,349.75,18
20250605  11:00,349.65,351.1,349.65,350.1,60
20250605  11:01,350.25,350.85,350.25,350.85,23
20250605  11:02,350.65,350.75,350.6,350.7,24
20250605  11:03,351.0,352.1,351.0,351.75,49
20250605  11:04,351.65,352.2,351.65,351.95,31
20250605  11:05,352.05,353.25,351.85,353.1,172
20250605  11:06,353.0,353.7,352.95,353.35,48
20250605  11:07,352.65,352.8,352.5,352.5,6
20250605  11:08,352.75,352.75,351.55,351.55,11
20250605  11:09,351.55,352.4,351.45,352.0,32
20250605  11:10,351.9,351.95,351.85,351.95,3
20250605  11:11,352.2,352.2,352.15,352.15,3
20250605  11:12,352.25,352.25,352.25,352.25,1
20250605  11:13,352.25,352.35,351.85,351.85,22
20250605  11:14,352.1,352.25,351.45,351.45,5
20250605  11:15,352.0,352.8,352.0,352.8,14
20250605  11:16,352.8,352.85,352.5,352.65,10
20250605  11:17,352.8,353.0,352.8,353.0,3
20250605  11:18,352.85,353.0,352.6,352.6,8
20250605  11:19,352.85,353.2,352.7,352.7,11
20250605  11:20,352.7,352.7,352.7,352.7,0
20250605  11:21,352.65,352.65,352.65,352.65,1
20250605  11:22,352.65,352.65,352.65,352.65,0
20250605  11:23,352.25,352.35,352.05,352.35,3
20250605  11:24,352.4,352.4,352.4,352.4,1
20250605  11:25,352.5,352.5,352.5,352.5,2
20250605  11:26,352.15,352.3,352.15,352.3,4
20250605  11:27,352.55,352.55,352.05,352.05,5
20250605  11:28,352.1,352.3,351.9,351.95,23
20250605  11:29,352.0,352.6,352.0,352.6,17
20250605  11:30,352.5,352.5,352.5,352.5,11
20250605  11:31,352.6,352.6,352.6,352.6,2
20250605  11:32,352.65,353.0,352.6,352.9,9
20250605  11:33,352.85,353.4,352.85,353.3,9
20250605  11:34,353.5,354.0,353.2,354.0,16
20250605  11:35,354.15,354.8,354.05,354.8,75
20250605  11:36,354.7,354.9,354.3,354.3,38
20250605  11:37,354.65,354.85,354.55,354.65,6
20250605  11:38,354.95,355.15,354.85,354.95,15
20250605  11:39,354.85,355.2,354.85,355.0,5
20250605  11:40,354.85,355.05,354.85,354.9,11
20250605  11:41,354.45,354.65,354.3,354.65,9
20250605  11:42,354.85,354.85,354.85,354.85,1
20250605  11:43,355.0,355.1,354.6,354.6,12
20250605  11:44,354.9,355.0,354.75,354.85,15
20250605  11:45,354.8,354.8,354.8,354.8,2
20250605  11:46,354.8,354.8,354.8,354.8,2
20250605  11:47,354.95,355.45,354.75,355.05,17
20250605  11:48,354.8,354.95,354.55,354.95,12
20250605  11:49,354.9,355.5,354.9,355.5,15
20250605  11:50,355.2,355.45,355.2,355.45,9
20250605  11:51,355.2,355.2,355.2,355.2,1
20250605  11:52,355.25,355.25,355.25,355.25,5
20250605  11:53,355.3,355.85,355.25,355.8,22
20250605  11:54,355.4,355.4,355.35,355.4,6
20250605  11:55,355.4,355.4,355.4,355.4,0
20250605  11:56,355.5,355.85,355.5,355.85,6
20250605  11:57,356.3,356.3,356.0,356.0,11
20250605  11:58,355.7,355.7,355.0,355.0,31
20250605  11:59,355.25,355.3,355.25,355.3,3
20250605  12:00,355.35,355.35,355.25,355.35,4
20250605  12:01,355.35,355.35,355.0,355.0,42
20250605  12:02,355.0,355.35,355.0,355.05,11
20250605  12:03,354.7,354.7,354.65,354.65,3
20250605  12:04,354.75,355.05,354.6,355.05,7
20250605  12:05,354.8,354.8,354.8,354.8,2
20250605  12:06,354.55,354.6,354.55,354.55,7
20250605  12:07,354.4,354.4,354.3,354.35,77
20250605  12:08,354.35,354.9,354.35,354.9,10
20250605  12:09,355.0,355.0,354.5,354.5,10
20250605  12:10,355.1,355.2,354.95,355.15,33
20250605  12:11,355.15,355.15,355.15,355.15,0
20250605  12:12,354.35,354.35,354.25,354.25,8
20250605  12:13,354.35,354.4,354.25,354.25,6
20250605  12:14,354.25,354.25,354.25,354.25,0
20250605  12:15,354.25,354.25,354.25,354.25,0
20250605  12:16,353.55,353.85,353.5,353.85,29
20250605  12:17,353.5,353.85,353.5,353.85,2
20250605  12:18,354.1,354.85,354.1,354.7,13
20250605  12:19,354.75,355.15,354.75,355.15,4
20250605  12:20,354.9,354.9,354.65,354.65,11
20250605  12:21,354.75,355.0,354.75,355.0,4
20250605  12:22,355.0,355.0,355.0,355.0,4
20250605  12:23,355.15,355.15,355.05,355.05,2
20250605  12:24,354.9,355.25,354.8,355.25,10
20250605  12:25,354.75,354.75,354.2,354.2,5
20250605  12:26,353.85,353.85,353.3,353.45,15
20250605  12:27,353.45,353.8,353.45,353.8,3
20250605  12:28,353.8,353.8,353.8,353.8,0
20250605  12:29,353.15,353.3,353.05,353.3,6
20250605  12:30,353.45,353.5,353.45,353.5,7
20250605  12:31,353.8,354.25,353.75,354.25,33
20250605  12:32,354.25,354.25,354.25,354.25,0
20250605  12:33,354.0,354.0,354.0,354.0,3
20250605  12:34,353.95,353.95,353.7,353.75,17
20250605  12:35,353.6,353.6,353.6,353.6,2
20250605  12:36,353.85,353.95,353.85,353.95,8
20250605  12:37,354.1,354.1,354.1,354.1,1
20250605  12:38,354.3,354.3,354.3,354.3,1
20250605  12:39,354.0,354.1,353.95,354.0,14
20250605  12:40,354.1,354.55,353.95,354.2,170
20250605  12:41,354.35,354.55,353.7,353.9,15
20250605  12:42,354.0,354.0,354.0,354.0,1
20250605  12:43,354.0,354.0,354.0,354.0,1
20250605  12:44,354.0,354.0,354.0,354.0,0
20250605  12:45,354.2,354.2,354.15,354.15,4
20250605  12:46,354.15,354.15,354.15,354.15,0
20250605  12:47,353.75,353.75,353.65,353.65,2
20250605  12:48,353.1,353.1,353.05,353.05,4
20250605  12:49,353.0,353.0,352.9,352.9,8
20250605  12:50,352.9,352.9,352.9,352.9,0
20250605  12:51,353.0,353.0,353.0,353.0,1
20250605  12:52,353.25,354.05,353.25,353.95,7
20250605  12:53,353.95,353.95,353.95,353.95,0
20250605  12:54,353.7,353.7,353.7,353.7,2
20250605  12:55,353.9,353.9,353.9,353.9,2
20250605  12:56,353.9,353.9,353.9,353.9,1
20250605  12:57,353.85,353.85,353.55,353.55,10
20250605  12:58,353.55,353.55,353.55,353.55,0
20250605  12:59,353.9,353.9,353.9,353.9,1
20250605  13:00,353.5,353.55,353.45,353.55,3
20250605  13:01,353.6,353.6,353.6,353.6,2
20250605  13:02,353.35,353.35,353.35,353.35,5
20250605  13:03,353.55,353.55,353.55,353.55,2
20250605  13:04,353.75,353.85,353.6,353.8,11
20250605  13:05,353.8,353.8,353.8,353.8,0
20250605  13:06,353.4,353.4,353.4,353.4,1
20250605  13:07,353.3,353.3,353.3,353.3,1
20250605  13:08,353.0,353.0,352.9,352.95,24
20250605  13:09,352.85,352.85,352.5,352.6,38
20250605  13:10,352.75,352.75,352.75,352.75,1
20250605  13:11,352.7,352.7,352.7,352.7,1
20250605  13:12,352.85,352.85,352.6,352.6,12
20250605  13:13,352.7,352.7,352.15,352.15,20
20250605  13:14,352.35,352.65,352.35,352.65,3
20250605  13:15,352.75,352.85,352.45,352.45,9
20250605  13:16,352.15,352.15,352.15,352.15,10
20250605  13:17,352.45,352.45,352.45,352.45,1
20250605  13:18,352.45,352.5,352.45,352.45,8
20250605  13:19,352.15,352.35,352.1,352.1,5
20250605  13:20,352.05,352.15,351.85,352.15,15
20250605  13:21,351.95,352.0,351.8,351.8,10
20250605  13:22,351.95,351.95,351.45,351.45,7
20250605  13:23,351.5,352.0,351.5,351.65,6
20250605  13:24,351.65,351.7,351.6,351.65,19
20250605  13:25,351.65,351.65,351.65,351.65,0
20250605  13:26,351.2,351.25,351.15,351.15,3
20250605  13:27,351.25,351.25,351.25,351.25,1
20250605  13:28,351.65,351.95,351.6,351.95,16
20250605  13:29,351.9,352.1,351.8,352.1,12
20250605  13:30,352.15,352.5,352.15,352.5,31
20250606  10:15,359.05,361.2,359.05,360.9,292
20250606  10:16,361.05,361.5,360.5,360.9,82
20250606  10:17,361.25,361.65,360.75,361.45,95
20250606  10:18,361.45,362.4,361.35,362.15,178
20250606  10:19,361.75,361.95,361.7,361.7,20
20250606  10:20,361.1,361.35,361.0,361.3,28
20250606  10:21,361.1,361.35,361.0,361.3,31
20250606  10:22,361.25,361.45,361.25,361.35,4
20250606  10:23,361.25,361.5,361.2,361.5,10
20250606  10:24,361.45,361.45,361.45,361.45,2
20250606  10:25,361.0,361.45,361.0,361.2,18
20250606  10:26,361.05,361.35,361.0,361.35,25
20250606  10:27,361.4,361.45,361.15,361.25,7
20250606  10:28,361.25,361.25,361.25,361.25,0
20250606  10:29,361.1,361.35,361.1,361.35,5
20250606  10:30,361.4,361.95,361.4,361.95,25
20250606  10:31,361.85,361.95,361.7,361.85,7
20250606  10:32,361.95,362.55,361.75,362.45,52
20250606  10:33,362.5,362.7,362.5,362.7,39
20250606  10:34,362.8,363.25,362.8,363.1,47
20250606  10:35,363.15,364.0,363.0,364.0,68
20250606  10:36,364.0,364.45,363.9,364.0,184
20250606  10:37,364.0,364.1,363.7,364.1,47
20250606  10:38,364.3,364.35,364.2,364.2,5
20250606  10:39,364.35,364.35,364.3,364.3,2
20250606  10:40,364.2,364.45,364.2,364.45,17
20250606  10:41,364.45,365.05,364.45,365.05,60
20250606  10:42,364.85,365.9,364.85,365.85,38
20250606  10:43,365.6,365.65,365.6,365.65,4
20250606  10:44,366.0,366.1,365.2,365.2,54
20250606  10:45,365.6,365.85,365.5,365.85,9
20250606  10:46,365.65,366.2,365.65,366.2,23
20250606  10:47,366.05,366.05,366.0,366.0,24
20250606  10:48,366.15,366.5,366.15,366.25,20
20250606  10:49,366.0,366.0,366.0,366.0,1
20250606  10:50,366.0,366.05,365.25,365.6,68
20250606  10:51,365.85,366.2,365.85,366.1,10
20250606  10:52,366.0,366.0,366.0,366.0,1
20250606  10:53,366.2,366.5,366.2,366.45,6
20250606  10:54,366.4,366.85,366.4,366.6,38
20250606  10:55,366.6,366.6,365.6,365.6,7
20250606  10:56,365.45,365.8,365.45,365.65,6
20250606  10:57,365.8,365.85,365.7,365.8,4
20250606  10:58,365.95,366.05,365.95,366.0,4
20250606  10:59,365.6,365.6,365.05,365.05,36
20250606  11:00,365.4,365.4,364.8,364.8,5
20250606  11:01,365.0,365.0,364.4,364.6,7
20250606  11:02,364.6,364.6,364.6,364.6,0
20250606  11:03,364.7,364.7,364.25,364.35,7
20250606  11:04,364.65,364.65,364.3,364.3,3
20250606  11:05,364.65,364.65,364.5,364.5,3
20250606  11:06,364.7,364.75,364.7,364.75,7
20250606  11:07,364.9,364.9,364.7,364.7,3
20250606  11:08,364.7,364.7,364.1,364.1,10
20250606  11:09,364.15,364.45,364.15,364.45,3
20250606  11:10,364.1,364.35,363.8,363.95,21
20250606  11:11,364.0,364.1,364.0,364.1,2
20250606  11:12,363.9,364.25,363.75,364.25,5
20250606  11:13,364.0,364.0,364.0,364.0,1
20250606  11:14,363.75,363.8,362.95,363.8,22
20250606  11:15,363.4,363.4,363.2,363.25,8
20250606  11:16,363.4,363.45,363.1,363.15,8
20250606  11:17,362.7,362.7,362.65,362.65,2
20250606  11:18,362.8,363.15,362.8,363.1,5
20250606  11:19,363.1,363.1,363.1,363.1,0
20250606  11:20,363.35,363.35,363.15,363.15,2
20250606  11:21,363.15,363.15,363.15,363.15,0
20250606  11:22,363.1,363.1,362.95,362.95,11
20250606  11:23,362.8,363.0,362.8,362.8,6
20250606  11:24,362.7,363.5,362.7,363.45,4
20250606  11:25,363.2,363.2,362.6,362.75,6
20250606  11:26,363.15,363.15,363.15,363.15,1
20250606  11:27,363.15,363.3,363.15,363.3,3
20250606  11:28,363.6,363.85,363.6,363.8,18
20250606  11:29,363.65,363.65,363.65,363.65,1
20250606  11:30,363.65,363.65,363.65,363.65,0
20250606  11:31,364.1,364.35,364.1,364.3,25
20250606  11:32,364.3,364.3,364.3,364.3,0
20250606  11:33,364.25,364.25,364.25,364.25,1
20250606  11:34,364.2,364.35,364.2,364.35,5
20250606  11:35,364.35,364.35,364.35,364.35,0
20250606  11:36,364.35,364.35,364.35,364.35,0
20250606  11:37,364.35,364.35,364.35,364.35,0
20250606  11:38,363.9,363.9,363.9,363.9,1
20250606  11:39,363.9,364.0,363.9,364.0,4
20250606  11:40,364.1,364.55,364.1,364.55,17
20250606  11:41,364.6,364.85,364.6,364.75,12
20250606  11:42,364.95,365.4,364.95,365.4,14
20250606  11:43,365.3,365.3,365.3,365.3,1
20250606  11:44,365.3,365.3,365.3,365.3,0
20250606  11:45,365.3,365.3,365.3,365.3,0
20250606  11:46,365.3,365.3,365.3,365.3,0
20250606  11:47,365.35,365.35,365.35,365.35,1
20250606  11:48,365.4,365.4,365.35,365.35,4
20250606  11:49,365.2,365.55,365.2,365.5,14
20250606  11:50,365.4,365.4,365.4,365.4,1
20250606  11:51,364.65,364.85,364.65,364.85,2
20250606  11:52,364.75,364.75,364.75,364.75,1
20250606  11:53,364.9,364.9,364.9,364.9,1
20250606  11:54,365.0,365.0,364.95,365.0,8
20250606  11:55,365.0,365.0,365.0,365.0,0
20250606  11:56,365.0,365.0,365.0,365.0,0
20250606  11:57,364.05,364.1,364.05,364.1,2
20250606  11:58,364.25,364.25,364.25,364.25,1
20250606  11:59,364.25,364.25,364.25,364.25,0
20250606  12:00,364.6,364.6,364.1,364.15,11
20250606  12:01,364.35,364.35,364.25,364.25,2
20250606  12:02,364.1,364.35,364.05,364.05,6
20250606  12:03,364.05,364.05,363.8,363.8,3
20250606  12:04,364.05,364.05,364.0,364.05,11
20250606  12:05,364.05,364.05,364.05,364.05,0
20250606  12:06,364.2,364.2,364.2,364.2,1
20250606  12:07,364.05,364.2,364.05,364.2,11
20250606  12:08,364.15,364.15,364.05,364.05,9
20250606  12:09,364.3,364.5,364.25,364.5,15
20250606  12:10,364.45,364.55,364.45,364.55,5
20250606  12:11,364.45,364.45,364.35,364.4,5
20250606  12:12,364.4,364.4,364.25,364.3,3
20250606  12:13,364.2,364.2,364.2,364.2,1
20250606  12:14,364.3,364.3,364.3,364.3,2
20250606  12:15,364.1,364.1,364.1,364.1,1
20250606  12:16,363.95,364.3,363.95,364.3,25
20250606  12:17,364.2,364.5,364.2,364.5,13
20250606  12:18,364.55,364.55,364.55,364.55,1
20250606  12:19,364.65,365.0,364.65,365.0,13
20250606  12:20,365.15,365.3,365.15,365.3,3
20250606  12:21,365.15,365.15,365.05,365.05,7
20250606  12:22,365.25,365.75,365.25,365.75,9
20250606  12:23,365.8,366.0,365.8,366.0,2
20250606  12:24,366.0,366.2,366.0,366.2,4
20250606  12:25,366.15,366.15,366.15,366.15,1
20250606  12:26,365.95,365.95,365.95,365.95,1
20250606  12:27,366.0,366.0,366.0,366.0,2
20250606  12:28,366.2,366.2,366.0,366.0,12
20250606  12:29,366.0,366.0,366.0,366.0,0
20250606  12:30,366.1,366.7,366.1,366.7,9
20250606  12:31,366.85,366.9,366.65,366.65,9
20250606  12:32,366.85,366.85,366.6,366.6,12
20250606  12:33,366.4,366.8,366.35,366.75,13
20250606  12:34,366.7,366.85,366.55,366.55,8
20250606  12:35,366.75,367.1,366.7,367.1,8
20250606  12:36,367.2,367.5,366.95,366.95,34
20250606  12:37,366.95,367.2,366.95,367.2,5
20250606  12:38,366.9,366.9,366.9,366.9,2
20250606  12:39,366.9,366.9,366.9,366.9,0
20250606  12:40,366.6,366.6,366.45,366.45,7
20250606  12:41,366.35,366.35,366.0,366.0,5
20250606  12:42,365.95,365.95,365.65,365.65,9
20250606  12:43,365.6,365.6,365.55,365.55,6
20250606  12:44,365.55,365.55,365.55,365.55,0
20250606  12:45,365.55,365.55,365.55,365.55,0
20250606  12:46,366.45,366.6,366.45,366.6,2
20250606  12:47,366.6,366.6,366.6,366.6,0
20250606  12:48,365.85,365.85,365.85,365.85,1
20250606  12:49,365.7,365.75,365.6,365.75,11
20250606  12:50,366.5,366.5,366.5,366.5,1
20250606  12:51,366.6,366.6,366.6,366.6,1
20250606  12:52,366.6,366.6,366.45,366.45,2
20250606  12:53,366.8,367.35,366.8,367.0,53
20250606  12:54,367.05,367.1,366.65,366.65,8
20250606  12:55,366.65,367.0,366.65,366.8,28
20250606  12:56,366.85,366.85,366.85,366.85,2
20250606  12:57,366.8,366.8,366.8,366.8,1
20250606  12:58,367.0,367.0,366.9,366.9,26
20250606  12:59,366.8,367.0,366.65,366.65,4
20250606  13:00,366.85,366.9,366.85,366.85,12
20250606  13:01,366.85,366.85,366.85,366.85,0
20250606  13:02,366.85,367.0,366.85,367.0,4
20250606  13:03,367.0,367.0,366.85,366.85,8
20250606  13:04,366.6,366.6,366.6,366.6,2
20250606  13:05,366.8,366.8,366.5,366.5,3
20250606  13:06,366.5,366.5,366.5,366.5,0
20250606  13:07,366.55,366.55,366.45,366.45,4
20250606  13:08,366.45,366.65,366.45,366.65,2
20250606  13:09,367.0,367.2,367.0,367.2,19
20250606  13:10,367.2,367.2,367.15,367.15,2
20250606  13:11,367.0,367.05,366.85,366.85,19
20250606  13:12,366.95,366.95,366.85,366.85,2
20250606  13:13,366.95,367.0,366.55,366.55,9
20250606  13:14,366.55,366.55,366.55,366.55,0
20250606  13:15,366.65,366.65,366.6,366.6,7
20250606  13:16,366.95,366.95,366.95,366.95,3
20250606  13:17,366.8,366.9,366.8,366.9,2
20250606  13:18,367.0,367.0,366.75,367.0,11
20250606  13:19,366.8,366.8,366.8,366.8,2
20250606  13:20,366.6,366.6,365.95,366.25,13
20250606  13:21,366.25,366.25,366.15,366.15,3
20250606  13:22,365.75,365.95,365.75,365.95,2
20250606  13:23,365.35,365.35,365.25,365.25,6
20250606  13:24,365.25,365.25,365.0,365.0,9
20250606  13:25,365.4,365.4,365.4,365.4,3
20250606  13:26,365.4,365.4,365.2,365.2,2
20250606  13:27,365.2,365.2,365.2,365.2,0
20250606  13:28,365.0,365.0,364.95,364.95,14
20250606  13:29,364.75,364.8,364.75,364.8,2
20250606  13:30,364.9,365.0,364.5,365.0,10
20250609  10:15,354.85,355.2,352.45,354.55,289
20250609  10:16,355.2,355.95,354.5,355.95,37
20250609  10:17,356.0,356.45,356.0,356.45,12
20250609  10:18,356.7,357.0,356.3,356.3,28
20250609  10:19,356.5,356.75,356.45,356.75,4
20250609  10:20,356.95,357.05,356.55,356.75,108
20250609  10:21,357.0,357.05,356.9,356.9,7
20250609  10:22,357.1,357.5,356.95,357.4,18
20250609  10:23,357.55,358.0,357.55,357.6,75
20250609  10:24,357.3,357.4,356.95,357.1,9
20250609  10:25,357.25,357.8,357.25,357.65,5
20250609  10:26,357.65,357.85,357.6,357.6,6
20250609  10:27,357.8,357.8,357.5,357.5,7
20250609  10:28,357.2,357.4,356.65,356.65,11
20250609  10:29,356.9,357.05,356.5,356.5,7
20250609  10:30,356.15,356.15,355.7,355.75,4
20250609  10:31,356.3,356.3,355.95,356.2,4
20250609  10:32,356.1,356.1,355.9,355.9,2
20250609  10:33,356.15,356.25,355.95,356.25,5
20250609  10:34,356.2,356.35,356.2,356.35,2
20250609  10:35,356.15,356.15,356.05,356.05,3
20250609  10:36,356.15,356.15,355.75,355.75,5
20250609  10:37,355.65,356.0,355.6,355.6,10
20250609  10:38,355.5,355.7,355.5,355.7,5
20250609  10:39,355.85,355.85,355.85,355.85,2
20250609  10:40,355.75,355.75,355.75,355.75,2
20250609  10:41,355.8,355.8,355.5,355.5,4
20250609  10:42,355.4,355.55,355.25,355.55,6
20250609  10:43,355.35,355.85,355.2,355.85,15
20250609  10:44,355.85,356.05,355.85,356.05,6
20250609  10:45,356.15,356.15,356.1,356.1,4
20250609  10:46,356.05,356.05,355.7,355.7,2
20250609  10:47,355.6,355.6,355.35,355.35,3
20250609  10:48,355.5,355.5,354.9,355.1,29
20250609  10:49,355.25,355.3,355.15,355.3,10
20250609  10:50,355.55,355.6,355.55,355.55,4
20250609  10:51,355.35,355.35,355.35,355.35,2
20250609  10:52,355.1,355.1,355.0,355.0,2
20250609  10:53,355.25,355.25,355.15,355.15,4
20250609  10:54,355.15,355.15,355.15,355.15,1
20250609  10:55,355.15,355.15,355.15,355.15,0
20250609  10:56,355.15,355.15,355.15,355.15,0
20250609  10:57,355.15,355.15,355.15,355.15,0
20250609  10:58,355.2,355.2,355.2,355.2,1
20250609  10:59,355.0,355.0,355.0,355.0,1
20250609  11:00,355.1,355.55,355.1,355.55,8
20250609  11:01,355.5,355.7,355.5,355.7,3
20250609  11:02,355.75,355.75,355.75,355.75,1
20250609  11:03,355.6,355.9,355.4,355.9,24
20250609  11:04,356.15,356.55,356.05,356.55,17
20250609  11:05,356.6,357.15,356.6,357.15,12
20250609  11:06,357.0,357.0,356.5,356.5,2
20250609  11:07,356.3,356.7,356.3,356.7,7
20250609  11:08,356.75,356.75,356.6,356.75,7
20250609  11:09,356.75,356.75,356.75,356.75,0
20250609  11:10,356.4,356.4,356.4,356.4,2
20250609  11:11,356.55,356.55,356.55,356.55,4
20250609  11:12,356.85,356.85,356.85,356.85,2
20250609  11:13,357.0,357.0,356.9,356.9,3
20250609  11:14,357.1,357.1,357.1,357.1,1
20250609  11:15,357.4,357.4,357.1,357.15,12
20250609  11:16,357.65,357.7,357.6,357.65,7
20250609  11:17,357.7,357.7,357.45,357.45,5
20250609  11:18,357.45,357.45,357.45,357.45,1
20250609  11:19,357.4,357.4,357.4,357.4,1
20250609  11:20,357.3,357.3,357.15,357.3,4
20250609  11:21,357.5,357.55,357.5,357.5,4
20250609  11:22,357.5,357.5,357.5,357.5,2
20250609  11:23,357.5,357.5,357.5,357.5,1
20250609  11:24,357.5,357.5,357.5,357.5,0
20250609  11:25,357.5,357.5,357.5,357.5,0
20250609  11:26,357.5,357.5,357.5,357.5,0
20250609  11:27,357.5,357.5,357.2,357.2,3
20250609  11:28,357.1,357.15,357.1,357.15,3
20250609  11:29,357.05,357.35,357.0,357.35,5
20250609  11:30,357.5,357.6,357.5,357.55,5
20250609  11:31,357.45,357.45,357.35,357.35,3
20250609  11:32,357.45,357.45,357.4,357.4,3
20250609  11:33,357.65,357.65,357.65,357.65,1
20250609  11:34,357.8,358.2,357.8,358.2,18
20250609  11:35,357.95,358.2,357.95,357.95,3
20250609  11:36,357.95,357.95,357.95,357.95,0
20250609  11:37,357.75,357.75,357.75,357.75,1
20250609  11:38,357.75,357.75,357.75,357.75,0
20250609  11:39,358.25,358.35,358.15,358.15,18
20250609  11:40,358.1,358.15,358.1,358.15,4
20250609  11:41,358.15,358.15,358.15,358.15,0
20250609  11:42,358.1,358.1,357.95,358.1,4
20250609  11:43,358.05,358.15,357.9,357.9,6
20250609  11:44,357.95,357.95,357.8,357.85,7
20250609  11:45,357.85,358.25,357.85,358.25,11
20250609  11:46,358.35,358.6,358.35,358.5,10
20250609  11:47,358.3,358.3,358.25,358.25,3
20250609  11:48,358.35,358.4,358.35,358.35,4
20250609  11:49,358.4,358.6,358.4,358.6,3
20250609  11:50,358.55,358.55,358.0,358.1,32
20250609  11:51,358.05,358.05,357.7,357.85,5
20250609  11:52,357.7,357.7,357.7,357.7,1
20250609  11:53,357.1,357.2,357.1,357.2,2
20250609  11:54,357.3,357.3,357.1,357.2,4
20250609  11:55,357.05,357.15,357.05,357.15,3
20250609  11:56,357.15,357.15,357.15,357.15,0
20250609  11:57,357.15,357.15,357.15,357.15,0
20250609  11:58,357.15,357.15,357.15,357.15,0
20250609  11:59,357.35,357.35,357.35,357.35,3
20250609  12:00,357.35,357.35,357.35,357.35,0
20250609  12:01,356.9,356.9,356.8,356.8,3
20250609  12:02,356.7,357.05,356.7,356.9,5
20250609  12:03,356.9,356.9,356.9,356.9,0
20250609  12:04,356.9,356.9,356.9,356.9,0
20250609  12:05,357.25,357.25,357.25,357.25,4
20250609  12:06,357.05,357.05,357.05,357.05,1
20250609  12:07,357.05,357.05,357.05,357.05,0
20250609  12:08,357.15,357.15,357.15,357.15,3
20250609  12:09,357.15,357.15,357.15,357.15,1
20250609  12:10,356.9,356.9,356.9,356.9,1
20250609  12:11,356.9,356.9,356.9,356.9,0
20250609  12:12,356.65,356.65,356.65,356.65,1
20250609  12:13,356.8,356.85,356.8,356.85,2
20250609  12:14,356.85,356.9,356.8,356.8,3
20250609  12:15,356.75,356.75,356.75,356.75,3
20250609  12:16,356.75,356.75,356.55,356.55,3
20250609  12:17,356.45,356.45,356.45,356.45,1
20250609  12:18,356.45,356.45,356.45,356.45,0
20250609  12:19,356.45,356.45,356.45,356.45,0
20250609  12:20,357.0,357.0,357.0,357.0,1
20250609  12:21,356.8,356.8,356.8,356.8,4
20250609  12:22,356.8,356.8,356.8,356.8,0
20250609  12:23,356.8,356.8,356.8,356.8,0
20250609  12:24,356.8,356.8,356.8,356.8,1
20250609  12:25,356.7,356.7,356.7,356.7,1
20250609  12:26,357.0,357.0,357.0,357.0,1
20250609  12:27,357.1,357.1,356.8,356.8,3
20250609  12:28,356.8,356.85,356.8,356.85,3
20250609  12:29,356.9,356.9,356.9,356.9,2
20250609  12:30,357.2,357.25,357.2,357.25,2
20250609  12:31,356.95,357.05,356.95,357.05,3
20250609  12:32,357.1,357.1,357.05,357.05,3
20250609  12:33,357.05,357.05,357.05,357.05,0
20250609  12:34,356.8,356.8,356.8,356.8,1
20250609  12:35,356.8,356.8,356.8,356.8,0
20250609  12:36,356.65,356.65,356.65,356.65,1
20250609  12:37,356.65,356.65,356.65,356.65,0
20250609  12:38,356.45,356.45,356.3,356.3,4
20250609  12:39,356.35,356.35,356.35,356.35,2
20250609  12:40,356.0,356.2,356.0,356.2,5
20250609  12:41,356.1,356.1,356.1,356.1,1
20250609  12:42,356.1,356.1,356.1,356.1,0
20250609  12:43,355.75,355.75,355.4,355.4,8
20250609  12:44,355.5,355.75,355.5,355.5,8
20250609  12:45,355.45,355.45,355.3,355.4,6
20250609  12:46,355.4,355.4,355.4,355.4,0
20250609  12:47,355.4,355.4,355.4,355.4,0
20250609  12:48,355.4,355.4,355.4,355.4,0
20250609  12:49,355.4,355.4,355.4,355.4,0
20250609  12:50,355.7,356.1,355.7,355.95,15
20250609  12:51,355.95,355.95,355.95,355.95,0
20250609  12:52,356.0,356.0,356.0,356.0,1
20250609  12:53,356.05,356.05,356.05,356.05,2
20250609  12:54,356.05,356.05,356.05,356.05,0
20250609  12:55,355.95,355.95,355.95,355.95,2
20250609  12:56,356.05,356.15,356.0,356.15,3
20250609  12:57,356.25,356.55,356.25,356.4,3
20250609  12:58,356.5,356.5,356.5,356.5,2
20250609  12:59,356.5,356.5,356.5,356.5,0
20250609  13:00,356.5,356.5,356.5,356.5,0
20250609  13:01,356.35,356.35,356.35,356.35,1
20250609  13:02,356.35,356.35,356.35,356.35,0
20250609  13:03,356.4,356.4,356.3,356.3,2
20250609  13:04,356.3,356.3,356.3,356.3,0
20250609  13:05,356.45,356.45,356.45,356.45,1
20250609  13:06,356.75,356.75,356.75,356.75,1
20250609  13:07,356.75,356.75,356.75,356.75,0
20250609  13:08,356.75,356.75,356.75,356.75,0
20250609  13:09,356.95,356.95,356.95,356.95,1
20250609  13:10,356.8,356.8,356.8,356.8,1
20250609  13:11,356.65,356.65,356.65,356.65,1
20250609  13:12,356.65,356.65,356.65,356.65,0
20250609  13:13,356.65,356.65,356.65,356.65,0
20250609  13:14,356.75,356.75,356.75,356.75,1
20250609  13:15,356.75,356.75,356.75,356.75,0
20250609  13:16,357.0,357.0,357.0,357.0,1
20250609  13:17,357.1,357.4,357.1,357.15,5
20250609  13:18,357.2,357.2,357.2,357.2,1
20250609  13:19,357.05,357.05,357.05,357.05,2
20250609  13:20,357.15,357.15,357.15,357.15,1
20250609  13:21,357.15,357.15,357.15,357.15,0
20250609  13:22,357.15,357.15,357.15,357.15,0
20250609  13:23,357.05,357.25,357.05,357.25,3
20250609  13:24,357.25,357.25,357.25,357.25,0
20250609  13:25,357.25,357.25,357.25,357.25,0
20250609  13:26,356.85,356.85,356.8,356.8,3
20250609  13:27,356.8,356.8,356.8,356.8,0
20250609  13:28,356.8,356.8,356.8,356.8,0
20250609  13:29,357.0,357.0,357.0,357.0,1
20250609  13:30,357.0,357.0,357.0,357.0,0
20250610  10:15,359.65,360.5,359.25,360.15,109
20250610  10:16,360.65,361.25,360.65,361.25,18
20250610  10:17,361.25,361.95,361.25,361.7,33
20250610  10:18,361.75,361.75,361.75,361.75,1
20250610  10:19,361.7,362.65,361.7,362.55,24
20250610  10:20,362.35,362.4,362.2,362.3,11
20250610  10:21,362.4,362.9,362.25,362.9,26
20250610  10:22,362.95,364.15,362.95,363.9,56
20250610  10:23,363.85,363.95,363.6,363.65,24
20250610  10:24,363.8,364.1,363.4,364.1,58
20250610  10:25,364.2,364.7,363.85,364.5,28
20250610  10:26,364.5,364.7,363.8,363.8,14
20250610  10:27,363.8,364.45,363.75,364.05,24
20250610  10:28,363.75,364.9,363.75,364.9,19
20250610  10:29,364.9,364.95,364.55,364.7,11
20250610  10:30,364.7,365.55,364.7,365.4,29
20250610  10:31,365.3,366.7,365.3,366.25,93
20250610  10:32,366.45,366.8,366.45,366.7,13
20250610  10:33,366.95,367.25,366.8,366.8,27
20250610  10:34,366.9,366.9,366.65,366.7,22
20250610  10:35,366.8,366.8,364.85,366.1,63
20250610  10:36,365.85,365.85,365.3,365.3,8
20250610  10:37,365.4,365.65,365.05,365.5,20
20250610  10:38,365.85,366.05,365.5,366.05,13
20250610  10:39,365.9,366.2,365.1,365.1,16
20250610  10:40,365.1,365.45,364.85,365.45,13
20250610  10:41,365.4,365.6,365.35,365.45,7
20250610  10:42,365.35,365.35,365.35,365.35,1
20250610  10:43,365.3,365.4,365.3,365.4,3
20250610  10:44,365.7,365.75,365.7,365.75,4
20250610  10:45,365.85,366.5,365.85,366.5,9
20250610  10:46,366.4,366.45,366.4,366.4,3
20250610  10:47,366.25,366.3,365.9,366.3,17
20250610  10:48,366.35,366.35,366.35,366.35,1
20250610  10:49,366.55,366.55,366.25,366.25,3
20250610  10:50,366.15,366.75,365.6,366.4,60
20250610  10:51,366.35,366.35,365.95,366.0,10
20250610  10:52,366.0,366.0,366.0,366.0,0
20250610  10:53,366.0,366.0,366.0,366.0,0
20250610  10:54,366.1,366.3,366.1,366.3,2
20250610  10:55,366.3,366.3,366.3,366.3,0
20250610  10:56,366.25,366.3,366.25,366.3,6
20250610  10:57,366.3,366.3,366.3,366.3,0
20250610  10:58,366.3,366.3,366.3,366.3,0
20250610  10:59,366.45,366.6,366.45,366.6,5
20250610  11:00,366.3,366.6,366.3,366.45,6
20250610  11:01,366.35,366.5,366.35,366.5,4
20250610  11:02,366.45,366.6,366.45,366.55,3
20250610  11:03,366.65,366.85,366.5,366.7,9
20250610  11:04,366.7,367.0,366.65,366.8,10
20250610  11:05,366.9,366.9,366.7,366.8,16
20250610  11:06,366.65,366.8,366.65,366.8,6
20250610  11:07,366.8,367.05,366.8,367.05,3
20250610  11:08,367.1,367.3,366.8,366.8,19
20250610  11:09,366.7,366.7,366.45,366.5,6
20250610  11:10,366.6,366.6,366.6,366.6,4
20250610  11:11,366.6,366.6,366.6,366.6,0
20250610  11:12,366.65,366.65,366.5,366.5,8
20250610  11:13,366.6,366.6,366.6,366.6,3
20250610  11:14,366.55,366.9,366.55,366.7,11
20250610  11:15,366.7,366.7,366.7,366.7,1
20250610  11:16,366.55,366.9,366.55,366.85,9
20250610  11:17,366.9,367.0,366.55,366.55,16
20250610  11:18,366.55,366.55,366.55,366.55,0
20250610  11:19,366.55,366.55,366.55,366.55,0
20250610  11:20,366.3,366.3,366.0,366.3,30
20250610  11:21,366.4,366.45,366.2,366.3,9
20250610  11:22,366.55,366.55,366.45,366.45,7
20250610  11:23,366.5,366.55,366.5,366.5,5
20250610  11:24,366.6,366.7,366.5,366.7,11
20250610  11:25,366.85,366.9,366.8,366.85,6
20250610  11:26,366.65,366.65,366.65,366.65,1
20250610  11:27,366.4,366.6,366.4,366.6,4
20250610  11:28,366.75,366.95,366.75,366.95,3
20250610  11:29,367.0,367.35,367.0,367.2,17
20250610  11:30,367.25,368.0,367.2,367.85,47
20250610  11:31,367.6,367.7,367.55,367.6,4
20250610  11:32,367.75,368.9,367.75,368.6,62
20250610  11:33,368.7,368.85,368.5,368.75,20
20250610  11:34,368.55,368.55,368.2,368.3,5
20250610  11:35,368.5,369.0,368.5,369.0,7
20250610  11:36,368.9,369.0,368.8,368.95,6
20250610  11:37,368.8,368.8,368.8,368.8,1
20250610  11:38,368.6,368.65,367.95,367.95,26
20250610  11:39,368.0,368.05,368.0,368.05,2
20250610  11:40,368.05,368.75,368.05,368.35,14
20250610  11:41,368.5,368.6,368.3,368.5,6
20250610  11:42,368.5,368.75,368.35,368.75,8
20250610  11:43,368.8,368.9,368.65,368.65,31
20250610  11:44,368.5,368.55,368.3,368.3,7
20250610  11:45,368.35,368.35,368.15,368.25,31
20250610  11:46,368.3,368.65,368.3,368.65,8
20250610  11:47,368.75,368.75,368.75,368.75,1
20250610  11:48,368.6,368.65,368.45,368.65,5
20250610  11:49,368.8,368.8,368.4,368.4,5
20250610  11:50,368.4,368.4,368.1,368.2,7
20250610  11:51,368.3,368.3,367.9,368.05,14
20250610  11:52,368.2,368.2,367.75,368.0,10
20250610  11:53,368.0,368.5,368.0,368.4,9
20250610  11:54,368.15,368.15,368.15,368.15,2
20250610  11:55,368.35,368.5,368.35,368.45,4
20250610  11:56,368.35,368.5,368.35,368.5,4
20250610  11:57,368.5,368.5,368.35,368.35,4
20250610  11:58,368.4,368.55,368.4,368.55,6
20250610  11:59,368.35,368.4,368.35,368.4,2
20250610  12:00,368.5,368.85,368.5,368.85,8
20250610  12:01,368.65,368.65,368.55,368.55,3
20250610  12:02,368.7,369.0,368.7,368.8,15
20250610  12:03,368.6,368.7,368.45,368.7,14
20250610  12:04,368.85,368.95,368.7,368.7,6
20250610  12:05,368.85,369.0,368.45,368.45,14
20250610  12:06,368.35,368.65,368.25,368.65,8
20250610  12:07,368.55,368.65,368.5,368.6,4
20250610  12:08,368.5,369.05,368.5,368.95,15
20250610  12:09,369.0,369.0,368.9,368.9,6
20250610  12:10,368.75,369.35,368.75,369.15,15
20250610  12:11,369.35,369.35,369.25,369.25,3
20250610  12:12,369.15,369.2,369.1,369.15,6
20250610  12:13,369.15,369.5,369.15,369.5,22
20250610  12:14,369.55,369.85,369.3,369.6,36
20250610  12:15,369.5,369.75,369.45,369.75,9
20250610  12:16,369.8,369.95,369.7,369.8,24
20250610  12:17,369.9,370.0,369.35,369.5,65
20250610  12:18,369.2,369.9,369.2,369.9,19
20250610  12:19,369.8,369.95,369.8,369.95,2
20250610  12:20,370.0,370.4,369.95,370.25,16
20250610  12:21,370.2,370.2,370.15,370.15,4
20250610  12:22,369.95,369.95,369.75,369.85,3
20250610  12:23,369.7,369.85,369.7,369.85,7
20250610  12:24,369.95,370.05,369.85,370.05,3
20250610  12:25,370.1,370.2,370.1,370.2,11
20250610  12:26,370.1,370.1,369.75,369.8,8
20250610  12:27,369.6,369.6,369.2,369.35,37
20250610  12:28,369.25,369.3,368.95,368.95,11
20250610  12:29,369.0,369.0,368.3,368.3,7
20250610  12:30,368.7,368.8,368.5,368.5,6
20250610  12:31,368.5,368.5,368.5,368.5,0
20250610  12:32,368.6,368.6,368.6,368.6,1
20250610  12:33,368.8,368.8,368.8,368.8,1
20250610  12:34,368.7,368.95,368.55,368.55,5
20250610  12:35,368.4,368.4,368.4,368.4,1
20250610  12:36,368.3,368.3,368.25,368.25,3
20250610  12:37,368.25,368.25,368.25,368.25,0
20250610  12:38,368.2,368.3,367.55,368.3,19
20250610  12:39,368.3,368.3,368.1,368.1,4
20250610  12:40,368.05,368.05,367.85,367.85,5
20250610  12:41,367.45,367.45,367.45,367.45,1
20250610  12:42,367.45,367.45,367.45,367.45,0
20250610  12:43,367.45,367.45,367.45,367.45,0
20250610  12:44,367.65,367.9,367.65,367.9,3
20250610  12:45,367.9,367.9,367.9,367.9,2
20250610  12:46,368.0,368.0,367.85,367.9,14
20250610  12:47,368.0,368.0,367.55,367.7,19
20250610  12:48,367.45,367.45,367.25,367.35,5
20250610  12:49,367.4,367.4,366.75,367.0,36
20250610  12:50,366.8,367.0,366.65,366.8,22
20250610  12:51,366.6,366.6,366.45,366.45,21
20250610  12:52,366.3,366.4,366.05,366.05,14
20250610  12:53,366.25,366.25,365.85,366.05,22
20250610  12:54,365.95,365.95,365.95,365.95,2
20250610  12:55,365.95,365.95,365.95,365.95,1
20250610  12:56,365.6,365.65,365.5,365.6,14
20250610  12:57,365.2,365.4,364.6,364.6,42
20250610  12:58,364.55,364.8,364.35,364.55,38
20250610  12:59,364.45,364.5,363.95,364.45,25
20250610  13:00,364.45,364.5,364.45,364.5,2
20250610  13:01,364.6,364.6,364.1,364.15,12
20250610  13:02,363.95,364.0,363.95,363.95,9
20250610  13:03,363.95,363.95,363.8,363.8,7
20250610  13:04,363.8,363.8,363.8,363.8,0
20250610  13:05,363.6,364.05,363.6,364.0,6
20250610  13:06,363.75,364.0,363.65,364.0,5
20250610  13:07,364.05,364.2,364.05,364.2,3
20250610  13:08,364.15,364.55,364.15,364.35,4
20250610  13:09,364.5,364.5,364.5,364.5,1
20250610  13:10,364.9,365.2,364.65,365.2,9
20250610  13:11,365.2,365.25,364.9,365.2,12
20250610  13:12,365.4,365.5,365.3,365.35,14
20250610  13:13,365.05,365.05,365.0,365.0,2
20250610  13:14,364.7,364.75,364.7,364.7,5
20250610  13:15,365.0,365.2,365.0,365.2,2
20250610  13:16,365.0,365.0,364.95,364.95,3
20250610  13:17,364.25,364.25,364.0,364.0,3
20250610  13:18,364.25,364.35,364.25,364.25,7
20250610  13:19,364.25,364.25,364.25,364.25,0
20250610  13:20,364.25,364.25,364.25,364.25,0
20250610  13:21,364.6,364.6,364.6,364.6,1
20250610  13:22,364.6,364.6,364.6,364.6,0
20250610  13:23,364.5,364.85,364.5,364.5,18
20250610  13:24,364.85,364.9,364.85,364.9,3
20250610  13:25,364.7,364.7,364.7,364.7,1
20250610  13:26,364.8,364.8,364.8,364.8,2
20250610  13:27,364.8,364.8,364.8,364.8,0
20250610  13:28,364.65,364.8,364.65,364.8,2
20250610  13:29,364.8,364.8,364.8,364.8,0
20250610  13:30,364.4,364.4,364.3,364.3,4
20250611  10:15,353.55,353.55,351.95,352.6,108
20250611  10:16,352.4,352.65,351.85,352.05,24
20250611  10:17,352.2,352.2,350.9,351.05,32
20250611  10:18,351.2,351.2,350.95,351.0,15
20250611  10:19,351.2,351.2,350.85,351.0,21
20250611  10:20,351.25,351.25,351.0,351.25,8
20250611  10:21,351.25,351.25,350.45,350.45,15
20250611  10:22,350.45,350.7,350.45,350.7,6
20250611  10:23,350.85,351.2,350.65,351.1,20
20250611  10:24,351.0,351.5,350.95,351.5,18
20250611  10:25,351.55,351.55,351.0,351.3,16
20250611  10:26,351.3,351.45,351.3,351.45,4
20250611  10:27,351.55,351.6,350.7,350.8,32
20250611  10:28,350.7,350.7,350.55,350.55,4
20250611  10:29,350.9,351.3,350.9,350.9,9
20250611  10:30,350.85,351.1,350.85,351.0,8
20250611  10:31,350.95,351.05,350.85,350.85,4
20250611  10:32,350.65,351.3,350.65,351.15,17
20250611  10:33,351.3,351.75,351.25,351.7,16
20250611  10:34,351.4,351.4,351.35,351.35,3
20250611  10:35,351.2,352.05,351.2,351.9,30
20250611  10:36,351.8,351.8,351.8,351.8,2
20250611  10:37,351.7,351.7,351.7,351.7,2
20250611  10:38,351.6,351.6,351.6,351.6,1
20250611  10:39,351.65,351.65,351.65,351.65,1
20250611  10:40,351.65,351.75,351.65,351.7,7
20250611  10:41,351.8,351.85,351.45,351.55,7
20250611  10:42,351.55,351.55,351.55,351.55,0
20250611  10:43,351.25,351.5,351.2,351.5,7
20250611  10:44,351.5,351.5,351.5,351.5,0
20250611  10:45,351.3,351.3,351.05,351.05,2
20250611  10:46,351.05,351.05,351.05,351.05,0
20250611  10:47,351.05,351.05,351.05,351.05,1
20250611  10:48,351.1,351.3,351.1,351.3,4
20250611  10:49,351.3,351.3,351.3,351.3,0
20250611  10:50,351.4,351.4,351.1,351.1,3
20250611  10:51,351.15,351.15,351.0,351.15,3
20250611  10:52,350.95,351.65,350.8,351.65,8
20250611  10:53,351.75,351.75,351.45,351.45,4
20250611  10:54,351.45,351.45,351.45,351.45,0
20250611  10:55,351.6,351.6,351.5,351.5,2
20250611  10:56,351.7,351.85,351.7,351.85,5
20250611  10:57,351.9,352.05,351.9,352.05,7
20250611  10:58,352.05,352.05,351.95,351.95,3
20250611  10:59,351.9,351.9,351.5,351.5,6
20250611  11:00,351.7,351.75,351.6,351.6,7
20250611  11:01,351.6,351.6,351.6,351.6,0
20250611  11:02,351.55,352.05,351.5,351.5,10
20250611  11:03,351.6,351.8,351.6,351.8,8
20250611  11:04,351.7,351.7,351.5,351.7,6
20250611  11:05,351.75,351.8,351.65,351.65,7
20250611  11:06,351.55,351.55,351.05,351.25,7
20250611  11:07,351.2,351.2,350.6,350.7,12
20250611  11:08,350.7,350.7,350.7,350.7,1
20250611  11:09,350.85,351.15,350.8,351.05,18
20250611  11:10,350.9,351.1,350.85,350.9,13
20250611  11:11,350.9,350.9,350.75,350.75,3
20250611  11:12,351.05,351.05,350.75,350.75,6
20250611  11:13,350.85,351.2,350.85,351.05,10
20250611  11:14,351.4,351.4,351.25,351.25,3
20250611  11:15,351.2,351.2,351.2,351.2,1
20250611  11:16,351.25,351.25,351.05,351.05,16
20250611  11:17,351.05,351.1,350.95,350.95,9
20250611  11:18,350.9,350.95,350.9,350.95,3
20250611  11:19,351.15,351.2,351.15,351.15,12
20250611  11:20,351.35,351.45,351.25,351.25,9
20250611  11:21,351.0,351.0,350.65,350.65,3
20250611  11:22,350.75,351.75,350.75,351.4,39
20250611  11:23,351.25,351.25,351.25,351.25,1
20250611  11:24,351.45,351.75,351.45,351.55,7
20250611  11:25,351.4,351.4,351.15,351.15,3
20250611  11:26,351.15,351.15,351.15,351.15,0
20250611  11:27,351.15,351.15,351.15,351.15,0
20250611  11:28,351.35,351.75,351.35,351.45,16
20250611  11:29,351.4,351.5,351.4,351.5,2
20250611  11:30,351.6,351.7,351.35,351.7,12
20250611  11:31,351.45,351.5,350.9,351.0,19
20250611  11:32,351.0,351.0,351.0,351.0,0
20250611  11:33,351.0,351.25,351.0,351.0,18
20250611  11:34,350.95,351.2,350.9,350.9,7
20250611  11:35,350.9,350.95,350.8,350.8,5
20250611  11:36,351.2,351.2,351.2,351.2,2
20250611  11:37,351.1,351.1,350.95,350.95,3
20250611  11:38,350.95,350.95,350.95,350.95,0
20250611  11:39,351.05,351.05,350.95,350.95,5
20250611  11:40,350.8,350.8,350.8,350.8,1
20250611  11:41,351.0,351.3,351.0,351.3,3
20250611  11:42,351.3,351.3,351.3,351.3,0
20250611  11:43,351.35,351.55,351.35,351.5,3
20250611  11:44,351.5,351.5,351.5,351.5,0
20250611  11:45,351.3,351.35,351.3,351.35,2
20250611  11:46,351.2,351.2,351.2,351.2,1
20250611  11:47,351.35,351.65,351.35,351.65,12
20250611  11:48,351.6,352.75,351.6,352.05,45
20250611  11:49,351.9,351.9,351.7,351.85,6
20250611  11:50,351.9,352.05,351.9,351.9,6
20250611  11:51,352.0,352.0,351.85,351.95,12
20250611  11:52,351.9,352.0,351.9,352.0,4
20250611  11:53,352.2,352.45,352.2,352.3,6
20250611  11:54,352.35,352.35,352.3,352.3,3
20250611  11:55,352.3,352.3,352.15,352.15,5
20250611  11:56,352.4,352.55,352.4,352.45,9
20250611  11:57,352.3,352.6,352.3,352.55,20
20250611  11:58,352.55,352.55,352.3,352.45,4
20250611  11:59,352.65,352.65,352.55,352.55,5
20250611  12:00,352.45,352.5,352.3,352.3,17
20250611  12:01,352.3,352.45,352.15,352.35,6
20250611  12:02,352.4,352.55,352.4,352.55,9
20250611  12:03,352.65,352.65,352.55,352.55,4
20250611  12:04,352.7,353.0,352.65,353.0,39
20250611  12:05,353.2,353.55,353.0,353.2,16
20250611  12:06,353.2,353.2,352.65,352.7,5
20250611  12:07,352.6,352.6,352.35,352.45,8
20250611  12:08,352.4,352.85,352.2,352.85,13
20250611  12:09,352.75,353.15,352.75,352.9,8
20250611  12:10,353.1,353.3,353.1,353.2,8
20250611  12:11,353.2,353.2,352.25,352.3,47
20250611  12:12,352.45,352.6,352.45,352.45,4
20250611  12:13,352.55,352.85,352.55,352.85,5
20250611  12:14,353.0,353.0,352.85,352.85,4
20250611  12:15,352.85,352.85,352.85,352.85,0
20250611  12:16,352.45,352.45,352.45,352.45,2
20250611  12:17,352.55,352.55,352.55,352.55,1
20250611  12:18,352.6,352.75,352.6,352.75,3
20250611  12:19,352.65,352.65,352.1,352.25,15
20250611  12:20,352.2,352.95,352.2,352.9,22
20250611  12:21,353.1,353.1,352.95,352.95,4
20250611  12:22,352.8,352.8,352.8,352.8,1
20250611  12:23,353.1,353.45,352.95,352.95,12
20250611  12:24,352.95,352.95,352.95,352.95,0
20250611  12:25,352.95,353.1,352.95,352.95,6
20250611  12:26,352.75,352.75,352.75,352.75,1
20250611  12:27,352.7,352.7,352.7,352.7,2
20250611  12:28,352.75,353.05,352.6,353.05,4
20250611  12:29,352.95,353.1,352.85,353.1,6
20250611  12:30,353.35,353.5,353.3,353.5,22
20250611  12:31,353.4,353.45,353.35,353.45,3
20250611  12:32,353.45,353.45,353.45,353.45,0
20250611  12:33,353.45,353.45,353.45,353.45,0
20250611  12:34,353.45,353.45,353.45,353.45,0
20250611  12:35,352.95,352.95,352.95,352.95,1
20250611  12:36,352.85,352.85,352.85,352.85,2
20250611  12:37,352.8,352.8,352.8,352.8,1
20250611  12:38,352.8,352.8,352.8,352.8,1
20250611  12:39,352.25,352.25,352.1,352.1,2
20250611  12:40,351.85,351.85,351.75,351.75,2
20250611  12:41,352.0,352.0,351.75,351.75,2
20250611  12:42,351.95,351.95,351.75,351.75,4
20250611  12:43,351.75,351.75,351.7,351.7,3
20250611  12:44,351.7,351.7,351.35,351.5,18
20250611  12:45,351.5,351.5,351.5,351.5,0
20250611  12:46,351.6,351.6,351.2,351.2,11
20250611  12:47,351.0,351.1,350.95,351.1,4
20250611  12:48,351.1,351.1,351.1,351.1,0
20250611  12:49,351.35,351.35,351.35,351.35,1
20250611  12:50,351.15,351.15,351.15,351.15,1
20250611  12:51,351.1,351.15,351.1,351.1,4
20250611  12:52,351.3,352.0,351.3,351.6,29
20250611  12:53,351.6,351.6,351.6,351.6,0
20250611  12:54,351.8,352.05,351.8,352.05,3
20250611  12:55,352.05,352.05,352.05,352.05,1
20250611  12:56,352.0,352.25,352.0,352.25,4
20250611  12:57,352.2,352.25,352.2,352.25,4
20250611  12:58,352.0,352.0,351.8,351.8,4
20250611  12:59,351.7,351.7,351.7,351.7,1
20250611  13:00,351.85,352.0,351.85,351.85,4
20250611  13:01,351.85,351.85,351.85,351.85,0
20250611  13:02,352.0,352.05,352.0,352.05,2
20250611  13:03,352.0,352.0,351.9,351.9,5
20250611  13:04,351.95,352.05,351.95,352.05,2
20250611  13:05,351.85,351.85,351.8,351.8,2
20250611  13:06,351.8,351.8,351.8,351.8,0
20250611  13:07,351.8,351.8,351.75,351.75,3
20250611  13:08,351.75,351.75,351.75,351.75,0
20250611  13:09,351.6,351.7,351.6,351.7,2
20250611  13:10,351.7,351.7,351.7,351.7,0
20250611  13:11,351.65,351.65,351.65,351.65,1
20250611  13:12,351.6,351.75,351.6,351.75,2
20250611  13:13,351.7,351.7,351.7,351.7,1
20250611  13:14,351.6,351.8,351.55,351.65,8
20250611  13:15,351.6,351.6,351.6,351.6,1
20250611  13:16,351.7,351.7,351.5,351.5,3
20250611  13:17,351.5,351.5,351.1,351.35,15
20250611  13:18,351.35,351.35,351.35,351.35,0
20250611  13:19,351.1,351.25,351.1,351.25,2
20250611  13:20,351.25,351.25,351.2,351.2,2
20250611  13:21,351.35,351.6,351.35,351.6,3
20250611  13:22,351.65,351.65,351.65,351.65,1
20250611  13:23,351.85,352.05,351.85,352.05,6
20250611  13:24,352.25,352.25,352.0,352.0,4
20250611  13:25,352.25,352.25,352.25,352.25,1
20250611  13:26,352.25,352.25,352.25,352.25,0
20250611  13:27,352.35,352.5,352.35,352.5,5
20250611  13:28,352.55,352.55,352.1,352.15,10
20250611  13:29,352.25,352.25,352.25,352.25,1
20250611  13:30,352.2,352.2,352.2,352.2,1
20250612  10:15,347.2,347.65,345.65,345.75,293
20250612  10:16,345.75,345.75,344.45,344.65,104
20250612  10:17,344.65,344.65,343.9,344.2,106
20250612  10:18,344.0,344.3,343.85,344.15,39
20250612  10:19,343.95,344.35,343.9,344.0,17
20250612  10:20,344.05,344.25,343.3,343.65,132
20250612  10:21,343.75,344.25,343.75,344.25,37
20250612  10:22,344.3,344.65,344.15,344.2,23
20250612  10:23,344.2,344.7,344.2,344.6,22
20250612  10:24,344.55,344.65,344.3,344.3,17
20250612  10:25,344.35,344.6,344.35,344.6,9
20250612  10:26,344.5,344.7,343.95,344.1,23
20250612  10:27,344.25,344.55,344.25,344.55,12
20250612  10:28,344.5,344.65,344.3,344.3,9
20250612  10:29,344.25,344.95,344.25,344.95,29
20250612  10:30,344.9,344.9,344.6,344.7,5
20250612  10:31,344.95,345.15,344.6,344.6,20
20250612  10:32,344.7,344.7,344.5,344.65,5
20250612  10:33,344.45,344.45,344.45,344.45,1
20250612  10:34,344.6,345.15,344.6,345.05,12
20250612  10:35,345.2,345.3,345.2,345.3,8
20250612  10:36,345.25,345.35,345.05,345.2,7
20250612  10:37,345.2,345.2,345.05,345.15,5
20250612  10:38,345.0,345.0,345.0,345.0,2
20250612  10:39,344.95,345.0,344.9,345.0,3
20250612  10:40,345.0,345.4,345.0,345.1,25
20250612  10:41,345.1,345.1,345.1,345.1,0
20250612  10:42,344.95,344.95,344.4,344.5,11
20250612  10:43,344.5,344.5,344.5,344.5,0
20250612  10:44,344.5,344.5,344.5,344.5,2
20250612  10:45,345.05,345.3,345.0,345.3,17
20250612  10:46,345.5,346.6,345.5,346.6,51
20250612  10:47,346.6,346.8,346.5,346.5,25
20250612  10:48,346.5,346.65,346.1,346.65,20
20250612  10:49,346.7,346.85,346.5,346.75,9
20250612  10:50,346.4,346.4,346.4,346.4,1
20250612  10:51,346.3,346.5,346.2,346.35,22
20250612  10:52,346.5,346.5,346.2,346.45,15
20250612  10:53,346.55,346.55,346.25,346.25,10
20250612  10:54,346.3,346.8,346.3,346.8,11
20250612  10:55,346.8,346.8,346.8,346.8,0
20250612  10:56,346.8,346.8,346.8,346.8,0
20250612  10:57,346.75,346.9,346.65,346.75,11
20250612  10:58,346.6,346.75,346.5,346.75,16
20250612  10:59,346.85,347.0,346.85,347.0,8
20250612  11:00,346.9,346.9,346.75,346.75,5
20250612  11:01,346.75,346.95,346.55,346.95,17
20250612  11:02,346.8,346.8,346.8,346.8,2
20250612  11:03,346.95,347.0,346.8,346.8,5
20250612  11:04,347.05,347.05,347.05,347.05,1
20250612  11:05,347.15,347.45,347.1,347.45,21
20250612  11:06,347.4,347.9,347.4,347.9,30
20250612  11:07,347.8,347.8,347.5,347.7,16
20250612  11:08,347.8,347.8,347.65,347.7,27
20250612  11:09,347.65,348.2,347.65,348.05,33
20250612  11:10,348.2,348.3,347.6,347.75,25
20250612  11:11,347.8,348.15,347.8,348.15,23
20250612  11:12,347.85,347.85,347.5,347.5,31
20250612  11:13,347.45,347.7,347.3,347.65,83
20250612  11:14,347.7,348.0,347.7,348.0,7
20250612  11:15,348.05,348.25,347.85,348.1,16
20250612  11:16,348.15,348.3,347.6,347.6,39
20250612  11:17,347.45,347.45,347.45,347.45,1
20250612  11:18,347.5,347.55,347.5,347.55,3
20250612  11:19,347.6,347.7,347.6,347.7,3
20250612  11:20,347.65,347.7,347.65,347.65,5
20250612  11:21,347.8,347.8,347.75,347.8,4
20250612  11:22,347.85,348.0,347.65,347.7,16
20250612  11:23,347.75,347.8,347.5,347.5,19
20250612  11:24,347.3,347.5,347.25,347.5,13
20250612  11:25,347.55,347.6,347.55,347.6,2
20250612  11:26,347.7,347.7,347.7,347.7,2
20250612  11:27,347.6,347.8,347.6,347.7,13
20250612  11:28,347.55,347.55,347.35,347.5,7
20250612  11:29,347.6,347.75,347.6,347.75,6
20250612  11:30,347.9,348.0,347.85,347.9,5
20250612  11:31,347.9,347.9,347.85,347.85,2
20250612  11:32,347.8,347.8,347.8,347.8,1
20250612  11:33,347.95,348.15,347.75,347.9,19
20250612  11:34,347.9,347.9,347.9,347.9,0
20250612  11:35,348.05,348.5,348.05,348.35,22
20250612  11:36,348.3,348.4,348.25,348.3,13
20250612  11:37,348.25,348.35,348.25,348.35,3
20250612  11:38,348.3,348.45,348.15,348.35,20
20250612  11:39,348.45,348.45,348.3,348.3,14
20250612  11:40,348.2,348.3,348.2,348.3,3
20250612  11:41,348.3,348.3,348.25,348.25,3
20250612  11:42,348.2,348.2,347.45,348.0,17
20250612  11:43,348.05,348.15,347.75,347.85,18
20250612  11:44,347.85,347.95,347.8,347.95,8
20250612  11:45,347.9,347.9,347.9,347.9,1
20250612  11:46,347.9,347.95,347.85,347.9,8
20250612  11:47,348.0,348.1,348.0,348.1,2
20250612  11:48,348.1,348.15,348.1,348.1,5
20250612  11:49,348.1,348.1,348.1,348.1,0
20250612  11:50,348.05,348.15,347.85,347.95,14
20250612  11:51,348.1,348.1,348.05,348.05,2
20250612  11:52,348.05,348.05,348.05,348.05,0
20250612  11:53,348.3,348.35,348.1,348.25,13
20250612  11:54,348.2,348.2,348.2,348.2,1
20250612  11:55,348.15,348.2,348.1,348.2,4
20250612  11:56,348.05,348.1,347.95,348.1,5
20250612  11:57,348.0,348.0,347.85,347.85,5
20250612  11:58,348.0,348.1,348.0,348.1,5
20250612  11:59,348.0,348.15,348.0,348.15,4
20250612  12:00,348.0,348.15,347.85,347.85,7
20250612  12:01,347.85,347.85,347.85,347.85,0
20250612  12:02,347.95,347.95,347.85,347.85,2
20250612  12:03,347.85,347.85,347.85,347.85,0
20250612  12:04,348.0,348.0,347.8,348.0,5
20250612  12:05,348.0,348.0,348.0,348.0,0
20250612  12:06,348.05,348.1,347.9,348.0,8
20250612  12:07,348.0,348.0,348.0,348.0,1
20250612  12:08,347.75,347.75,347.6,347.6,11
20250612  12:09,347.75,348.15,347.75,348.15,26
20250612  12:10,348.15,348.55,348.15,348.2,56
20250612  12:11,348.05,348.05,348.0,348.0,3
20250612  12:12,347.8,348.0,347.8,348.0,3
20250612  12:13,348.25,348.25,347.9,347.9,5
20250612  12:14,347.85,347.85,347.45,347.6,23
20250612  12:15,347.6,347.6,347.6,347.6,1
20250612  12:16,347.6,347.6,347.6,347.6,0
20250612  12:17,347.6,347.6,347.6,347.6,1
20250612  12:18,347.9,347.9,347.9,347.9,1
20250612  12:19,348.0,348.0,347.8,347.95,5
20250612  12:20,347.9,348.0,347.85,348.0,6
20250612  12:21,348.0,348.0,347.85,347.85,4
20250612  12:22,347.85,347.85,347.85,347.85,0
20250612  12:23,347.75,347.85,347.75,347.75,8
20250612  12:24,347.75,347.75,347.75,347.75,0
20250612  12:25,347.6,347.8,347.3,347.8,34
20250612  12:26,347.8,347.8,347.65,347.65,3
20250612  12:27,347.9,348.0,347.9,348.0,7
20250612  12:28,348.15,348.3,348.15,348.15,13
20250612  12:29,348.25,348.25,348.1,348.1,5
20250612  12:30,348.0,348.3,347.85,347.85,7
20250612  12:31,347.75,347.85,347.6,347.85,12
20250612  12:32,347.95,347.95,347.85,347.85,2
20250612  12:33,347.95,348.0,347.95,348.0,12
20250612  12:34,348.0,348.0,348.0,348.0,0
20250612  12:35,348.15,348.25,348.15,348.25,4
20250612  12:36,348.1,348.3,348.0,348.0,3
20250612  12:37,348.0,348.0,348.0,348.0,0
20250612  12:38,347.9,347.9,347.9,347.9,1
20250612  12:39,347.9,347.9,347.9,347.9,0
20250612  12:40,347.9,347.9,347.9,347.9,1
20250612  12:41,347.9,347.9,347.9,347.9,0
20250612  12:42,348.0,348.2,347.95,348.2,7
20250612  12:43,348.2,348.2,348.2,348.2,0
20250612  12:44,348.35,348.8,348.35,348.55,57
20250612  12:45,348.5,348.5,348.5,348.5,3
20250612  12:46,348.6,348.6,348.6,348.6,1
20250612  12:47,348.6,348.6,348.6,348.6,0
20250612  12:48,348.65,348.75,348.65,348.75,2
20250612  12:49,348.55,348.7,348.5,348.6,8
20250612  12:50,348.6,348.6,348.6,348.6,0
20250612  12:51,348.3,348.3,348.15,348.15,4
20250612  12:52,348.15,348.15,347.8,347.9,36
20250612  12:53,347.85,348.05,347.85,348.05,4
20250612  12:54,348.1,348.1,348.1,348.1,1
20250612  12:55,347.95,347.95,347.85,347.95,8
20250612  12:56,347.95,347.95,347.95,347.95,0
20250612  12:57,347.9,347.95,347.75,347.9,34
20250612  12:58,347.65,347.65,347.1,347.4,81
20250612  12:59,347.6,348.35,347.6,348.3,30
20250612  13:00,348.05,348.2,348.0,348.0,4
20250612  13:01,347.9,347.95,347.7,347.7,8
20250612  13:02,347.6,347.6,347.45,347.5,7
20250612  13:03,347.75,347.75,347.75,347.75,2
20250612  13:04,347.65,347.65,347.5,347.65,7
20250612  13:05,347.65,347.65,347.5,347.5,7
20250612  13:06,347.55,347.55,347.55,347.55,1
20250612  13:07,347.55,347.55,347.55,347.55,0
20250612  13:08,347.55,347.55,347.55,347.55,0
20250612  13:09,347.55,347.55,347.55,347.55,2
20250612  13:10,347.5,347.5,347.25,347.25,8
20250612  13:11,347.4,347.75,347.4,347.6,8
20250612  13:12,347.55,347.6,347.5,347.6,5
20250612  13:13,347.25,347.25,347.25,347.25,1
20250612  13:14,347.1,347.2,346.7,346.85,16
20250612  13:15,346.8,347.0,346.8,347.0,5
20250612  13:16,347.1,347.25,346.8,346.8,10
20250612  13:17,346.8,346.8,346.8,346.8,0
20250612  13:18,346.8,346.8,346.6,346.6,7
20250612  13:19,346.65,346.65,346.25,346.3,31
20250612  13:20,346.15,346.15,345.9,345.95,19
20250612  13:21,346.05,346.5,346.05,346.4,14
20250612  13:22,346.35,346.35,346.35,346.35,1
20250612  13:23,346.4,346.4,346.2,346.2,8
20250612  13:24,346.3,346.35,346.3,346.35,2
20250612  13:25,346.3,346.45,346.3,346.45,11
20250612  13:26,346.45,346.45,346.45,346.45,1
20250612  13:27,346.55,346.55,346.55,346.55,1
20250612  13:28,346.65,346.95,346.65,346.9,8
20250612  13:29,346.9,346.9,346.9,346.9,1
20250612  13:30,346.8,346.85,346.65,346.65,6
20250613  10:15,343.25,343.3,341.6,341.6,407
20250613  10:16,341.7,342.15,341.25,341.95,106
20250613  10:17,341.7,342.7,341.65,342.5,69
20250613  10:18,342.5,342.5,342.15,342.2,20
20250613  10:19,342.2,342.35,341.85,342.15,36
20250613  10:20,342.05,342.8,341.95,342.2,57
20250613  10:21,342.2,342.75,342.1,342.6,27
20250613  10:22,342.5,342.55,342.25,342.4,7
20250613  10:23,342.2,342.45,342.05,342.1,27
20250613  10:24,342.0,342.2,342.0,342.1,7
20250613  10:25,342.1,342.1,341.95,342.0,6
20250613  10:26,342.05,342.05,341.95,341.95,2
20250613  10:27,341.85,341.85,341.6,341.85,16
20250613  10:28,341.7,341.7,340.9,340.95,36
20250613  10:29,340.85,341.4,340.75,340.75,28
20250613  10:30,340.8,341.15,340.8,340.8,13
20250613  10:31,340.9,341.0,340.75,340.85,11
20250613  10:32,340.9,341.35,340.85,340.85,24
20250613  10:33,341.0,341.35,340.9,340.95,29
20250613  10:34,341.1,341.35,340.7,340.85,38
20250613  10:35,340.7,340.7,340.65,340.65,8
20250613  10:36,340.55,340.8,340.55,340.65,10
20250613  10:37,340.6,340.6,340.3,340.4,41
20250613  10:38,340.3,340.3,339.25,339.35,398
20250613  10:39,339.4,339.9,339.25,339.85,37
20250613  10:40,339.95,340.0,339.7,339.95,18
20250613  10:41,339.9,339.9,339.25,339.65,74
20250613  10:42,339.7,339.7,339.6,339.6,6
20250613  10:43,339.65,339.7,339.35,339.7,38
20250613  10:44,339.55,339.55,339.35,339.5,6
20250613  10:45,339.75,340.15,339.5,340.0,29
20250613  10:46,340.0,340.2,339.85,340.2,11
20250613  10:47,340.15,340.35,340.1,340.1,13
20250613  10:48,340.25,340.4,340.25,340.4,4
20250613  10:49,340.2,340.45,340.2,340.3,8
20250613  10:50,340.45,340.45,340.25,340.3,5
20250613  10:51,340.25,340.7,340.1,340.7,16
20250613  10:52,340.65,340.65,340.5,340.6,16
20250613  10:53,340.4,340.55,340.15,340.45,17
20250613  10:54,340.45,340.6,340.4,340.4,4
20250613  10:55,340.35,340.7,340.35,340.45,17
20250613  10:56,340.35,340.4,340.15,340.35,29
20250613  10:57,340.5,340.7,340.45,340.45,11
20250613  10:58,340.2,340.3,340.2,340.3,3
20250613  10:59,340.3,340.3,339.95,339.95,27
20250613  11:00,340.05,340.55,339.95,340.55,26
20250613  11:01,340.4,340.45,340.1,340.1,8
20250613  11:02,339.9,340.3,339.9,340.15,13
20250613  11:03,340.1,340.1,339.95,339.95,2
20250613  11:04,340.25,340.25,340.05,340.05,2
20250613  11:05,340.05,340.2,340.05,340.2,2
20250613  11:06,339.95,339.95,339.85,339.85,9
20250613  11:07,339.5,339.5,339.25,339.25,24
20250613  11:08,339.25,339.25,339.0,339.25,25
20250613  11:09,339.35,339.35,339.15,339.25,3
20250613  11:10,339.2,339.35,339.15,339.15,7
20250613  11:11,339.05,339.05,339.0,339.0,7
20250613  11:12,338.95,339.4,338.9,339.2,31
20250613  11:13,339.45,339.5,339.3,339.45,11
20250613  11:14,339.3,339.6,339.3,339.5,11
20250613  11:15,339.6,339.6,339.25,339.25,6
20250613  11:16,339.1,339.4,339.1,339.35,6
20250613  11:17,339.1,339.25,339.05,339.05,8
20250613  11:18,339.0,339.0,338.55,338.8,52
20250613  11:19,338.95,339.3,338.95,339.2,32
20250613  11:20,339.3,339.3,338.7,338.7,45
20250613  11:21,338.85,339.05,338.75,338.95,18
20250613  11:22,338.95,339.35,338.9,339.05,16
20250613  11:23,339.2,339.2,339.2,339.2,3
20250613  11:24,339.05,339.55,339.05,339.5,9
20250613  11:25,339.8,339.8,339.7,339.75,6
20250613  11:26,339.6,339.6,339.5,339.55,8
20250613  11:27,339.35,339.35,339.35,339.35,1
20250613  11:28,339.2,339.25,339.2,339.2,6
20250613  11:29,339.3,339.35,339.3,339.35,4
20250613  11:30,339.1,339.4,339.0,339.1,25
20250613  11:31,339.0,339.0,338.7,338.9,11
20250613  11:32,338.8,338.8,338.55,338.55,12
20250613  11:33,338.9,339.15,338.9,339.15,2
20250613  11:34,339.35,339.45,339.35,339.45,2
20250613  11:35,339.5,339.5,339.5,339.5,1
20250613  11:36,339.55,339.55,339.55,339.55,1
20250613  11:37,339.55,339.55,339.55,339.55,1
20250613  11:38,339.45,339.6,339.45,339.6,5
20250613  11:39,339.55,339.55,339.45,339.45,4
20250613  11:40,339.35,339.35,339.35,339.35,2
20250613  11:41,339.45,339.45,339.45,339.45,1
20250613  11:42,339.45,339.65,339.45,339.65,3
20250613  11:43,339.6,339.8,339.6,339.8,7
20250613  11:44,339.95,340.0,339.4,339.4,29
20250613  11:45,339.1,339.5,339.1,339.3,8
20250613  11:46,339.45,339.45,339.45,339.45,3
20250613  11:47,339.65,339.85,339.65,339.65,5
20250613  11:48,339.65,339.65,339.4,339.55,7
20250613  11:49,339.25,339.35,339.15,339.35,6
20250613  11:50,339.35,339.35,339.35,339.35,0
20250613  11:51,339.3,339.3,339.2,339.2,3
20250613  11:52,339.5,339.5,339.5,339.5,1
20250613  11:53,339.6,339.6,339.35,339.35,2
20250613  11:54,339.5,339.5,339.5,339.5,1
20250613  11:55,339.65,339.65,339.65,339.65,1
20250613  11:56,339.25,339.5,339.25,339.35,6
20250613  11:57,339.5,339.5,339.2,339.35,4
20250613  11:58,339.45,339.45,339.1,339.3,10
20250613  11:59,339.2,339.3,339.1,339.3,14
20250613  12:00,339.2,339.55,339.2,339.55,12
20250613  12:01,339.1,339.2,338.8,339.2,14
20250613  12:02,339.2,339.2,338.8,338.95,10
20250613  12:03,339.1,339.1,338.7,338.75,11
20250613  12:04,338.75,338.85,338.6,338.6,3
20250613  12:05,338.65,338.75,338.65,338.75,3
20250613  12:06,338.95,338.95,338.9,338.9,2
20250613  12:07,338.85,338.85,338.85,338.85,1
20250613  12:08,338.85,338.85,338.85,338.85,1
20250613  12:09,338.85,338.85,338.65,338.8,10
20250613  12:10,338.7,339.2,338.7,339.1,32
20250613  12:11,338.95,339.35,338.9,339.3,20
20250613  12:12,339.15,339.15,339.15,339.15,1
20250613  12:13,339.0,339.0,338.55,338.65,30
20250613  12:14,338.55,338.7,338.55,338.55,17
20250613  12:15,338.7,338.7,338.7,338.7,2
20250613  12:16,338.85,338.85,338.75,338.8,10
20250613  12:17,338.8,338.85,338.8,338.85,3
20250613  12:18,339.0,339.0,338.85,338.95,6
20250613  12:19,338.75,338.8,338.75,338.8,2
20250613  12:20,338.8,338.8,337.65,337.65,83
20250613  12:21,337.65,337.9,337.65,337.9,34
20250613  12:22,337.8,338.1,337.7,337.95,26
20250613  12:23,337.7,337.9,337.7,337.9,5
20250613  12:24,337.75,337.9,337.7,337.85,10
20250613  12:25,337.7,337.9,337.7,337.8,17
20250613  12:26,337.7,337.7,337.35,337.55,69
20250613  12:27,337.65,338.25,337.65,338.25,19
20250613  12:28,338.4,338.4,338.15,338.15,13
20250613  12:29,338.35,338.35,338.35,338.35,1
20250613  12:30,338.3,338.35,338.3,338.3,6
20250613  12:31,338.3,338.3,338.2,338.2,6
20250613  12:32,338.25,338.25,338.25,338.25,2
20250613  12:33,338.2,338.2,337.7,338.0,17
20250613  12:34,337.75,338.0,337.75,338.0,7
20250613  12:35,337.85,338.0,337.8,337.8,8
20250613  12:36,337.8,338.2,337.8,338.2,17
20250613  12:37,338.25,338.35,338.1,338.35,8
20250613  12:38,338.25,338.25,338.0,338.1,17
20250613  12:39,338.05,338.05,338.0,338.0,2
20250613  12:40,338.05,338.05,338.05,338.05,3
20250613  12:41,338.05,338.25,337.4,337.4,15
20250613  12:42,337.3,337.5,337.3,337.45,10
20250613  12:43,337.25,337.35,337.1,337.1,37
20250613  12:44,337.1,337.25,337.05,337.2,29
20250613  12:45,337.35,337.4,337.35,337.4,3
20250613  12:46,337.5,337.6,337.4,337.6,24
20250613  12:47,337.65,337.75,337.65,337.65,3
20250613  12:48,337.65,337.65,337.5,337.5,2
20250613  12:49,337.65,337.7,337.65,337.65,9
20250613  12:50,337.6,337.6,337.6,337.6,10
20250613  12:51,337.6,337.6,337.4,337.4,3
20250613  12:52,337.55,337.55,337.25,337.25,8
20250613  12:53,337.25,337.4,337.25,337.3,5
20250613  12:54,337.25,337.45,337.2,337.45,22
20250613  12:55,337.35,337.55,337.2,337.55,14
20250613  12:56,337.2,337.35,337.2,337.2,19
20250613  12:57,337.2,337.2,336.85,336.85,69
20250613  12:58,336.85,336.85,336.6,336.7,46
20250613  12:59,336.85,336.9,336.5,336.5,12
20250613  13:00,336.5,336.95,336.45,336.95,51
20250613  13:01,336.95,337.2,336.85,337.05,9
20250613  13:02,336.95,336.95,336.7,336.75,7
20250613  13:03,336.9,337.0,336.9,337.0,12
20250613  13:04,337.05,337.65,337.05,337.65,26
20250613  13:05,337.65,337.9,337.6,337.75,11
20250613  13:06,337.9,338.0,337.9,337.95,6
20250613  13:07,338.25,338.35,338.25,338.35,7
20250613  13:08,338.5,338.8,338.5,338.8,7
20250613  13:09,338.4,338.45,338.05,338.15,17
20250613  13:10,338.2,338.4,338.2,338.35,3
20250613  13:11,338.05,338.05,337.1,337.1,40
20250613  13:12,337.3,338.45,337.3,338.45,28
20250613  13:13,338.4,338.7,338.35,338.7,16
20250613  13:14,338.65,338.65,338.15,338.15,14
20250613  13:15,338.25,338.25,338.1,338.15,3
20250613  13:16,338.0,338.0,337.7,337.7,7
20250613  13:17,337.65,337.8,337.55,337.55,4
20250613  13:18,337.6,337.95,337.6,337.95,15
20250613  13:19,338.0,338.0,338.0,338.0,11
20250613  13:20,338.2,338.2,338.2,338.2,2
20250613  13:21,337.8,337.85,337.75,337.8,12
20250613  13:22,337.95,338.35,337.95,338.1,4
20250613  13:23,338.25,338.25,338.25,338.25,1
20250613  13:24,338.25,338.3,338.25,338.3,3
20250613  13:25,338.4,338.45,338.35,338.35,3
20250613  13:26,337.85,337.85,337.8,337.8,2
20250613  13:27,337.9,337.95,337.85,337.9,14
20250613  13:28,337.95,338.1,337.95,338.1,6
20250613  13:29,338.2,338.3,338.0,338.0,5
20250613  13:30,337.9,338.2,337.9,338.2,4
20250616  10:15,345.9,347.45,345.6,346.85,295
20250616  10:16,346.9,347.45,346.25,346.6,87
20250616  10:17,346.65,347.1,346.6,346.9,33
20250616  10:18,346.95,347.5,346.85,347.45,25
20250616  10:19,347.6,347.65,347.35,347.5,12
20250616  10:20,347.5,347.55,347.0,347.0,33
20250616  10:21,347.0,347.6,347.0,347.45,22
20250616  10:22,347.6,348.95,347.45,348.95,71
20250616  10:23,349.0,349.8,348.3,348.3,92
20250616  10:24,348.55,348.7,348.0,348.25,21
20250616  10:25,348.5,348.7,347.9,347.9,16
20250616  10:26,348.05,348.65,348.05,348.65,17
20250616  10:27,348.1,348.4,348.1,348.3,8
20250616  10:28,348.2,348.95,348.2,348.3,23
20250616  10:29,348.4,349.2,348.4,349.2,17
20250616  10:30,349.0,349.2,348.1,348.15,33
20250616  10:31,348.1,348.5,348.0,348.0,14
20250616  10:32,348.2,348.7,348.2,348.65,10
20250616  10:33,348.95,349.0,348.5,348.5,8
20250616  10:34,348.6,348.6,348.6,348.6,1
20250616  10:35,348.3,348.6,348.05,348.25,14
20250616  10:36,348.3,348.4,348.1,348.3,12
20250616  10:37,348.3,348.3,348.3,348.3,0
20250616  10:38,348.45,348.6,348.45,348.6,3
20250616  10:39,348.6,348.6,348.6,348.6,0
20250616  10:40,348.95,348.95,348.75,348.95,7
20250616  10:41,348.85,348.9,348.85,348.9,2
20250616  10:42,348.95,349.5,348.8,349.4,17
20250616  10:43,349.45,349.45,349.4,349.4,3
20250616  10:44,349.5,349.65,349.5,349.65,3
20250616  10:45,349.45,349.45,349.0,349.0,7
20250616  10:46,348.75,348.8,348.7,348.7,5
20250616  10:47,348.9,349.0,348.9,349.0,7
20250616  10:48,349.0,349.0,349.0,349.0,1
20250616  10:49,349.15,349.15,349.05,349.05,4
20250616  10:50,349.05,349.05,349.05,349.05,0
20250616  10:51,349.25,349.25,349.25,349.25,2
20250616  10:52,349.4,349.45,349.15,349.15,8
20250616  10:53,349.15,349.15,349.15,349.15,2
20250616  10:54,349.25,349.25,349.25,349.25,1
20250616  10:55,349.15,349.15,349.0,349.05,10
20250616  10:56,349.2,349.2,349.2,349.2,4
20250616  10:57,349.2,349.55,349.2,349.55,3
20250616  10:58,349.3,349.35,349.3,349.35,2
20250616  10:59,349.3,349.4,349.05,349.4,6
20250616  11:00,349.4,349.4,349.4,349.4,0
20250616  11:01,349.25,349.25,348.75,348.75,8
20250616  11:02,348.75,348.75,348.75,348.75,3
20250616  11:03,348.5,348.5,348.25,348.25,5
20250616  11:04,348.3,348.5,348.3,348.35,4
20250616  11:05,348.5,348.5,348.45,348.45,4
20250616  11:06,348.65,348.85,348.65,348.85,2
20250616  11:07,348.8,348.8,348.5,348.5,2
20250616  11:08,348.5,348.5,348.25,348.25,3
20250616  11:09,348.25,348.25,348.25,348.25,0
20250616  11:10,348.3,348.45,347.5,347.6,113
20250616  11:11,347.6,347.75,347.6,347.75,6
20250616  11:12,347.8,348.05,347.8,347.9,10
20250616  11:13,348.0,348.0,347.9,347.9,10
20250616  11:14,347.75,347.8,347.4,347.4,7
20250616  11:15,347.5,347.5,347.1,347.2,43
20250616  11:16,347.1,347.2,346.65,346.65,69
20250616  11:17,346.6,346.85,346.4,346.85,35
20250616  11:18,346.65,346.8,346.4,346.45,10
20250616  11:19,346.55,346.8,346.55,346.8,4
20250616  11:20,346.9,346.9,346.75,346.75,2
20250616  11:21,347.0,347.55,347.0,347.45,16
20250616  11:22,347.45,347.45,347.45,347.45,2
20250616  11:23,347.35,347.65,347.35,347.45,9
20250616  11:24,347.75,347.85,347.6,347.6,7
20250616  11:25,347.35,347.5,347.35,347.45,5
20250616  11:26,347.45,347.45,347.45,347.45,0
20250616  11:27,347.45,347.45,347.45,347.45,0
20250616  11:28,347.4,347.55,347.3,347.55,16
20250616  11:29,347.4,347.65,347.3,347.65,17
20250616  11:30,347.55,347.55,347.55,347.55,1
20250616  11:31,347.55,347.55,347.3,347.35,7
20250616  11:32,347.25,347.45,347.25,347.45,5
20250616  11:33,347.65,347.65,347.25,347.25,9
20250616  11:34,347.5,347.5,347.5,347.5,1
20250616  11:35,347.8,347.8,347.7,347.7,3
20250616  11:36,347.7,347.7,347.7,347.7,0
20250616  11:37,347.2,347.3,347.1,347.1,6
20250616  11:38,347.0,347.25,347.0,347.25,4
20250616  11:39,347.25,347.25,347.25,347.25,0
20250616  11:40,347.25,347.25,347.25,347.25,0
20250616  11:41,346.75,346.75,346.45,346.5,14
20250616  11:42,346.45,346.45,346.05,346.05,10
20250616  11:43,346.05,346.05,345.75,345.75,39
20250616  11:44,345.8,345.8,345.75,345.75,3
20250616  11:45,345.75,345.75,345.55,345.75,5
20250616  11:46,345.75,345.75,345.75,345.75,0
20250616  11:47,345.8,345.9,345.8,345.9,5
20250616  11:48,346.1,346.4,346.1,346.4,4
20250616  11:49,346.4,346.4,346.4,346.4,0
20250616  11:50,346.65,346.65,346.4,346.4,6
20250616  11:51,346.55,346.55,346.55,346.55,1
20250616  11:52,346.6,346.65,346.5,346.5,5
20250616  11:53,346.5,346.5,346.5,346.5,1
20250616  11:54,346.35,346.35,346.3,346.3,2
20250616  11:55,346.3,346.3,346.3,346.3,0
20250616  11:56,345.9,345.9,345.8,345.8,5
20250616  11:57,345.65,345.85,345.45,345.5,40
20250616  11:58,345.7,345.85,345.6,345.6,6
20250616  11:59,345.45,345.45,345.45,345.45,12
20250616  12:00,345.45,345.45,344.85,345.25,25
20250616  12:01,345.05,345.05,344.15,344.35,41
20250616  12:02,344.15,344.15,343.45,343.7,27
20250616  12:03,344.05,344.05,343.75,344.05,13
20250616  12:04,343.9,344.1,343.7,343.7,11
20250616  12:05,343.6,344.0,343.55,343.65,27
20250616  12:06,343.5,343.5,343.35,343.4,21
20250616  12:07,343.2,343.2,342.65,343.0,30
20250616  12:08,343.0,343.0,343.0,343.0,0
20250616  12:09,343.05,343.1,342.9,342.95,8
20250616  12:10,343.15,343.15,343.0,343.15,12
20250616  12:11,342.9,343.3,342.9,343.3,4
20250616  12:12,343.15,343.15,342.85,342.85,4
20250616  12:13,343.0,343.1,342.95,343.1,10
20250616  12:14,343.3,343.3,343.15,343.15,4
20250616  12:15,343.25,343.25,343.05,343.05,4
20250616  12:16,343.35,343.35,343.1,343.25,5
20250616  12:17,343.35,343.35,343.35,343.35,1
20250616  12:18,343.2,343.2,343.05,343.2,5
20250616  12:19,343.2,343.3,343.2,343.3,8
20250616  12:20,343.3,343.3,343.3,343.3,0
20250616  12:21,343.2,343.2,343.2,343.2,1
20250616  12:22,343.35,343.35,343.35,343.35,1
20250616  12:23,343.2,343.4,343.2,343.4,3
20250616  12:24,343.45,343.45,343.45,343.45,1
20250616  12:25,343.15,343.3,343.1,343.3,8
20250616  12:26,343.3,343.3,343.3,343.3,0
20250616  12:27,343.45,343.5,343.4,343.5,3
20250616  12:28,343.4,343.55,343.1,343.3,25
20250616  12:29,343.15,343.15,343.15,343.15,1
20250616  12:30,343.35,343.35,343.2,343.2,2
20250616  12:31,343.45,343.65,343.45,343.65,6
20250616  12:32,343.65,343.65,343.65,343.65,0
20250616  12:33,343.45,343.45,343.45,343.45,3
20250616  12:34,343.15,343.6,343.15,343.6,6
20250616  12:35,343.75,343.75,343.75,343.75,1
20250616  12:36,343.75,344.7,343.75,344.3,69
20250616  12:37,344.05,344.6,344.0,344.6,11
20250616  12:38,344.6,344.6,344.15,344.15,3
20250616  12:39,344.1,344.1,344.1,344.1,1
20250616  12:40,344.25,344.3,344.25,344.3,3
20250616  12:41,344.2,344.6,344.2,344.5,9
20250616  12:42,344.5,344.5,344.5,344.5,0
20250616  12:43,344.4,344.4,344.35,344.35,10
20250616  12:44,344.25,344.7,344.25,344.7,13
20250616  12:45,344.35,344.4,344.1,344.4,4
20250616  12:46,344.4,344.4,344.4,344.4,0
20250616  12:47,344.4,344.4,344.4,344.4,0
20250616  12:48,344.4,344.4,344.4,344.4,0
20250616  12:49,344.1,344.4,344.1,344.4,4
20250616  12:50,344.3,344.55,344.3,344.55,3
20250616  12:51,344.7,345.3,344.7,345.2,9
20250616  12:52,345.35,346.05,345.35,345.95,31
20250616  12:53,345.65,345.65,345.35,345.35,8
20250616  12:54,345.7,345.7,345.35,345.35,3
20250616  12:55,345.9,345.9,345.9,345.9,1
20250616  12:56,345.4,345.4,345.25,345.25,3
20250616  12:57,345.4,345.45,345.4,345.45,3
20250616  12:58,345.5,345.5,345.15,345.2,4
20250616  12:59,345.15,345.15,345.15,345.15,2
20250616  13:00,345.45,345.45,345.25,345.3,7
20250616  13:01,345.35,345.35,345.0,345.05,16
20250616  13:02,344.95,344.95,344.7,344.7,3
20250616  13:03,344.5,344.55,344.5,344.55,3
20250616  13:04,344.4,344.4,343.9,343.9,29
20250616  13:05,344.0,344.0,343.65,343.65,7
20250616  13:06,343.9,343.9,343.75,343.9,5
20250616  13:07,344.05,344.05,343.75,343.75,2
20250616  13:08,343.65,343.65,343.6,343.6,4
20250616  13:09,343.5,343.5,343.5,343.5,3
20250616  13:10,343.75,343.75,343.75,343.75,2
20250616  13:11,343.6,343.6,343.6,343.6,1
20250616  13:12,343.75,343.8,343.75,343.8,2
20250616  13:13,343.85,343.85,343.85,343.85,2
20250616  13:14,343.85,343.85,343.85,343.85,1
20250616  13:15,344.05,344.05,343.75,343.75,8
20250616  13:16,344.2,344.55,344.15,344.15,10
20250616  13:17,344.25,344.25,344.1,344.1,3
20250616  13:18,344.05,344.05,343.9,343.9,6
20250616  13:19,344.05,344.1,343.95,343.95,5
20250616  13:20,344.0,344.2,343.9,344.2,11
20250616  13:21,344.0,344.05,343.85,343.9,14
20250616  13:22,343.7,343.7,343.45,343.45,7
20250616  13:23,343.45,343.5,343.35,343.35,5
20250616  13:24,343.15,343.15,343.0,343.0,6
20250616  13:25,342.9,343.5,342.85,343.5,9
20250616  13:26,343.35,343.35,343.35,343.35,1
20250616  13:27,343.35,343.75,343.3,343.75,23
20250616  13:28,343.75,343.75,343.75,343.75,0
20250616  13:29,343.75,343.75,343.75,343.75,0
20250616  13:30,343.75,343.75,343.75,343.75,0
20250617  10:15,342.6,343.25,342.15,342.45,173
20250617  10:16,342.85,342.85,342.3,342.45,31
20250617  10:17,342.2,343.3,342.2,342.8,62
20250617  10:18,342.75,343.45,342.5,343.45,33
20250617  10:19,343.25,343.45,343.05,343.05,40
20250617  10:20,343.1,343.25,342.85,343.05,21
20250617  10:21,342.9,343.1,342.85,342.9,9
20250617  10:22,342.8,342.9,342.6,342.75,17
20250617  10:23,342.95,343.35,342.85,343.25,18
20250617  10:24,343.05,343.2,343.05,343.2,4
20250617  10:25,343.25,343.25,342.55,343.0,12
20250617  10:26,343.05,343.2,343.05,343.2,6
20250617  10:27,343.25,344.05,343.25,343.45,56
20250617  10:28,343.1,343.1,342.7,342.7,16
20250617  10:29,342.6,343.05,342.6,342.9,6
20250617  10:30,342.9,342.9,342.65,342.65,7
20250617  10:31,342.85,343.0,342.6,342.75,12
20250617  10:32,342.7,342.7,342.5,342.7,11
20250617  10:33,342.7,342.7,342.7,342.7,0
20250617  10:34,343.0,343.0,341.9,341.95,65
20250617  10:35,341.9,342.0,341.6,341.6,12
20250617  10:36,341.45,341.45,341.05,341.05,12
20250617  10:37,341.05,341.45,341.05,341.45,6
20250617  10:38,341.45,341.7,341.45,341.7,11
20250617  10:39,341.5,341.5,341.1,341.25,4
20250617  10:40,341.05,341.25,341.0,341.25,6
20250617  10:41,341.4,341.4,341.4,341.4,1
20250617  10:42,341.4,341.4,341.4,341.4,0
20250617  10:43,341.55,341.55,341.4,341.4,7
20250617  10:44,341.6,341.8,341.6,341.8,9
20250617  10:45,341.7,341.9,341.7,341.9,5
20250617  10:46,341.9,341.9,341.5,341.5,6
20250617  10:47,341.5,341.5,341.5,341.5,0
20250617  10:48,341.4,341.55,341.4,341.45,17
20250617  10:49,341.55,341.55,341.55,341.55,1
20250617  10:50,341.55,341.55,341.55,341.55,0
20250617  10:51,341.85,341.85,341.85,341.85,1
20250617  10:52,341.85,341.85,341.85,341.85,0
20250617  10:53,341.85,341.85,341.85,341.85,0
20250617  10:54,341.85,341.9,341.85,341.85,3
20250617  10:55,341.85,341.85,341.85,341.85,0
20250617  10:56,341.65,342.05,341.65,342.05,13
20250617  10:57,342.05,342.1,342.05,342.1,2
20250617  10:58,342.1,342.1,342.1,342.1,0
20250617  10:59,342.15,342.5,342.15,342.35,9
20250617  11:00,342.35,342.45,342.3,342.45,8
20250617  11:01,342.5,343.0,342.5,342.6,50
20250617  11:02,342.5,342.65,342.4,342.65,9
20250617  11:03,342.7,342.7,342.7,342.7,2
20250617  11:04,342.45,342.45,342.45,342.45,1
20250617  11:05,342.3,342.3,342.2,342.2,2
20250617  11:06,342.5,342.5,342.5,342.5,1
20250617  11:07,342.7,342.7,342.7,342.7,2
20250617  11:08,342.7,342.7,342.7,342.7,0
20250617  11:09,342.75,342.75,342.55,342.7,16
20250617  11:10,342.7,342.7,342.6,342.6,3
20250617  11:11,342.55,342.6,342.55,342.6,3
20250617  11:12,342.5,342.5,342.5,342.5,1
20250617  11:13,342.5,342.5,342.5,342.5,0
20250617  11:14,342.5,342.5,342.5,342.5,0
20250617  11:15,342.3,342.3,342.0,342.0,16
20250617  11:16,341.95,342.05,341.8,342.05,21
20250617  11:17,342.0,342.0,342.0,342.0,1
20250617  11:18,342.0,342.0,341.75,341.75,5
20250617  11:19,341.7,341.7,341.55,341.6,8
20250617  11:20,341.45,341.45,341.3,341.35,6
20250617  11:21,341.35,341.35,341.35,341.35,0
20250617  11:22,341.35,341.35,341.35,341.35,2
20250617  11:23,341.35,341.35,341.35,341.35,5
20250617  11:24,341.2,342.1,341.15,342.1,20
20250617  11:25,341.6,341.65,341.35,341.4,12
20250617  11:26,341.3,341.3,341.0,341.05,21
20250617  11:27,341.1,341.15,340.7,340.7,33
20250617  11:28,340.55,340.6,340.4,340.4,7
20250617  11:29,340.35,340.65,340.25,340.65,11
20250617  11:30,340.6,340.85,340.6,340.8,21
20250617  11:31,340.8,340.8,340.8,340.8,0
20250617  11:32,340.9,341.05,340.9,340.9,12
20250617  11:33,341.0,341.1,341.0,341.05,5
20250617  11:34,340.9,340.9,340.7,340.7,3
20250617  11:35,340.6,340.75,340.6,340.75,2
20250617  11:36,340.75,340.95,340.75,340.95,13
20250617  11:37,340.95,341.0,340.95,340.95,6
20250617  11:38,341.25,341.3,341.25,341.3,3
20250617  11:39,341.3,341.3,341.3,341.3,1
20250617  11:40,341.15,341.25,341.0,341.25,7
20250617  11:41,341.25,341.25,341.25,341.25,0
20250617  11:42,341.35,341.35,341.35,341.35,2
20250617  11:43,341.45,341.65,341.45,341.65,7
20250617  11:44,341.8,341.8,341.8,341.8,2
20250617  11:45,341.95,342.15,341.95,342.1,14
20250617  11:46,342.05,342.05,341.8,341.8,14
20250617  11:47,341.8,341.8,341.8,341.8,0
20250617  11:48,341.65,341.65,341.5,341.6,3
20250617  11:49,341.5,341.5,341.3,341.5,5
20250617  11:50,341.4,341.4,341.4,341.4,1
20250617  11:51,341.35,341.35,340.85,340.95,15
20250617  11:52,340.85,341.45,340.85,341.35,15
20250617  11:53,341.35,341.35,341.2,341.2,6
20250617  11:54,341.2,341.2,341.2,341.2,0
20250617  11:55,341.35,341.35,341.35,341.35,2
20250617  11:56,341.6,341.6,341.45,341.6,20
20250617  11:57,341.45,341.45,340.9,341.1,11
20250617  11:58,341.3,341.3,341.25,341.25,4
20250617  11:59,341.25,341.4,341.25,341.4,2
20250617  12:00,341.55,341.55,341.4,341.4,2
20250617  12:01,341.25,341.25,341.2,341.2,4
20250617  12:02,341.5,341.5,341.5,341.5,1
20250617  12:03,341.3,341.3,341.3,341.3,1
20250617  12:04,341.3,341.3,341.3,341.3,0
20250617  12:05,341.3,341.3,341.3,341.3,0
20250617  12:06,341.3,341.3,341.3,341.3,0
20250617  12:07,341.15,341.15,341.15,341.15,1
20250617  12:08,341.15,341.4,341.15,341.4,15
20250617  12:09,341.4,341.4,341.4,341.4,1
20250617  12:10,341.55,341.55,341.35,341.35,2
20250617  12:11,341.35,341.35,341.35,341.35,0
20250617  12:12,341.25,341.25,341.25,341.25,1
20250617  12:13,341.25,341.25,341.25,341.25,6
20250617  12:14,341.45,341.45,341.3,341.3,6
20250617  12:15,341.1,341.3,340.7,340.8,20
20250617  12:16,341.05,341.05,341.05,341.05,1
20250617  12:17,341.0,341.0,340.75,340.9,4
20250617  12:18,340.95,340.95,340.95,340.95,1
20250617  12:19,340.9,341.4,340.8,341.4,21
20250617  12:20,341.3,341.4,341.1,341.25,8
20250617  12:21,341.25,341.3,341.25,341.3,2
20250617  12:22,341.4,341.4,341.4,341.4,1
20250617  12:23,341.4,341.4,341.2,341.2,10
20250617  12:24,341.15,341.15,340.5,340.55,19
20250617  12:25,340.5,340.5,340.3,340.45,22
20250617  12:26,340.35,340.4,340.35,340.4,3
20250617  12:27,340.5,340.5,340.4,340.45,13
20250617  12:28,340.5,340.5,340.5,340.5,2
20250617  12:29,340.55,341.0,340.5,340.75,16
20250617  12:30,340.95,341.0,340.95,341.0,4
20250617  12:31,340.85,340.85,340.85,340.85,2
20250617  12:32,340.75,340.75,340.75,340.75,1
20250617  12:33,340.75,340.75,340.75,340.75,1
20250617  12:34,340.75,340.75,340.75,340.75,0
20250617  12:35,340.45,340.45,340.45,340.45,1
20250617  12:36,340.5,340.8,340.5,340.8,6
20250617  12:37,340.8,340.8,340.8,340.8,0
20250617  12:38,341.0,341.0,340.9,340.9,2
20250617  12:39,340.9,340.9,340.9,340.9,0
20250617  12:40,341.15,341.15,340.9,341.05,5
20250617  12:41,340.8,340.8,340.8,340.8,3
20250617  12:42,340.9,340.9,340.9,340.9,1
20250617  12:43,340.9,340.9,340.9,340.9,2
20250617  12:44,341.05,341.05,341.05,341.05,2
20250617  12:45,341.05,341.05,341.05,341.05,1
20250617  12:46,341.05,341.05,341.05,341.05,1
20250617  12:47,341.1,341.25,341.05,341.05,6
20250617  12:48,341.0,341.0,341.0,341.0,1
20250617  12:49,341.15,341.15,340.85,340.85,4
20250617  12:50,341.05,341.15,340.95,340.95,3
20250617  12:51,341.1,341.1,340.75,340.85,7
20250617  12:52,340.75,340.95,340.75,340.95,2
20250617  12:53,340.95,340.95,340.95,340.95,1
20250617  12:54,341.0,341.0,341.0,341.0,1
20250617  12:55,341.1,341.1,341.1,341.1,1
20250617  12:56,341.3,341.3,341.3,341.3,1
20250617  12:57,341.3,341.3,341.3,341.3,0
20250617  12:58,341.3,341.3,341.3,341.3,0
20250617  12:59,341.1,341.1,340.45,340.45,13
20250617  13:00,340.55,340.75,340.55,340.75,2
20250617  13:01,340.75,340.75,340.55,340.75,5
20250617  13:02,341.0,341.0,341.0,341.0,1
20250617  13:03,341.2,341.25,341.15,341.2,8
20250617  13:04,341.2,341.2,340.6,340.75,8
20250617  13:05,340.75,340.75,340.75,340.75,0
20250617  13:06,340.75,340.75,340.75,340.75,1
20250617  13:07,340.7,340.7,340.5,340.5,5
20250617  13:08,340.7,340.7,340.7,340.7,2
20250617  13:09,340.7,340.7,340.5,340.5,3
20250617  13:10,340.55,340.65,340.55,340.65,3
20250617  13:11,340.5,340.5,340.5,340.5,1
20250617  13:12,340.25,340.45,340.2,340.4,10
20250617  13:13,340.45,340.65,340.4,340.4,7
20250617  13:14,340.4,340.65,340.4,340.65,8
20250617  13:15,340.35,340.35,339.8,339.8,64
20250617  13:16,339.75,339.75,339.1,339.55,86
20250617  13:17,339.45,339.45,339.15,339.2,15
20250617  13:18,339.1,339.1,338.65,338.75,101
20250617  13:19,338.75,338.8,338.55,338.55,25
20250617  13:20,338.35,338.8,338.2,338.4,40
20250617  13:21,338.5,338.5,338.2,338.45,19
20250617  13:22,338.35,338.6,338.35,338.6,8
20250617  13:23,338.55,338.55,338.4,338.4,2
20250617  13:24,338.45,338.45,338.45,338.45,1
20250617  13:25,338.25,338.35,337.9,338.35,91
20250617  13:26,338.4,339.05,338.2,338.85,36
20250617  13:27,338.75,338.8,338.7,338.8,7
20250617  13:28,338.75,338.75,338.55,338.55,25
20250617  13:29,338.3,338.4,337.75,337.9,20
20250617  13:30,337.8,338.15,337.75,338.05,11
20250618  10:15,330.4,331.2,329.2,329.3,444
20250618  10:16,329.15,329.6,328.85,329.15,103
20250618  10:17,329.35,329.95,329.3,329.3,26
20250618  10:18,329.3,329.6,329.05,329.4,17
20250618  10:19,329.2,329.25,329.2,329.2,8
20250618  10:20,329.1,329.75,329.05,329.75,14
20250618  10:21,329.6,329.6,329.35,329.35,4
20250618  10:22,329.25,329.4,329.05,329.15,32
20250618  10:23,329.1,329.45,329.05,329.4,32
20250618  10:24,329.4,329.75,329.4,329.75,8
20250618  10:25,329.3,329.4,329.25,329.25,7
20250618  10:26,329.4,329.4,329.15,329.15,5
20250618  10:27,329.1,329.1,328.55,328.85,38
20250618  10:28,328.65,328.75,328.45,328.5,28
20250618  10:29,328.45,328.55,328.25,328.25,36
20250618  10:30,328.15,328.45,328.05,328.35,60
20250618  10:31,328.35,328.65,328.35,328.6,30
20250618  10:32,328.45,328.75,328.4,328.75,14
20250618  10:33,328.75,329.15,328.55,329.15,34
20250618  10:34,329.4,329.95,329.3,329.85,22
20250618  10:35,329.7,330.7,329.45,330.55,51
20250618  10:36,330.3,330.9,330.1,330.7,26
20250618  10:37,330.9,330.95,330.55,330.75,21
20250618  10:38,330.65,330.65,330.65,330.65,2
20250618  10:39,330.5,330.55,330.2,330.4,10
20250618  10:40,330.4,330.4,329.55,329.8,31
20250618  10:41,329.7,329.7,329.7,329.7,2
20250618  10:42,329.4,329.4,329.05,329.4,10
20250618  10:43,329.5,329.55,329.35,329.35,4
20250618  10:44,329.55,329.9,329.55,329.6,10
20250618  10:45,329.55,329.55,329.55,329.55,2
20250618  10:46,329.55,329.55,329.55,329.55,0
20250618  10:47,329.85,330.25,329.85,330.05,5
20250618  10:48,330.25,331.0,330.25,330.75,27
20250618  10:49,330.7,330.7,330.2,330.25,16
20250618  10:50,330.3,330.35,330.2,330.2,65
20250618  10:51,330.2,330.65,330.2,330.65,12
20250618  10:52,330.35,330.55,330.35,330.5,5
20250618  10:53,330.65,330.65,330.65,330.65,1
20250618  10:54,330.6,330.7,330.55,330.55,9
20250618  10:55,330.7,330.75,330.6,330.6,5
20250618  10:56,330.6,330.6,330.45,330.5,4
20250618  10:57,330.45,330.45,330.2,330.3,17
20250618  10:58,330.05,330.25,330.05,330.25,2
20250618  10:59,330.4,330.4,330.25,330.25,2
20250618  11:00,330.15,330.7,330.15,330.6,17
20250618  11:01,330.45,330.45,330.35,330.35,3
20250618  11:02,330.3,330.5,330.3,330.5,5
20250618  11:03,330.5,330.55,330.35,330.35,12
20250618  11:04,330.0,330.0,329.75,329.85,19
20250618  11:05,330.0,330.0,329.85,329.85,2
20250618  11:06,329.85,329.85,329.85,329.85,0
20250618  11:07,329.85,329.85,329.65,329.65,21
20250618  11:08,329.5,329.5,329.4,329.4,2
20250618  11:09,329.6,329.6,329.4,329.4,7
20250618  11:10,329.7,330.0,329.7,329.8,45
20250618  11:11,329.65,330.0,329.65,330.0,9
20250618  11:12,329.85,330.0,329.15,329.35,44
20250618  11:13,329.5,329.8,329.5,329.6,10
20250618  11:14,329.1,329.45,329.1,329.45,12
20250618  11:15,329.25,329.6,329.25,329.35,37
20250618  11:16,329.5,329.5,329.5,329.5,2
20250618  11:17,329.55,329.55,329.4,329.45,9
20250618  11:18,329.35,329.35,329.05,329.05,12
20250618  11:19,328.95,329.0,328.55,329.0,33
20250618  11:20,328.8,328.95,328.8,328.85,5
20250618  11:21,328.8,328.8,328.8,328.8,1
20250618  11:22,328.8,328.85,328.8,328.85,4
20250618  11:23,328.8,329.2,328.8,329.15,25
20250618  11:24,329.05,329.4,329.0,329.4,13
20250618  11:25,329.45,329.45,329.2,329.2,5
20250618  11:26,329.3,329.3,329.3,329.3,4
20250618  11:27,329.2,329.2,329.2,329.2,1
20250618  11:28,329.2,329.25,329.2,329.25,3
20250618  11:29,329.2,329.5,329.2,329.5,12
20250618  11:30,329.6,329.65,329.4,329.4,7
20250618  11:31,329.55,329.75,329.5,329.5,15
20250618  11:32,329.2,329.25,329.2,329.25,3
20250618  11:33,329.25,329.3,328.95,329.1,15
20250618  11:34,329.05,329.15,328.9,329.15,6
20250618  11:35,328.85,328.9,328.6,328.6,14
20250618  11:36,328.45,328.6,328.4,328.4,9
20250618  11:37,328.5,328.6,328.3,328.6,18
20250618  11:38,328.5,328.5,328.4,328.45,8
20250618  11:39,328.6,328.65,328.6,328.65,4
20250618  11:40,328.7,328.7,328.3,328.4,29
20250618  11:41,328.4,328.55,328.15,328.3,23
20250618  11:42,328.2,328.25,328.05,328.25,30
20250618  11:43,328.3,328.45,328.15,328.45,10
20250618  11:44,328.45,328.6,328.45,328.55,6
20250618  11:45,328.4,328.5,328.2,328.35,17
20250618  11:46,328.4,328.5,328.25,328.5,45
20250618  11:47,328.65,328.7,328.5,328.7,13
20250618  11:48,328.75,328.85,328.45,328.75,17
20250618  11:49,328.95,329.1,328.95,329.1,5
20250618  11:50,329.0,329.0,328.8,329.0,7
20250618  11:51,328.55,328.55,328.15,328.15,14
20250618  11:52,328.2,328.4,327.25,327.6,95
20250618  11:53,327.55,327.95,327.55,327.95,15
20250618  11:54,327.75,327.85,327.5,327.7,23
20250618  11:55,327.6,328.05,327.6,327.9,18
20250618  11:56,327.85,328.0,327.8,327.9,6
20250618  11:57,327.75,327.95,327.75,327.95,9
20250618  11:58,327.5,327.5,327.5,327.5,2
20250618  11:59,327.7,327.7,327.4,327.65,7
20250618  12:00,327.95,327.95,327.7,327.8,4
20250618  12:01,327.8,327.95,327.75,327.9,5
20250618  12:02,328.0,328.05,327.6,327.6,12
20250618  12:03,327.5,327.6,327.5,327.6,7
20250618  12:04,327.45,327.7,327.45,327.7,10
20250618  12:05,327.65,327.65,327.3,327.3,14
20250618  12:06,327.2,327.3,327.15,327.2,34
20250618  12:07,327.2,327.35,327.2,327.35,15
20250618  12:08,327.45,327.8,327.45,327.55,9
20250618  12:09,327.6,327.75,327.55,327.65,22
20250618  12:10,327.65,327.75,327.6,327.75,7
20250618  12:11,327.75,327.85,327.75,327.85,5
20250618  12:12,327.85,328.4,327.85,328.1,29
20250618  12:13,328.2,328.2,327.9,328.05,5
20250618  12:14,328.05,328.1,328.0,328.05,5
20250618  12:15,328.2,328.4,328.15,328.15,4
20250618  12:16,328.15,328.2,328.0,328.0,7
20250618  12:17,328.0,328.0,328.0,328.0,0
20250618  12:18,327.9,327.9,327.9,327.9,3
20250618  12:19,328.1,328.15,328.0,328.15,5
20250618  12:20,328.15,328.15,328.15,328.15,0
20250618  12:21,328.1,328.15,327.9,327.9,9
20250618  12:22,327.7,327.7,327.65,327.7,6
20250618  12:23,327.75,327.85,327.75,327.75,10
20250618  12:24,327.65,327.75,327.65,327.75,4
20250618  12:25,327.75,327.75,327.75,327.75,0
20250618  12:26,327.7,327.75,327.45,327.45,8
20250618  12:27,327.45,327.6,327.4,327.55,7
20250618  12:28,327.5,327.5,327.35,327.35,8
20250618  12:29,327.3,327.35,326.85,326.9,91
20250618  12:30,327.05,327.15,326.75,326.9,41
20250618  12:31,326.85,327.1,326.75,327.1,13
20250618  12:32,327.25,327.3,327.2,327.2,7
20250618  12:33,327.05,327.25,326.9,326.9,11
20250618  12:34,327.0,327.0,326.7,326.7,37
20250618  12:35,326.65,326.65,326.55,326.55,20
20250618  12:36,326.7,326.75,326.6,326.75,5
20250618  12:37,326.75,326.8,326.7,326.8,11
20250618  12:38,326.7,326.7,326.2,326.3,40
20250618  12:39,326.45,326.45,326.45,326.45,2
20250618  12:40,326.2,326.3,325.95,326.1,34
20250618  12:41,326.0,326.05,325.9,325.9,10
20250618  12:42,325.85,326.05,325.8,325.95,17
20250618  12:43,326.05,326.05,326.05,326.05,2
20250618  12:44,325.9,326.35,325.9,326.35,37
20250618  12:45,326.3,326.4,325.9,325.9,13
20250618  12:46,326.1,326.15,326.05,326.05,8
20250618  12:47,326.1,326.35,326.1,326.3,27
20250618  12:48,326.4,326.4,326.4,326.4,3
20250618  12:49,326.2,326.2,325.8,326.0,16
20250618  12:50,326.1,326.45,326.1,326.25,14
20250618  12:51,326.45,326.55,326.3,326.4,27
20250618  12:52,326.6,326.65,326.5,326.65,11
20250618  12:53,326.55,326.6,326.5,326.55,11
20250618  12:54,326.5,326.5,326.5,326.5,1
20250618  12:55,326.4,326.7,326.35,326.65,10
20250618  12:56,326.5,327.0,326.5,327.0,9
20250618  12:57,326.9,327.1,326.9,327.1,2
20250618  12:58,327.0,327.15,327.0,327.15,4
20250618  12:59,327.1,327.1,326.9,327.05,11
20250618  13:00,327.1,327.2,327.05,327.2,11
20250618  13:01,327.15,327.15,326.8,326.8,7
20250618  13:02,326.65,326.95,326.6,326.95,16
20250618  13:03,326.75,326.75,326.75,326.75,1
20250618  13:04,326.85,326.9,326.8,326.9,13
20250618  13:05,326.8,327.15,326.8,327.1,15
20250618  13:06,327.1,327.1,326.75,326.75,27
20250618  13:07,326.75,327.0,326.5,327.0,36
20250618  13:08,327.0,327.0,326.75,326.75,13
20250618  13:09,326.85,327.0,326.75,326.75,18
20250618  13:10,326.7,326.7,326.25,326.4,17
20250618  13:11,326.3,326.3,325.7,325.75,116
20250618  13:12,326.15,326.15,325.95,325.95,13
20250618  13:13,325.95,325.95,325.95,325.95,0
20250618  13:14,325.95,325.95,325.95,325.95,0
20250618  13:15,325.95,325.95,325.95,325.95,0
20250618  13:16,326.3,326.5,326.25,326.5,12
20250618  13:17,326.55,326.55,326.55,326.55,2
20250618  13:18,326.55,326.75,326.45,326.75,11
20250618  13:19,326.75,326.75,326.75,326.75,0
20250618  13:20,326.55,326.55,326.55,326.55,1
20250618  13:21,326.65,327.1,326.65,327.05,15
20250618  13:22,327.25,327.25,327.25,327.25,1
20250618  13:23,327.25,327.4,327.2,327.35,7
20250618  13:24,327.2,327.5,327.2,327.5,8
20250618  13:25,327.5,327.5,327.5,327.5,3
20250618  13:26,327.6,327.6,327.25,327.6,33
20250618  13:27,327.7,327.75,327.6,327.6,7
20250618  13:28,327.7,327.7,327.6,327.7,6
20250618  13:29,327.5,327.85,327.5,327.85,9
20250618  13:30,327.8,327.8,327.55,327.55,5
20250620  10:15,322.85,324.9,322.85,324.65,451
20250620  10:16,324.55,324.55,323.45,324.4,114
20250620  10:17,324.05,324.8,323.8,324.5,49
20250620  10:18,324.5,324.9,324.4,324.45,29
20250620  10:19,324.4,325.0,324.0,324.8,84
20250620  10:20,324.95,325.0,324.15,324.95,108
20250620  10:21,324.8,324.8,324.05,324.05,41
20250620  10:22,324.0,324.0,322.4,322.5,60
20250620  10:23,322.4,323.7,322.4,323.35,61
20250620  10:24,323.7,323.8,323.35,323.6,27
20250620  10:25,323.25,323.85,323.25,323.65,30
20250620  10:26,323.45,323.85,323.4,323.65,33
20250620  10:27,323.65,323.85,323.5,323.6,26
20250620  10:28,323.85,324.6,323.75,324.35,51
20250620  10:29,324.2,324.6,324.15,324.2,26
20250620  10:30,323.95,324.0,323.5,323.8,15
20250620  10:31,323.9,324.1,323.8,323.8,14
20250620  10:32,323.5,323.8,323.15,323.15,30
20250620  10:33,323.15,323.15,322.3,322.4,46
20250620  10:34,322.7,323.2,322.7,323.15,6
20250620  10:35,323.0,323.35,323.0,323.35,11
20250620  10:36,323.4,324.1,323.4,323.65,38
20250620  10:37,324.1,324.1,323.55,323.55,2
20250620  10:38,323.35,323.9,323.35,323.4,4
20250620  10:39,323.5,323.85,323.5,323.7,10
20250620  10:40,323.55,324.25,323.55,324.25,6
20250620  10:41,324.0,324.1,324.0,324.1,3
20250620  10:42,324.1,324.4,324.1,324.4,8
20250620  10:43,324.4,324.4,324.4,324.4,2
20250620  10:44,324.25,324.4,324.05,324.3,6
20250620  10:45,324.05,324.1,323.85,324.1,10
20250620  10:46,323.85,323.85,323.85,323.85,3
20250620  10:47,323.45,323.45,323.45,323.45,1
20250620  10:48,323.75,323.95,323.75,323.95,5
20250620  10:49,323.85,324.25,323.85,323.95,7
20250620  10:50,323.9,324.2,323.9,323.95,4
20250620  10:51,324.15,324.2,324.15,324.15,6
20250620  10:52,324.3,324.4,323.8,323.8,17
20250620  10:53,323.75,324.0,323.7,323.8,22
20250620  10:54,323.55,323.55,323.5,323.5,3
20250620  10:55,324.1,324.15,324.0,324.0,13
20250620  10:56,323.85,323.95,323.6,323.95,8
20250620  10:57,323.95,323.95,323.75,323.75,4
20250620  10:58,323.8,323.8,323.8,323.8,2
20250620  10:59,323.6,323.7,323.45,323.5,17
20250620  11:00,323.45,323.8,323.4,323.8,26
20250620  11:01,324.0,324.05,323.9,324.0,17
20250620  11:02,323.9,323.9,323.8,323.8,3
20250620  11:03,323.85,324.1,323.85,324.1,26
20250620  11:04,323.9,324.0,323.85,324.0,7
20250620  11:05,323.95,323.95,323.8,323.8,5
20250620  11:06,323.8,324.05,323.7,323.8,16
20250620  11:07,323.75,323.9,323.7,323.9,4
20250620  11:08,323.8,323.8,323.4,323.55,46
20250620  11:09,323.85,323.95,323.85,323.95,7
20250620  11:10,324.0,324.6,324.0,324.25,14
20250620  11:11,324.25,324.25,324.25,324.25,0
20250620  11:12,324.0,324.0,323.8,323.8,2
20250620  11:13,323.8,323.8,323.8,323.8,0
20250620  11:14,323.8,323.8,323.8,323.8,0
20250620  11:15,323.7,323.75,323.55,323.55,11
20250620  11:16,323.7,324.2,323.7,323.85,20
20250620  11:17,323.85,324.15,323.85,324.15,12
20250620  11:18,324.1,324.1,323.9,323.9,3
20250620  11:19,323.8,323.95,323.8,323.95,16
20250620  11:20,323.95,324.0,323.95,323.95,6
20250620  11:21,323.8,323.95,323.8,323.9,24
20250620  11:22,324.0,324.05,323.85,323.85,10
20250620  11:23,323.8,324.15,323.8,324.05,27
20250620  11:24,324.05,324.05,324.05,324.05,2
20250620  11:25,324.15,324.2,324.1,324.1,8
20250620  11:26,324.1,324.1,323.9,323.95,11
20250620  11:27,324.05,324.35,324.05,324.35,6
20250620  11:28,324.35,324.35,324.35,324.35,0
20250620  11:29,324.3,324.3,324.2,324.2,3
20250620  11:30,324.25,324.3,323.95,324.05,17
20250620  11:31,323.95,324.15,323.95,324.1,12
20250620  11:32,324.0,324.55,324.0,324.3,38
20250620  11:33,324.4,324.5,324.3,324.5,26
20250620  11:34,324.5,324.85,324.5,324.55,30
20250620  11:35,324.8,324.85,324.7,324.85,10
20250620  11:36,324.75,324.75,324.65,324.75,11
20250620  11:37,324.75,324.85,324.75,324.85,4
20250620  11:38,324.75,324.85,324.75,324.85,2
20250620  11:39,324.8,325.0,324.6,324.6,29
20250620  11:40,324.6,324.6,324.4,324.4,22
20250620  11:41,324.5,324.5,324.3,324.3,9
20250620  11:42,324.45,324.45,324.35,324.45,5
20250620  11:43,324.35,324.4,324.35,324.4,3
20250620  11:44,324.7,325.25,324.7,325.25,39
20250620  11:45,325.1,325.4,325.1,325.3,6
20250620  11:46,325.55,325.55,325.2,325.3,13
20250620  11:47,325.0,325.0,324.8,324.8,3
20250620  11:48,324.75,324.75,324.15,324.15,26
20250620  11:49,324.1,324.25,324.1,324.25,3
20250620  11:50,324.25,324.25,324.25,324.25,0
20250620  11:51,324.0,324.0,323.8,323.95,14
20250620  11:52,323.85,324.05,323.85,323.85,10
20250620  11:53,323.95,323.95,323.95,323.95,2
20250620  11:54,324.1,324.1,324.05,324.1,5
20250620  11:55,324.1,324.1,324.1,324.1,0
20250620  11:56,323.8,323.8,323.5,323.5,16
20250620  11:57,323.55,323.65,323.4,323.6,25
20250620  11:58,323.65,323.65,323.6,323.6,4
20250620  11:59,323.65,323.65,323.6,323.6,2
20250620  12:00,323.7,323.75,323.7,323.75,2
20250620  12:01,323.55,323.6,323.4,323.5,34
20250620  12:02,323.7,323.9,323.7,323.8,15
20250620  12:03,323.75,323.8,323.65,323.65,5
20250620  12:04,323.7,323.7,323.7,323.7,2
20250620  12:05,323.75,323.75,323.7,323.7,4
20250620  12:06,323.85,324.0,323.85,324.0,5
20250620  12:07,324.05,324.5,324.05,324.15,23
20250620  12:08,324.2,324.3,324.2,324.3,3
20250620  12:09,324.15,324.15,324.15,324.15,3
20250620  12:10,324.05,324.05,323.85,323.85,3
20250620  12:11,323.55,323.6,323.45,323.55,10
20250620  12:12,323.5,323.5,323.45,323.45,2
20250620  12:13,323.45,323.45,323.45,323.45,0
20250620  12:14,323.45,323.45,323.45,323.45,0
20250620  12:15,323.45,323.45,323.4,323.4,28
20250620  12:16,323.5,323.5,322.8,322.95,34
20250620  12:17,322.8,322.8,322.75,322.75,2
20250620  12:18,322.7,322.85,322.7,322.75,5
20250620  12:19,322.55,322.55,322.5,322.5,3
20250620  12:20,322.4,322.55,322.4,322.55,4
20250620  12:21,322.75,322.75,322.55,322.7,11
20250620  12:22,322.7,322.7,322.7,322.7,0
20250620  12:23,322.7,322.7,322.7,322.7,0
20250620  12:24,322.55,322.55,322.5,322.5,6
20250620  12:25,322.5,322.5,322.5,322.5,1
20250620  12:26,322.75,322.9,322.75,322.9,15
20250620  12:27,323.0,323.1,322.9,323.1,11
20250620  12:28,322.85,323.0,322.8,322.85,7
20250620  12:29,323.0,323.1,323.0,323.1,2
20250620  12:30,323.1,323.1,323.1,323.1,0
20250620  12:31,323.3,323.3,323.3,323.3,2
20250620  12:32,323.4,323.6,323.3,323.45,10
20250620  12:33,323.25,323.5,323.25,323.5,3
20250620  12:34,323.4,323.4,323.4,323.4,1
20250620  12:35,323.5,323.8,323.5,323.75,21
20250620  12:36,323.85,324.2,323.85,324.05,24
20250620  12:37,324.0,324.95,324.0,324.95,59
20250620  12:38,324.85,324.9,324.6,324.9,13
20250620  12:39,324.9,324.9,324.8,324.8,8
20250620  12:40,324.85,324.95,324.85,324.95,6
20250620  12:41,325.0,325.0,324.7,324.7,9
20250620  12:42,324.75,324.75,324.45,324.7,8
20250620  12:43,324.85,324.9,324.65,324.7,13
20250620  12:44,324.8,324.85,324.75,324.85,6
20250620  12:45,324.8,324.85,324.8,324.85,2
20250620  12:46,324.9,325.1,324.55,324.55,34
20250620  12:47,324.55,324.55,324.25,324.25,4
20250620  12:48,324.35,324.6,324.35,324.4,5
20250620  12:49,324.15,324.25,324.15,324.25,4
20250620  12:50,324.45,324.45,324.45,324.45,1
20250620  12:51,324.55,324.55,324.55,324.55,1
20250620  12:52,324.6,324.6,324.55,324.55,2
20250620  12:53,324.25,324.25,324.0,324.0,10
20250620  12:54,324.0,324.0,323.9,323.9,7
20250620  12:55,323.65,323.8,323.65,323.75,7
20250620  12:56,323.95,323.95,323.95,323.95,1
20250620  12:57,323.95,323.95,323.95,323.95,0
20250620  12:58,323.95,323.95,323.95,323.95,0
20250620  12:59,323.95,323.95,323.95,323.95,0
20250620  13:00,323.5,323.5,323.0,323.2,7
20250620  13:01,323.2,323.2,323.2,323.2,0
20250620  13:02,323.55,323.55,323.4,323.4,2
20250620  13:03,323.4,323.4,323.4,323.4,0
20250620  13:04,323.8,324.0,323.8,324.0,3
20250620  13:05,324.05,324.25,324.05,324.25,11
20250620  13:06,324.05,324.05,324.05,324.05,2
20250620  13:07,323.85,323.85,323.4,323.5,17
20250620  13:08,323.0,323.3,322.95,323.3,15
20250620  13:09,323.3,323.3,323.3,323.3,0
20250620  13:10,323.5,323.65,323.4,323.4,4
20250620  13:11,323.4,323.55,323.4,323.55,2
20250620  13:12,323.4,323.55,323.4,323.55,12
20250620  13:13,323.7,324.2,323.7,324.2,6
20250620  13:14,324.35,324.5,324.05,324.05,9
20250620  13:15,324.05,324.35,324.05,324.1,18
20250620  13:16,324.25,324.4,324.25,324.4,6
20250620  13:17,324.45,324.45,324.25,324.25,7
20250620  13:18,324.25,324.3,324.25,324.3,6
20250620  13:19,324.35,324.35,324.1,324.1,14
20250620  13:20,324.2,324.2,324.05,324.05,8
20250620  13:21,324.05,324.05,324.05,324.05,0
20250620  13:22,324.05,324.05,324.05,324.05,0
20250620  13:23,323.8,323.8,323.8,323.8,2
20250620  13:24,323.85,323.85,323.75,323.75,2
20250620  13:25,324.05,324.05,324.05,324.05,1
20250620  13:26,324.05,324.05,324.05,324.05,0
20250620  13:27,324.2,324.2,324.2,324.2,1
20250620  13:28,324.35,324.35,324.15,324.15,2
20250620  13:29,324.2,324.35,323.9,323.9,27
20250620  13:30,323.85,323.85,323.6,323.6,5
20250623  10:15,311.55,317.55,311.55,317.05,689
20250623  10:16,316.45,316.75,316.0,316.05,52
20250623  10:17,316.05,316.5,316.0,316.3,32
20250623  10:18,316.05,316.05,315.55,316.0,16
20250623  10:19,316.0,316.15,315.65,316.05,16
20250623  10:20,316.15,316.15,315.75,316.0,26
20250623  10:21,316.0,316.55,316.0,316.4,87
20250623  10:22,316.5,316.6,316.0,316.05,25
20250623  10:23,316.35,316.6,316.35,316.5,32
20250623  10:24,316.25,316.7,316.25,316.5,16
20250623  10:25,316.7,317.25,316.55,316.85,39
20250623  10:26,317.0,317.45,317.0,317.25,32
20250623  10:27,317.05,317.3,316.95,317.15,12
20250623  10:28,317.2,317.2,316.95,316.95,15
20250623  10:29,316.95,317.3,316.5,317.3,63
20250623  10:30,317.35,317.5,317.15,317.45,22
20250623  10:31,317.2,317.2,317.0,317.0,6
20250623  10:32,317.1,317.4,317.0,317.25,17
20250623  10:33,317.3,317.45,317.15,317.45,7
20250623  10:34,317.5,317.55,317.35,317.4,19
20250623  10:35,317.5,317.55,317.45,317.55,9
20250623  10:36,317.5,318.5,317.5,318.45,83
20250623  10:37,318.5,318.7,318.4,318.65,35
20250623  10:38,318.7,319.2,318.7,319.2,62
20250623  10:39,319.2,319.2,318.85,318.85,11
20250623  10:40,319.05,319.35,318.65,318.65,18
20250623  10:41,318.65,318.65,317.7,317.7,20
20250623  10:42,318.05,318.75,318.05,318.7,37
20250623  10:43,318.7,319.25,318.7,319.2,56
20250623  10:44,319.25,319.5,319.25,319.5,17
20250623  10:45,319.2,319.35,319.05,319.2,10
20250623  10:46,319.5,320.0,319.5,319.9,36
20250623  10:47,319.8,319.8,319.45,319.65,11
20250623  10:48,319.65,320.45,319.65,320.45,43
20250623  10:49,320.05,320.5,320.05,320.1,18
20250623  10:50,320.05,320.2,319.45,319.7,32
20250623  10:51,319.75,320.5,319.75,320.5,33
20250623  10:52,320.25,320.35,320.1,320.35,9
20250623  10:53,320.05,320.5,320.05,320.5,24
20250623  10:54,320.35,320.35,320.1,320.2,7
20250623  10:55,320.05,320.25,320.05,320.25,3
20250623  10:56,320.1,320.1,320.05,320.05,4
20250623  10:57,319.6,320.05,319.6,319.75,17
20250623  10:58,319.75,319.75,319.75,319.75,0
20250623  10:59,319.75,319.75,319.55,319.55,8
20250623  11:00,319.5,319.7,319.5,319.6,9
20250623  11:01,319.75,319.75,319.5,319.55,22
20250623  11:02,319.5,319.7,319.5,319.55,33
20250623  11:03,319.6,319.6,318.95,319.15,21
20250623  11:04,319.2,319.55,319.2,319.3,12
20250623  11:05,319.25,319.25,318.65,318.65,15
20250623  11:06,318.6,318.65,318.45,318.45,10
20250623  11:07,318.6,318.8,318.4,318.45,23
20250623  11:08,318.5,318.6,318.35,318.35,12
20250623  11:09,318.5,318.5,318.3,318.3,10
20250623  11:10,318.2,318.45,318.2,318.25,15
20250623  11:11,318.25,318.35,318.2,318.3,16
20250623  11:12,318.05,318.3,318.05,318.2,5
20250623  11:13,318.25,318.5,318.2,318.45,19
20250623  11:14,318.4,318.45,318.4,318.45,5
20250623  11:15,318.55,319.05,318.55,319.05,8
20250623  11:16,319.0,319.6,319.0,319.3,36
20250623  11:17,319.2,319.35,319.2,319.35,16
20250623  11:18,319.5,319.5,319.2,319.25,9
20250623  11:19,319.2,319.2,318.95,319.15,11
20250623  11:20,319.1,319.25,319.1,319.25,5
20250623  11:21,319.2,319.2,318.7,318.8,8
20250623  11:22,318.8,318.8,318.8,318.8,4
20250623  11:23,318.7,318.75,318.65,318.75,4
20250623  11:24,318.75,318.75,318.25,318.4,11
20250623  11:25,318.3,318.3,318.0,318.0,6
20250623  11:26,318.05,318.15,317.75,317.85,17
20250623  11:27,317.95,317.95,317.7,317.75,7
20250623  11:28,317.7,317.7,317.4,317.55,14
20250623  11:29,317.65,317.65,317.3,317.5,23
20250623  11:30,317.3,317.3,317.15,317.25,20
20250623  11:31,317.25,317.35,317.15,317.35,9
20250623  11:32,317.3,317.4,317.05,317.4,18
20250623  11:33,317.4,317.55,317.3,317.3,12
20250623  11:34,317.1,317.1,317.1,317.1,2
20250623  11:35,316.9,317.05,316.9,317.0,29
20250623  11:36,317.0,317.25,316.95,316.95,15
20250623  11:37,316.95,316.95,316.95,316.95,0
20250623  11:38,316.9,317.1,316.9,317.1,13
20250623  11:39,317.25,317.45,317.25,317.45,6
20250623  11:40,317.05,317.1,316.35,316.5,36
20250623  11:41,316.7,316.75,316.65,316.75,3
20250623  11:42,316.75,316.9,316.75,316.85,4
20250623  11:43,316.8,316.8,316.8,316.8,5
20250623  11:44,316.6,316.6,316.4,316.4,5
20250623  11:45,316.3,316.6,316.25,316.5,18
20250623  11:46,316.75,317.1,316.75,317.1,8
20250623  11:47,317.05,317.2,316.85,317.0,8
20250623  11:48,316.95,317.0,316.9,316.9,8
20250623  11:49,316.9,317.05,316.9,317.05,2
20250623  11:50,317.0,317.3,317.0,317.0,5
20250623  11:51,317.1,317.5,317.1,317.2,19
20250623  11:52,317.35,317.5,317.25,317.25,34
20250623  11:53,317.45,317.45,317.45,317.45,2
20250623  11:54,317.5,317.5,317.25,317.25,7
20250623  11:55,317.3,317.45,317.2,317.25,5
20250623  11:56,317.25,317.4,317.25,317.25,5
20250623  11:57,317.15,317.15,317.0,317.1,11
20250623  11:58,317.05,317.1,317.05,317.1,2
20250623  11:59,317.1,317.1,317.1,317.1,0
20250623  12:00,317.15,317.15,317.15,317.15,3
20250623  12:01,317.3,318.2,317.3,318.15,36
20250623  12:02,318.2,318.2,318.1,318.1,2
20250623  12:03,317.95,317.95,317.35,317.35,11
20250623  12:04,317.55,317.6,317.55,317.6,2
20250623  12:05,317.6,317.6,317.6,317.6,0
20250623  12:06,317.3,317.3,316.65,316.65,20
20250623  12:07,316.9,316.9,316.5,316.5,6
20250623  12:08,316.5,316.5,316.5,316.5,2
20250623  12:09,316.5,316.55,316.25,316.3,17
20250623  12:10,316.25,316.35,315.9,316.1,23
20250623  12:11,315.95,316.05,315.5,315.5,40
20250623  12:12,315.5,315.5,314.95,315.5,17
20250623  12:13,315.4,315.4,315.1,315.1,11
20250623  12:14,315.0,315.0,314.65,314.75,55
20250623  12:15,314.55,314.55,314.55,314.55,1
20250623  12:16,314.75,314.9,314.55,314.9,4
20250623  12:17,315.0,315.15,314.95,315.0,13
20250623  12:18,315.0,315.15,315.0,315.15,3
20250623  12:19,315.1,315.4,315.1,315.4,19
20250623  12:20,315.55,315.65,315.55,315.65,14
20250623  12:21,315.65,315.65,315.6,315.6,4
20250623  12:22,315.75,316.0,315.7,315.85,10
20250623  12:23,315.9,315.95,315.9,315.95,3
20250623  12:24,315.9,315.9,315.6,315.7,7
20250623  12:25,315.7,316.2,315.7,316.2,6
20250623  12:26,316.25,317.0,316.25,316.55,23
20250623  12:27,316.75,316.75,316.75,316.75,5
20250623  12:28,316.8,317.3,316.75,317.3,15
20250623  12:29,317.1,317.3,317.0,317.3,9
20250623  12:30,317.4,317.4,316.9,317.1,12
20250623  12:31,317.0,317.0,316.8,316.8,2
20250623  12:32,316.8,316.8,316.8,316.8,0
20250623  12:33,316.6,316.7,316.55,316.55,5
20250623  12:34,316.65,316.7,316.65,316.7,2
20250623  12:35,316.95,316.95,316.95,316.95,1
20250623  12:36,316.95,316.95,316.95,316.95,0
20250623  12:37,316.7,316.7,316.65,316.65,3
20250623  12:38,316.6,316.6,316.6,316.6,1
20250623  12:39,316.2,317.1,316.2,317.0,17
20250623  12:40,316.75,316.75,316.65,316.65,4
20250623  12:41,316.65,316.65,316.65,316.65,0
20250623  12:42,316.35,316.4,316.35,316.35,10
20250623  12:43,316.35,316.35,316.35,316.35,2
20250623  12:44,316.35,316.35,315.9,315.9,7
20250623  12:45,315.75,315.95,315.7,315.7,10
20250623  12:46,315.7,315.7,315.7,315.7,0
20250623  12:47,315.6,315.6,315.6,315.6,1
20250623  12:48,315.6,315.6,315.0,315.2,26
20250623  12:49,315.3,315.9,315.25,315.9,13
20250623  12:50,315.9,316.2,315.9,316.2,14
20250623  12:51,316.55,316.55,316.55,316.55,4
20250623  12:52,316.45,317.9,316.45,317.35,25
20250623  12:53,317.45,317.45,316.9,316.9,7
20250623  12:54,316.9,316.9,316.9,316.9,10
20250623  12:55,316.55,316.55,316.5,316.5,7
20250623  12:56,316.3,317.0,316.3,317.0,5
20250623  12:57,317.0,317.75,317.0,317.35,23
20250623  12:58,317.0,317.0,317.0,317.0,2
20250623  12:59,316.75,316.85,316.75,316.85,6
20250623  13:00,316.3,316.3,316.1,316.1,2
20250623  13:01,316.05,316.35,316.05,316.35,2
20250623  13:02,316.1,316.1,316.1,316.1,2
20250623  13:03,315.95,316.25,315.95,316.25,13
20250623  13:04,316.25,316.25,316.25,316.25,0
20250623  13:05,316.25,316.6,315.95,315.95,21
20250623  13:06,316.25,316.3,316.25,316.3,7
20250623  13:07,316.4,316.4,316.4,316.4,1
20250623  13:08,316.5,316.6,316.5,316.6,4
20250623  13:09,316.35,316.7,316.25,316.65,26
20250623  13:10,316.5,316.5,316.15,316.15,15
20250623  13:11,316.3,316.3,316.3,316.3,3
20250623  13:12,316.2,316.3,316.0,316.0,7
20250623  13:13,315.85,315.9,315.65,315.9,8
20250623  13:14,315.6,315.6,315.6,315.6,1
20250623  13:15,315.6,315.8,315.6,315.8,2
20250623  13:16,315.8,316.1,315.8,316.1,9
20250623  13:17,316.2,316.2,316.05,316.15,6
20250623  13:18,316.0,316.05,316.0,316.05,3
20250623  13:19,316.15,316.15,316.15,316.15,1
20250623  13:20,316.25,316.25,315.75,315.75,4
20250623  13:21,315.9,315.95,315.9,315.95,9
20250623  13:22,315.95,315.95,315.95,315.95,2
20250623  13:23,315.95,315.95,315.95,315.95,3
20250623  13:24,315.95,315.95,315.95,315.95,0
20250623  13:25,316.2,316.2,316.2,316.2,1
20250623  13:26,316.3,316.65,316.3,316.65,9
20250623  13:27,316.45,316.45,316.4,316.4,3
20250623  13:28,316.2,316.2,316.2,316.2,3
20250623  13:29,316.1,316.25,316.0,316.1,12
20250623  13:30,315.85,315.85,315.15,315.2,13
20250624  10:15,326.0,326.0,321.0,322.5,505
20250624  10:16,321.8,322.25,320.35,321.7,88
20250624  10:17,321.6,321.8,320.7,320.7,102
20250624  10:18,320.7,320.7,318.15,318.25,177
20250624  10:19,318.45,320.1,318.25,320.1,117
20250624  10:20,320.25,320.25,319.4,320.15,68
20250624  10:21,320.05,320.15,319.7,319.8,53
20250624  10:22,319.15,319.8,318.4,318.4,62
20250624  10:23,318.0,318.5,317.5,318.2,53
20250624  10:24,318.2,318.55,318.0,318.3,67
20250624  10:25,318.1,318.45,317.7,318.45,46
20250624  10:26,318.45,319.2,318.1,318.9,35
20250624  10:27,318.9,319.2,318.4,318.8,23
20250624  10:28,318.8,319.2,318.8,319.2,15
20250624  10:29,318.9,319.0,318.5,318.95,19
20250624  10:30,319.15,319.55,318.9,318.9,18
20250624  10:31,319.05,319.2,318.9,319.2,15
20250624  10:32,319.1,319.1,318.7,318.9,36
20250624  10:33,318.9,318.9,318.9,318.9,0
20250624  10:34,318.4,318.4,318.0,318.0,33
20250624  10:35,317.8,317.95,317.6,317.6,16
20250624  10:36,317.8,317.95,317.7,317.75,10
20250624  10:37,317.85,318.2,317.85,318.2,5
20250624  10:38,318.35,318.35,318.15,318.35,5
20250624  10:39,318.3,318.3,317.65,318.15,44
20250624  10:40,317.95,318.55,317.75,318.55,27
20250624  10:41,318.6,319.1,318.6,319.0,14
20250624  10:42,319.05,319.1,318.85,319.0,25
20250624  10:43,319.2,319.75,319.2,319.75,20
20250624  10:44,319.7,320.0,319.65,319.95,52
20250624  10:45,319.9,320.5,319.9,320.5,31
20250624  10:46,320.8,320.85,320.35,320.35,8
20250624  10:47,320.15,320.55,320.15,320.55,7
20250624  10:48,320.45,320.6,320.3,320.6,8
20250624  10:49,320.45,320.55,320.1,320.3,15
20250624  10:50,320.2,320.2,319.85,319.85,12
20250624  10:51,319.85,319.95,319.75,319.75,15
20250624  10:52,320.05,320.1,319.8,319.8,4
20250624  10:53,319.85,320.45,319.75,320.45,20
20250624  10:54,320.7,321.55,320.7,321.2,57
20250624  10:55,321.2,321.25,320.9,321.0,34
20250624  10:56,320.9,320.95,320.65,320.65,8
20250624  10:57,320.65,320.7,320.65,320.7,2
20250624  10:58,320.65,320.65,320.6,320.6,2
20250624  10:59,320.15,320.95,320.0,320.5,20
20250624  11:00,320.6,321.15,320.5,321.15,10
20250624  11:01,321.15,321.35,320.85,320.95,10
20250624  11:02,321.0,321.0,320.35,320.35,8
20250624  11:03,320.35,320.7,320.35,320.6,11
20250624  11:04,320.65,321.15,320.4,320.8,18
20250624  11:05,320.75,320.9,320.55,320.75,17
20250624  11:06,320.85,320.85,320.65,320.7,4
20250624  11:07,320.55,320.6,320.35,320.55,12
20250624  11:08,320.25,320.7,320.25,320.65,22
20250624  11:09,320.7,320.7,320.45,320.45,7
20250624  11:10,320.55,320.55,320.25,320.45,11
20250624  11:11,320.3,320.5,320.25,320.5,7
20250624  11:12,320.25,320.25,320.2,320.25,7
20250624  11:13,320.25,320.65,320.25,320.65,3
20250624  11:14,320.9,320.9,320.9,320.9,2
20250624  11:15,320.85,321.25,320.7,321.25,17
20250624  11:16,320.8,320.95,320.35,320.35,15
20250624  11:17,320.3,320.5,320.25,320.25,38
20250624  11:18,320.25,320.85,320.2,320.7,16
20250624  11:19,320.65,320.65,320.6,320.6,2
20250624  11:20,320.7,320.7,320.5,320.5,10
20250624  11:21,320.45,320.65,320.4,320.65,12
20250624  11:22,320.7,320.7,320.65,320.65,2
20250624  11:23,320.85,320.9,320.85,320.85,3
20250624  11:24,320.8,321.2,320.8,321.2,9
20250624  11:25,321.3,321.8,321.25,321.75,12
20250624  11:26,321.9,321.9,321.55,321.55,18
20250624  11:27,321.15,321.3,321.15,321.3,3
20250624  11:28,321.3,321.55,321.3,321.45,10
20250624  11:29,321.4,321.5,321.35,321.5,5
20250624  11:30,321.45,321.45,321.25,321.3,10
20250624  11:31,321.3,321.3,321.3,321.3,2
20250624  11:32,321.2,321.2,320.6,320.6,9
20250624  11:33,320.65,320.8,320.5,320.75,14
20250624  11:34,320.8,320.8,320.55,320.6,24
20250624  11:35,320.6,320.6,320.6,320.6,0
20250624  11:36,320.05,320.2,320.05,320.2,6
20250624  11:37,320.2,320.2,320.2,320.2,0
20250624  11:38,320.35,320.35,320.1,320.25,11
20250624  11:39,320.4,320.4,320.4,320.4,1
20250624  11:40,320.5,320.5,320.5,320.5,1
20250624  11:41,320.5,320.7,320.5,320.5,5
20250624  11:42,320.3,320.3,318.65,319.1,42
20250624  11:43,319.1,319.65,319.1,319.65,17
20250624  11:44,319.5,319.5,319.2,319.2,24
20250624  11:45,319.2,319.55,318.9,319.55,12
20250624  11:46,319.3,319.3,319.25,319.25,2
20250624  11:47,319.55,319.55,319.55,319.55,2
20250624  11:48,319.3,320.05,319.3,320.05,11
20250624  11:49,320.15,320.15,319.9,319.9,3
20250624  11:50,319.7,319.7,319.7,319.7,1
20250624  11:51,319.7,319.95,319.65,319.95,4
20250624  11:52,319.95,319.95,319.95,319.95,0
20250624  11:53,319.7,319.7,319.7,319.7,1
20250624  11:54,319.6,319.65,319.6,319.65,6
20250624  11:55,319.5,319.5,319.5,319.5,1
20250624  11:56,319.45,319.9,319.45,319.9,4
20250624  11:57,320.0,320.2,319.95,319.95,6
20250624  11:58,319.85,320.05,319.65,319.65,13
20250624  11:59,319.65,319.65,319.65,319.65,0
20250624  12:00,319.2,319.2,318.9,319.05,24
20250624  12:01,318.95,318.95,318.4,318.75,48
20250624  12:02,318.8,318.8,318.1,318.1,23
20250624  12:03,318.1,318.15,317.95,317.95,11
20250624  12:04,318.05,318.15,318.05,318.15,8
20250624  12:05,318.15,318.95,318.15,318.95,26
20250624  12:06,319.1,319.35,318.9,319.3,13
20250624  12:07,319.0,319.85,319.0,319.75,58
20250624  12:08,319.45,319.45,319.05,319.1,21
20250624  12:09,319.25,319.7,319.25,319.7,11
20250624  12:10,319.75,320.25,319.75,320.25,10
20250624  12:11,320.25,320.25,320.25,320.25,0
20250624  12:12,319.95,320.0,319.4,319.5,25
20250624  12:13,318.8,319.2,318.7,318.75,12
20250624  12:14,318.95,318.95,318.8,318.8,9
20250624  12:15,318.8,318.8,318.35,318.35,3
20250624  12:16,318.25,318.6,318.25,318.6,7
20250624  12:17,318.4,318.4,318.3,318.3,3
20250624  12:18,318.8,318.8,318.8,318.8,3
20250624  12:19,318.7,318.7,318.45,318.45,4
20250624  12:20,319.05,319.3,319.05,319.3,2
20250624  12:21,319.3,319.3,319.3,319.3,0
20250624  12:22,318.8,318.8,318.8,318.8,2
20250624  12:23,318.9,318.9,318.9,318.9,2
20250624  12:24,318.8,318.8,318.8,318.8,2
20250624  12:25,318.85,319.05,318.75,319.05,5
20250624  12:26,319.05,319.05,319.05,319.05,0
20250624  12:27,318.2,318.2,317.8,318.15,24
20250624  12:28,318.25,318.3,318.25,318.3,8
20250624  12:29,318.3,318.3,318.2,318.2,4
20250624  12:30,318.1,318.1,317.85,317.85,6
20250624  12:31,318.05,318.05,317.7,317.7,30
20250624  12:32,317.9,318.0,317.5,317.6,33
20250624  12:33,317.4,317.8,316.95,317.8,58
20250624  12:34,317.5,317.5,317.5,317.5,1
20250624  12:35,317.3,317.65,317.3,317.65,6
20250624  12:36,317.65,317.65,317.65,317.65,0
20250624  12:37,317.5,317.5,317.45,317.45,11
20250624  12:38,317.2,317.35,317.05,317.35,7
20250624  12:39,317.0,317.05,317.0,317.05,3
20250624  12:40,317.35,317.5,317.3,317.3,5
20250624  12:41,317.35,317.5,317.35,317.5,3
20250624  12:42,317.8,317.8,317.4,317.4,5
20250624  12:43,317.35,317.35,317.35,317.35,1
20250624  12:44,317.15,317.15,316.7,316.9,24
20250624  12:45,317.05,317.05,317.05,317.05,1
20250624  12:46,317.4,317.5,317.25,317.35,13
20250624  12:47,317.4,317.4,317.25,317.4,7
20250624  12:48,317.4,317.4,317.4,317.4,0
20250624  12:49,317.4,317.5,317.4,317.5,12
20250624  12:50,317.5,317.95,317.1,317.1,34
20250624  12:51,317.55,317.7,317.5,317.5,6
20250624  12:52,317.6,317.75,317.35,317.5,21
20250624  12:53,317.55,317.55,317.55,317.55,2
20250624  12:54,317.5,317.7,317.5,317.7,3
20250624  12:55,317.55,317.55,317.45,317.55,8
20250624  12:56,317.7,317.9,317.55,317.55,8
20250624  12:57,317.4,317.4,316.95,316.95,5
20250624  12:58,316.7,316.7,315.3,315.6,74
20250624  12:59,315.7,315.9,315.4,315.75,89
20250624  13:00,315.65,315.65,315.15,315.5,23
20250624  13:01,315.5,315.65,315.3,315.45,17
20250624  13:02,315.2,315.4,315.2,315.35,10
20250624  13:03,315.4,315.7,315.4,315.65,8
20250624  13:04,315.75,315.75,315.7,315.75,6
20250624  13:05,315.75,315.9,315.7,315.9,10
20250624  13:06,315.75,315.75,315.5,315.5,4
20250624  13:07,315.55,315.65,315.5,315.5,12
20250624  13:08,315.45,315.65,315.45,315.5,3
20250624  13:09,315.6,315.6,315.3,315.4,19
20250624  13:10,315.5,315.7,315.45,315.45,14
20250624  13:11,315.4,315.7,315.35,315.35,19
20250624  13:12,315.35,315.7,315.35,315.7,7
20250624  13:13,315.7,315.8,315.65,315.7,8
20250624  13:14,315.55,315.55,315.15,315.15,15
20250624  13:15,315.15,315.15,313.7,314.15,75
20250624  13:16,314.2,315.25,314.15,314.55,45
20250624  13:17,314.5,314.5,313.95,314.2,40
20250624  13:18,314.0,314.25,313.9,314.25,16
20250624  13:19,314.0,314.05,313.85,314.0,12
20250624  13:20,314.0,314.0,314.0,314.0,4
20250624  13:21,313.95,314.4,313.95,314.1,12
20250624  13:22,314.05,314.2,314.05,314.2,13
20250624  13:23,313.95,313.95,313.7,313.9,18
20250624  13:24,313.75,313.9,313.15,313.6,68
20250624  13:25,313.9,313.9,313.5,313.7,34
20250624  13:26,313.5,313.75,313.35,313.5,17
20250624  13:27,313.4,313.45,313.2,313.35,6
20250624  13:28,313.35,313.35,312.15,312.55,65
20250624  13:29,312.65,312.65,312.15,312.35,18
20250624  13:30,312.3,312.3,311.25,311.5,85
20250625  10:15,317.5,322.6,317.3,318.0,821
20250625  10:16,317.8,318.6,315.4,315.9,164
20250625  10:17,316.0,317.1,315.8,315.8,137
20250625  10:18,315.9,316.25,315.35,315.5,40
20250625  10:19,315.4,315.75,315.4,315.7,17
20250625  10:20,315.5,315.9,315.1,315.65,77
20250625  10:21,315.65,316.95,315.65,316.95,56
20250625  10:22,317.05,317.05,316.35,316.75,48
20250625  10:23,316.7,316.7,316.15,316.15,6
20250625  10:24,316.05,316.5,316.05,316.25,15
20250625  10:25,316.4,316.4,316.15,316.15,3
20250625  10:26,316.0,316.4,316.0,316.25,29
20250625  10:27,316.25,317.1,316.25,316.8,88
20250625  10:28,316.5,316.7,315.95,316.1,27
20250625  10:29,316.2,316.2,315.8,315.8,4
20250625  10:30,315.95,315.95,315.75,315.75,7
20250625  10:31,315.65,316.45,315.65,316.25,22
20250625  10:32,316.4,316.4,316.1,316.1,6
20250625  10:33,316.3,316.4,316.25,316.25,6
20250625  10:34,316.25,316.35,316.1,316.25,13
20250625  10:35,316.1,316.65,316.0,316.6,32
20250625  10:36,316.65,317.0,316.65,316.75,23
20250625  10:37,316.9,317.2,316.8,317.2,39
20250625  10:38,317.1,317.35,316.85,317.35,14
20250625  10:39,317.15,317.25,317.05,317.2,16
20250625  10:40,317.2,317.2,316.8,316.8,18
20250625  10:41,317.0,317.15,316.95,317.05,23
20250625  10:42,316.75,316.75,316.7,316.7,4
20250625  10:43,316.75,316.95,316.7,316.95,12
20250625  10:44,317.2,317.2,317.2,317.2,1
20250625  10:45,317.0,317.0,316.75,316.8,7
20250625  10:46,316.85,317.0,316.8,316.8,9
20250625  10:47,316.95,317.9,316.95,317.9,22
20250625  10:48,317.8,318.9,317.8,318.9,98
20250625  10:49,318.85,318.85,318.3,318.3,28
20250625  10:50,318.55,318.55,318.55,318.55,1
20250625  10:51,318.3,318.3,317.25,317.3,18
20250625  10:52,317.55,317.6,317.4,317.6,7
20250625  10:53,317.6,317.75,317.6,317.75,3
20250625  10:54,317.75,317.75,317.75,317.75,1
20250625  10:55,317.6,317.7,317.6,317.7,2
20250625  10:56,317.5,317.5,316.85,316.85,29
20250625  10:57,316.75,317.0,316.35,316.5,26
20250625  10:58,316.35,316.35,315.35,315.35,56
20250625  10:59,315.55,315.55,315.2,315.4,8
20250625  11:00,315.2,315.2,314.7,314.85,32
20250625  11:01,314.4,314.4,313.85,313.85,33
20250625  11:02,313.85,314.15,313.6,313.6,17
20250625  11:03,313.85,314.3,313.65,314.25,18
20250625  11:04,313.9,314.2,313.9,314.1,22
20250625  11:05,314.0,314.15,313.95,313.95,5
20250625  11:06,314.0,314.15,313.75,313.75,10
20250625  11:07,313.55,313.55,312.85,312.95,98
20250625  11:08,312.9,313.15,312.85,313.15,18
20250625  11:09,313.1,313.15,312.2,312.35,27
20250625  11:10,312.35,312.75,312.35,312.5,23
20250625  11:11,312.5,312.7,312.15,312.7,24
20250625  11:12,312.55,312.55,312.05,312.35,33
20250625  11:13,312.05,312.15,311.7,311.7,56
20250625  11:14,311.95,312.5,311.95,312.0,48
20250625  11:15,312.0,312.45,312.0,312.45,14
20250625  11:16,312.55,312.7,312.45,312.7,12
20250625  11:17,312.6,312.65,312.6,312.6,5
20250625  11:18,312.3,312.55,312.1,312.3,42
20250625  11:19,312.2,312.2,311.7,311.8,29
20250625  11:20,311.7,311.7,311.45,311.7,17
20250625  11:21,311.6,311.65,311.5,311.65,9
20250625  11:22,311.7,311.9,311.55,311.9,16
20250625  11:23,311.85,311.85,311.85,311.85,3
20250625  11:24,311.7,311.7,311.7,311.7,1
20250625  11:25,311.95,312.0,311.95,312.0,7
20250625  11:26,312.35,312.5,312.2,312.2,10
20250625  11:27,312.3,312.35,312.3,312.35,3
20250625  11:28,312.35,312.55,312.0,312.05,25
20250625  11:29,311.85,311.95,311.55,311.95,10
20250625  11:30,312.0,312.2,312.0,312.2,2
20250625  11:31,312.35,312.35,312.35,312.35,1
20250625  11:32,312.4,312.4,312.15,312.3,10
20250625  11:33,312.05,312.4,311.9,312.4,11
20250625  11:34,312.4,312.4,312.4,312.4,0
20250625  11:35,312.4,312.65,312.4,312.65,11
20250625  11:36,312.65,313.2,312.65,313.05,24
20250625  11:37,313.2,313.2,312.6,312.6,6
20250625  11:38,312.6,312.65,312.1,312.55,15
20250625  11:39,312.65,312.8,312.3,312.3,20
20250625  11:40,312.3,312.3,312.3,312.3,0
20250625  11:41,312.6,312.6,312.6,312.6,1
20250625  11:42,312.45,312.45,312.45,312.45,1
20250625  11:43,312.5,312.5,312.25,312.5,12
20250625  11:44,312.55,312.6,312.55,312.6,2
20250625  11:45,312.6,312.6,312.6,312.6,0
20250625  11:46,312.7,312.8,312.7,312.8,8
20250625  11:47,312.8,312.8,312.8,312.8,0
20250625  11:48,312.75,312.8,312.75,312.8,6
20250625  11:49,312.8,313.0,312.8,312.95,33
20250625  11:50,313.25,313.25,313.2,313.25,5
20250625  11:51,313.2,313.2,313.0,313.0,7
20250625  11:52,313.05,313.05,312.65,312.65,17
20250625  11:53,312.5,312.5,312.3,312.5,6
20250625  11:54,312.5,312.5,312.2,312.3,19
20250625  11:55,312.1,312.25,312.1,312.25,6
20250625  11:56,312.6,312.9,312.5,312.9,17
20250625  11:57,312.75,313.1,312.7,313.05,18
20250625  11:58,313.2,313.2,313.0,313.05,3
20250625  11:59,313.0,313.0,312.65,312.65,4
20250625  12:00,312.75,313.2,312.7,312.9,18
20250625  12:01,312.6,312.6,311.7,311.7,25
20250625  12:02,311.7,312.1,311.7,311.9,10
20250625  12:03,311.85,311.95,311.85,311.85,6
20250625  12:04,311.9,311.95,311.55,311.95,62
20250625  12:05,311.8,312.15,311.75,312.15,18
20250625  12:06,312.35,312.75,312.35,312.75,11
20250625  12:07,312.6,312.6,312.3,312.3,17
20250625  12:08,312.2,312.3,312.2,312.3,3
20250625  12:09,312.4,312.5,312.15,312.15,5
20250625  12:10,312.3,312.55,312.3,312.55,8
20250625  12:11,312.6,312.6,312.6,312.6,1
20250625  12:12,312.6,312.6,312.05,312.1,12
20250625  12:13,312.2,312.25,312.05,312.2,8
20250625  12:14,312.2,312.3,312.2,312.3,12
20250625  12:15,312.05,312.15,311.7,312.15,39
20250625  12:16,312.15,312.5,312.15,312.5,30
20250625  12:17,312.65,313.0,312.65,313.0,18
20250625  12:18,312.5,312.6,312.45,312.6,5
20250625  12:19,312.5,312.5,312.0,312.15,38
20250625  12:20,312.4,312.6,312.4,312.6,3
20250625  12:21,312.8,313.1,312.8,313.1,13
20250625  12:22,313.15,313.2,313.15,313.2,7
20250625  12:23,313.55,314.2,313.55,314.2,30
20250625  12:24,314.2,314.35,313.7,313.7,19
20250625  12:25,313.6,313.6,312.95,313.1,25
20250625  12:26,313.35,313.4,313.35,313.4,3
20250625  12:27,313.55,313.85,313.5,313.85,11
20250625  12:28,314.0,314.0,313.95,314.0,5
20250625  12:29,314.1,314.1,314.05,314.05,2
20250625  12:30,314.3,314.45,314.3,314.45,5
20250625  12:31,314.35,314.45,314.25,314.45,16
20250625  12:32,314.45,314.55,314.3,314.45,22
20250625  12:33,314.45,314.45,314.2,314.3,11
20250625  12:34,314.25,314.25,314.0,314.0,2
20250625  12:35,314.0,314.0,314.0,314.0,0
20250625  12:36,314.5,314.55,313.8,313.8,25
20250625  12:37,313.85,314.3,313.7,314.3,27
20250625  12:38,314.5,314.65,314.45,314.45,19
20250625  12:39,314.7,314.7,314.5,314.7,11
20250625  12:40,314.5,314.5,314.1,314.1,3
20250625  12:41,314.0,314.05,313.95,313.95,4
20250625  12:42,314.1,314.1,314.1,314.1,3
20250625  12:43,314.3,314.5,314.3,314.5,5
20250625  12:44,314.5,314.6,314.5,314.6,3
20250625  12:45,314.55,314.8,314.25,314.35,35
20250625  12:46,314.4,314.55,314.35,314.5,4
20250625  12:47,314.45,314.5,314.2,314.3,24
20250625  12:48,314.6,314.65,314.6,314.65,5
20250625  12:49,314.8,315.0,314.8,315.0,7
20250625  12:50,315.05,315.2,314.95,314.95,12
20250625  12:51,314.95,315.25,314.9,315.05,27
20250625  12:52,315.05,315.05,314.8,314.8,13
20250625  12:53,314.7,314.8,314.25,314.25,20
20250625  12:54,314.2,314.65,314.2,314.65,9
20250625  12:55,314.6,314.6,314.6,314.6,1
20250625  12:56,314.5,314.7,314.45,314.7,4
20250625  12:57,314.8,314.9,314.8,314.9,11
20250625  12:58,314.95,315.4,314.95,315.0,42
20250625  12:59,314.6,314.85,314.5,314.5,15
20250625  13:00,314.5,314.6,314.4,314.55,11
20250625  13:01,314.3,314.35,314.3,314.35,2
20250625  13:02,314.45,315.4,314.45,315.15,35
20250625  13:03,315.15,315.25,315.15,315.25,6
20250625  13:04,315.1,315.3,315.0,315.3,11
20250625  13:05,315.05,315.4,315.05,315.4,19
20250625  13:06,315.5,315.5,315.2,315.25,7
20250625  13:07,315.45,315.45,315.3,315.3,7
20250625  13:08,314.8,314.8,314.5,314.5,20
20250625  13:09,314.5,314.7,314.45,314.5,15
20250625  13:10,314.3,314.5,314.25,314.5,15
20250625  13:11,314.55,314.85,314.55,314.85,8
20250625  13:12,314.85,314.85,314.85,314.85,0
20250625  13:13,314.8,314.8,314.4,314.45,15
20250625  13:14,314.5,314.5,314.05,314.05,9
20250625  13:15,314.05,314.3,314.05,314.1,5
20250625  13:16,314.35,314.85,314.3,314.65,24
20250625  13:17,314.65,314.65,314.1,314.3,10
20250625  13:18,314.25,314.25,313.85,313.85,13
20250625  13:19,313.7,313.7,313.3,313.55,23
20250625  13:20,313.6,313.7,313.55,313.7,10
20250625  13:21,313.85,313.9,313.75,313.8,13
20250625  13:22,313.8,313.8,313.8,313.8,2
20250625  13:23,313.8,313.8,313.6,313.6,11
20250625  13:24,313.45,313.45,313.35,313.35,4
20250625  13:25,313.2,313.2,313.2,313.2,1
20250625  13:26,313.35,313.55,313.35,313.55,7
20250625  13:27,313.45,313.45,313.45,313.45,1
20250625  13:28,313.35,313.8,313.35,313.75,5
20250625  13:29,313.7,313.8,313.7,313.75,3
20250625  13:30,313.9,314.15,313.35,313.35,28
20250626  10:15,304.3,305.45,303.3,303.75,226
20250626  10:16,304.05,305.0,304.0,304.25,50
20250626  10:17,304.25,304.6,303.9,304.45,33
20250626  10:18,304.65,304.65,304.45,304.45,8
20250626  10:19,304.55,304.55,304.35,304.4,13
20250626  10:20,304.5,304.55,304.3,304.55,19
20250626  10:21,304.55,304.65,304.4,304.5,16
20250626  10:22,304.5,304.55,304.35,304.45,14
20250626  10:23,304.3,304.3,303.55,303.8,45
20250626  10:24,303.6,303.9,303.6,303.6,13
20250626  10:25,303.8,304.0,302.85,302.85,38
20250626  10:26,302.6,302.8,302.4,302.55,17
20250626  10:27,302.5,302.75,302.35,302.35,12
20250626  10:28,302.2,302.4,302.2,302.4,5
20250626  10:29,302.45,302.9,302.45,302.8,9
20250626  10:30,302.7,303.0,302.7,302.9,11
20250626  10:31,302.9,302.9,302.55,302.55,3
20250626  10:32,302.65,302.65,302.2,302.2,2
20250626  10:33,302.05,302.05,301.75,301.95,30
20250626  10:34,302.2,302.45,302.2,302.45,15
20250626  10:35,302.5,302.75,302.5,302.75,14
20250626  10:36,302.8,303.5,302.8,303.2,36
20250626  10:37,303.4,303.95,303.4,303.7,15
20250626  10:38,303.7,304.1,303.7,304.05,9
20250626  10:39,304.25,304.45,304.25,304.45,11
20250626  10:40,304.6,304.6,304.2,304.4,9
20250626  10:41,304.4,304.4,304.15,304.3,10
20250626  10:42,304.65,304.85,304.6,304.65,12
20250626  10:43,304.9,304.95,304.85,304.85,14
20250626  10:44,305.0,305.0,304.75,304.75,3
20250626  10:45,305.05,305.1,305.05,305.1,3
20250626  10:46,305.2,305.2,304.95,304.95,11
20250626  10:47,305.1,305.3,304.95,304.95,25
20250626  10:48,305.0,305.0,304.55,304.55,10
20250626  10:49,304.7,304.85,304.7,304.85,8
20250626  10:50,305.25,305.25,304.85,304.85,7
20250626  10:51,305.05,305.2,305.05,305.2,3
20250626  10:52,305.2,305.2,305.2,305.2,0
20250626  10:53,305.0,305.0,304.8,304.8,14
20250626  10:54,305.0,305.0,304.9,304.9,3
20250626  10:55,305.0,305.4,305.0,305.2,20
20250626  10:56,305.2,305.35,305.2,305.35,4
20250626  10:57,305.35,305.55,305.2,305.55,21
20250626  10:58,305.6,305.6,305.45,305.55,4
20250626  10:59,305.55,305.55,305.55,305.55,0
20250626  11:00,305.25,305.7,305.25,305.65,4
20250626  11:01,305.8,305.8,305.45,305.45,13
20250626  11:02,305.45,305.55,305.45,305.55,3
20250626  11:03,305.5,305.75,305.5,305.75,6
20250626  11:04,305.7,305.7,305.45,305.45,5
20250626  11:05,305.4,305.5,305.4,305.5,2
20250626  11:06,305.6,305.6,305.6,305.6,1
20250626  11:07,305.15,305.15,304.45,304.75,21
20250626  11:08,304.35,304.35,304.15,304.15,10
20250626  11:09,304.2,304.65,304.15,304.65,10
20250626  11:10,304.75,304.75,304.5,304.5,7
20250626  11:11,304.4,304.4,304.4,304.4,1
20250626  11:12,304.5,304.85,304.5,304.5,10
20250626  11:13,304.7,304.7,304.35,304.4,15
20250626  11:14,304.45,304.6,304.45,304.6,2
20250626  11:15,304.55,304.55,304.55,304.55,1
20250626  11:16,304.6,304.7,304.4,304.4,8
20250626  11:17,304.45,304.45,304.0,304.3,11
20250626  11:18,304.25,304.45,304.25,304.3,7
20250626  11:19,304.3,304.35,304.3,304.35,3
20250626  11:20,304.4,304.45,304.4,304.4,9
20250626  11:21,304.45,304.55,304.45,304.55,2
20250626  11:22,304.55,304.55,304.55,304.55,0
20250626  11:23,304.5,304.5,304.25,304.25,4
20250626  11:24,304.25,304.25,304.25,304.25,0
20250626  11:25,304.25,305.0,304.25,305.0,9
20250626  11:26,305.15,305.5,305.15,305.5,12
20250626  11:27,305.35,305.35,305.35,305.35,2
20250626  11:28,305.3,305.3,305.2,305.2,4
20250626  11:29,305.15,305.15,305.15,305.15,1
20250626  11:30,305.1,305.3,305.1,305.3,6
20250626  11:31,305.4,305.4,305.25,305.25,2
20250626  11:32,305.25,305.35,305.25,305.35,5
20250626  11:33,305.5,305.65,305.45,305.6,10
20250626  11:34,305.65,305.65,305.45,305.45,6
20250626  11:35,305.65,305.65,305.65,305.65,1
20250626  11:36,305.6,305.65,305.5,305.6,13
20250626  11:37,305.65,305.65,305.5,305.5,2
20250626  11:38,305.75,305.8,305.4,305.4,12
20250626  11:39,305.3,305.35,305.1,305.1,12
20250626  11:40,305.25,305.25,305.15,305.15,2
20250626  11:41,305.1,305.15,304.5,304.5,22
20250626  11:42,304.35,304.65,304.35,304.5,24
20250626  11:43,304.7,304.7,304.7,304.7,1
20250626  11:44,304.65,304.7,304.65,304.7,2
20250626  11:45,304.9,305.35,304.9,305.3,6
20250626  11:46,305.5,305.6,305.5,305.6,6
20250626  11:47,305.6,305.75,305.55,305.75,4
20250626  11:48,305.6,305.65,305.6,305.65,3
20250626  11:49,305.6,305.7,305.6,305.6,3
20250626  11:50,305.55,305.55,305.55,305.55,1
20250626  11:51,305.55,305.65,305.55,305.55,6
20250626  11:52,305.55,305.55,305.5,305.5,2
20250626  11:53,305.65,305.8,305.05,305.2,13
20250626  11:54,305.2,305.2,304.9,304.9,7
20250626  11:55,304.9,305.3,304.9,305.3,7
20250626  11:56,305.3,305.3,305.15,305.3,8
20250626  11:57,305.5,305.5,305.5,305.5,1
20250626  11:58,305.55,305.55,305.3,305.3,6
20250626  11:59,305.3,305.3,305.15,305.15,4
20250626  12:00,305.2,305.2,304.95,304.95,14
20250626  12:01,304.9,304.9,304.9,304.9,1
20250626  12:02,304.85,304.9,304.85,304.85,3
20250626  12:03,304.85,305.0,304.85,305.0,3
20250626  12:04,305.05,305.05,305.05,305.05,2
20250626  12:05,305.1,305.1,305.0,305.0,3
20250626  12:06,305.0,305.0,305.0,305.0,0
20250626  12:07,304.85,304.85,304.55,304.55,4
20250626  12:08,304.5,304.5,304.15,304.15,9
20250626  12:09,304.2,304.2,303.85,303.85,8
20250626  12:10,303.85,304.1,303.75,303.75,8
20250626  12:11,303.95,304.3,303.95,304.3,18
20250626  12:12,304.45,304.7,304.45,304.7,6
20250626  12:13,304.5,304.5,304.3,304.3,5
20250626  12:14,304.3,304.3,304.3,304.3,0
20250626  12:15,304.1,304.1,304.05,304.05,4
20250626  12:16,304.05,304.15,304.0,304.15,13
20250626  12:17,304.0,304.0,304.0,304.0,5
20250626  12:18,303.95,303.95,303.6,303.7,15
20250626  12:19,303.75,303.85,303.75,303.85,6
20250626  12:20,304.2,304.25,304.2,304.25,3
20250626  12:21,304.15,304.25,304.1,304.25,10
20250626  12:22,304.3,304.4,304.3,304.3,4
20250626  12:23,304.4,304.5,304.35,304.5,6
20250626  12:24,304.35,304.95,304.3,304.95,18
20250626  12:25,305.0,305.0,305.0,305.0,4
20250626  12:26,304.85,304.85,304.45,304.45,21
20250626  12:27,304.6,304.75,304.6,304.75,24
20250626  12:28,304.35,304.35,304.35,304.35,1
20250626  12:29,304.3,304.35,304.15,304.2,9
20250626  12:30,304.0,304.1,304.0,304.1,2
20250626  12:31,304.3,304.55,304.3,304.55,7
20250626  12:32,304.5,304.7,304.5,304.7,4
20250626  12:33,304.65,304.7,304.15,304.15,20
20250626  12:34,304.3,304.35,303.95,304.15,23
20250626  12:35,304.4,304.45,304.4,304.45,5
20250626  12:36,304.45,304.45,304.45,304.45,1
20250626  12:37,304.45,304.45,304.45,304.45,0
20250626  12:38,304.45,304.45,304.45,304.45,0
20250626  12:39,304.3,304.3,304.3,304.3,1
20250626  12:40,304.3,304.3,304.3,304.3,0
20250626  12:41,304.3,304.3,304.3,304.3,0
20250626  12:42,304.1,304.1,303.9,303.9,7
20250626  12:43,304.15,304.25,304.15,304.2,5
20250626  12:44,304.05,304.35,304.05,304.35,7
20250626  12:45,304.2,304.2,304.15,304.15,6
20250626  12:46,304.25,304.3,304.25,304.3,5
20250626  12:47,304.3,304.3,304.3,304.3,0
20250626  12:48,304.5,304.5,304.5,304.5,1
20250626  12:49,304.5,304.5,304.5,304.5,0
20250626  12:50,304.2,304.2,304.2,304.2,1
20250626  12:51,304.5,304.7,304.4,304.6,22
20250626  12:52,304.6,304.6,304.6,304.6,0
20250626  12:53,304.1,304.6,304.1,304.6,16
20250626  12:54,304.8,304.9,304.8,304.85,13
20250626  12:55,304.85,304.85,304.85,304.85,0
20250626  12:56,305.0,305.0,304.55,304.55,5
20250626  12:57,304.7,304.7,304.35,304.35,9
20250626  12:58,304.3,304.3,304.3,304.3,6
20250626  12:59,304.35,304.7,304.35,304.7,3
20250626  13:00,304.9,304.95,304.6,304.75,13
20250626  13:01,304.6,304.6,304.6,304.6,2
20250626  13:02,304.65,304.65,304.3,304.3,33
20250626  13:03,304.3,304.3,304.3,304.3,0
20250626  13:04,304.3,304.3,304.3,304.3,0
20250626  13:05,304.3,304.3,304.3,304.3,0
20250626  13:06,304.25,304.25,304.25,304.25,1
20250626  13:07,304.3,304.45,304.3,304.45,2
20250626  13:08,304.65,304.65,304.65,304.65,8
20250626  13:09,304.65,304.9,304.65,304.9,17
20250626  13:10,304.95,305.1,304.9,305.1,8
20250626  13:11,304.95,305.15,304.95,305.15,3
20250626  13:12,305.2,305.4,305.2,305.4,3
20250626  13:13,305.45,305.5,305.25,305.3,15
20250626  13:14,305.25,305.35,305.15,305.35,10
20250626  13:15,305.35,305.6,305.35,305.6,10
20250626  13:16,305.6,305.8,305.25,305.25,20
20250626  13:17,305.55,305.6,305.3,305.35,14
20250626  13:18,305.5,305.5,305.35,305.35,2
20250626  13:19,305.5,305.5,305.5,305.5,1
20250626  13:20,305.5,305.7,305.4,305.4,19
20250626  13:21,305.35,305.4,305.15,305.4,15
20250626  13:22,305.4,305.4,305.4,305.4,0
20250626  13:23,305.45,305.55,305.35,305.55,6
20250626  13:24,305.4,305.4,305.15,305.15,11
20250626  13:25,305.15,305.15,305.05,305.05,4
20250626  13:26,305.0,305.5,305.0,305.5,10
20250626  13:27,305.25,305.25,305.25,305.25,1
20250626  13:28,305.25,305.3,305.0,305.0,19
20250626  13:29,305.1,305.1,305.0,305.0,2
20250626  13:30,305.05,305.2,305.05,305.2,3
20250627  10:15,304.75,305.0,302.55,303.95,142
20250627  10:16,303.55,303.8,303.25,303.3,16
20250627  10:17,303.8,305.0,303.8,305.0,32
20250627  10:18,305.2,306.0,305.2,306.0,22
20250627  10:19,305.9,306.15,305.3,306.0,24
20250627  10:20,306.0,306.0,305.25,305.25,19
20250627  10:21,305.15,305.15,304.7,304.85,5
20250627  10:22,304.9,304.95,304.3,304.3,7
20250627  10:23,304.0,304.0,303.55,303.65,3
20250627  10:24,303.7,304.05,303.7,304.05,8
20250627  10:25,304.2,304.35,304.2,304.35,3
20250627  10:26,304.15,304.15,303.9,303.9,2
20250627  10:27,303.8,303.85,303.7,303.85,10
20250627  10:28,304.2,304.2,304.05,304.05,2
20250627  10:29,304.15,304.15,304.05,304.05,2
20250627  10:30,303.7,303.7,303.7,303.7,1
20250627  10:31,303.8,304.0,303.8,303.95,10
20250627  10:32,304.2,304.2,304.05,304.05,7
20250627  10:33,303.95,303.95,303.7,303.7,2
20250627  10:34,303.5,303.5,303.5,303.5,1
20250627  10:35,303.35,303.35,302.85,302.85,29
20250627  10:36,302.75,302.8,302.6,302.8,33
20250627  10:37,302.6,302.75,302.6,302.6,7
20250627  10:38,302.6,302.75,302.6,302.7,9
20250627  10:39,302.7,302.9,302.7,302.9,5
20250627  10:40,302.85,303.15,302.85,303.15,3
20250627  10:41,303.35,303.8,303.15,303.8,11
20250627  10:42,303.7,304.1,303.6,304.05,23
20250627  10:43,304.2,304.7,304.2,304.7,23
20250627  10:44,304.55,305.2,304.55,305.15,22
20250627  10:45,305.05,305.5,305.05,305.5,10
20250627  10:46,305.5,305.5,305.3,305.35,8
20250627  10:47,305.7,306.0,305.6,305.7,17
20250627  10:48,305.9,306.0,305.9,306.0,4
20250627  10:49,306.1,306.55,306.1,306.3,18
20250627  10:50,306.25,306.85,306.2,306.4,13
20250627  10:51,306.45,306.65,306.45,306.55,8
20250627  10:52,306.65,306.85,306.4,306.8,14
20250627  10:53,306.85,306.85,306.75,306.75,6
20250627  10:54,306.75,307.05,306.7,306.9,13
20250627  10:55,306.9,306.9,306.45,306.55,16
20250627  10:56,306.6,306.75,306.3,306.65,7
20250627  10:57,306.45,306.45,306.45,306.45,1
20250627  10:58,306.75,306.9,306.35,306.85,24
20250627  10:59,306.9,306.9,306.65,306.65,6
20250627  11:00,306.65,306.65,306.45,306.45,6
20250627  11:01,306.85,306.9,306.65,306.7,6
20250627  11:02,306.9,306.95,306.2,306.4,23
20250627  11:03,306.35,306.35,306.05,306.15,5
20250627  11:04,306.1,306.4,306.05,306.3,8
20250627  11:05,306.3,306.4,305.85,305.85,23
20250627  11:06,305.85,305.85,305.85,305.85,0
20250627  11:07,305.9,306.05,305.85,305.85,7
20250627  11:08,305.6,305.6,305.45,305.55,9
20250627  11:09,305.75,305.9,305.55,305.55,9
20250627  11:10,305.3,305.45,304.95,305.05,20
20250627  11:11,305.0,305.5,305.0,305.5,10
20250627  11:12,305.5,305.5,305.5,305.5,0
20250627  11:13,305.85,305.9,305.65,305.9,5
20250627  11:14,305.9,305.9,305.9,305.9,0
20250627  11:15,305.9,306.15,305.9,306.15,10
20250627  11:16,306.0,306.0,306.0,306.0,1
20250627  11:17,306.0,306.05,305.85,305.85,15
20250627  11:18,305.95,305.95,305.95,305.95,1
20250627  11:19,306.05,306.25,305.95,306.2,10
20250627  11:20,306.25,306.25,306.2,306.2,3
20250627  11:21,305.95,305.95,305.95,305.95,2
20250627  11:22,305.8,305.8,305.8,305.8,1
20250627  11:23,305.85,305.85,305.7,305.7,15
20250627  11:24,305.85,305.85,305.85,305.85,1
20250627  11:25,305.7,305.7,305.65,305.65,2
20250627  11:26,305.5,305.85,305.5,305.85,11
20250627  11:27,306.1,306.2,306.1,306.15,16
20250627  11:28,306.15,306.15,306.15,306.15,0
20250627  11:29,306.1,306.1,306.1,306.1,1
20250627  11:30,306.1,306.1,306.1,306.1,0
20250627  11:31,306.1,306.1,306.1,306.1,0
20250627  11:32,305.9,305.9,305.9,305.9,3
20250627  11:33,306.05,306.05,305.85,305.85,5
20250627  11:34,305.55,305.55,305.55,305.55,1
20250627  11:35,305.8,305.85,305.8,305.85,2
20250627  11:36,305.85,305.85,305.85,305.85,0
20250627  11:37,305.85,305.85,305.85,305.85,1
20250627  11:38,305.85,305.85,305.85,305.85,0
20250627  11:39,305.7,305.85,305.7,305.7,4
20250627  11:40,305.7,305.7,305.4,305.45,14
20250627  11:41,305.45,305.45,305.45,305.45,0
20250627  11:42,305.5,305.5,305.5,305.5,2
20250627  11:43,305.7,305.7,305.7,305.7,1
20250627  11:44,305.65,305.65,305.3,305.3,4
20250627  11:45,305.0,305.15,305.0,305.0,3
20250627  11:46,305.05,305.05,304.85,304.85,9
20250627  11:47,304.95,304.95,304.65,304.65,5
20250627  11:48,305.0,305.0,305.0,305.0,1
20250627  11:49,305.0,305.0,305.0,305.0,0
20250627  11:50,305.2,305.2,305.2,305.2,1
20250627  11:51,305.35,305.35,305.35,305.35,1
20250627  11:52,305.35,305.35,305.35,305.35,0
20250627  11:53,305.25,305.25,305.0,305.0,4
20250627  11:54,305.0,305.0,305.0,305.0,0
20250627  11:55,304.8,304.8,304.8,304.8,1
20250627  11:56,304.8,304.8,304.8,304.8,0
20250627  11:57,304.8,304.8,304.8,304.8,0
20250627  11:58,304.8,304.85,304.8,304.85,4
20250627  11:59,304.85,304.85,304.85,304.85,0
20250627  12:00,304.65,304.65,304.65,304.65,1
20250627  12:01,304.6,304.6,304.6,304.6,2
20250627  12:02,304.7,304.85,304.5,304.85,7
20250627  12:03,305.05,305.1,304.15,304.25,29
20250627  12:04,304.25,304.45,304.15,304.15,19
20250627  12:05,304.15,304.4,303.8,304.4,39
20250627  12:06,304.5,304.5,304.35,304.45,5
20250627  12:07,304.3,304.3,304.1,304.3,14
20250627  12:08,304.3,304.3,304.3,304.3,1
20250627  12:09,304.3,304.3,304.3,304.3,1
20250627  12:10,304.1,304.15,303.95,304.1,9
20250627  12:11,304.1,304.1,304.05,304.1,3
20250627  12:12,304.0,304.05,303.85,304.05,12
20250627  12:13,304.2,304.35,304.2,304.35,4
20250627  12:14,304.6,304.75,304.55,304.55,5
20250627  12:15,304.4,304.6,304.4,304.6,2
20250627  12:16,304.35,304.4,304.35,304.4,3
20250627  12:17,304.5,304.5,304.3,304.3,5
20250627  12:18,304.3,304.3,304.3,304.3,0
20250627  12:19,304.3,304.3,304.3,304.3,0
20250627  12:20,304.5,304.5,304.45,304.45,2
20250627  12:21,304.45,304.45,304.45,304.45,0
20250627  12:22,304.45,304.45,304.45,304.45,0
20250627  12:23,304.8,304.8,304.55,304.55,3
20250627  12:24,304.6,304.95,304.6,304.75,16
20250627  12:25,304.65,304.8,304.65,304.7,5
20250627  12:26,304.75,304.75,304.65,304.65,6
20250627  12:27,304.65,304.65,304.65,304.65,0
20250627  12:28,304.65,304.65,304.65,304.65,0
20250627  12:29,304.65,304.65,304.65,304.65,0
20250627  12:30,304.3,304.3,304.3,304.3,1
20250627  12:31,304.65,305.4,304.65,305.2,27
20250627  12:32,305.1,305.1,304.9,304.9,14
20250627  12:33,304.65,304.65,304.65,304.65,2
20250627  12:34,304.5,304.5,304.5,304.5,4
20250627  12:35,304.5,304.5,304.5,304.5,0
20250627  12:36,304.5,304.5,304.5,304.5,0
20250627  12:37,304.8,304.8,304.8,304.8,1
20250627  12:38,304.8,304.8,304.8,304.8,0
20250627  12:39,304.85,304.85,304.75,304.75,3
20250627  12:40,304.75,304.75,304.75,304.75,0
20250627  12:41,304.7,304.75,304.7,304.75,3
20250627  12:42,304.55,304.7,304.55,304.7,2
20250627  12:43,304.5,304.6,304.5,304.6,2
20250627  12:44,304.6,304.6,304.6,304.6,0
20250627  12:45,304.8,304.8,304.8,304.8,2
20250627  12:46,304.75,304.85,304.5,304.85,13
20250627  12:47,304.85,304.85,304.85,304.85,0
20250627  12:48,304.85,304.85,304.85,304.85,0
20250627  12:49,304.85,304.85,304.85,304.85,0
20250627  12:50,304.55,304.55,304.55,304.55,1
20250627  12:51,304.85,304.85,304.85,304.85,1
20250627  12:52,305.0,305.0,305.0,305.0,4
20250627  12:53,304.85,304.85,304.45,304.55,18
20250627  12:54,304.6,304.6,304.6,304.6,1
20250627  12:55,304.55,304.55,304.55,304.55,1
20250627  12:56,304.45,304.45,304.2,304.2,9
20250627  12:57,304.25,304.25,304.25,304.25,1
20250627  12:58,304.25,304.25,304.25,304.25,0
20250627  12:59,304.2,304.2,304.05,304.05,2
20250627  13:00,304.05,304.05,304.05,304.05,0
20250627  13:01,304.5,304.5,304.5,304.5,1
20250627  13:02,304.5,304.5,304.5,304.5,0
20250627  13:03,304.5,304.5,304.5,304.5,0
20250627  13:04,304.5,304.5,304.5,304.5,0
20250627  13:05,304.5,304.5,304.5,304.5,0
20250627  13:06,304.5,304.5,304.5,304.5,0
20250627  13:07,304.4,304.4,304.4,304.4,1
20250627  13:08,304.4,304.4,304.4,304.4,0
20250627  13:09,304.4,304.4,304.4,304.4,0
20250627  13:10,304.6,304.6,304.5,304.5,2
20250627  13:11,304.5,304.5,304.5,304.5,0
20250627  13:12,304.5,304.5,304.5,304.5,0
20250627  13:13,304.5,304.8,304.5,304.8,2
20250627  13:14,304.8,304.8,304.8,304.8,0
20250627  13:15,304.8,304.8,304.8,304.8,0
20250627  13:16,304.55,304.55,304.55,304.55,1
20250627  13:17,304.55,304.55,304.55,304.55,0
20250627  13:18,304.85,304.85,304.8,304.8,3
20250627  13:19,305.0,305.05,305.0,305.0,3
20250627  13:20,305.0,305.05,304.75,304.85,15
20250627  13:21,304.8,304.8,304.6,304.6,4
20250627  13:22,304.6,304.6,304.6,304.6,0
20250627  13:23,304.5,304.55,304.5,304.55,4
20250627  13:24,304.7,304.75,304.7,304.75,4
20250627  13:25,304.8,304.8,304.8,304.8,4
20250627  13:26,304.8,305.15,304.8,305.15,10
20250627  13:27,305.15,305.15,305.15,305.15,0
20250627  13:28,305.15,305.15,305.15,305.15,0
20250627  13:29,305.1,305.1,305.0,305.0,3
20250627  13:30,304.8,304.8,304.8,304.8,1
20250630  10:15,302.9,304.6,302.9,304.55,221
20250630  10:16,304.5,304.95,304.25,304.4,37
20250630  10:17,304.8,306.3,304.2,306.1,117
20250630  10:18,306.35,306.4,305.3,305.3,38
20250630  10:19,305.2,305.2,304.55,304.55,19
20250630  10:20,304.55,305.55,304.3,305.3,33
20250630  10:21,305.25,305.85,305.2,305.5,31
20250630  10:22,305.6,305.6,304.9,304.9,17
20250630  10:23,304.8,305.0,304.7,304.8,16
20250630  10:24,304.7,304.75,304.4,304.7,12
20250630  10:25,304.85,305.4,304.5,304.6,28
20250630  10:26,304.7,304.7,304.7,304.7,1
20250630  10:27,304.65,304.65,304.5,304.55,6
20250630  10:28,304.9,305.3,304.9,305.05,29
20250630  10:29,304.85,304.85,304.85,304.85,2
20250630  10:30,304.9,305.35,304.9,305.25,9
20250630  10:31,305.3,305.5,305.3,305.35,7
20250630  10:32,305.35,305.4,305.3,305.3,5
20250630  10:33,305.15,305.15,304.9,304.9,4
20250630  10:34,304.95,305.2,304.75,305.2,9
20250630  10:35,305.25,305.4,305.15,305.4,11
20250630  10:36,305.15,305.15,304.7,305.0,9
20250630  10:37,305.05,305.15,304.9,305.15,6
20250630  10:38,305.2,305.2,305.2,305.2,1
20250630  10:39,305.0,305.0,304.8,305.0,7
20250630  10:40,305.0,305.0,304.6,304.6,10
20250630  10:41,304.6,304.6,304.6,304.6,0
20250630  10:42,304.45,304.75,304.4,304.75,10
20250630  10:43,304.6,304.75,304.55,304.75,5
20250630  10:44,304.75,304.75,304.75,304.75,0
20250630  10:45,304.95,305.05,304.95,305.05,11
20250630  10:46,304.85,305.1,304.85,305.1,6
20250630  10:47,305.25,305.25,305.0,305.0,2
20250630  10:48,305.0,305.0,305.0,305.0,0
20250630  10:49,304.8,305.0,304.7,304.95,8
20250630  10:50,304.8,305.1,304.8,305.1,13
20250630  10:51,305.0,305.5,304.9,305.3,31
20250630  10:52,305.5,306.0,305.5,305.85,15
20250630  10:53,305.9,306.1,305.9,306.0,9
20250630  10:54,306.05,306.1,305.8,305.8,7
20250630  10:55,305.9,306.0,305.8,305.8,15
20250630  10:56,305.85,305.85,305.55,305.6,6
20250630  10:57,305.3,305.35,305.3,305.3,8
20250630  10:58,305.2,305.35,305.2,305.35,2
20250630  10:59,305.65,305.65,305.65,305.65,1
20250630  11:00,305.5,305.5,305.35,305.45,7
20250630  11:01,305.75,305.75,305.7,305.7,3
20250630  11:02,305.8,305.8,305.55,305.55,3
20250630  11:03,305.4,305.4,305.25,305.3,7
20250630  11:04,305.45,305.45,305.45,305.45,1
20250630  11:05,305.45,305.45,305.45,305.45,0
20250630  11:06,305.5,305.55,305.5,305.55,2
20250630  11:07,305.45,305.45,305.3,305.3,2
20250630  11:08,305.5,305.5,305.5,305.5,2
20250630  11:09,305.4,305.4,305.4,305.4,1
20250630  11:10,305.3,305.45,305.25,305.45,3
20250630  11:11,305.45,305.45,305.45,305.45,1
20250630  11:12,305.45,305.45,305.45,305.45,0
20250630  11:13,305.75,306.35,305.75,306.2,27
20250630  11:14,306.1,306.3,306.1,306.3,3
20250630  11:15,306.3,306.9,306.25,306.9,35
20250630  11:16,306.8,306.8,306.55,306.6,17
20250630  11:17,306.6,306.6,306.6,306.6,0
20250630  11:18,306.6,306.6,306.5,306.6,5
20250630  11:19,306.45,306.45,306.45,306.45,1
20250630  11:20,305.95,305.95,305.95,305.95,1
20250630  11:21,305.65,305.7,305.55,305.7,4
20250630  11:22,305.6,305.6,305.3,305.5,5
20250630  11:23,305.6,305.65,305.6,305.65,2
20250630  11:24,305.65,305.85,305.5,305.85,9
20250630  11:25,305.7,305.75,305.7,305.75,2
20250630  11:26,305.55,305.65,305.55,305.65,2
20250630  11:27,305.6,305.7,305.5,305.5,7
20250630  11:28,305.5,305.5,305.5,305.5,0
20250630  11:29,305.55,305.55,305.5,305.5,2
20250630  11:30,305.2,305.2,305.1,305.1,3
20250630  11:31,305.0,305.25,305.0,305.25,5
20250630  11:32,305.1,305.2,305.05,305.05,3
20250630  11:33,304.95,304.95,304.6,304.6,7
20250630  11:34,304.8,304.8,304.8,304.8,1
20250630  11:35,304.8,304.8,304.8,304.8,0
20250630  11:36,304.8,304.8,304.8,304.8,0
20250630  11:37,304.75,304.75,304.75,304.75,1
20250630  11:38,304.6,304.6,304.6,304.6,1
20250630  11:39,304.9,304.95,304.9,304.95,4
20250630  11:40,305.0,305.05,305.0,305.05,4
20250630  11:41,305.15,305.15,305.0,305.0,4
20250630  11:42,304.95,304.95,304.95,304.95,1
20250630  11:43,305.0,305.1,305.0,305.1,2
20250630  11:44,305.1,305.1,305.1,305.1,0
20250630  11:45,305.1,305.1,305.1,305.1,0
20250630  11:46,305.45,305.6,305.45,305.6,3
20250630  11:47,305.4,305.4,304.4,304.4,7
20250630  11:48,304.4,304.6,304.25,304.55,9
20250630  11:49,304.55,304.55,304.55,304.55,0
20250630  11:50,304.5,304.5,304.5,304.5,1
20250630  11:51,304.45,304.5,304.45,304.5,2
20250630  11:52,304.4,304.5,304.4,304.4,6
20250630  11:53,304.45,304.45,304.45,304.45,2
20250630  11:54,304.6,304.85,304.6,304.85,5
20250630  11:55,304.6,304.6,304.6,304.6,1
20250630  11:56,304.5,304.5,304.3,304.45,3
20250630  11:57,304.45,304.45,304.45,304.45,1
20250630  11:58,304.3,304.3,304.3,304.3,2
20250630  11:59,304.45,304.45,304.45,304.45,2
20250630  12:00,304.4,304.4,304.4,304.4,1
20250630  12:01,304.4,304.4,304.4,304.4,0
20250630  12:02,304.25,304.25,304.25,304.25,1
20250630  12:03,304.4,304.4,304.2,304.25,13
20250630  12:04,304.3,304.3,304.3,304.3,2
20250630  12:05,304.2,304.2,303.75,303.8,20
20250630  12:06,303.9,303.9,303.7,303.75,7
20250630  12:07,303.4,303.4,303.2,303.2,9
20250630  12:08,303.2,303.4,303.1,303.1,6
20250630  12:09,303.5,303.5,303.5,303.5,2
20250630  12:10,303.5,303.5,303.5,303.5,1
20250630  12:11,303.15,303.35,303.15,303.35,4
20250630  12:12,303.15,303.15,303.15,303.15,3
20250630  12:13,303.15,303.15,303.15,303.15,0
20250630  12:14,303.1,303.1,302.7,302.85,13
20250630  12:15,302.9,302.95,302.65,302.95,10
20250630  12:16,302.95,303.0,302.8,302.8,6
20250630  12:17,303.05,303.1,303.05,303.1,2
20250630  12:18,303.05,303.1,302.8,302.85,15
20250630  12:19,302.7,302.7,302.4,302.4,12
20250630  12:20,302.35,302.8,302.35,302.75,13
20250630  12:21,302.7,302.95,302.7,302.95,15
20250630  12:22,303.0,303.35,303.0,303.35,25
20250630  12:23,303.5,303.5,303.35,303.35,2
20250630  12:24,303.35,303.35,303.35,303.35,1
20250630  12:25,303.4,303.45,303.15,303.15,6
20250630  12:26,303.15,303.15,303.15,303.15,0
20250630  12:27,303.3,303.3,303.3,303.3,1
20250630  12:28,303.6,303.6,303.35,303.35,2
20250630  12:29,303.4,303.4,303.4,303.4,2
20250630  12:30,303.7,303.7,303.7,303.7,1
20250630  12:31,303.6,303.7,303.6,303.7,2
20250630  12:32,303.85,304.0,303.85,303.9,7
20250630  12:33,303.95,304.55,303.9,304.55,16
20250630  12:34,304.4,304.5,304.15,304.15,12
20250630  12:35,304.15,304.15,304.15,304.15,0
20250630  12:36,304.15,304.15,304.15,304.15,0
20250630  12:37,304.2,304.2,304.2,304.2,1
20250630  12:38,304.0,304.0,303.45,303.45,12
20250630  12:39,303.6,303.6,303.6,303.6,1
20250630  12:40,303.7,303.7,303.7,303.7,1
20250630  12:41,303.75,303.95,303.7,303.95,5
20250630  12:42,303.95,303.95,303.95,303.95,0
20250630  12:43,303.9,304.05,303.7,303.7,5
20250630  12:44,303.7,303.7,303.7,303.7,0
20250630  12:45,303.75,303.85,303.75,303.85,2
20250630  12:46,303.55,303.55,303.55,303.55,1
20250630  12:47,303.9,303.9,303.9,303.9,1
20250630  12:48,303.85,303.95,303.8,303.95,10
20250630  12:49,303.95,303.95,303.95,303.95,0
20250630  12:50,303.9,304.05,303.9,304.05,5
20250630  12:51,304.1,304.1,304.1,304.1,1
20250630  12:52,304.15,304.35,304.15,304.35,2
20250630  12:53,304.25,304.25,304.1,304.1,3
20250630  12:54,304.1,304.1,304.1,304.1,0
20250630  12:55,303.95,304.3,303.95,304.3,5
20250630  12:56,304.0,304.0,304.0,304.0,1
20250630  12:57,304.3,304.3,304.3,304.3,1
20250630  12:58,304.35,304.55,304.35,304.5,6
20250630  12:59,304.6,304.6,304.05,304.05,8
20250630  13:00,304.0,304.4,304.0,304.4,7
20250630  13:01,304.65,304.65,304.65,304.65,1
20250630  13:02,304.65,304.65,304.65,304.65,0
20250630  13:03,304.7,304.7,304.45,304.45,2
20250630  13:04,304.45,304.45,304.45,304.45,0
20250630  13:05,304.45,304.45,304.45,304.45,0
20250630  13:06,304.45,304.45,304.45,304.45,0
20250630  13:07,304.45,304.45,304.45,304.45,1
20250630  13:08,304.45,304.45,304.45,304.45,0
20250630  13:09,304.6,304.65,304.4,304.4,6
20250630  13:10,304.4,304.4,304.4,304.4,0
20250630  13:11,304.4,304.4,304.4,304.4,0
20250630  13:12,304.55,304.6,304.55,304.6,2
20250630  13:13,304.35,304.35,304.35,304.35,2
20250630  13:14,304.35,304.35,304.35,304.35,0
20250630  13:15,304.35,304.35,304.2,304.2,4
20250630  13:16,304.35,304.35,304.35,304.35,1
20250630  13:17,304.35,304.35,304.3,304.3,4
20250630  13:18,303.95,304.15,303.9,304.15,8
20250630  13:19,303.9,303.9,303.9,303.9,2
20250630  13:20,303.75,304.0,303.6,303.95,16
20250630  13:21,304.05,304.15,304.05,304.15,3
20250630  13:22,304.2,304.3,304.15,304.3,4
20250630  13:23,304.2,304.3,304.2,304.3,5
20250630  13:24,304.35,304.35,304.35,304.35,1
20250630  13:25,304.35,304.35,304.35,304.35,0
20250630  13:26,304.35,304.35,304.35,304.35,0
20250630  13:27,303.7,303.7,303.7,303.7,1
20250630  13:28,303.7,303.7,302.85,303.15,25
20250630  13:29,303.05,303.05,303.05,303.05,1
20250630  13:30,303.05,303.05,303.05,303.05,0
20250701  10:15,298.4,298.4,295.0,296.0,322
20250701  10:16,296.0,296.65,296.0,296.65,39
20250701  10:17,296.7,296.95,296.15,296.5,29
20250701  10:18,296.5,296.5,296.3,296.3,6
20250701  10:19,296.3,296.3,296.3,296.3,2
20250701  10:20,296.35,296.35,295.6,295.6,17
20250701  10:21,296.05,296.25,295.9,296.0,6
20250701  10:22,295.7,295.85,295.7,295.85,2
20250701  10:23,296.2,296.2,296.15,296.15,3
20250701  10:24,296.1,296.1,295.85,295.85,2
20250701  10:25,295.85,296.1,295.55,296.1,11
20250701  10:26,296.4,297.05,296.4,296.85,24
20250701  10:27,297.1,297.55,296.9,297.55,15
20250701  10:28,297.25,297.35,297.0,297.0,6
20250701  10:29,297.1,297.15,296.65,296.85,9
20250701  10:30,296.7,297.2,296.7,296.9,8
20250701  10:31,297.15,297.15,296.85,296.85,8
20250701  10:32,297.05,297.05,296.95,296.95,7
20250701  10:33,296.75,296.75,296.75,296.75,2
20250701  10:34,296.75,297.05,296.55,296.95,15
20250701  10:35,297.0,297.3,297.0,297.3,8
20250701  10:36,297.3,297.3,296.85,296.95,9
20250701  10:37,296.85,296.85,296.2,296.25,13
20250701  10:38,296.0,296.2,296.0,296.2,8
20250701  10:39,296.3,296.3,296.3,296.3,1
20250701  10:40,296.05,296.05,295.95,295.95,3
20250701  10:41,295.95,295.95,295.95,295.95,0
20250701  10:42,295.95,295.95,295.95,295.95,0
20250701  10:43,296.4,296.4,296.05,296.05,4
20250701  10:44,295.95,296.2,295.95,296.05,7
20250701  10:45,296.1,296.35,296.1,296.35,4
20250701  10:46,296.4,296.55,296.35,296.45,10
20250701  10:47,296.65,296.85,296.6,296.6,17
20250701  10:48,296.55,296.55,296.55,296.55,2
20250701  10:49,296.2,296.5,296.2,296.5,7
20250701  10:50,296.25,296.25,296.25,296.25,1
20250701  10:51,296.4,296.4,296.4,296.4,2
20250701  10:52,296.4,296.4,296.4,296.4,0
20250701  10:53,296.5,296.5,296.35,296.4,6
20250701  10:54,296.35,296.45,296.25,296.45,4
20250701  10:55,296.6,297.45,296.6,297.2,32
20250701  10:56,297.3,297.4,297.25,297.3,4
20250701  10:57,297.15,297.15,297.0,297.0,9
20250701  10:58,297.1,297.1,297.1,297.1,3
20250701  10:59,297.15,297.15,297.15,297.15,2
20250701  11:00,297.2,298.2,297.2,298.1,40
20250701  11:01,298.2,298.2,298.05,298.15,18
20250701  11:02,298.2,299.45,298.2,299.45,68
20250701  11:03,299.45,299.5,298.95,299.25,39
20250701  11:04,299.4,299.4,299.15,299.15,7
20250701  11:05,299.05,299.25,299.0,299.25,25
20250701  11:06,299.3,299.35,299.3,299.35,4
20250701  11:07,299.45,299.5,299.45,299.5,2
20250701  11:08,299.35,299.35,299.0,299.0,11
20250701  11:09,298.9,298.9,298.6,298.8,12
20250701  11:10,298.7,299.0,298.7,299.0,4
20250701  11:11,298.9,298.9,298.9,298.9,3
20250701  11:12,299.2,299.2,298.9,298.9,10
20250701  11:13,298.8,299.0,298.8,299.0,5
20250701  11:14,298.85,299.05,298.85,299.05,7
20250701  11:15,299.15,299.15,299.05,299.15,5
20250701  11:16,299.0,299.0,298.55,298.65,13
20250701  11:17,298.7,298.7,298.4,298.4,7
20250701  11:18,298.5,298.6,298.5,298.6,5
20250701  11:19,298.85,298.85,298.85,298.85,4
20250701  11:20,298.7,298.7,298.7,298.7,1
20250701  11:21,298.75,299.15,298.7,299.05,10
20250701  11:22,298.95,299.1,298.95,299.05,4
20250701  11:23,298.95,299.05,298.65,299.05,13
20250701  11:24,299.05,299.1,298.95,298.95,7
20250701  11:25,299.05,299.05,299.05,299.05,1
20250701  11:26,298.85,298.95,298.85,298.95,4
20250701  11:27,298.95,298.95,298.95,298.95,0
20250701  11:28,298.75,298.75,298.6,298.6,4
20250701  11:29,298.5,298.5,298.5,298.5,1
20250701  11:30,298.65,298.65,298.65,298.65,2
20250701  11:31,298.65,298.65,298.65,298.65,0
20250701  11:32,298.85,298.85,298.8,298.8,2
20250701  11:33,298.7,298.85,298.6,298.85,5
20250701  11:34,298.75,298.85,298.75,298.85,3
20250701  11:35,298.7,298.7,298.2,298.2,11
20250701  11:36,298.4,298.4,298.4,298.4,1
20250701  11:37,297.95,298.15,297.8,298.0,4
20250701  11:38,298.05,298.2,298.05,298.2,9
20250701  11:39,298.1,298.1,297.8,297.8,5
20250701  11:40,297.6,297.7,297.15,297.35,13
20250701  11:41,297.2,297.2,297.2,297.2,1
20250701  11:42,297.25,297.25,297.25,297.25,1
20250701  11:43,297.25,297.25,297.25,297.25,1
20250701  11:44,297.25,297.25,296.75,296.75,8
20250701  11:45,296.75,296.75,296.5,296.5,14
20250701  11:46,296.4,296.5,296.2,296.35,12
20250701  11:47,296.4,296.5,296.1,296.1,14
20250701  11:48,296.05,296.15,296.0,296.15,7
20250701  11:49,296.15,296.15,296.15,296.15,0
20250701  11:50,296.4,296.4,296.4,296.4,2
20250701  11:51,296.4,296.4,296.3,296.3,4
20250701  11:52,296.1,296.25,296.1,296.1,3
20250701  11:53,296.0,296.15,296.0,296.05,5
20250701  11:54,296.05,296.25,296.0,296.25,6
20250701  11:55,296.0,296.15,295.8,296.1,27
20250701  11:56,296.05,296.05,296.05,296.05,1
20250701  11:57,295.9,296.1,295.9,296.0,5
20250701  11:58,295.85,296.2,295.8,296.2,27
20250701  11:59,296.35,296.35,296.35,296.35,1
20250701  12:00,296.45,296.5,296.35,296.4,8
20250701  12:01,296.35,296.35,296.05,296.05,13
20250701  12:02,296.45,296.6,296.4,296.6,15
20250701  12:03,296.65,296.65,296.6,296.6,3
20250701  12:04,296.6,296.85,296.6,296.85,4
20250701  12:05,296.75,296.8,296.75,296.8,2
20250701  12:06,296.85,296.85,296.75,296.75,3
20250701  12:07,296.75,296.75,296.75,296.75,2
20250701  12:08,296.75,296.75,296.75,296.75,0
20250701  12:09,296.8,297.25,296.8,297.15,20
20250701  12:10,297.25,297.25,296.9,296.9,5
20250701  12:11,297.0,297.0,297.0,297.0,1
20250701  12:12,297.4,297.4,297.25,297.4,8
20250701  12:13,297.4,297.4,297.4,297.4,0
20250701  12:14,297.3,297.3,296.4,296.5,14
20250701  12:15,296.5,296.6,296.5,296.55,3
20250701  12:16,296.6,296.6,296.5,296.5,2
20250701  12:17,297.2,297.3,297.1,297.1,7
20250701  12:18,297.3,297.3,297.1,297.15,13
20250701  12:19,297.0,297.1,296.75,296.8,9
20250701  12:20,296.75,297.35,296.75,296.9,21
20250701  12:21,296.9,296.9,296.75,296.75,6
20250701  12:22,296.75,296.75,296.75,296.75,0
20250701  12:23,296.75,296.75,296.0,296.0,33
20250701  12:24,296.0,296.0,295.55,295.55,55
20250701  12:25,295.8,295.8,295.0,295.0,92
20250701  12:26,295.2,295.45,295.2,295.45,4
20250701  12:27,295.15,295.35,295.15,295.25,4
20250701  12:28,295.0,295.45,295.0,295.35,17
20250701  12:29,295.5,295.5,295.5,295.5,3
20250701  12:30,295.25,295.25,295.25,295.25,2
20250701  12:31,295.1,295.25,295.0,295.25,10
20250701  12:32,295.25,295.25,295.25,295.25,0
20250701  12:33,295.35,295.35,295.35,295.35,1
20250701  12:34,295.35,295.6,295.35,295.55,20
20250701  12:35,295.7,296.0,295.7,296.0,5
20250701  12:36,296.1,296.3,296.1,296.3,7
20250701  12:37,296.3,296.3,296.3,296.3,2
20250701  12:38,296.25,296.5,296.25,296.5,4
20250701  12:39,296.5,296.5,296.45,296.45,6
20250701  12:40,296.35,297.05,296.35,297.05,12
20250701  12:41,297.2,297.2,296.8,296.8,17
20250701  12:42,296.8,297.05,296.75,296.75,11
20250701  12:43,296.8,296.8,296.8,296.8,1
20250701  12:44,296.65,296.65,296.65,296.65,2
20250701  12:45,296.55,296.7,296.55,296.7,9
20250701  12:46,296.9,296.9,296.55,296.55,3
20250701  12:47,296.75,297.05,296.75,297.05,6
20250701  12:48,296.9,297.35,296.9,297.35,16
20250701  12:49,297.35,297.55,297.05,297.4,14
20250701  12:50,297.4,297.4,297.0,297.05,7
20250701  12:51,297.1,297.1,296.5,296.65,14
20250701  12:52,296.75,296.95,296.65,296.95,13
20250701  12:53,296.75,296.75,296.55,296.7,4
20250701  12:54,296.4,296.4,296.25,296.35,5
20250701  12:55,296.4,296.45,296.4,296.45,2
20250701  12:56,296.3,296.3,295.8,296.05,12
20250701  12:57,296.05,296.5,296.05,296.3,11
20250701  12:58,296.3,296.4,295.85,296.1,33
20250701  12:59,296.1,296.1,296.1,296.1,0
20250701  13:00,296.0,296.1,296.0,296.1,3
20250701  13:01,296.1,296.1,296.1,296.1,0
20250701  13:02,296.1,296.1,296.1,296.1,0
20250701  13:03,296.5,297.45,296.35,297.45,25
20250701  13:04,297.3,297.45,297.3,297.35,7
20250701  13:05,297.3,297.8,296.75,297.1,45
20250701  13:06,297.1,297.1,297.1,297.1,0
20250701  13:07,297.05,297.2,296.75,296.75,19
20250701  13:08,296.7,296.75,296.7,296.75,2
20250701  13:09,296.65,296.7,296.45,296.65,9
20250701  13:10,296.65,296.65,296.65,296.65,0
20250701  13:11,296.65,296.65,296.65,296.65,0
20250701  13:12,296.85,297.05,296.85,297.05,4
20250701  13:13,297.0,297.0,297.0,297.0,1
20250701  13:14,296.85,296.85,296.85,296.85,1
20250701  13:15,296.85,296.85,296.7,296.7,2
20250701  13:16,296.75,297.35,296.75,297.35,3
20250701  13:17,297.1,297.1,296.6,297.0,14
20250701  13:18,297.0,297.0,297.0,297.0,0
20250701  13:19,296.8,296.8,296.8,296.8,3
20250701  13:20,296.75,296.75,296.25,296.25,15
20250701  13:21,296.2,296.25,296.2,296.25,2
20250701  13:22,296.35,296.35,296.35,296.35,1
20250701  13:23,296.15,296.3,295.95,296.05,11
20250701  13:24,296.05,296.05,295.75,295.75,5
20250701  13:25,296.05,296.05,295.75,295.8,11
20250701  13:26,295.75,295.9,295.5,295.55,18
20250701  13:27,295.5,295.5,295.1,295.4,19
20250701  13:28,295.45,295.45,294.2,294.9,57
20250701  13:29,294.9,294.9,294.65,294.65,7
20250701  13:30,294.15,294.15,293.8,293.95,50
20250702  10:15,290.05,290.1,289.05,289.6,201
20250702  10:16,289.65,290.7,289.25,289.25,127
20250702  10:17,289.65,289.65,288.5,288.75,99
20250702  10:18,288.75,289.15,288.5,289.15,30
20250702  10:19,289.0,289.15,288.8,289.1,6
20250702  10:20,288.9,289.65,288.9,289.65,30
20250702  10:21,289.4,289.75,289.4,289.75,8
20250702  10:22,289.85,289.85,289.55,289.55,3
20250702  10:23,289.65,289.65,289.45,289.45,3
20250702  10:24,289.45,289.45,289.0,289.0,11
20250702  10:25,288.95,289.3,288.8,288.8,10
20250702  10:26,288.9,288.9,288.7,288.9,3
20250702  10:27,288.8,289.05,288.8,289.05,8
20250702  10:28,288.95,288.95,288.95,288.95,1
20250702  10:29,289.05,289.65,289.05,289.55,9
20250702  10:30,289.6,289.6,289.05,289.05,15
20250702  10:31,289.0,289.05,289.0,289.05,3
20250702  10:32,289.0,289.0,289.0,289.0,1
20250702  10:33,289.0,289.0,288.9,288.9,3
20250702  10:34,289.05,289.15,289.05,289.15,2
20250702  10:35,288.95,289.35,288.95,289.25,19
20250702  10:36,289.15,289.15,288.85,289.1,8
20250702  10:37,289.25,289.4,289.15,289.15,7
20250702  10:38,288.8,288.8,288.45,288.45,14
20250702  10:39,288.45,288.55,288.45,288.55,2
20250702  10:40,288.7,288.95,288.7,288.95,3
20250702  10:41,288.95,289.2,288.95,289.1,5
20250702  10:42,289.05,289.05,288.9,288.9,10
20250702  10:43,289.0,289.0,289.0,289.0,2
20250702  10:44,289.0,289.0,289.0,289.0,0
20250702  10:45,289.05,289.05,288.95,288.95,6
20250702  10:46,289.2,289.2,289.2,289.2,1
20250702  10:47,289.05,289.1,288.7,288.7,22
20250702  10:48,288.9,289.0,288.9,289.0,3
20250702  10:49,289.0,289.0,289.0,289.0,0
20250702  10:50,289.0,289.2,289.0,289.0,11
20250702  10:51,289.0,289.0,289.0,289.0,0
20250702  10:52,288.85,288.85,288.55,288.55,12
20250702  10:53,288.6,288.6,288.3,288.45,6
20250702  10:54,288.55,288.85,288.45,288.45,45
20250702  10:55,288.45,288.45,288.3,288.3,10
20250702  10:56,288.4,288.4,288.05,288.25,39
20250702  10:57,288.25,288.4,287.5,287.6,51
20250702  10:58,287.9,288.1,287.8,288.0,62
20250702  10:59,288.15,288.35,287.95,288.35,19
20250702  11:00,288.1,288.1,287.65,287.9,16
20250702  11:01,287.8,287.8,287.8,287.8,4
20250702  11:02,287.8,287.8,287.2,287.2,25
20250702  11:03,287.2,287.5,287.0,287.0,66
20250702  11:04,287.0,287.35,287.0,287.15,17
20250702  11:05,287.15,287.45,287.0,287.45,12
20250702  11:06,287.5,288.15,287.5,288.15,30
20250702  11:07,288.15,288.4,288.0,288.35,26
20250702  11:08,288.35,288.45,288.25,288.45,10
20250702  11:09,288.4,288.85,288.3,288.6,17
20250702  11:10,288.6,288.6,288.35,288.35,3
20250702  11:11,288.35,288.35,288.05,288.05,3
20250702  11:12,287.9,287.9,287.5,287.5,11
20250702  11:13,287.65,287.8,287.6,287.8,5
20250702  11:14,287.75,288.25,287.75,288.25,7
20250702  11:15,288.0,288.45,287.95,288.25,23
20250702  11:16,288.05,288.25,288.05,288.25,4
20250702  11:17,288.55,288.8,288.55,288.55,16
20250702  11:18,288.55,288.6,288.4,288.6,12
20250702  11:19,288.8,289.95,288.8,289.75,64
20250702  11:20,289.55,290.1,289.5,290.05,43
20250702  11:21,290.2,290.45,289.95,290.45,7
20250702  11:22,290.35,290.35,290.35,290.35,2
20250702  11:23,290.25,290.25,289.85,289.85,32
20250702  11:24,289.8,289.8,289.3,289.7,42
20250702  11:25,289.5,289.5,289.2,289.35,5
20250702  11:26,289.2,289.3,288.9,289.0,48
20250702  11:27,289.0,289.2,288.8,288.95,21
20250702  11:28,288.95,289.05,288.8,288.85,11
20250702  11:29,288.9,288.9,288.7,288.7,5
20250702  11:30,288.5,288.9,288.45,288.9,17
20250702  11:31,288.95,289.1,288.85,289.0,16
20250702  11:32,289.0,289.3,289.0,289.3,17
20250702  11:33,289.2,289.25,289.1,289.25,6
20250702  11:34,289.25,289.25,289.25,289.25,0
20250702  11:35,288.9,288.9,288.25,288.25,7
20250702  11:36,288.3,288.5,288.3,288.4,6
20250702  11:37,288.5,288.6,288.5,288.55,5
20250702  11:38,288.5,288.6,288.5,288.6,4
20250702  11:39,288.6,288.6,288.6,288.6,0
20250702  11:40,288.8,288.8,288.8,288.8,2
20250702  11:41,288.9,288.9,288.85,288.85,2
20250702  11:42,288.55,288.55,288.35,288.35,4
20250702  11:43,288.5,288.6,288.5,288.6,4
20250702  11:44,288.45,288.6,288.45,288.6,2
20250702  11:45,288.5,288.5,288.5,288.5,1
20250702  11:46,288.25,288.3,288.1,288.3,5
20250702  11:47,288.1,288.2,288.05,288.05,5
20250702  11:48,288.0,288.25,288.0,288.25,11
20250702  11:49,288.2,288.5,288.2,288.5,4
20250702  11:50,288.35,288.4,288.25,288.25,8
20250702  11:51,288.25,288.25,288.25,288.25,1
20250702  11:52,288.25,288.25,288.25,288.25,0
20250702  11:53,287.9,287.9,287.9,287.9,1
20250702  11:54,287.8,287.85,287.35,287.35,9
20250702  11:55,287.5,287.65,287.45,287.45,16
20250702  11:56,287.2,287.3,287.2,287.2,13
20250702  11:57,287.2,287.2,287.2,287.2,0
20250702  11:58,287.4,287.5,287.35,287.35,27
20250702  11:59,287.45,287.45,287.35,287.35,3
20250702  12:00,287.35,287.35,287.3,287.3,2
20250702  12:01,287.65,287.65,287.65,287.65,1
20250702  12:02,287.55,287.55,287.3,287.5,6
20250702  12:03,287.8,288.05,287.55,287.6,29
20250702  12:04,287.7,287.75,287.7,287.75,4
20250702  12:05,287.85,287.95,287.8,287.95,4
20250702  12:06,287.8,287.95,287.8,287.85,10
20250702  12:07,287.7,287.7,287.55,287.55,3
20250702  12:08,287.85,287.85,287.65,287.65,6
20250702  12:09,287.75,287.75,287.45,287.5,5
20250702  12:10,287.4,287.4,287.3,287.3,5
20250702  12:11,287.4,287.45,287.4,287.45,2
20250702  12:12,287.4,287.4,287.2,287.25,5
20250702  12:13,287.3,287.45,287.15,287.45,8
20250702  12:14,287.6,288.05,287.5,288.0,39
20250702  12:15,287.9,288.05,287.75,287.75,8
20250702  12:16,287.7,287.7,287.35,287.5,12
20250702  12:17,287.5,287.6,287.5,287.6,2
20250702  12:18,287.5,287.5,287.4,287.4,2
20250702  12:19,287.4,287.4,287.4,287.4,1
20250702  12:20,287.3,287.4,287.1,287.15,14
20250702  12:21,287.15,287.15,286.8,287.1,44
20250702  12:22,287.55,287.9,287.55,287.9,14
20250702  12:23,287.9,288.1,287.8,287.8,15
20250702  12:24,287.9,288.35,287.9,288.25,26
20250702  12:25,288.25,288.25,287.7,287.7,21
20250702  12:26,287.6,287.7,287.55,287.55,4
20250702  12:27,287.75,287.95,287.65,287.95,11
20250702  12:28,287.95,287.95,287.95,287.95,0
20250702  12:29,288.05,288.3,288.05,288.3,15
20250702  12:30,288.2,288.2,287.95,287.95,7
20250702  12:31,287.95,287.95,287.4,287.6,15
20250702  12:32,287.9,287.9,287.75,287.75,6
20250702  12:33,287.8,287.8,287.05,287.25,39
20250702  12:34,287.4,287.4,287.4,287.4,2
20250702  12:35,287.5,287.65,287.4,287.4,8
20250702  12:36,287.65,287.65,287.45,287.45,2
20250702  12:37,287.45,287.5,287.45,287.5,2
20250702  12:38,287.65,288.05,287.55,288.05,16
20250702  12:39,288.2,288.2,288.15,288.15,9
20250702  12:40,288.0,288.1,287.95,287.95,5
20250702  12:41,287.85,287.85,287.85,287.85,1
20250702  12:42,287.85,287.85,287.85,287.85,0
20250702  12:43,287.7,287.7,287.05,287.4,19
20250702  12:44,287.5,287.5,287.5,287.5,3
20250702  12:45,287.5,287.55,287.45,287.5,4
20250702  12:46,287.75,288.05,287.75,288.05,7
20250702  12:47,287.8,287.8,287.6,287.6,3
20250702  12:48,287.6,287.6,287.6,287.6,0
20250702  12:49,287.6,287.6,287.6,287.6,0
20250702  12:50,287.5,287.85,287.5,287.85,3
20250702  12:51,288.05,288.5,288.05,288.45,15
20250702  12:52,288.25,288.3,287.45,287.75,25
20250702  12:53,287.85,288.1,287.75,287.75,20
20250702  12:54,287.65,287.65,287.45,287.45,5
20250702  12:55,287.55,287.65,287.55,287.65,18
20250702  12:56,287.65,287.95,287.65,287.95,8
20250702  12:57,287.8,287.8,287.65,287.65,4
20250702  12:58,287.65,287.65,287.65,287.65,0
20250702  12:59,287.75,287.75,287.2,287.2,8
20250702  13:00,287.3,287.85,287.3,287.85,8
20250702  13:01,287.9,288.0,287.6,287.6,16
20250702  13:02,287.8,288.0,287.8,287.85,5
20250702  13:03,288.0,288.05,287.75,287.95,14
20250702  13:04,287.95,287.95,287.95,287.95,0
20250702  13:05,287.9,288.0,287.9,288.0,4
20250702  13:06,288.05,288.05,287.9,287.9,2
20250702  13:07,288.05,288.05,287.55,287.55,10
20250702  13:08,287.45,287.5,287.35,287.5,6
20250702  13:09,287.5,287.5,287.5,287.5,0
20250702  13:10,287.35,287.35,287.35,287.35,1
20250702  13:11,287.3,287.6,287.3,287.4,12
20250702  13:12,287.4,287.4,287.4,287.4,0
20250702  13:13,287.4,287.4,287.4,287.4,0
20250702  13:14,287.35,287.45,287.35,287.45,7
20250702  13:15,287.35,287.65,287.3,287.55,26
20250702  13:16,287.55,287.55,287.15,287.45,8
20250702  13:17,287.45,287.45,287.45,287.45,0
20250702  13:18,287.65,287.65,287.65,287.65,1
20250702  13:19,287.75,288.2,287.75,288.1,61
20250702  13:20,288.1,288.1,288.1,288.1,7
20250702  13:21,288.0,288.0,287.35,287.6,20
20250702  13:22,287.6,287.65,287.6,287.65,4
20250702  13:23,287.85,287.85,287.85,287.85,1
20250702  13:24,288.0,288.3,288.0,288.25,8
20250702  13:25,288.1,288.15,287.9,288.0,15
20250702  13:26,288.05,288.05,287.75,287.85,10
20250702  13:27,287.85,288.4,287.85,288.2,16
20250702  13:28,288.2,288.2,288.2,288.2,0
20250702  13:29,288.05,288.05,288.05,288.05,3
20250702  13:30,288.05,288.05,288.05,288.05,0
20250703  10:15,290.0,290.0,287.2,288.45,185
20250703  10:16,288.25,288.55,287.85,288.55,48
20250703  10:17,288.35,288.6,288.25,288.55,14
20250703  10:18,288.75,289.15,288.0,288.25,73
20250703  10:19,288.4,288.55,288.0,288.4,21
20250703  10:20,288.35,288.35,287.0,287.2,25
20250703  10:21,287.2,287.55,287.1,287.55,12
20250703  10:22,287.45,287.45,286.75,286.75,28
20250703  10:23,287.25,287.25,286.7,286.7,8
20250703  10:24,286.65,286.75,286.2,286.3,26
20250703  10:25,286.6,286.6,286.15,286.15,6
20250703  10:26,286.45,286.45,285.75,285.75,44
20250703  10:27,285.9,286.2,285.75,285.9,20
20250703  10:28,286.15,286.55,285.85,286.55,26
20250703  10:29,286.25,286.25,286.15,286.15,4
20250703  10:30,286.1,286.1,285.0,285.3,40
20250703  10:31,285.3,285.3,284.65,284.85,26
20250703  10:32,284.9,285.45,284.9,285.35,29
20250703  10:33,285.4,285.55,284.85,284.85,9
20250703  10:34,284.75,285.0,284.75,285.0,13
20250703  10:35,284.7,284.85,284.6,284.6,6
20250703  10:36,284.7,285.3,284.7,285.3,14
20250703  10:37,285.3,286.0,285.3,285.85,23
20250703  10:38,285.8,286.2,285.7,286.15,20
20250703  10:39,286.0,286.05,285.65,286.05,16
20250703  10:40,286.0,286.0,286.0,286.0,2
20250703  10:41,286.35,286.55,286.35,286.55,3
20250703  10:42,286.55,286.7,286.4,286.4,4
20250703  10:43,286.4,286.65,286.4,286.65,4
20250703  10:44,286.5,286.5,286.45,286.45,5
20250703  10:45,286.6,286.6,286.6,286.6,1
20250703  10:46,286.3,286.3,286.3,286.3,1
20250703  10:47,286.15,286.5,285.7,286.35,64
20250703  10:48,286.1,286.1,286.1,286.1,1
20250703  10:49,286.05,286.25,286.05,286.25,12
20250703  10:50,286.3,286.4,286.15,286.4,25
20250703  10:51,286.2,286.35,286.2,286.35,4
20250703  10:52,286.55,286.65,286.45,286.65,4
20250703  10:53,286.55,286.55,286.55,286.55,1
20250703  10:54,286.25,286.35,286.2,286.3,18
20250703  10:55,286.2,286.35,286.2,286.2,7
20250703  10:56,286.3,286.3,285.55,285.55,15
20250703  10:57,285.3,285.65,285.3,285.65,10
20250703  10:58,285.6,285.75,285.6,285.75,5
20250703  10:59,285.7,285.75,285.7,285.75,5
20250703  11:00,285.85,286.0,285.75,285.75,17
20250703  11:01,285.8,285.8,285.8,285.8,1
20250703  11:02,285.5,285.65,285.5,285.5,6
20250703  11:03,285.4,285.4,285.35,285.35,3
20250703  11:04,285.3,285.55,285.3,285.3,12
20250703  11:05,285.4,285.85,285.4,285.65,16
20250703  11:06,285.8,285.8,285.8,285.8,1
20250703  11:07,285.55,285.55,285.3,285.5,14
20250703  11:08,285.5,285.5,285.5,285.5,0
20250703  11:09,285.5,285.6,285.5,285.5,6
20250703  11:10,285.2,285.25,285.15,285.2,6
20250703  11:11,285.1,285.15,284.95,284.95,13
20250703  11:12,285.15,285.15,285.1,285.1,2
20250703  11:13,285.15,285.15,284.75,284.75,10
20250703  11:14,284.8,284.9,284.3,284.5,27
20250703  11:15,284.5,285.3,284.5,285.3,25
20250703  11:16,285.2,285.3,285.0,285.15,8
20250703  11:17,285.2,285.35,285.15,285.35,11
20250703  11:18,285.65,285.7,285.45,285.6,6
20250703  11:19,285.6,285.7,285.6,285.65,4
20250703  11:20,285.75,286.0,285.75,286.0,5
20250703  11:21,286.2,286.25,286.1,286.1,6
20250703  11:22,286.2,286.2,285.8,285.95,14
20250703  11:23,286.0,286.3,286.0,286.3,2
20250703  11:24,286.4,286.4,286.4,286.4,6
20250703  11:25,286.4,286.4,286.4,286.4,0
20250703  11:26,286.55,286.6,286.55,286.55,3
20250703  11:27,286.65,286.65,286.55,286.55,6
20250703  11:28,286.6,286.6,286.2,286.2,9
20250703  11:29,286.1,286.1,285.8,285.9,20
20250703  11:30,286.1,286.1,286.1,286.1,1
20250703  11:31,286.15,286.35,286.15,286.35,3
20250703  11:32,286.2,286.2,286.2,286.2,2
20250703  11:33,286.0,286.15,286.0,286.15,3
20250703  11:34,286.25,286.3,286.25,286.25,5
20250703  11:35,286.25,286.4,286.25,286.4,3
20250703  11:36,286.65,286.65,286.65,286.65,1
20250703  11:37,286.6,286.6,286.6,286.6,1
20250703  11:38,286.6,286.8,286.55,286.7,12
20250703  11:39,286.75,287.15,286.75,287.15,4
20250703  11:40,287.0,287.55,286.95,286.95,68
20250703  11:41,286.9,287.25,286.9,287.0,24
20250703  11:42,286.95,286.95,286.95,286.95,2
20250703  11:43,286.75,286.9,286.75,286.9,2
20250703  11:44,286.95,287.0,286.9,286.95,10
20250703  11:45,286.9,286.9,286.9,286.9,6
20250703  11:46,286.85,286.85,286.85,286.85,1
20250703  11:47,286.85,286.85,286.85,286.85,0
20250703  11:48,286.9,286.95,286.85,286.95,4
20250703  11:49,287.4,287.4,287.1,287.1,7
20250703  11:50,287.25,287.5,287.15,287.15,9
20250703  11:51,287.45,287.5,287.2,287.35,11
20250703  11:52,287.35,287.35,287.35,287.35,1
20250703  11:53,287.3,287.3,287.1,287.15,9
20250703  11:54,287.25,287.25,287.1,287.25,3
20250703  11:55,287.25,287.25,287.25,287.25,0
20250703  11:56,287.45,287.45,287.45,287.45,1
20250703  11:57,287.4,287.4,287.05,287.3,8
20250703  11:58,287.3,287.3,287.1,287.1,14
20250703  11:59,287.15,287.25,287.15,287.15,6
20250703  12:00,287.2,287.2,287.1,287.1,2
20250703  12:01,287.2,287.2,287.15,287.15,4
20250703  12:02,287.05,287.2,287.05,287.2,5
20250703  12:03,287.05,287.05,287.05,287.05,1
20250703  12:04,287.0,287.1,287.0,287.1,3
20250703  12:05,287.1,287.1,287.1,287.1,0
20250703  12:06,287.3,287.35,287.15,287.15,7
20250703  12:07,287.2,287.2,287.05,287.05,3
20250703  12:08,287.05,287.05,287.0,287.05,5
20250703  12:09,287.05,287.05,286.65,286.65,7
20250703  12:10,286.75,286.75,286.75,286.75,1
20250703  12:11,287.2,287.3,287.2,287.3,3
20250703  12:12,287.35,287.55,287.35,287.55,8
20250703  12:13,287.55,288.0,287.4,287.75,15
20250703  12:14,287.9,288.2,287.9,288.2,9
20250703  12:15,287.9,287.95,287.7,287.95,8
20250703  12:16,287.85,288.5,287.85,288.3,16
20250703  12:17,288.45,289.0,288.45,288.9,28
20250703  12:18,288.9,289.2,288.9,289.2,17
20250703  12:19,289.25,289.35,288.8,289.35,30
20250703  12:20,289.2,289.95,289.2,289.85,19
20250703  12:21,289.7,289.7,288.65,288.65,19
20250703  12:22,288.85,289.05,288.85,289.05,3
20250703  12:23,289.05,289.25,289.05,289.25,16
20250703  12:24,289.15,289.45,289.15,289.45,11
20250703  12:25,289.5,289.75,289.35,289.75,23
20250703  12:26,289.6,290.05,289.6,290.05,56
20250703  12:27,290.1,291.1,290.1,291.1,119
20250703  12:28,291.1,291.65,290.9,291.3,54
20250703  12:29,291.2,291.25,291.05,291.05,4
20250703  12:30,291.05,291.15,290.7,291.0,29
20250703  12:31,291.1,291.1,290.9,290.9,4
20250703  12:32,290.9,291.15,290.9,291.15,12
20250703  12:33,291.15,291.15,290.95,290.95,7
20250703  12:34,291.1,291.1,291.0,291.0,6
20250703  12:35,291.0,291.0,290.6,290.9,11
20250703  12:36,290.9,290.9,290.65,290.65,9
20250703  12:37,290.6,290.9,290.6,290.9,38
20250703  12:38,291.15,291.25,290.85,291.0,16
20250703  12:39,290.9,291.7,290.9,291.7,21
20250703  12:40,291.6,293.1,291.6,293.05,135
20250703  12:41,293.05,293.1,292.25,292.55,58
20250703  12:42,292.45,292.95,292.4,292.6,33
20250703  12:43,292.95,293.1,292.85,292.9,19
20250703  12:44,293.05,293.75,293.0,293.45,53
20250703  12:45,293.25,293.5,293.25,293.3,29
20250703  12:46,293.4,293.4,292.95,293.1,23
20250703  12:47,293.2,293.2,292.5,292.5,48
20250703  12:48,292.4,292.6,292.4,292.5,10
20250703  12:49,292.4,292.4,292.0,292.1,28
20250703  12:50,292.1,292.1,291.75,291.8,68
20250703  12:51,291.85,292.15,291.85,292.15,18
20250703  12:52,291.9,291.9,291.75,291.85,9
20250703  12:53,291.75,291.9,291.75,291.9,2
20250703  12:54,292.05,292.05,292.05,292.05,2
20250703  12:55,292.1,292.45,291.9,292.45,11
20250703  12:56,292.4,292.75,292.4,292.7,8
20250703  12:57,292.75,292.9,292.75,292.75,11
20250703  12:58,292.65,292.65,292.35,292.4,12
20250703  12:59,292.15,292.15,291.2,291.95,43
20250703  13:00,292.0,292.2,292.0,292.2,6
20250703  13:01,292.25,292.35,292.25,292.35,6
20250703  13:02,292.5,292.5,292.5,292.5,1
20250703  13:03,292.5,292.65,292.3,292.65,21
20250703  13:04,292.55,292.8,292.55,292.7,16
20250703  13:05,292.6,292.6,292.3,292.3,5
20250703  13:06,292.1,292.2,291.95,292.2,6
20250703  13:07,292.1,292.15,292.1,292.15,3
20250703  13:08,292.35,292.35,292.1,292.2,4
20250703  13:09,292.1,292.1,292.1,292.1,1
20250703  13:10,292.1,292.1,292.1,292.1,0
20250703  13:11,292.0,292.05,291.75,291.9,13
20250703  13:12,291.9,291.9,291.9,291.9,0
20250703  13:13,291.6,291.6,291.15,291.45,14
20250703  13:14,291.1,291.2,291.1,291.1,4
20250703  13:15,291.25,291.5,291.25,291.5,13
20250703  13:16,291.6,291.6,291.4,291.4,3
20250703  13:17,291.5,291.5,291.5,291.5,1
20250703  13:18,291.4,291.4,291.4,291.4,1
20250703  13:19,291.5,291.5,291.25,291.25,4
20250703  13:20,291.25,291.25,291.25,291.25,0
20250703  13:21,291.3,291.3,291.0,291.25,70
20250703  13:22,291.3,291.3,291.1,291.3,6
20250703  13:23,291.4,291.4,291.3,291.35,3
20250703  13:24,291.25,291.25,291.0,291.0,9
20250703  13:25,290.95,291.0,290.85,290.85,10
20250703  13:26,290.85,290.9,290.8,290.9,9
20250703  13:27,290.8,290.8,290.5,290.55,27
20250703  13:28,290.6,291.4,290.6,291.4,21
20250703  13:29,291.35,291.45,291.2,291.45,13
20250703  13:30,291.2,291.55,291.15,291.55,6
20250707  10:15,287.6,287.8,284.25,286.0,365
20250707  10:16,285.6,286.1,285.05,286.0,29
20250707  10:17,285.7,285.85,285.55,285.75,10
20250707  10:18,285.5,285.6,285.3,285.5,8
20250707  10:19,285.35,285.55,285.05,285.2,27
20250707  10:20,285.2,285.3,284.6,284.6,34
20250707  10:21,284.4,284.7,284.25,284.3,29
20250707  10:22,284.3,284.45,283.85,284.45,39
20250707  10:23,284.35,284.7,284.3,284.7,10
20250707  10:24,284.55,284.9,284.55,284.7,15
20250707  10:25,284.95,285.35,284.95,285.3,22
20250707  10:26,285.25,285.75,285.25,285.75,9
20250707  10:27,285.55,285.55,285.3,285.3,5
20250707  10:28,285.1,285.15,284.75,285.15,12
20250707  10:29,285.15,285.15,284.75,285.0,8
20250707  10:30,284.85,285.0,284.85,284.85,8
20250707  10:31,284.8,285.05,284.75,285.0,16
20250707  10:32,284.9,284.9,284.35,284.4,7
20250707  10:33,284.4,284.4,284.0,284.3,14
20250707  10:34,284.2,284.4,284.2,284.3,8
20250707  10:35,284.45,284.45,283.55,283.55,36
20250707  10:36,283.85,283.85,283.7,283.75,3
20250707  10:37,283.7,284.05,283.7,284.05,14
20250707  10:38,284.0,284.8,284.0,284.8,15
20250707  10:39,284.55,284.55,283.75,283.8,66
20250707  10:40,283.75,283.8,283.35,283.6,16
20250707  10:41,283.75,283.75,283.7,283.7,2
20250707  10:42,283.8,283.8,283.6,283.75,15
20250707  10:43,283.75,283.75,283.75,283.75,0
20250707  10:44,283.65,283.65,283.4,283.4,7
20250707  10:45,283.7,283.7,283.6,283.6,4
20250707  10:46,283.5,283.8,283.5,283.6,7
20250707  10:47,283.65,283.65,283.3,283.5,13
20250707  10:48,283.7,284.25,283.7,284.25,13
20250707  10:49,284.3,284.3,284.3,284.3,1
20250707  10:50,284.3,284.3,283.9,283.9,6
20250707  10:51,283.9,284.05,283.9,284.05,2
20250707  10:52,284.05,284.05,283.75,283.75,5
20250707  10:53,283.75,283.75,283.75,283.75,4
20250707  10:54,283.8,283.9,283.8,283.9,5
20250707  10:55,283.9,283.9,283.9,283.9,2
20250707  10:56,284.0,284.05,284.0,284.05,2
20250707  10:57,284.25,284.35,284.15,284.15,11
20250707  10:58,284.0,284.45,284.0,284.45,13
20250707  10:59,284.45,284.45,284.3,284.3,4
20250707  11:00,284.1,284.1,283.1,283.35,17
20250707  11:01,283.4,283.45,283.3,283.3,7
20250707  11:02,283.25,283.25,282.75,282.8,47
20250707  11:03,282.85,282.85,282.45,282.45,19
20250707  11:04,282.7,282.95,282.7,282.9,5
20250707  11:05,282.9,282.9,282.75,282.75,7
20250707  11:06,282.75,283.45,282.7,283.4,15
20250707  11:07,283.45,283.85,283.45,283.85,4
20250707  11:08,283.95,283.95,283.95,283.95,1
20250707  11:09,283.75,283.75,283.35,283.45,6
20250707  11:10,283.85,283.85,283.15,283.15,24
20250707  11:11,283.15,283.4,283.1,283.4,13
20250707  11:12,283.35,283.35,283.35,283.35,1
20250707  11:13,283.4,283.4,283.4,283.4,1
20250707  11:14,283.2,283.2,282.95,283.0,7
20250707  11:15,282.9,282.9,282.9,282.9,4
20250707  11:16,282.7,283.05,282.7,283.05,4
20250707  11:17,283.3,283.6,283.3,283.6,4
20250707  11:18,283.6,283.65,283.1,283.1,29
20250707  11:19,283.1,283.3,283.1,283.3,6
20250707  11:20,283.3,283.3,283.3,283.3,0
20250707  11:21,283.3,283.3,283.3,283.3,0
20250707  11:22,283.3,283.3,283.3,283.3,0
20250707  11:23,283.35,283.35,283.2,283.2,3
20250707  11:24,283.4,283.4,283.05,283.05,6
20250707  11:25,283.0,283.0,283.0,283.0,1
20250707  11:26,283.05,283.1,282.95,282.95,11
20250707  11:27,282.95,282.95,282.95,282.95,0
20250707  11:28,282.9,283.25,282.9,283.25,5
20250707  11:29,283.25,283.25,283.1,283.1,4
20250707  11:30,283.15,283.2,283.15,283.2,2
20250707  11:31,283.1,283.1,283.1,283.1,1
20250707  11:32,283.25,283.45,283.15,283.45,6
20250707  11:33,283.65,283.65,283.4,283.4,3
20250707  11:34,283.35,283.35,283.35,283.35,1
20250707  11:35,283.35,283.35,283.3,283.3,7
20250707  11:36,283.25,283.35,283.15,283.25,6
20250707  11:37,283.25,283.35,283.25,283.35,5
20250707  11:38,283.1,283.4,283.05,283.2,53
20250707  11:39,283.2,283.2,283.2,283.2,0
20250707  11:40,283.1,283.1,282.9,283.05,12
20250707  11:41,283.15,283.15,283.05,283.1,3
20250707  11:42,283.3,283.75,283.3,283.5,18
20250707  11:43,283.45,283.45,283.35,283.35,5
20250707  11:44,283.15,283.2,283.15,283.15,3
20250707  11:45,283.2,283.2,282.9,282.95,12
20250707  11:46,282.9,283.0,282.9,283.0,6
20250707  11:47,282.8,283.0,282.7,283.0,11
20250707  11:48,282.85,282.85,282.45,282.6,23
20250707  11:49,282.65,282.7,282.65,282.7,2
20250707  11:50,282.85,282.85,282.05,282.25,63
20250707  11:51,282.25,282.65,282.25,282.65,13
20250707  11:52,282.6,282.6,282.15,282.15,26
20250707  11:53,282.4,282.4,282.25,282.25,4
20250707  11:54,282.35,282.65,282.05,282.25,46
20250707  11:55,282.3,282.4,282.25,282.4,8
20250707  11:56,282.3,282.35,282.3,282.35,3
20250707  11:57,282.4,282.4,282.4,282.4,2
20250707  11:58,282.55,282.7,282.1,282.25,27
20250707  11:59,282.1,282.1,282.05,282.1,8
20250707  12:00,282.2,282.25,282.2,282.2,3
20250707  12:01,282.2,282.2,282.2,282.2,0
20250707  12:02,282.35,282.4,282.3,282.3,3
20250707  12:03,282.4,282.65,282.35,282.65,18
20250707  12:04,282.5,282.5,281.65,281.9,100
20250707  12:05,282.05,282.15,281.85,282.0,18
20250707  12:06,282.0,282.45,281.95,282.45,26
20250707  12:07,282.45,282.45,282.15,282.15,4
20250707  12:08,282.25,282.25,282.2,282.2,3
20250707  12:09,282.2,282.2,282.2,282.2,0
20250707  12:10,282.4,282.45,282.25,282.3,8
20250707  12:11,282.3,282.3,282.3,282.3,3
20250707  12:12,282.25,282.9,282.25,282.7,22
20250707  12:13,282.75,283.75,282.65,283.7,123
20250707  12:14,283.8,284.25,283.8,284.25,16
20250707  12:15,284.3,284.45,284.3,284.4,6
20250707  12:16,284.55,284.55,284.5,284.5,3
20250707  12:17,284.55,284.55,283.85,283.95,20
20250707  12:18,283.75,284.1,283.75,284.05,22
20250707  12:19,284.1,284.25,284.1,284.25,4
20250707  12:20,284.4,284.55,284.4,284.4,5
20250707  12:21,284.25,284.5,284.25,284.45,5
20250707  12:22,284.4,284.4,284.4,284.4,1
20250707  12:23,284.4,284.45,284.4,284.45,2
20250707  12:24,284.25,284.25,284.1,284.1,2
20250707  12:25,284.2,284.3,284.0,284.0,8
20250707  12:26,284.1,284.25,284.0,284.25,6
20250707  12:27,284.25,284.45,284.25,284.45,15
20250707  12:28,284.4,284.4,284.4,284.4,5
20250707  12:29,284.3,284.35,284.3,284.35,2
20250707  12:30,284.3,284.6,284.3,284.6,7
20250707  12:31,284.6,284.6,284.6,284.6,0
20250707  12:32,284.45,284.45,284.2,284.2,4
20250707  12:33,284.3,284.3,284.3,284.3,1
20250707  12:34,284.3,284.3,284.3,284.3,0
20250707  12:35,284.2,284.2,283.9,283.9,6
20250707  12:36,284.0,284.5,284.0,284.4,15
20250707  12:37,284.4,284.4,284.4,284.4,1
20250707  12:38,284.4,284.4,284.4,284.4,0
20250707  12:39,284.35,284.45,284.25,284.25,18
20250707  12:40,284.1,284.1,284.0,284.05,5
20250707  12:41,284.05,284.1,284.05,284.05,3
20250707  12:42,284.1,284.2,284.1,284.1,3
20250707  12:43,284.1,284.2,284.0,284.0,4
20250707  12:44,284.1,284.25,284.1,284.25,2
20250707  12:45,284.45,284.5,284.45,284.5,2
20250707  12:46,284.8,284.8,284.6,284.6,8
20250707  12:47,284.6,284.6,284.6,284.6,0
20250707  12:48,284.5,284.5,284.5,284.5,2
20250707  12:49,284.5,284.5,284.35,284.35,2
20250707  12:50,284.35,284.45,284.35,284.45,7
20250707  12:51,284.45,284.5,284.45,284.5,2
20250707  12:52,284.7,284.7,284.7,284.7,1
20250707  12:53,284.75,284.75,284.6,284.6,7
20250707  12:54,284.45,284.45,284.1,284.3,12
20250707  12:55,284.3,284.3,284.3,284.3,0
20250707  12:56,284.3,284.3,284.3,284.3,0
20250707  12:57,284.3,284.3,284.3,284.3,0
20250707  12:58,284.35,284.35,284.3,284.3,4
20250707  12:59,284.3,284.5,284.3,284.5,4
20250707  13:00,284.4,284.4,284.4,284.4,3
20250707  13:01,284.4,284.4,284.4,284.4,0
20250707  13:02,284.45,284.5,284.45,284.5,2
20250707  13:03,284.3,284.3,284.3,284.3,1
20250707  13:04,284.25,284.4,284.25,284.3,5
20250707  13:05,284.4,284.75,284.4,284.7,8
20250707  13:06,284.4,284.5,284.4,284.5,2
20250707  13:07,284.45,284.5,284.45,284.5,4
20250707  13:08,284.5,284.5,284.5,284.5,0
20250707  13:09,284.6,284.6,284.6,284.6,1
20250707  13:10,284.6,284.75,284.3,284.3,8
20250707  13:11,284.3,284.3,283.75,284.1,20
20250707  13:12,284.2,284.2,283.95,283.95,5
20250707  13:13,283.95,283.95,283.6,283.85,13
20250707  13:14,283.9,283.9,283.9,283.9,1
20250707  13:15,283.8,284.1,283.8,284.1,6
20250707  13:16,284.2,284.2,284.2,284.2,1
20250707  13:17,284.4,284.75,284.4,284.65,13
20250707  13:18,284.75,284.85,284.75,284.85,8
20250707  13:19,284.85,285.0,284.8,285.0,16
20250707  13:20,284.75,284.95,284.55,284.95,14
20250707  13:21,284.7,284.85,284.7,284.85,5
20250707  13:22,284.85,284.85,284.85,284.85,0
20250707  13:23,284.75,284.75,284.7,284.7,4
20250707  13:24,284.75,284.8,284.75,284.8,4
20250707  13:25,284.85,285.0,284.8,285.0,12
20250707  13:26,284.85,285.25,284.85,285.25,12
20250707  13:27,285.55,286.0,285.3,285.3,70
20250707  13:28,285.5,285.5,285.15,285.25,11
20250707  13:29,285.35,285.35,285.35,285.35,1
20250707  13:30,285.35,285.35,285.05,285.1,10
20250708  10:15,279.0,279.0,277.25,277.6,292
20250708  10:16,277.45,278.75,277.35,278.35,68
20250708  10:17,278.6,279.0,278.35,278.4,39
20250708  10:18,278.6,278.7,278.5,278.55,19
20250708  10:19,278.55,278.75,278.5,278.75,8
20250708  10:20,278.75,279.5,278.7,279.3,57
20250708  10:21,279.15,280.0,279.1,279.7,42
20250708  10:22,279.9,280.5,279.9,280.5,98
20250708  10:23,280.3,280.35,280.05,280.2,19
20250708  10:24,280.0,280.75,280.0,280.25,33
20250708  10:25,280.25,280.5,280.15,280.5,14
20250708  10:26,280.55,280.8,280.5,280.6,33
20250708  10:27,280.6,280.8,280.6,280.6,16
20250708  10:28,280.5,280.5,280.25,280.3,20
20250708  10:29,280.3,280.3,279.1,279.25,28
20250708  10:30,279.1,279.35,278.85,279.25,20
20250708  10:31,279.3,279.7,279.3,279.7,18
20250708  10:32,279.75,280.0,279.75,280.0,6
20250708  10:33,279.9,279.9,279.8,279.85,6
20250708  10:34,279.95,279.95,279.85,279.9,5
20250708  10:35,279.9,279.9,279.9,279.9,0
20250708  10:36,280.0,280.0,279.85,279.95,9
20250708  10:37,279.95,279.95,279.45,279.7,14
20250708  10:38,279.7,279.75,279.55,279.55,5
20250708  10:39,279.45,279.45,279.1,279.1,5
20250708  10:40,279.15,279.2,279.0,279.1,7
20250708  10:41,279.25,279.25,278.95,278.95,7
20250708  10:42,279.1,279.1,278.8,278.8,4
20250708  10:43,278.7,279.0,278.55,279.0,26
20250708  10:44,278.9,279.35,278.9,279.35,4
20250708  10:45,279.55,279.6,279.55,279.6,3
20250708  10:46,279.6,279.6,279.6,279.6,0
20250708  10:47,279.5,279.7,279.5,279.6,4
20250708  10:48,279.55,279.55,279.4,279.4,6
20250708  10:49,279.55,279.6,279.45,279.45,3
20250708  10:50,279.7,279.85,279.55,279.85,8
20250708  10:51,279.85,280.0,279.65,279.65,8
20250708  10:52,279.4,279.4,279.4,279.4,1
20250708  10:53,279.3,279.65,279.3,279.65,3
20250708  10:54,279.75,279.85,279.75,279.85,2
20250708  10:55,279.8,279.8,279.8,279.8,1
20250708  10:56,279.8,279.8,279.8,279.8,0
20250708  10:57,279.95,279.95,279.95,279.95,1
20250708  10:58,279.95,279.95,279.95,279.95,1
20250708  10:59,280.15,280.4,280.15,280.35,3
20250708  11:00,280.45,280.5,280.3,280.45,6
20250708  11:01,280.25,280.25,279.95,279.95,13
20250708  11:02,279.9,279.9,279.9,279.9,3
20250708  11:03,279.8,279.8,279.65,279.65,7
20250708  11:04,279.85,279.85,279.85,279.85,2
20250708  11:05,279.85,279.85,279.85,279.85,0
20250708  11:06,280.0,280.3,279.9,280.3,5
20250708  11:07,280.3,280.3,280.3,280.3,0
20250708  11:08,280.35,280.35,280.35,280.35,4
20250708  11:09,280.35,280.35,280.35,280.35,0
20250708  11:10,280.35,280.35,280.35,280.35,0
20250708  11:11,280.3,280.3,280.3,280.3,1
20250708  11:12,280.0,280.0,280.0,280.0,1
20250708  11:13,280.0,280.0,280.0,280.0,0
20250708  11:14,280.0,280.0,280.0,280.0,0
20250708  11:15,279.95,279.95,279.95,279.95,5
20250708  11:16,279.95,279.95,279.95,279.95,1
20250708  11:17,280.3,280.35,279.75,279.75,13
20250708  11:18,279.95,279.95,279.95,279.95,1
20250708  11:19,280.05,280.1,279.95,279.95,3
20250708  11:20,280.0,280.05,280.0,280.05,3
20250708  11:21,280.15,280.2,280.05,280.2,7
20250708  11:22,280.2,280.2,280.2,280.2,0
20250708  11:23,280.2,280.2,280.2,280.2,0
20250708  11:24,280.4,280.7,280.25,280.25,10
20250708  11:25,280.25,280.25,280.25,280.25,0
20250708  11:26,280.25,280.25,280.25,280.25,0
20250708  11:27,280.15,280.35,280.15,280.35,5
20250708  11:28,280.35,280.35,280.35,280.35,1
20250708  11:29,280.35,280.35,280.35,280.35,0
20250708  11:30,280.0,280.0,280.0,280.0,2
20250708  11:31,279.9,279.9,279.9,279.9,1
20250708  11:32,279.8,279.95,279.6,279.6,6
20250708  11:33,279.7,279.9,279.7,279.9,3
20250708  11:34,280.0,280.0,280.0,280.0,2
20250708  11:35,279.95,279.95,279.95,279.95,1
20250708  11:36,280.05,280.05,280.05,280.05,2
20250708  11:37,280.2,280.2,280.15,280.15,4
20250708  11:38,280.25,280.25,280.0,280.05,13
20250708  11:39,280.25,280.25,280.25,280.25,1
20250708  11:40,280.25,280.25,280.25,280.25,0
20250708  11:41,280.3,280.55,280.3,280.55,7
20250708  11:42,280.65,280.65,280.4,280.4,3
20250708  11:43,280.45,280.45,280.25,280.25,5
20250708  11:44,280.5,281.1,280.5,281.05,29
20250708  11:45,281.1,281.4,281.0,281.05,21
20250708  11:46,281.05,281.25,280.85,280.85,20
20250708  11:47,281.0,281.1,280.55,280.85,20
20250708  11:48,280.85,280.9,280.8,280.8,5
20250708  11:49,280.85,281.25,280.85,281.1,8
20250708  11:50,281.0,281.35,280.95,281.35,9
20250708  11:51,281.15,281.5,281.1,281.5,13
20250708  11:52,281.75,282.0,281.5,281.7,86
20250708  11:53,281.4,281.65,281.35,281.4,12
20250708  11:54,281.55,281.65,281.55,281.65,5
20250708  11:55,281.65,281.85,281.65,281.7,11
20250708  11:56,281.75,281.8,281.3,281.3,18
20250708  11:57,281.3,281.45,281.3,281.3,5
20250708  11:58,281.5,281.6,280.8,281.2,67
20250708  11:59,281.2,281.35,281.2,281.35,11
20250708  12:00,281.2,281.4,281.2,281.4,3
20250708  12:01,281.4,281.4,281.4,281.4,4
20250708  12:02,281.4,281.4,281.4,281.4,0
20250708  12:03,281.1,281.1,280.6,280.6,11
20250708  12:04,280.7,281.05,280.7,280.95,9
20250708  12:05,280.85,281.0,280.5,280.5,15
20250708  12:06,280.6,280.95,280.55,280.55,11
20250708  12:07,280.65,281.1,280.65,281.1,10
20250708  12:08,281.15,281.55,281.15,281.4,11
20250708  12:09,281.6,281.65,281.3,281.3,16
20250708  12:10,281.15,281.15,281.15,281.15,3
20250708  12:11,281.05,281.7,281.05,281.7,13
20250708  12:12,281.4,281.4,281.4,281.4,2
20250708  12:13,281.4,281.4,281.4,281.4,0
20250708  12:14,281.2,281.45,281.2,281.4,11
20250708  12:15,281.35,281.7,281.35,281.65,12
20250708  12:16,281.65,281.9,281.65,281.75,28
20250708  12:17,281.7,281.75,281.7,281.75,5
20250708  12:18,281.55,281.55,281.1,281.45,23
20250708  12:19,281.5,281.65,281.5,281.65,10
20250708  12:20,281.65,281.65,281.45,281.45,7
20250708  12:21,281.55,281.55,281.25,281.35,9
20250708  12:22,281.55,281.65,281.55,281.65,6
20250708  12:23,281.55,281.6,281.55,281.55,4
20250708  12:24,281.55,281.55,281.55,281.55,0
20250708  12:25,281.5,281.75,281.5,281.75,5
20250708  12:26,281.7,281.85,281.7,281.85,3
20250708  12:27,281.9,281.95,281.4,281.4,17
20250708  12:28,281.3,281.3,281.3,281.3,1
20250708  12:29,281.5,281.5,281.3,281.3,8
20250708  12:30,281.15,281.15,281.0,281.1,16
20250708  12:31,281.35,281.7,281.35,281.5,17
20250708  12:32,281.65,281.65,281.45,281.45,8
20250708  12:33,281.45,281.5,281.1,281.25,14
20250708  12:34,281.25,281.25,281.25,281.25,0
20250708  12:35,281.5,281.55,281.5,281.55,3
20250708  12:36,281.45,281.75,281.45,281.75,7
20250708  12:37,281.75,281.75,281.75,281.75,0
20250708  12:38,281.75,281.75,281.75,281.75,0
20250708  12:39,281.15,281.15,281.0,281.0,10
20250708  12:40,281.0,281.05,281.0,281.05,3
20250708  12:41,281.05,281.05,281.05,281.05,0
20250708  12:42,281.0,281.0,280.95,280.95,3
20250708  12:43,280.95,280.95,280.6,280.75,14
20250708  12:44,280.75,280.75,280.75,280.75,0
20250708  12:45,280.6,280.6,280.25,280.45,25
20250708  12:46,280.5,280.65,280.25,280.25,13
20250708  12:47,280.2,280.2,279.5,279.5,16
20250708  12:48,279.85,279.9,279.75,279.75,7
20250708  12:49,279.9,280.2,279.85,279.9,18
20250708  12:50,280.0,280.1,280.0,280.0,5
20250708  12:51,279.85,280.2,279.85,280.2,27
20250708  12:52,280.15,280.15,280.15,280.15,1
20250708  12:53,280.0,280.25,279.75,279.75,25
20250708  12:54,279.75,279.75,279.75,279.75,0
20250708  12:55,279.85,279.9,279.75,279.9,5
20250708  12:56,280.0,280.05,280.0,280.0,9
20250708  12:57,279.9,279.9,279.65,279.75,5
20250708  12:58,279.65,279.65,279.65,279.65,1
20250708  12:59,279.75,279.8,279.75,279.8,2
20250708  13:00,279.8,279.8,279.8,279.8,0
20250708  13:01,279.8,279.8,279.75,279.75,3
20250708  13:02,279.8,279.9,279.75,279.9,6
20250708  13:03,279.95,280.4,279.95,280.15,38
20250708  13:04,280.2,280.4,280.15,280.4,29
20250708  13:05,280.25,280.25,280.25,280.25,1
20250708  13:06,280.25,280.85,280.25,280.7,16
20250708  13:07,280.8,281.0,280.8,280.95,13
20250708  13:08,280.85,280.85,280.6,280.6,8
20250708  13:09,280.6,280.6,280.4,280.4,9
20250708  13:10,280.25,280.25,280.2,280.2,2
20250708  13:11,280.25,280.25,280.25,280.25,1
20250708  13:12,280.1,280.1,279.55,279.55,17
20250708  13:13,279.65,280.1,279.65,280.1,10
20250708  13:14,280.1,280.1,280.1,280.1,2
20250708  13:15,280.0,280.0,280.0,280.0,1
20250708  13:16,279.95,280.1,279.9,279.95,8
20250708  13:17,279.9,280.1,279.9,280.1,4
20250708  13:18,279.95,280.15,279.55,280.15,17
20250708  13:19,280.25,280.25,280.1,280.25,7
20250708  13:20,280.45,280.45,280.45,280.45,1
20250708  13:21,280.5,280.5,280.45,280.45,5
20250708  13:22,280.25,280.35,280.25,280.35,11
20250708  13:23,280.05,280.15,279.7,279.85,15
20250708  13:24,279.7,279.8,279.7,279.8,2
20250708  13:25,280.05,280.2,280.05,280.05,27
20250708  13:26,279.85,280.05,279.85,280.0,11
20250708  13:27,280.0,280.0,280.0,280.0,0
20250708  13:28,279.75,279.85,279.75,279.85,3
20250708  13:29,279.85,279.85,279.85,279.85,0
20250708  13:30,279.85,279.95,279.7,279.7,4
20250709  10:15,285.1,285.15,283.55,284.0,218
20250709  10:16,283.8,283.95,282.9,283.2,60
20250709  10:17,283.15,283.45,283.1,283.3,18
20250709  10:18,283.35,283.35,282.35,282.75,27
20250709  10:19,282.75,283.1,282.7,283.05,23
20250709  10:20,283.05,283.7,283.05,283.6,28
20250709  10:21,283.75,284.0,283.6,283.6,28
20250709  10:22,283.65,283.7,283.3,283.65,12
20250709  10:23,283.7,283.7,283.25,283.4,12
20250709  10:24,283.3,283.3,282.85,283.2,20
20250709  10:25,283.3,284.5,283.3,284.1,70
20250709  10:26,284.1,284.5,283.9,284.5,11
20250709  10:27,284.4,284.45,284.35,284.4,4
20250709  10:28,284.5,284.8,284.4,284.8,17
20250709  10:29,284.8,285.15,284.75,285.15,20
20250709  10:30,285.1,286.5,285.05,286.5,80
20250709  10:31,286.4,286.9,286.35,286.5,71
20250709  10:32,286.5,288.2,286.5,287.2,291
20250709  10:33,287.2,287.3,287.0,287.15,17
20250709  10:34,287.0,287.55,286.95,287.55,20
20250709  10:35,287.3,287.35,287.25,287.25,8
20250709  10:36,287.15,287.15,286.75,286.85,17
20250709  10:37,286.9,287.0,286.8,286.8,25
20250709  10:38,286.8,286.8,286.25,286.25,10
20250709  10:39,286.35,286.4,286.15,286.25,10
20250709  10:40,286.2,286.4,286.1,286.4,14
20250709  10:41,286.8,286.85,286.8,286.85,2
20250709  10:42,286.8,286.8,286.75,286.75,3
20250709  10:43,286.9,286.9,286.8,286.8,3
20250709  10:44,286.9,287.2,286.9,287.15,26
20250709  10:45,287.45,287.55,287.4,287.55,6
20250709  10:46,287.3,287.3,287.25,287.3,6
20250709  10:47,287.25,287.3,287.25,287.25,4
20250709  10:48,287.1,287.1,286.9,287.0,5
20250709  10:49,287.0,287.0,286.9,286.9,3
20250709  10:50,286.7,287.05,286.7,287.05,4
20250709  10:51,286.9,286.9,286.85,286.85,2
20250709  10:52,286.9,286.9,286.9,286.9,1
20250709  10:53,286.6,286.6,286.5,286.55,3
20250709  10:54,286.3,286.3,286.3,286.3,2
20250709  10:55,286.4,286.55,286.4,286.55,3
20250709  10:56,286.5,286.5,285.85,286.1,28
20250709  10:57,285.85,286.2,285.65,286.2,28
20250709  10:58,285.9,285.9,285.7,285.85,10
20250709  10:59,285.5,285.5,285.5,285.5,5
20250709  11:00,285.4,285.65,285.1,285.45,15
20250709  11:01,285.5,285.5,285.25,285.35,4
20250709  11:02,285.3,285.4,285.2,285.35,7
20250709  11:03,285.25,285.25,285.25,285.25,1
20250709  11:04,285.25,285.3,285.25,285.3,2
20250709  11:05,285.05,285.05,285.05,285.05,2
20250709  11:06,285.45,285.9,285.45,285.9,6
20250709  11:07,285.9,286.15,285.9,286.1,6
20250709  11:08,286.1,286.1,286.1,286.1,0
20250709  11:09,285.85,285.85,285.85,285.85,4
20250709  11:10,286.0,286.0,286.0,286.0,3
20250709  11:11,286.0,286.0,286.0,286.0,0
20250709  11:12,286.0,286.2,286.0,286.2,2
20250709  11:13,286.25,286.25,286.25,286.25,2
20250709  11:14,286.05,286.05,285.75,285.95,17
20250709  11:15,285.8,285.8,285.75,285.75,3
20250709  11:16,285.7,285.7,285.7,285.7,1
20250709  11:17,285.6,285.75,285.6,285.75,5
20250709  11:18,286.05,286.1,286.05,286.1,3
20250709  11:19,286.05,286.25,286.05,286.25,4
20250709  11:20,286.35,286.55,286.35,286.55,3
20250709  11:21,286.5,286.7,286.5,286.7,8
20250709  11:22,286.7,286.7,286.7,286.7,1
20250709  11:23,286.5,286.7,286.45,286.5,12
20250709  11:24,286.6,286.6,286.6,286.6,2
20250709  11:25,286.65,286.7,286.5,286.65,12
20250709  11:26,286.75,286.75,286.15,286.15,5
20250709  11:27,286.2,286.4,286.2,286.4,3
20250709  11:28,286.4,286.4,286.4,286.4,0
20250709  11:29,286.2,286.2,286.2,286.2,3
20250709  11:30,286.0,286.0,285.35,285.35,18
20250709  11:31,285.65,285.65,285.25,285.25,13
20250709  11:32,285.25,285.35,285.25,285.35,6
20250709  11:33,285.55,285.65,285.55,285.65,5
20250709  11:34,285.65,285.65,285.65,285.65,0
20250709  11:35,285.55,285.55,285.55,285.55,2
20250709  11:36,285.55,285.55,285.55,285.55,0
20250709  11:37,285.55,285.55,285.55,285.55,0
20250709  11:38,285.3,285.4,285.2,285.4,11
20250709  11:39,285.35,285.65,285.3,285.65,10
20250709  11:40,285.85,285.95,285.75,285.75,7
20250709  11:41,285.55,285.55,285.45,285.55,9
20250709  11:42,285.8,285.85,285.75,285.85,8
20250709  11:43,285.85,285.85,285.85,285.85,0
20250709  11:44,285.85,285.85,285.85,285.85,0
20250709  11:45,285.85,285.85,285.85,285.85,0
20250709  11:46,285.4,285.4,285.4,285.4,5
20250709  11:47,285.3,285.3,285.3,285.3,5
20250709  11:48,285.3,285.3,285.3,285.3,1
20250709  11:49,285.3,285.3,285.3,285.3,0
20250709  11:50,285.2,285.2,285.1,285.1,2
20250709  11:51,285.35,285.35,285.35,285.35,1
20250709  11:52,285.5,285.5,284.5,284.5,63
20250709  11:53,284.15,284.15,284.1,284.15,8
20250709  11:54,284.05,284.95,284.05,284.95,6
20250709  11:55,284.95,284.95,284.95,284.95,1
20250709  11:56,284.75,284.75,284.75,284.75,1
20250709  11:57,284.75,284.75,284.75,284.75,0
20250709  11:58,284.5,284.5,284.35,284.35,3
20250709  11:59,284.3,284.35,284.05,284.35,14
20250709  12:00,284.4,284.4,284.05,284.15,15
20250709  12:01,284.2,284.8,284.15,284.5,26
20250709  12:02,284.5,285.0,284.5,285.0,6
20250709  12:03,285.0,285.0,284.6,284.6,12
20250709  12:04,284.35,284.35,284.35,284.35,1
20250709  12:05,284.3,284.6,284.3,284.6,3
20250709  12:06,284.45,284.45,284.45,284.45,2
20250709  12:07,284.55,284.85,284.55,284.85,3
20250709  12:08,284.85,284.85,284.85,284.85,0
20250709  12:09,284.85,284.85,284.85,284.85,0
20250709  12:10,285.0,285.2,285.0,285.2,3
20250709  12:11,284.95,285.25,284.8,285.25,7
20250709  12:12,285.05,285.05,284.85,284.9,6
20250709  12:13,284.85,284.85,284.85,284.85,1
20250709  12:14,285.0,285.0,285.0,285.0,1
20250709  12:15,285.0,285.0,285.0,285.0,0
20250709  12:16,285.0,285.0,285.0,285.0,0
20250709  12:17,285.05,285.05,284.95,284.95,4
20250709  12:18,284.95,284.95,284.95,284.95,0
20250709  12:19,284.9,284.9,284.9,284.9,2
20250709  12:20,284.9,284.9,284.9,284.9,0
20250709  12:21,284.9,284.9,284.9,284.9,1
20250709  12:22,284.9,284.9,284.9,284.9,0
20250709  12:23,284.9,284.9,284.9,284.9,0
20250709  12:24,285.15,285.4,285.15,285.15,27
20250709  12:25,285.15,285.15,285.15,285.15,0
20250709  12:26,284.9,284.9,284.8,284.8,4
20250709  12:27,284.7,284.7,284.7,284.7,1
20250709  12:28,284.7,284.7,284.7,284.7,0
20250709  12:29,284.95,285.2,284.95,285.2,7
20250709  12:30,285.2,285.2,285.2,285.2,0
20250709  12:31,285.1,285.1,285.0,285.0,5
20250709  12:32,284.95,285.1,284.5,284.5,32
20250709  12:33,284.4,284.5,284.4,284.45,6
20250709  12:34,284.85,284.85,284.85,284.85,1
20250709  12:35,284.9,284.9,284.9,284.9,2
20250709  12:36,284.9,284.9,284.9,284.9,0
20250709  12:37,284.9,284.9,284.9,284.9,0
20250709  12:38,284.9,284.9,284.9,284.9,0
20250709  12:39,284.9,284.9,284.9,284.9,0
20250709  12:40,285.1,285.1,285.1,285.1,2
20250709  12:41,285.15,285.15,285.15,285.15,1
20250709  12:42,284.85,284.85,284.25,284.25,15
20250709  12:43,284.1,284.1,283.9,283.9,10
20250709  12:44,284.0,284.0,283.7,283.8,28
20250709  12:45,283.8,283.95,283.35,283.35,23
20250709  12:46,283.35,283.5,283.0,283.5,13
20250709  12:47,283.5,283.5,283.5,283.5,4
20250709  12:48,283.4,283.45,282.8,282.9,38
20250709  12:49,282.85,283.05,282.85,283.05,12
20250709  12:50,283.0,283.05,282.7,282.7,15
20250709  12:51,282.65,282.75,282.6,282.75,9
20250709  12:52,282.85,282.85,282.7,282.75,5
20250709  12:53,282.75,283.0,282.7,282.85,14
20250709  12:54,282.85,283.0,282.8,282.8,7
20250709  12:55,282.75,282.75,282.3,282.4,20
20250709  12:56,282.3,282.65,282.3,282.5,14
20250709  12:57,282.6,282.6,282.6,282.6,1
20250709  12:58,282.65,282.75,282.65,282.75,2
20250709  12:59,282.9,282.9,282.75,282.85,23
20250709  13:00,282.8,282.8,282.45,282.65,11
20250709  13:01,282.6,282.6,282.6,282.6,3
20250709  13:02,282.9,282.9,282.75,282.75,6
20250709  13:03,282.75,282.75,282.75,282.75,2
20250709  13:04,282.95,283.35,282.85,283.05,22
20250709  13:05,283.2,283.2,283.15,283.2,3
20250709  13:06,282.95,282.95,282.65,282.75,6
20250709  13:07,282.8,282.8,282.8,282.8,1
20250709  13:08,282.8,282.8,282.8,282.8,0
20250709  13:09,283.05,283.05,283.05,283.05,1
20250709  13:10,283.15,283.5,283.15,283.35,15
20250709  13:11,283.3,283.3,283.3,283.3,1
20250709  13:12,283.3,283.3,283.3,283.3,1
20250709  13:13,283.25,283.25,283.15,283.15,6
20250709  13:14,283.15,283.15,283.15,283.15,0
20250709  13:15,283.0,283.0,282.85,282.9,6
20250709  13:16,283.05,283.05,283.05,283.05,1
20250709  13:17,283.05,283.05,283.05,283.05,0
20250709  13:18,283.05,283.05,283.05,283.05,0
20250709  13:19,283.0,283.0,282.85,282.95,4
20250709  13:20,282.85,282.9,282.85,282.9,3
20250709  13:21,282.75,282.75,282.75,282.75,1
20250709  13:22,282.7,282.7,281.85,282.1,32
20250709  13:23,282.25,282.25,282.25,282.25,1
20250709  13:24,282.25,282.7,282.25,282.7,12
20250709  13:25,282.7,282.8,282.6,282.6,5
20250709  13:26,282.55,282.75,282.3,282.75,18
20250709  13:27,282.75,283.4,282.75,283.4,13
20250709  13:28,283.5,283.5,283.25,283.25,8
20250709  13:29,283.4,283.4,283.15,283.2,8
20250709  13:30,283.3,283.3,283.3,283.3,3
20250710  10:15,278.65,282.15,277.6,281.45,1190
20250710  10:16,281.5,283.5,281.5,282.6,147
20250710  10:17,282.5,282.8,281.95,282.3,59
20250710  10:18,282.25,282.6,282.15,282.4,29
20250710  10:19,282.45,283.0,282.15,283.0,48
20250710  10:20,283.0,284.0,283.0,283.85,101
20250710  10:21,283.5,283.5,282.6,283.25,53
20250710  10:22,283.25,283.75,283.25,283.7,35
20250710  10:23,283.7,283.75,283.2,283.75,25
20250710  10:24,283.9,284.8,283.85,284.6,76
20250710  10:25,284.9,287.0,284.7,287.0,75
20250710  10:26,287.0,287.5,286.5,286.5,100
20250710  10:27,286.95,287.5,286.8,287.4,39
20250710  10:28,287.55,288.0,287.0,287.0,58
20250710  10:29,286.85,286.9,286.35,286.6,71
20250710  10:30,286.65,287.05,286.4,286.65,23
20250710  10:31,286.5,286.6,286.35,286.6,31
20250710  10:32,286.55,286.95,286.35,286.8,15
20250710  10:33,286.8,287.05,286.8,286.85,26
20250710  10:34,286.6,287.45,286.35,287.2,71
20250710  10:35,287.05,287.05,286.75,286.85,24
20250710  10:36,287.1,287.25,287.05,287.15,13
20250710  10:37,287.4,288.0,287.1,288.0,71
20250710  10:38,288.15,288.75,288.15,288.55,106
20250710  10:39,288.6,291.0,288.5,290.5,248
20250710  10:40,290.6,292.0,290.45,290.95,214
20250710  10:41,291.35,292.0,291.1,292.0,193
20250710  10:42,292.0,292.95,291.9,292.2,148
20250710  10:43,292.25,293.05,292.0,292.95,87
20250710  10:44,292.75,293.45,292.4,293.45,59
20250710  10:45,293.5,294.55,293.25,293.7,165
20250710  10:46,293.75,293.75,292.85,293.15,109
20250710  10:47,292.95,293.75,292.7,293.7,31
20250710  10:48,293.7,294.0,293.45,293.9,34
20250710  10:49,294.0,294.2,293.6,293.75,58
20250710  10:50,293.65,293.8,293.5,293.5,14
20250710  10:51,293.55,294.0,292.75,292.75,58
20250710  10:52,292.75,292.75,292.0,292.0,54
20250710  10:53,292.35,292.45,291.45,291.6,35
20250710  10:54,291.6,291.6,291.15,291.15,20
20250710  10:55,291.15,291.15,290.5,290.55,44
20250710  10:56,290.25,290.7,290.0,290.6,50
20250710  10:57,291.1,291.9,290.5,290.55,32
20250710  10:58,290.35,290.85,290.0,290.25,38
20250710  10:59,290.05,290.05,288.0,289.55,97
20250710  11:00,289.8,290.25,289.3,289.5,27
20250710  11:01,289.4,289.4,288.15,288.55,55
20250710  11:02,288.6,289.25,288.45,289.15,41
20250710  11:03,289.15,289.65,289.0,289.45,19
20250710  11:04,289.55,289.6,288.65,288.95,20
20250710  11:05,288.9,288.9,288.6,288.6,4
20250710  11:06,289.0,289.25,288.6,289.25,12
20250710  11:07,289.05,289.65,289.05,289.65,16
20250710  11:08,289.55,290.3,289.5,290.3,28
20250710  11:09,289.95,290.5,289.85,290.1,25
20250710  11:10,290.3,291.2,290.3,291.0,19
20250710  11:11,290.85,290.9,290.5,290.85,12
20250710  11:12,290.85,291.4,290.85,291.25,17
20250710  11:13,291.15,291.6,291.05,291.6,17
20250710  11:14,291.15,291.35,291.15,291.35,2
20250710  11:15,291.3,291.8,291.1,291.35,31
20250710  11:16,291.45,291.9,291.3,291.3,8
20250710  11:17,291.7,291.7,291.15,291.15,5
20250710  11:18,291.2,291.5,291.2,291.5,9
20250710  11:19,291.55,291.65,291.2,291.2,16
20250710  11:20,291.15,291.75,291.05,291.6,14
20250710  11:21,291.75,291.85,291.4,291.4,8
20250710  11:22,291.5,291.55,291.35,291.35,7
20250710  11:23,291.3,291.4,290.8,290.85,15
20250710  11:24,291.1,291.2,290.6,290.6,13
20250710  11:25,290.6,291.25,290.5,291.15,17
20250710  11:26,291.3,291.6,291.25,291.4,20
20250710  11:27,291.65,291.8,291.6,291.75,5
20250710  11:28,291.55,291.55,291.1,291.3,7
20250710  11:29,291.3,291.3,291.25,291.25,3
20250710  11:30,291.05,291.05,290.9,291.05,7
20250710  11:31,290.5,290.5,290.35,290.4,11
20250710  11:32,290.4,290.45,289.85,290.0,24
20250710  11:33,290.2,290.25,289.15,289.75,20
20250710  11:34,289.55,289.8,289.4,289.65,14
20250710  11:35,289.85,290.2,289.85,290.2,3
20250710  11:36,290.2,290.5,290.2,290.5,10
20250710  11:37,290.6,290.6,290.2,290.5,24
20250710  11:38,290.15,290.5,289.1,289.1,25
20250710  11:39,289.05,289.75,289.05,289.7,30
20250710  11:40,289.55,289.8,289.55,289.8,7
20250710  11:41,289.7,289.95,289.7,289.95,13
20250710  11:42,290.2,290.25,289.95,289.95,24
20250710  11:43,290.15,290.15,290.15,290.15,2
20250710  11:44,290.45,290.6,290.3,290.3,7
20250710  11:45,290.3,290.3,290.05,290.2,6
20250710  11:46,289.6,289.6,289.4,289.4,3
20250710  11:47,289.75,289.75,289.75,289.75,1
20250710  11:48,290.0,290.25,290.0,290.25,3
20250710  11:49,290.3,290.3,290.3,290.3,1
20250710  11:50,290.15,290.15,290.15,290.15,1
20250710  11:51,290.1,290.1,289.4,289.55,14
20250710  11:52,289.65,289.75,289.0,289.05,63
20250710  11:53,289.1,289.1,288.6,288.7,15
20250710  11:54,288.5,288.85,288.3,288.85,13
20250710  11:55,288.8,288.85,288.75,288.75,3
20250710  11:56,288.5,289.5,288.35,289.25,20
20250710  11:57,289.2,289.2,289.2,289.2,1
20250710  11:58,289.4,289.4,289.25,289.25,4
20250710  11:59,289.25,289.25,289.25,289.25,0
20250710  12:00,289.25,289.25,289.15,289.25,4
20250710  12:01,289.05,289.05,288.9,288.9,4
20250710  12:02,288.7,288.75,288.5,288.75,6
20250710  12:03,288.55,288.9,288.3,288.9,31
20250710  12:04,288.85,289.0,288.55,289.0,28
20250710  12:05,288.65,288.65,288.65,288.65,8
20250710  12:06,288.8,288.85,288.65,288.75,24
20250710  12:07,288.65,289.05,288.65,289.05,15
20250710  12:08,289.05,289.05,288.45,288.7,22
20250710  12:09,288.85,288.95,288.65,288.9,14
20250710  12:10,288.85,288.9,288.7,288.9,16
20250710  12:11,288.9,289.15,288.9,289.05,7
20250710  12:12,289.0,289.05,288.6,289.05,19
20250710  12:13,289.05,289.7,289.0,289.15,8
20250710  12:14,289.0,289.1,288.9,289.1,6
20250710  12:15,288.75,289.05,288.75,289.0,10
20250710  12:16,289.0,289.15,288.9,289.15,9
20250710  12:17,289.4,289.4,289.2,289.2,5
20250710  12:18,289.2,289.4,289.2,289.4,4
20250710  12:19,289.1,289.6,288.9,289.3,23
20250710  12:20,289.2,289.2,289.0,289.0,7
20250710  12:21,288.75,288.75,288.45,288.7,11
20250710  12:22,288.95,289.3,288.9,289.25,15
20250710  12:23,289.25,289.3,289.25,289.3,2
20250710  12:24,289.3,289.3,289.2,289.2,2
20250710  12:25,289.15,289.25,289.0,289.15,8
20250710  12:26,289.15,289.15,289.15,289.15,2
20250710  12:27,289.1,289.25,288.95,288.95,3
20250710  12:28,289.35,289.35,289.15,289.15,3
20250710  12:29,289.2,289.2,289.05,289.05,5
20250710  12:30,289.05,289.05,289.05,289.05,1
20250710  12:31,288.9,289.6,288.65,289.6,16
20250710  12:32,289.4,289.6,289.4,289.6,7
20250710  12:33,289.6,289.6,289.6,289.6,0
20250710  12:34,289.35,289.35,289.35,289.35,2
20250710  12:35,289.25,289.25,289.25,289.25,1
20250710  12:36,289.25,289.25,289.25,289.25,0
20250710  12:37,289.2,289.2,289.2,289.2,1
20250710  12:38,289.1,289.1,289.0,289.05,5
20250710  12:39,289.05,289.05,289.05,289.05,0
20250710  12:40,288.6,288.75,288.6,288.75,2
20250710  12:41,288.7,288.7,288.7,288.7,7
20250710  12:42,288.7,288.7,288.35,288.45,30
20250710  12:43,288.6,288.9,288.5,288.5,6
20250710  12:44,288.5,288.5,288.5,288.5,1
20250710  12:45,288.6,288.65,288.5,288.6,7
20250710  12:46,288.4,288.55,288.15,288.15,3
20250710  12:47,288.45,288.8,288.45,288.8,8
20250710  12:48,288.75,289.25,288.45,289.2,24
20250710  12:49,289.2,289.25,288.85,288.85,13
20250710  12:50,288.7,288.7,288.7,288.7,5
20250710  12:51,288.8,288.8,288.8,288.8,1
20250710  12:52,288.6,288.6,288.55,288.55,2
20250710  12:53,288.75,289.2,288.75,289.2,4
20250710  12:54,288.9,289.3,288.9,289.3,3
20250710  12:55,289.25,289.25,288.5,288.5,14
20250710  12:56,288.65,288.7,288.6,288.6,4
20250710  12:57,288.5,288.65,288.45,288.65,11
20250710  12:58,288.65,288.65,288.65,288.65,0
20250710  12:59,288.9,288.9,288.9,288.9,2
20250710  13:00,288.8,288.8,288.5,288.8,10
20250710  13:01,288.8,289.2,288.8,289.2,8
20250710  13:02,289.35,289.35,289.0,289.0,5
20250710  13:03,289.2,289.6,289.15,289.2,22
20250710  13:04,289.1,289.1,289.1,289.1,1
20250710  13:05,289.1,289.5,289.1,289.5,4
20250710  13:06,289.5,289.5,289.5,289.5,0
20250710  13:07,289.35,289.35,289.1,289.2,4
20250710  13:08,289.05,289.15,289.0,289.15,5
20250710  13:09,289.15,289.15,289.15,289.15,0
20250710  13:10,289.15,289.15,289.15,289.15,0
20250710  13:11,289.35,289.6,289.2,289.2,11
20250710  13:12,289.1,289.45,289.1,289.45,10
20250710  13:13,289.55,290.4,289.55,290.0,46
20250710  13:14,290.2,290.2,289.15,289.15,36
20250710  13:15,289.15,289.3,289.15,289.25,11
20250710  13:16,289.35,289.5,289.35,289.5,3
20250710  13:17,289.25,289.25,289.0,289.0,6
20250710  13:18,289.15,289.2,289.0,289.0,5
20250710  13:19,289.0,289.0,288.5,288.6,27
20250710  13:20,288.7,288.7,288.6,288.65,6
20250710  13:21,288.65,288.65,288.65,288.65,0
20250710  13:22,288.65,288.65,288.65,288.65,0
20250710  13:23,288.75,289.6,288.75,289.5,17
20250710  13:24,289.35,289.35,289.2,289.35,6
20250710  13:25,289.25,289.25,288.75,288.75,12
20250710  13:26,288.9,288.9,288.5,288.75,64
20250710  13:27,288.75,288.9,288.75,288.85,17
20250710  13:28,288.85,288.9,288.7,288.9,6
20250710  13:29,288.7,288.7,288.6,288.7,4
20250710  13:30,288.65,288.8,288.45,288.45,5
20250711  10:15,288.7,290.05,287.45,289.1,209
20250711  10:16,289.8,290.85,289.8,290.4,54
20250711  10:17,290.7,293.2,290.6,291.35,158
20250711  10:18,291.35,291.45,290.75,291.45,24
20250711  10:19,291.35,291.35,290.15,290.45,89
20250711  10:20,290.2,290.45,290.0,290.3,13
20250711  10:21,290.05,290.05,289.6,289.6,8
20250711  10:22,289.9,289.95,289.35,289.35,6
20250711  10:23,289.45,289.6,288.95,288.95,16
20250711  10:24,288.95,289.35,288.95,289.35,9
20250711  10:25,289.25,289.7,289.25,289.45,15
20250711  10:26,289.65,289.65,289.55,289.55,3
20250711  10:27,289.25,289.25,289.1,289.1,3
20250711  10:28,289.05,289.25,288.9,289.25,14
20250711  10:29,289.25,289.25,289.25,289.25,2
20250711  10:30,289.1,289.15,288.65,289.05,25
20250711  10:31,289.05,289.1,288.5,288.6,16
20250711  10:32,288.5,288.55,288.5,288.5,6
20250711  10:33,288.45,288.45,287.75,288.05,12
20250711  10:34,288.1,288.1,288.1,288.1,2
20250711  10:35,287.9,287.9,287.75,287.75,2
20250711  10:36,287.85,288.0,287.8,287.85,6
20250711  10:37,288.0,288.05,288.0,288.05,8
20250711  10:38,287.8,287.8,287.65,287.65,5
20250711  10:39,287.55,287.55,287.45,287.5,4
20250711  10:40,287.7,288.65,287.7,288.45,24
20250711  10:41,288.45,288.9,288.45,288.65,17
20250711  10:42,288.7,288.7,288.7,288.7,2
20250711  10:43,288.7,288.7,288.7,288.7,1
20250711  10:44,288.55,288.55,288.3,288.45,7
20250711  10:45,288.45,288.45,288.45,288.45,0
20250711  10:46,288.6,288.7,288.6,288.7,2
20250711  10:47,288.7,288.8,288.7,288.8,4
20250711  10:48,288.95,289.45,288.95,289.45,16
20250711  10:49,289.75,290.1,289.7,290.1,19
20250711  10:50,290.2,290.45,290.0,290.25,13
20250711  10:51,290.45,290.6,290.25,290.35,10
20250711  10:52,290.55,290.7,290.55,290.7,5
20250711  10:53,290.3,290.4,290.25,290.25,10
20250711  10:54,290.25,290.45,290.25,290.45,11
20250711  10:55,290.4,290.75,290.0,290.0,34
20250711  10:56,289.8,290.0,289.75,290.0,14
20250711  10:57,289.8,290.0,289.8,290.0,4
20250711  10:58,289.9,289.9,289.15,289.15,15
20250711  10:59,289.35,289.65,289.1,289.6,10
20250711  11:00,289.0,289.0,288.9,288.9,4
20250711  11:01,288.9,288.9,288.9,288.9,1
20250711  11:02,289.1,289.1,289.1,289.1,3
20250711  11:03,289.1,289.2,289.1,289.2,4
20250711  11:04,289.1,289.3,288.95,289.15,17
20250711  11:05,288.8,288.8,288.8,288.8,1
20250711  11:06,288.9,289.0,288.9,289.0,2
20250711  11:07,288.85,288.85,288.85,288.85,1
20250711  11:08,288.45,288.75,288.45,288.75,2
20250711  11:09,288.6,289.25,288.6,289.2,11
20250711  11:10,289.45,289.5,289.2,289.2,6
20250711  11:11,289.1,289.1,289.1,289.1,3
20250711  11:12,288.9,288.9,288.9,288.9,1
20250711  11:13,288.9,288.95,288.9,288.95,2
20250711  11:14,288.85,288.85,288.7,288.7,4
20250711  11:15,288.85,289.4,288.85,289.4,8
20250711  11:16,289.5,289.5,289.5,289.5,3
20250711  11:17,289.65,289.65,289.65,289.65,1
20250711  11:18,289.6,290.05,289.6,290.05,13
20250711  11:19,289.85,290.0,289.6,289.8,11
20250711  11:20,289.85,290.0,289.5,289.95,21
20250711  11:21,289.85,290.55,289.8,290.5,23
20250711  11:22,290.6,290.65,290.4,290.4,7
20250711  11:23,290.65,290.65,290.4,290.4,2
20250711  11:24,290.35,290.35,290.0,290.0,13
20250711  11:25,290.0,290.0,289.7,289.7,6
20250711  11:26,289.75,289.75,289.35,289.55,8
20250711  11:27,289.75,289.95,289.75,289.95,5
20250711  11:28,290.05,290.05,290.05,290.05,2
20250711  11:29,290.05,290.05,290.05,290.05,0
20250711  11:30,290.15,290.2,290.0,290.0,8
20250711  11:31,289.8,289.9,289.8,289.9,20
20250711  11:32,289.9,289.9,289.9,289.9,0
20250711  11:33,290.0,290.25,290.0,290.25,13
20250711  11:34,290.25,290.25,290.25,290.25,0
20250711  11:35,290.25,290.25,290.25,290.25,0
20250711  11:36,290.2,290.2,290.0,290.2,5
20250711  11:37,290.1,290.1,289.55,289.85,16
20250711  11:38,289.8,289.85,289.5,289.8,23
20250711  11:39,290.1,290.1,290.05,290.05,6
20250711  11:40,290.05,290.05,290.05,290.05,0
20250711  11:41,290.05,290.05,290.05,290.05,0
20250711  11:42,289.9,289.9,289.9,289.9,1
20250711  11:43,289.95,289.95,289.95,289.95,1
20250711  11:44,289.95,289.95,289.8,289.8,2
20250711  11:45,289.8,289.8,289.1,289.2,10
20250711  11:46,289.15,289.3,289.05,289.3,4
20250711  11:47,289.35,289.45,289.35,289.45,2
20250711  11:48,289.2,289.45,289.2,289.45,2
20250711  11:49,289.6,289.85,289.5,289.85,9
20250711  11:50,289.85,289.85,289.85,289.85,0
20250711  11:51,290.1,290.2,290.1,290.2,2
20250711  11:52,289.9,289.95,289.9,289.95,2
20250711  11:53,289.95,289.95,289.95,289.95,0
20250711  11:54,290.2,290.65,290.2,290.45,11
20250711  11:55,290.6,290.6,290.35,290.35,12
20250711  11:56,290.35,290.35,290.35,290.35,0
20250711  11:57,290.3,290.7,290.3,290.55,5
20250711  11:58,290.45,290.45,290.45,290.45,3
20250711  11:59,290.45,290.55,290.3,290.55,4
20250711  12:00,290.4,290.7,290.4,290.5,13
20250711  12:01,290.55,290.55,290.5,290.5,3
20250711  12:02,290.5,290.6,290.35,290.55,7
20250711  12:03,290.65,290.75,290.4,290.6,18
20250711  12:04,290.5,290.75,290.5,290.65,6
20250711  12:05,290.7,290.7,290.45,290.55,18
20250711  12:06,290.55,290.55,290.55,290.55,1
20250711  12:07,290.5,290.85,290.5,290.85,14
20250711  12:08,290.75,291.05,290.75,291.05,10
20250711  12:09,291.15,291.2,291.1,291.15,7
20250711  12:10,291.2,291.4,291.2,291.4,11
20250711  12:11,291.1,291.9,291.1,291.85,34
20250711  12:12,291.8,292.1,291.8,292.0,37
20250711  12:13,292.2,292.25,292.1,292.25,13
20250711  12:14,292.2,292.2,292.2,292.2,1
20250711  12:15,292.3,292.4,292.3,292.4,8
20250711  12:16,292.35,292.4,292.35,292.4,3
20250711  12:17,292.5,292.95,292.5,292.7,35
20250711  12:18,292.55,292.65,292.3,292.6,14
20250711  12:19,292.65,292.7,291.8,292.15,36
20250711  12:20,292.2,292.2,292.2,292.2,1
20250711  12:21,292.1,292.1,291.85,292.1,6
20250711  12:22,292.1,292.1,291.55,291.6,15
20250711  12:23,291.55,291.85,291.45,291.7,32
20250711  12:24,291.7,292.0,291.7,291.95,5
20250711  12:25,291.7,292.05,291.4,291.95,41
20250711  12:26,292.0,292.5,292.0,292.5,41
20250711  12:27,292.5,292.5,292.45,292.45,8
20250711  12:28,292.65,292.8,292.65,292.8,9
20250711  12:29,292.7,292.7,292.65,292.65,3
20250711  12:30,292.85,292.85,292.7,292.7,7
20250711  12:31,292.55,292.65,292.3,292.65,12
20250711  12:32,292.7,292.95,292.7,292.95,14
20250711  12:33,292.85,293.05,292.35,292.35,27
20250711  12:34,292.35,292.55,292.35,292.55,15
20250711  12:35,292.45,292.55,292.4,292.55,12
20250711  12:36,292.8,292.8,292.7,292.7,3
20250711  12:37,292.7,292.7,292.7,292.7,0
20250711  12:38,292.6,292.6,292.6,292.6,2
20250711  12:39,292.15,292.15,292.15,292.15,2
20250711  12:40,292.25,292.4,292.25,292.4,3
20250711  12:41,292.4,292.7,292.4,292.7,12
20250711  12:42,292.5,292.6,292.4,292.4,6
20250711  12:43,292.35,292.65,292.3,292.65,12
20250711  12:44,292.7,292.8,292.65,292.65,4
20250711  12:45,292.65,292.65,292.65,292.65,0
20250711  12:46,292.45,292.45,292.4,292.4,3
20250711  12:47,292.6,292.6,292.2,292.4,8
20250711  12:48,292.4,292.4,292.4,292.4,0
20250711  12:49,292.45,292.5,292.45,292.45,4
20250711  12:50,292.55,292.55,292.5,292.5,2
20250711  12:51,292.05,292.2,292.05,292.2,9
20250711  12:52,292.2,292.2,292.2,292.2,0
20250711  12:53,292.2,292.2,292.2,292.2,0
20250711  12:54,292.3,292.3,291.5,291.75,21
20250711  12:55,291.6,291.8,291.6,291.8,2
20250711  12:56,291.75,291.85,291.6,291.85,9
20250711  12:57,291.9,291.9,291.9,291.9,3
20250711  12:58,291.85,292.15,291.85,292.15,4
20250711  12:59,292.15,292.15,292.15,292.15,0
20250711  13:00,291.95,291.95,291.95,291.95,3
20250711  13:01,292.05,292.3,292.0,292.0,6
20250711  13:02,291.85,292.25,291.85,292.25,16
20250711  13:03,292.5,292.7,292.35,292.55,15
20250711  13:04,292.7,292.75,292.7,292.75,5
20250711  13:05,292.8,293.1,292.8,293.1,20
20250711  13:06,293.1,293.1,292.95,292.95,7
20250711  13:07,292.95,292.95,292.8,292.8,13
20250711  13:08,292.75,292.75,292.75,292.75,2
20250711  13:09,292.8,292.8,292.7,292.7,4
20250711  13:10,292.95,293.2,292.9,293.0,30
20250711  13:11,293.2,293.2,293.0,293.0,10
20250711  13:12,293.1,293.1,292.9,292.9,2
20250711  13:13,293.0,293.8,293.0,293.65,39
20250711  13:14,293.75,293.75,293.7,293.75,31
20250711  13:15,293.8,293.9,293.45,293.55,41
20250711  13:16,293.5,293.5,292.9,292.95,18
20250711  13:17,293.2,293.3,293.0,293.05,14
20250711  13:18,293.1,293.3,293.1,293.3,6
20250711  13:19,293.3,293.55,293.3,293.5,18
20250711  13:20,293.3,293.55,293.15,293.15,32
20250711  13:21,293.4,293.5,293.2,293.4,9
20250711  13:22,293.45,293.85,293.45,293.75,5
20250711  13:23,293.8,293.85,293.8,293.8,4
20250711  13:24,293.8,293.85,293.8,293.85,4
20250711  13:25,293.6,293.85,293.6,293.7,17
20250711  13:26,293.6,293.85,293.6,293.85,7
20250711  13:27,293.85,293.85,293.8,293.8,23
20250711  13:28,293.8,293.85,293.65,293.65,12
20250711  13:29,293.65,293.65,293.55,293.55,6
20250711  13:30,293.7,293.7,293.2,293.2,6
20250714  10:15,286.9,288.95,286.85,288.9,161
20250714  10:16,288.55,291.3,288.55,289.85,175
20250714  10:17,290.05,290.55,290.05,290.25,27
20250714  10:18,290.5,291.25,290.5,291.25,53
20250714  10:19,291.55,291.55,291.05,291.2,10
20250714  10:20,291.2,293.35,291.2,293.2,67
20250714  10:21,293.25,293.85,293.2,293.35,79
20250714  10:22,293.35,294.35,292.8,292.85,81
20250714  10:23,292.9,293.2,292.7,293.2,15
20250714  10:24,292.75,292.75,291.9,292.15,26
20250714  10:25,292.15,292.9,292.15,292.8,18
20250714  10:26,292.55,292.8,291.85,291.85,35
20250714  10:27,291.8,292.0,291.65,291.7,16
20250714  10:28,291.8,292.0,291.35,291.5,19
20250714  10:29,291.35,291.55,290.8,290.8,21
20250714  10:30,290.95,291.15,290.8,291.0,11
20250714  10:31,291.5,292.0,291.5,292.0,29
20250714  10:32,292.85,292.85,291.95,291.95,10
20250714  10:33,292.2,292.2,292.2,292.2,1
20250714  10:34,292.2,292.2,292.2,292.2,0
20250714  10:35,292.0,292.0,292.0,292.0,1
20250714  10:36,292.15,292.2,292.1,292.1,4
20250714  10:37,292.05,292.05,291.85,292.05,4
20250714  10:38,292.05,292.05,292.05,292.05,0
20250714  10:39,292.05,292.05,292.05,292.05,0
20250714  10:40,291.9,291.9,291.75,291.8,4
20250714  10:41,292.0,292.15,291.95,292.15,9
20250714  10:42,292.25,292.5,292.25,292.5,5
20250714  10:43,292.7,293.05,292.65,292.65,14
20250714  10:44,292.6,292.6,292.15,292.35,8
20250714  10:45,292.65,292.95,292.35,292.55,36
20250714  10:46,292.85,292.85,292.7,292.7,2
20250714  10:47,292.15,292.15,292.0,292.15,8
20250714  10:48,292.25,292.25,292.25,292.25,1
20250714  10:49,292.1,292.1,292.1,292.1,1
20250714  10:50,292.25,292.25,292.25,292.25,1
20250714  10:51,292.25,292.25,292.25,292.25,0
20250714  10:52,292.5,292.5,292.25,292.3,9
20250714  10:53,292.35,292.4,292.05,292.05,8
20250714  10:54,291.75,291.95,291.7,291.7,4
20250714  10:55,291.95,291.95,291.95,291.95,1
20250714  10:56,292.2,292.4,292.2,292.3,6
20250714  10:57,292.45,292.95,292.45,292.9,5
20250714  10:58,292.45,292.7,292.45,292.7,2
20250714  10:59,292.95,292.95,292.75,292.75,3
20250714  11:00,292.7,292.7,292.5,292.6,8
20250714  11:01,292.65,292.65,292.55,292.55,8
20250714  11:02,292.75,292.75,292.5,292.5,3
20250714  11:03,292.55,292.55,292.55,292.55,1
20250714  11:04,292.75,293.05,292.75,292.95,10
20250714  11:05,292.8,292.9,292.8,292.9,5
20250714  11:06,292.95,292.95,292.95,292.95,1
20250714  11:07,292.65,292.75,292.65,292.75,3
20250714  11:08,292.75,292.75,292.75,292.75,0
20250714  11:09,292.75,292.85,292.75,292.85,3
20250714  11:10,292.75,292.75,292.75,292.75,1
20250714  11:11,292.75,292.75,292.4,292.5,7
20250714  11:12,292.5,292.5,292.5,292.5,0
20250714  11:13,292.45,292.45,292.45,292.45,3
20250714  11:14,292.8,293.1,292.8,293.1,8
20250714  11:15,293.15,293.15,292.75,292.75,7
20250714  11:16,292.55,292.65,292.35,292.65,14
20250714  11:17,292.35,292.6,292.25,292.5,9
20250714  11:18,292.65,292.65,292.55,292.55,2
20250714  11:19,292.35,292.65,292.35,292.65,7
20250714  11:20,292.65,292.85,292.65,292.85,3
20250714  11:21,292.7,292.8,292.55,292.55,11
20250714  11:22,292.55,292.7,292.55,292.6,5
20250714  11:23,292.6,292.6,292.6,292.6,0
20250714  11:24,292.6,292.6,292.6,292.6,0
20250714  11:25,292.35,292.35,292.0,292.1,13
20250714  11:26,291.8,292.15,291.8,292.15,6
20250714  11:27,292.25,292.45,292.25,292.45,3
20250714  11:28,292.45,292.45,292.45,292.45,0
20250714  11:29,292.7,292.9,292.7,292.85,10
20250714  11:30,292.95,293.0,292.95,293.0,4
20250714  11:31,293.05,293.35,293.05,293.35,6
20250714  11:32,293.55,293.55,292.7,292.75,18
20250714  11:33,293.05,293.05,292.8,292.8,2
20250714  11:34,292.85,293.1,292.85,293.1,4
20250714  11:35,292.65,292.65,292.65,292.65,1
20250714  11:36,292.45,292.45,292.25,292.35,3
20250714  11:37,292.1,292.35,292.1,292.35,10
20250714  11:38,292.35,292.35,292.15,292.15,11
20250714  11:39,292.3,292.3,292.1,292.25,10
20250714  11:40,292.05,292.05,291.9,291.9,3
20250714  11:41,291.9,291.9,291.9,291.9,0
20250714  11:42,292.15,292.15,292.15,292.15,1
20250714  11:43,292.35,292.35,292.1,292.1,4
20250714  11:44,292.1,292.1,291.7,292.0,8
20250714  11:45,292.15,292.2,292.0,292.15,13
20250714  11:46,292.2,292.2,292.2,292.2,1
20250714  11:47,292.25,292.4,292.1,292.25,10
20250714  11:48,292.25,292.25,292.0,292.0,6
20250714  11:49,291.85,291.85,291.1,291.25,54
20250714  11:50,291.35,291.65,291.35,291.6,7
20250714  11:51,291.75,291.75,291.75,291.75,1
20250714  11:52,291.95,291.95,291.75,291.75,2
20250714  11:53,291.65,291.75,291.4,291.55,28
20250714  11:54,291.55,292.25,291.55,291.7,47
20250714  11:55,291.45,291.5,291.15,291.25,7
20250714  11:56,291.3,291.45,291.3,291.45,5
20250714  11:57,291.2,291.2,290.85,291.2,19
20250714  11:58,291.1,291.2,291.1,291.2,4
20250714  11:59,291.0,291.15,291.0,291.1,7
20250714  12:00,290.9,291.1,290.75,291.0,15
20250714  12:01,290.7,291.1,290.7,291.1,8
20250714  12:02,290.95,291.2,290.75,290.75,14
20250714  12:03,290.9,291.5,290.9,291.4,8
20250714  12:04,291.55,291.65,291.3,291.3,9
20250714  12:05,291.3,291.3,291.3,291.3,0
20250714  12:06,291.7,291.7,291.7,291.7,1
20250714  12:07,291.85,291.9,291.85,291.9,2
20250714  12:08,291.9,291.9,291.9,291.9,0
20250714  12:09,291.95,292.1,291.95,292.0,6
20250714  12:10,291.95,292.3,291.95,292.3,4
20250714  12:11,292.35,292.55,292.35,292.55,5
20250714  12:12,292.6,292.6,292.0,292.0,16
20250714  12:13,292.1,292.1,292.1,292.1,1
20250714  12:14,291.95,292.2,291.95,292.2,4
20250714  12:15,292.3,292.5,292.3,292.5,4
20250714  12:16,292.5,292.5,292.1,292.1,13
20250714  12:17,292.25,292.25,292.25,292.25,1
20250714  12:18,292.3,292.3,292.3,292.3,1
20250714  12:19,292.25,292.4,292.25,292.25,5
20250714  12:20,292.1,292.25,292.1,292.25,2
20250714  12:21,292.45,292.6,292.45,292.6,2
20250714  12:22,292.6,292.6,292.6,292.6,0
20250714  12:23,292.6,292.6,292.6,292.6,0
20250714  12:24,292.35,292.8,292.35,292.8,8
20250714  12:25,292.6,292.7,292.55,292.7,12
20250714  12:26,292.85,293.2,292.85,293.05,13
20250714  12:27,293.05,293.05,293.05,293.05,0
20250714  12:28,293.0,293.4,293.0,293.4,2
20250714  12:29,293.4,293.4,292.85,292.85,2
20250714  12:30,293.2,293.9,293.2,293.85,21
20250714  12:31,293.9,294.0,293.65,294.0,41
20250714  12:32,293.7,294.0,293.7,293.7,28
20250714  12:33,293.5,293.7,293.35,293.5,20
20250714  12:34,293.45,293.6,293.15,293.15,9
20250714  12:35,293.2,293.35,293.2,293.35,2
20250714  12:36,293.15,293.3,293.15,293.3,2
20250714  12:37,293.3,293.3,293.3,293.3,0
20250714  12:38,293.3,293.3,293.3,293.3,0
20250714  12:39,293.65,293.9,293.65,293.9,5
20250714  12:40,294.0,294.25,293.9,293.9,9
20250714  12:41,294.2,294.25,293.9,294.15,19
20250714  12:42,294.25,294.45,294.15,294.15,7
20250714  12:43,293.85,293.85,293.5,293.6,7
20250714  12:44,293.7,293.8,293.35,293.35,5
20250714  12:45,293.6,293.6,293.6,293.6,1
20250714  12:46,293.6,293.6,293.6,293.6,0
20250714  12:47,293.3,293.4,292.7,292.7,5
20250714  12:48,292.7,292.7,292.7,292.7,0
20250714  12:49,293.0,293.1,293.0,293.1,4
20250714  12:50,292.5,292.5,292.2,292.25,6
20250714  12:51,292.3,292.9,292.3,292.9,18
20250714  12:52,293.05,293.15,292.9,292.9,6
20250714  12:53,293.1,293.25,292.55,292.65,15
20250714  12:54,292.85,292.9,292.75,292.85,5
20250714  12:55,293.25,293.35,293.1,293.35,5
20250714  12:56,293.25,293.35,293.25,293.35,4
20250714  12:57,293.35,293.35,293.2,293.2,2
20250714  12:58,293.15,293.15,293.15,293.15,1
20250714  12:59,293.45,293.5,293.4,293.4,3
20250714  13:00,293.0,293.0,293.0,293.0,1
20250714  13:01,293.1,293.1,293.1,293.1,3
20250714  13:02,293.05,293.05,292.95,292.95,3
20250714  13:03,292.9,293.15,292.9,293.05,7
20250714  13:04,293.05,293.05,293.05,293.05,0
20250714  13:05,293.15,293.15,292.95,292.95,2
20250714  13:06,292.95,292.95,292.95,292.95,0
20250714  13:07,292.95,292.95,292.95,292.95,0
20250714  13:08,293.35,293.65,293.35,293.65,5
20250714  13:09,293.45,293.65,293.45,293.65,9
20250714  13:10,293.75,293.75,293.75,293.75,1
20250714  13:11,293.9,294.1,293.9,294.1,6
20250714  13:12,294.0,294.05,293.95,293.95,4
20250714  13:13,293.9,294.2,293.9,294.2,12
20250714  13:14,294.45,295.2,294.45,295.2,55
20250714  13:15,295.3,295.6,294.95,295.0,39
20250714  13:16,295.2,295.2,294.9,294.9,9
20250714  13:17,295.15,295.3,294.95,294.95,22
20250714  13:18,294.7,294.7,294.5,294.6,7
20250714  13:19,294.65,294.9,294.65,294.9,6
20250714  13:20,294.95,295.15,294.5,294.5,18
20250714  13:21,294.35,294.45,294.1,294.45,9
20250714  13:22,294.35,294.35,294.35,294.35,2
20250714  13:23,294.45,294.45,294.45,294.45,1
20250714  13:24,294.55,294.6,294.55,294.6,2
20250714  13:25,294.35,294.35,294.35,294.35,1
20250714  13:26,294.5,294.5,294.5,294.5,1
20250714  13:27,294.5,294.6,293.45,293.45,23
20250714  13:28,293.25,293.4,293.25,293.3,7
20250714  13:29,293.25,294.05,293.25,293.95,27
20250714  13:30,293.8,293.85,293.5,293.75,11
20250715  10:15,301.0,302.7,299.9,302.65,185
20250715  10:16,302.7,305.85,302.6,305.4,190
20250715  10:17,304.95,306.3,304.75,305.5,84
20250715  10:18,305.1,305.1,304.05,304.5,32
20250715  10:19,304.0,304.0,303.05,303.45,54
20250715  10:20,303.4,304.15,303.4,304.15,26
20250715  10:21,303.7,303.7,303.65,303.65,3
20250715  10:22,303.45,303.6,302.6,303.6,39
20250715  10:23,303.55,304.15,303.55,303.9,9
20250715  10:24,303.7,303.85,303.15,303.4,10
20250715  10:25,303.25,303.25,302.35,302.35,22
20250715  10:26,302.35,302.35,301.9,302.25,20
20250715  10:27,302.25,302.5,301.85,302.3,23
20250715  10:28,302.4,302.7,302.4,302.7,18
20250715  10:29,302.75,303.1,302.75,302.8,17
20250715  10:30,302.75,303.4,302.7,302.9,38
20250715  10:31,302.85,302.9,302.0,302.0,10
20250715  10:32,302.25,302.45,301.35,301.75,43
20250715  10:33,301.85,301.85,301.65,301.8,7
20250715  10:34,301.65,302.0,301.55,302.0,11
20250715  10:35,301.6,301.6,301.35,301.45,13
20250715  10:36,301.35,301.35,301.2,301.25,5
20250715  10:37,301.1,302.1,301.1,302.1,18
20250715  10:38,301.9,302.0,301.85,302.0,8
20250715  10:39,301.95,302.15,301.95,302.0,8
20250715  10:40,302.0,302.0,301.7,301.7,9
20250715  10:41,301.5,301.85,301.5,301.7,11
20250715  10:42,301.6,301.65,301.25,301.25,10
20250715  10:43,301.05,302.3,301.05,302.05,17
20250715  10:44,302.05,302.05,301.9,301.9,6
20250715  10:45,302.1,302.15,302.1,302.15,3
20250715  10:46,302.1,302.4,301.6,301.6,28
20250715  10:47,301.35,301.4,301.35,301.4,4
20250715  10:48,301.2,301.2,301.05,301.05,5
20250715  10:49,301.0,301.2,300.8,301.1,18
20250715  10:50,301.2,301.2,301.05,301.15,3
20250715  10:51,301.05,301.15,300.9,300.9,6
20250715  10:52,300.7,300.7,300.7,300.7,1
20250715  10:53,300.65,300.75,300.65,300.75,2
20250715  10:54,300.75,300.75,300.75,300.75,1
20250715  10:55,300.75,300.75,300.75,300.75,0
20250715  10:56,300.75,300.75,300.75,300.75,0
20250715  10:57,301.0,301.0,300.6,300.6,5
20250715  10:58,300.65,300.65,300.65,300.65,2
20250715  10:59,300.7,300.7,300.7,300.7,1
20250715  11:00,300.6,300.85,300.6,300.75,8
20250715  11:01,300.9,300.9,300.85,300.85,3
20250715  11:02,301.0,301.0,300.75,300.9,13
20250715  11:03,300.9,301.0,300.8,300.8,3
20250715  11:04,300.85,300.85,300.85,300.85,1
20250715  11:05,300.8,300.8,300.8,300.8,1
20250715  11:06,300.8,300.8,300.8,300.8,0
20250715  11:07,300.95,300.95,300.7,300.85,8
20250715  11:08,300.75,300.75,300.75,300.75,1
20250715  11:09,300.95,301.1,300.95,301.0,6
20250715  11:10,301.1,301.4,301.1,301.35,11
20250715  11:11,301.25,301.6,301.2,301.6,10
20250715  11:12,301.65,301.95,301.25,301.45,29
20250715  11:13,301.6,301.65,301.5,301.5,9
20250715  11:14,301.45,301.5,300.95,300.95,6
20250715  11:15,300.9,301.2,300.9,301.2,6
20250715  11:16,301.25,301.35,301.15,301.35,4
20250715  11:17,301.0,301.0,300.45,300.6,15
20250715  11:18,300.5,300.55,300.0,300.3,51
20250715  11:19,300.3,300.3,300.3,300.3,0
20250715  11:20,300.3,300.3,300.3,300.3,0
20250715  11:21,300.3,300.3,300.3,300.3,0
20250715  11:22,300.35,300.35,300.35,300.35,1
20250715  11:23,300.3,300.3,300.1,300.1,5
20250715  11:24,300.15,300.35,300.15,300.35,11
20250715  11:25,300.2,300.4,300.15,300.4,4
20250715  11:26,300.3,300.3,300.3,300.3,2
20250715  11:27,300.1,300.1,300.1,300.1,1
20250715  11:28,300.15,300.15,300.15,300.15,2
20250715  11:29,300.15,300.15,300.15,300.15,0
20250715  11:30,300.25,300.25,300.25,300.25,1
20250715  11:31,300.25,300.25,300.15,300.15,2
20250715  11:32,300.15,300.15,300.0,300.0,5
20250715  11:33,300.2,300.2,300.2,300.2,7
20250715  11:34,300.0,300.0,299.4,299.7,34
20250715  11:35,299.65,299.65,299.4,299.6,7
20250715  11:36,299.7,299.75,299.7,299.75,3
20250715  11:37,299.75,299.75,298.75,299.05,66
20250715  11:38,299.1,299.5,299.1,299.5,10
20250715  11:39,299.4,299.5,299.4,299.5,11
20250715  11:40,299.5,299.5,299.5,299.5,0
20250715  11:41,299.75,300.2,299.75,300.1,25
20250715  11:42,299.95,299.95,299.5,299.5,3
20250715  11:43,299.5,299.5,299.5,299.5,0
20250715  11:44,299.25,299.25,298.25,298.25,64
20250715  11:45,298.4,298.55,298.1,298.1,23
20250715  11:46,298.15,298.35,298.0,298.35,49
20250715  11:47,298.4,298.75,298.4,298.7,16
20250715  11:48,298.45,298.7,298.45,298.55,9
20250715  11:49,298.7,298.75,298.4,298.4,17
20250715  11:50,298.5,298.65,298.45,298.65,4
20250715  11:51,298.6,298.6,298.35,298.45,7
20250715  11:52,298.45,298.95,298.45,298.95,16
20250715  11:53,298.95,298.95,298.95,298.95,0
20250715  11:54,298.95,298.95,298.95,298.95,0
20250715  11:55,298.8,298.8,298.8,298.8,2
20250715  11:56,298.7,298.7,298.6,298.6,4
20250715  11:57,298.4,298.75,298.4,298.45,10
20250715  11:58,298.45,298.45,298.45,298.45,0
20250715  11:59,298.5,298.7,298.4,298.4,15
20250715  12:00,298.45,298.5,298.45,298.5,8
20250715  12:01,298.5,298.65,298.5,298.65,2
20250715  12:02,298.55,298.6,298.2,298.2,17
20250715  12:03,298.2,298.55,298.15,298.55,8
20250715  12:04,298.8,298.8,298.7,298.7,4
20250715  12:05,298.4,298.5,298.4,298.5,3
20250715  12:06,298.5,298.5,298.3,298.3,5
20250715  12:07,298.3,298.3,298.3,298.3,1
20250715  12:08,298.2,298.2,298.15,298.2,7
20250715  12:09,298.2,298.4,298.2,298.3,8
20250715  12:10,298.4,298.75,298.4,298.75,34
20250715  12:11,298.55,298.55,298.5,298.5,4
20250715  12:12,298.65,298.95,298.65,298.9,13
20250715  12:13,299.0,299.35,299.0,299.0,51
20250715  12:14,298.95,299.15,298.95,299.15,24
20250715  12:15,299.15,299.55,299.05,299.05,11
20250715  12:16,298.9,299.2,298.9,299.2,3
20250715  12:17,299.15,299.65,299.0,299.45,22
20250715  12:18,299.5,299.55,299.35,299.35,3
20250715  12:19,299.45,299.7,299.45,299.5,17
20250715  12:20,299.45,299.9,299.45,299.55,14
20250715  12:21,299.55,299.7,299.55,299.7,4
20250715  12:22,299.75,299.75,299.5,299.5,2
20250715  12:23,299.5,299.5,299.3,299.35,7
20250715  12:24,299.25,299.25,298.7,299.0,17
20250715  12:25,298.9,299.75,298.9,299.5,25
20250715  12:26,299.35,299.35,299.35,299.35,3
20250715  12:27,299.35,299.35,299.35,299.35,0
20250715  12:28,299.05,299.1,299.05,299.1,3
20250715  12:29,298.9,298.9,298.85,298.85,4
20250715  12:30,298.75,298.75,298.3,298.3,8
20250715  12:31,298.45,298.85,298.45,298.85,11
20250715  12:32,298.8,299.05,298.8,299.05,2
20250715  12:33,298.85,298.85,298.8,298.8,4
20250715  12:34,298.55,298.55,298.55,298.55,1
20250715  12:35,298.8,298.95,298.8,298.95,3
20250715  12:36,298.8,298.85,298.7,298.7,5
20250715  12:37,298.55,298.55,298.55,298.55,1
20250715  12:38,298.3,298.3,298.15,298.15,3
20250715  12:39,298.3,298.4,298.3,298.4,2
20250715  12:40,298.2,298.35,298.2,298.35,6
20250715  12:41,298.4,298.4,298.1,298.1,11
20250715  12:42,298.05,298.35,298.05,298.35,10
20250715  12:43,298.45,298.45,298.45,298.45,1
20250715  12:44,298.7,298.7,298.6,298.6,5
20250715  12:45,298.7,298.75,298.55,298.7,6
20250715  12:46,298.8,299.05,298.75,298.75,4
20250715  12:47,298.75,298.75,298.75,298.75,1
20250715  12:48,299.0,299.2,298.75,298.85,16
20250715  12:49,298.85,298.85,298.85,298.85,0
20250715  12:50,298.9,299.0,298.9,299.0,3
20250715  12:51,299.0,299.0,299.0,299.0,0
20250715  12:52,299.0,299.0,299.0,299.0,0
20250715  12:53,299.65,299.8,299.65,299.8,4
20250715  12:54,299.85,299.85,298.6,298.6,16
20250715  12:55,298.8,298.9,298.8,298.85,4
20250715  12:56,298.75,298.75,298.7,298.7,2
20250715  12:57,298.85,298.85,298.8,298.8,3
20250715  12:58,298.8,298.8,298.8,298.8,0
20250715  12:59,298.6,298.85,298.6,298.85,8
20250715  13:00,298.8,299.3,298.5,298.5,23
20250715  13:01,298.55,298.7,298.35,298.35,14
20250715  13:02,298.35,298.35,298.35,298.35,0
20250715  13:03,298.6,298.7,298.6,298.7,2
20250715  13:04,298.7,298.7,298.7,298.7,0
20250715  13:05,298.8,298.8,298.8,298.8,1
20250715  13:06,298.8,298.8,298.8,298.8,0
20250715  13:07,298.75,298.75,298.75,298.75,1
20250715  13:08,298.75,298.75,298.75,298.75,0
20250715  13:09,298.9,299.15,298.8,299.15,13
20250715  13:10,299.2,300.05,299.2,300.05,30
20250715  13:11,300.0,300.0,300.0,300.0,3
20250715  13:12,299.9,299.9,299.9,299.9,2
20250715  13:13,299.9,299.9,299.9,299.9,1
20250715  13:14,300.15,300.2,299.5,299.5,10
20250715  13:15,299.4,299.95,299.3,299.95,18
20250715  13:16,300.3,300.35,300.05,300.05,14
20250715  13:17,300.2,300.95,300.2,300.95,12
20250715  13:18,300.6,300.6,300.2,300.2,5
20250715  13:19,300.4,300.5,300.4,300.5,2
20250715  13:20,300.35,300.35,300.35,300.35,1
20250715  13:21,300.2,300.35,300.2,300.35,5
20250715  13:22,300.4,300.45,300.3,300.3,7
20250715  13:23,300.3,300.3,300.3,300.3,0
20250715  13:24,300.35,300.4,299.95,299.95,16
20250715  13:25,299.95,300.25,299.85,300.25,19
20250715  13:26,300.3,300.3,300.1,300.2,7
20250715  13:27,300.3,300.3,300.15,300.3,10
20250715  13:28,300.3,300.3,300.1,300.1,8
20250715  13:29,300.05,300.1,300.05,300.1,3
20250715  13:30,300.2,300.2,300.2,300.2,1
20250716  10:15,296.3,297.45,296.25,297.25,151
20250716  10:16,297.1,298.45,296.85,298.15,44
20250716  10:17,298.1,298.4,297.8,298.1,18
20250716  10:18,298.5,298.75,298.45,298.75,8
20250716  10:19,298.6,298.6,298.6,298.6,4
20250716  10:20,298.4,298.4,298.0,298.25,8
20250716  10:21,298.5,298.5,298.5,298.5,2
20250716  10:22,298.4,298.5,298.25,298.5,6
20250716  10:23,298.6,298.6,298.25,298.25,7
20250716  10:24,298.0,298.0,297.9,297.9,3
20250716  10:25,297.6,297.6,297.5,297.5,2
20250716  10:26,297.5,297.6,297.35,297.6,7
20250716  10:27,297.85,297.85,297.7,297.7,2
20250716  10:28,297.7,297.7,297.7,297.7,0
20250716  10:29,297.8,297.8,297.8,297.8,1
20250716  10:30,297.65,298.25,297.65,298.2,9
20250716  10:31,298.35,298.4,298.2,298.2,5
20250716  10:32,298.4,298.75,297.9,298.75,19
20250716  10:33,298.65,298.85,298.6,298.6,6
20250716  10:34,298.45,298.8,298.4,298.8,3
20250716  10:35,298.75,299.25,298.7,299.25,19
20250716  10:36,299.15,299.5,299.15,299.4,16
20250716  10:37,299.4,299.5,299.4,299.45,5
20250716  10:38,299.35,299.35,299.35,299.35,2
20250716  10:39,299.45,299.85,299.45,299.85,7
20250716  10:40,299.85,299.9,299.85,299.9,6
20250716  10:41,299.75,299.8,299.4,299.8,11
20250716  10:42,299.8,299.8,299.75,299.75,3
20250716  10:43,299.8,300.3,299.8,300.1,19
20250716  10:44,300.25,300.25,299.9,300.0,7
20250716  10:45,300.25,300.6,300.25,300.4,13
20250716  10:46,300.4,300.4,300.4,300.4,0
20250716  10:47,300.4,301.0,300.4,300.9,22
20250716  10:48,300.8,300.8,300.55,300.8,15
20250716  10:49,300.95,301.3,300.95,301.3,7
20250716  10:50,301.1,301.2,300.95,301.2,28
20250716  10:51,300.9,300.9,300.75,300.9,15
20250716  10:52,300.25,300.25,300.0,300.0,5
20250716  10:53,300.0,300.3,300.0,300.3,15
20250716  10:54,300.15,300.15,299.95,299.95,10
20250716  10:55,299.95,300.1,299.9,299.95,8
20250716  10:56,300.1,300.1,299.95,299.95,5
20250716  10:57,300.0,300.1,300.0,300.0,7
20250716  10:58,300.3,300.35,300.25,300.25,8
20250716  10:59,300.3,300.3,300.3,300.3,2
20250716  11:00,300.05,300.05,299.7,299.95,35
20250716  11:01,300.05,300.35,300.05,300.35,8
20250716  11:02,300.5,300.5,300.4,300.4,3
20250716  11:03,300.5,300.5,300.5,300.5,1
20250716  11:04,300.6,300.85,300.6,300.65,4
20250716  11:05,300.4,300.4,300.3,300.3,3
20250716  11:06,300.05,300.25,300.0,300.25,18
20250716  11:07,300.4,302.0,300.4,301.8,46
20250716  11:08,301.55,301.6,301.45,301.55,6
20250716  11:09,301.2,301.75,301.2,301.75,15
20250716  11:10,301.65,301.65,301.45,301.45,7
20250716  11:11,301.45,301.45,301.45,301.45,0
20250716  11:12,301.45,301.45,301.45,301.45,0
20250716  11:13,301.45,301.45,301.2,301.2,6
20250716  11:14,300.95,300.95,300.95,300.95,2
20250716  11:15,300.85,301.15,300.85,301.15,4
20250716  11:16,301.2,301.2,301.1,301.2,6
20250716  11:17,301.25,301.25,301.25,301.25,1
20250716  11:18,301.1,301.1,301.1,301.1,1
20250716  11:19,301.05,301.15,301.0,301.15,4
20250716  11:20,301.05,301.05,301.0,301.0,3
20250716  11:21,300.9,301.25,300.9,301.25,8
20250716  11:22,301.25,301.25,301.25,301.25,0
20250716  11:23,301.6,302.0,301.6,301.85,7
20250716  11:24,301.65,301.75,301.3,301.3,17
20250716  11:25,301.75,301.75,301.5,301.5,2
20250716  11:26,301.5,301.5,301.5,301.5,0
20250716  11:27,301.85,301.85,301.65,301.65,2
20250716  11:28,301.5,301.5,301.45,301.45,3
20250716  11:29,301.45,301.45,301.45,301.45,0
20250716  11:30,301.45,301.45,301.45,301.45,0
20250716  11:31,301.45,301.45,301.45,301.45,0
20250716  11:32,301.45,301.45,301.45,301.45,0
20250716  11:33,301.45,301.45,301.45,301.45,0
20250716  11:34,301.4,301.45,301.35,301.35,3
20250716  11:35,301.35,301.35,301.35,301.35,0
20250716  11:36,301.35,301.35,301.35,301.35,0
20250716  11:37,301.6,301.65,301.3,301.55,9
20250716  11:38,301.7,302.05,301.7,301.85,15
20250716  11:39,301.7,301.7,301.7,301.7,1
20250716  11:40,301.7,301.7,301.7,301.7,0
20250716  11:41,301.5,301.7,301.5,301.7,3
20250716  11:42,301.7,301.7,301.7,301.7,0
20250716  11:43,301.7,301.7,301.7,301.7,0
20250716  11:44,301.7,301.9,301.7,301.8,8
20250716  11:45,301.85,303.05,301.85,302.65,30
20250716  11:46,302.5,302.6,302.5,302.5,4
20250716  11:47,302.4,302.55,302.4,302.55,5
20250716  11:48,302.95,303.1,302.95,303.0,4
20250716  11:49,302.85,303.2,302.65,303.15,23
20250716  11:50,303.15,303.3,302.95,302.95,13
20250716  11:51,302.9,302.95,302.75,302.75,7
20250716  11:52,303.0,303.0,303.0,303.0,1
20250716  11:53,303.05,303.5,303.05,303.45,31
20250716  11:54,303.35,304.0,303.15,304.0,20
20250716  11:55,304.15,305.1,304.1,305.0,74
20250716  11:56,305.0,306.0,305.0,305.3,82
20250716  11:57,305.3,305.3,305.0,305.0,27
20250716  11:58,305.0,305.2,304.05,304.25,64
20250716  11:59,304.2,304.3,304.15,304.3,6
20250716  12:00,304.0,304.85,304.0,304.75,28
20250716  12:01,304.6,304.95,304.3,304.95,16
20250716  12:02,304.95,304.95,304.6,304.6,9
20250716  12:03,304.95,305.15,304.95,305.15,5
20250716  12:04,305.25,306.0,305.25,305.95,32
20250716  12:05,305.8,305.8,305.4,305.4,25
20250716  12:06,305.7,305.95,305.7,305.7,12
20250716  12:07,305.7,305.9,305.7,305.85,10
20250716  12:08,305.9,306.1,305.9,306.1,7
20250716  12:09,306.0,306.15,305.95,306.1,10
20250716  12:10,306.0,306.2,305.8,305.8,37
20250716  12:11,305.8,306.1,305.5,305.75,42
20250716  12:12,306.15,307.3,306.15,307.15,84
20250716  12:13,307.1,307.15,306.6,306.6,11
20250716  12:14,306.3,306.3,305.8,305.8,9
20250716  12:15,305.65,306.25,305.65,305.95,24
20250716  12:16,306.0,306.35,305.95,306.3,28
20250716  12:17,306.1,306.35,305.55,306.0,49
20250716  12:18,306.1,306.1,306.0,306.0,7
20250716  12:19,306.0,306.2,306.0,306.05,5
20250716  12:20,306.1,306.25,306.1,306.1,18
20250716  12:21,306.1,306.1,306.1,306.1,8
20250716  12:22,306.05,306.25,305.9,305.9,10
20250716  12:23,305.9,306.35,305.9,306.25,6
20250716  12:24,306.25,306.35,306.0,306.05,16
20250716  12:25,306.0,306.25,305.65,305.65,23
20250716  12:26,305.65,305.85,305.65,305.85,4
20250716  12:27,306.0,306.7,306.0,306.45,21
20250716  12:28,306.45,306.7,306.3,306.4,25
20250716  12:29,306.35,306.45,304.35,304.45,105
20250716  12:30,304.6,304.9,304.6,304.75,7
20250716  12:31,304.8,304.9,304.8,304.9,4
20250716  12:32,304.65,304.65,304.45,304.5,6
20250716  12:33,304.35,304.5,304.1,304.5,7
20250716  12:34,304.25,304.25,304.25,304.25,3
20250716  12:35,304.15,304.25,303.85,303.85,41
20250716  12:36,303.95,304.0,303.35,303.5,35
20250716  12:37,303.4,303.55,303.05,303.25,40
20250716  12:38,303.45,303.45,303.45,303.45,1
20250716  12:39,303.7,303.9,303.5,303.5,13
20250716  12:40,303.45,304.25,303.45,303.9,24
20250716  12:41,303.9,304.15,303.35,303.5,21
20250716  12:42,303.55,303.55,303.35,303.35,3
20250716  12:43,303.6,303.6,303.6,303.6,1
20250716  12:44,303.65,303.8,303.65,303.8,3
20250716  12:45,303.7,304.0,303.65,303.95,16
20250716  12:46,303.9,303.9,303.25,303.45,15
20250716  12:47,303.65,303.7,303.55,303.55,7
20250716  12:48,303.5,303.5,303.45,303.45,2
20250716  12:49,303.6,303.6,303.6,303.6,1
20250716  12:50,303.65,303.65,303.65,303.65,4
20250716  12:51,303.75,303.75,303.75,303.75,1
20250716  12:52,303.95,304.1,303.95,304.1,5
20250716  12:53,304.1,304.1,304.1,304.1,0
20250716  12:54,304.3,304.3,303.85,303.85,8
20250716  12:55,304.0,304.0,303.8,303.8,3
20250716  12:56,303.85,303.85,303.85,303.85,2
20250716  12:57,303.85,303.85,303.85,303.85,2
20250716  12:58,303.85,303.85,303.85,303.85,0
20250716  12:59,303.7,303.7,303.7,303.7,1
20250716  13:00,303.85,303.95,303.85,303.85,6
20250716  13:01,303.85,303.85,303.85,303.85,0
20250716  13:02,303.85,303.85,303.85,303.85,0
20250716  13:03,303.8,303.95,303.8,303.95,2
20250716  13:04,304.2,304.2,304.1,304.2,4
20250716  13:05,304.2,304.2,304.2,304.2,0
20250716  13:06,304.6,304.85,304.6,304.85,5
20250716  13:07,304.7,304.7,304.05,304.2,13
20250716  13:08,304.1,304.1,303.95,303.95,7
20250716  13:09,303.95,304.0,303.9,303.9,8
20250716  13:10,303.6,303.8,303.4,303.65,10
20250716  13:11,303.65,304.0,303.65,303.9,10
20250716  13:12,304.45,304.8,304.45,304.55,11
20250716  13:13,304.75,304.85,304.65,304.85,3
20250716  13:14,304.95,305.6,304.65,305.35,31
20250716  13:15,305.15,305.45,304.75,304.9,12
20250716  13:16,304.85,304.85,304.85,304.85,1
20250716  13:17,304.65,304.75,304.65,304.75,3
20250716  13:18,305.05,305.05,305.05,305.05,1
20250716  13:19,305.25,305.4,305.1,305.1,10
20250716  13:20,304.65,304.7,304.65,304.7,4
20250716  13:21,304.5,304.5,304.4,304.4,6
20250716  13:22,304.05,304.05,304.05,304.05,1
20250716  13:23,304.05,304.05,304.05,304.05,0
20250716  13:24,304.0,304.25,303.85,304.25,6
20250716  13:25,304.05,304.15,304.05,304.15,2
20250716  13:26,304.15,304.15,304.15,304.15,0
20250716  13:27,304.5,304.5,304.5,304.5,2
20250716  13:28,304.5,304.5,304.5,304.5,0
20250716  13:29,304.6,304.6,304.5,304.5,2
20250716  13:30,304.25,304.25,304.1,304.1,4
20250717  10:15,309.0,309.75,309.0,309.7,133
20250717  10:16,309.65,309.95,308.85,309.25,67
20250717  10:17,309.35,309.35,308.45,308.95,35
20250717  10:18,308.75,308.8,308.5,308.8,17
20250717  10:19,308.5,308.5,307.95,308.15,42
20250717  10:20,308.1,308.15,307.85,307.95,17
20250717  10:21,307.8,308.0,307.35,307.85,21
20250717  10:22,308.15,308.15,307.5,307.6,28
20250717  10:23,307.55,307.55,307.55,307.55,3
20250717  10:24,307.5,307.55,307.1,307.55,3
20250717  10:25,307.6,308.35,307.5,308.35,26
20250717  10:26,308.2,308.35,308.0,308.35,13
20250717  10:27,308.8,309.0,308.6,308.6,5
20250717  10:28,308.6,308.8,308.2,308.2,15
20250717  10:29,308.2,308.45,308.2,308.45,5
20250717  10:30,308.45,308.45,307.7,308.35,29
20250717  10:31,308.35,308.55,307.75,307.95,24
20250717  10:32,308.0,308.5,308.0,308.1,27
20250717  10:33,308.55,308.9,308.55,308.9,14
20250717  10:34,308.75,308.75,308.15,308.15,17
20250717  10:35,308.0,308.2,307.95,308.2,7
20250717  10:36,308.0,308.15,307.55,307.55,8
20250717  10:37,307.6,307.75,307.6,307.75,5
20250717  10:38,307.85,308.1,307.8,308.0,6
20250717  10:39,308.15,308.15,308.15,308.15,1
20250717  10:40,308.35,308.35,308.35,308.35,1
20250717  10:41,308.5,308.55,308.5,308.55,2
20250717  10:42,308.55,308.55,308.55,308.55,0
20250717  10:43,308.55,308.55,308.55,308.55,0
20250717  10:44,308.55,308.55,308.55,308.55,0
20250717  10:45,308.7,308.75,308.7,308.75,2
20250717  10:46,308.75,309.0,308.4,308.4,10
20250717  10:47,308.5,308.5,308.25,308.25,4
20250717  10:48,308.3,308.3,308.25,308.25,2
20250717  10:49,308.25,308.25,308.25,308.25,0
20250717  10:50,308.5,308.55,308.3,308.3,4
20250717  10:51,308.5,308.5,308.5,308.5,1
20250717  10:52,308.3,308.3,308.3,308.3,1
20250717  10:53,308.2,308.2,308.15,308.15,2
20250717  10:54,308.0,308.0,307.85,307.85,4
20250717  10:55,307.85,308.1,307.7,307.7,6
20250717  10:56,307.65,307.9,307.6,307.8,23
20250717  10:57,307.75,307.75,307.75,307.75,2
20250717  10:58,307.75,307.75,307.75,307.75,0
20250717  10:59,307.9,308.0,307.9,308.0,2
20250717  11:00,308.1,308.15,307.9,307.9,6
20250717  11:01,307.8,308.0,307.8,308.0,3
20250717  11:02,308.2,308.85,308.2,308.65,25
20250717  11:03,308.95,308.95,308.95,308.95,1
20250717  11:04,308.9,309.25,308.9,309.25,6
20250717  11:05,308.6,308.6,308.15,308.3,9
20250717  11:06,308.1,308.8,308.1,308.8,12
20250717  11:07,308.9,309.4,308.9,309.3,4
20250717  11:08,309.05,309.05,309.0,309.0,2
20250717  11:09,309.0,309.0,309.0,309.0,0
20250717  11:10,309.4,309.4,309.4,309.4,1
20250717  11:11,309.4,309.4,309.4,309.4,0
20250717  11:12,309.4,309.4,309.4,309.4,0
20250717  11:13,309.4,309.4,309.4,309.4,0
20250717  11:14,309.35,309.35,309.35,309.35,1
20250717  11:15,309.15,309.15,309.15,309.15,1
20250717  11:16,309.3,309.3,309.1,309.25,3
20250717  11:17,309.3,309.4,308.65,308.65,5
20250717  11:18,308.7,308.7,308.7,308.7,1
20250717  11:19,308.95,309.35,308.95,309.35,8
20250717  11:20,309.15,309.15,308.75,308.8,14
20250717  11:21,308.55,308.55,308.3,308.3,15
20250717  11:22,308.25,308.7,308.25,308.6,15
20250717  11:23,308.6,308.6,308.6,308.6,0
20250717  11:24,308.55,308.55,308.55,308.55,1
20250717  11:25,308.45,308.45,308.4,308.4,2
20250717  11:26,308.4,308.4,308.0,308.0,11
20250717  11:27,307.95,308.25,307.95,308.25,9
20250717  11:28,308.25,308.25,308.25,308.25,0
20250717  11:29,308.45,308.65,308.45,308.65,2
20250717  11:30,308.5,308.5,308.5,308.5,1
20250717  11:31,308.55,308.55,308.55,308.55,1
20250717  11:32,308.3,308.3,308.15,308.15,5
20250717  11:33,308.05,308.05,307.7,307.75,5
20250717  11:34,307.6,307.6,306.8,306.85,81
20250717  11:35,306.95,307.25,306.95,307.25,5
20250717  11:36,306.9,306.9,306.65,306.85,11
20250717  11:37,307.0,307.25,306.9,306.9,17
20250717  11:38,306.9,307.1,306.3,307.1,42
20250717  11:39,307.15,307.65,307.15,307.35,12
20250717  11:40,307.05,307.05,307.05,307.05,2
20250717  11:41,307.05,307.05,307.05,307.05,0
20250717  11:42,306.95,306.95,306.95,306.95,1
20250717  11:43,307.05,307.05,306.95,306.95,7
20250717  11:44,307.15,307.25,307.0,307.0,3
20250717  11:45,307.0,307.55,307.0,307.1,11
20250717  11:46,307.2,307.2,307.2,307.2,3
20250717  11:47,307.1,307.15,307.0,307.15,6
20250717  11:48,307.15,307.3,307.0,307.0,15
20250717  11:49,307.15,307.15,307.15,307.15,2
20250717  11:50,307.05,307.3,307.05,307.15,3
20250717  11:51,307.2,307.2,307.0,307.0,4
20250717  11:52,306.95,307.0,306.85,306.85,16
20250717  11:53,306.85,306.85,306.7,306.8,12
20250717  11:54,306.6,306.6,306.3,306.55,9
20250717  11:55,306.35,306.55,306.35,306.55,7
20250717  11:56,306.35,306.35,306.0,306.25,45
20250717  11:57,306.25,306.25,305.8,305.8,18
20250717  11:58,305.8,305.8,305.3,305.7,36
20250717  11:59,305.45,305.85,305.4,305.85,10
20250717  12:00,305.6,305.6,305.35,305.35,12
20250717  12:01,305.3,305.3,304.75,305.0,63
20250717  12:02,304.8,305.2,304.8,305.05,37
20250717  12:03,305.15,305.15,304.5,304.6,26
20250717  12:04,304.5,304.6,303.65,304.1,56
20250717  12:05,304.05,304.2,303.9,304.1,18
20250717  12:06,304.1,304.1,304.1,304.1,0
20250717  12:07,303.9,303.9,303.75,303.8,18
20250717  12:08,303.9,303.9,303.65,303.85,10
20250717  12:09,303.6,303.85,303.6,303.7,32
20250717  12:10,303.65,303.65,303.6,303.6,7
20250717  12:11,303.6,304.0,303.6,303.8,38
20250717  12:12,303.7,303.7,303.4,303.45,23
20250717  12:13,303.6,304.0,303.55,304.0,13
20250717  12:14,304.1,304.3,304.1,304.3,5
20250717  12:15,304.25,304.35,304.2,304.35,12
20250717  12:16,304.3,304.3,304.3,304.3,2
20250717  12:17,304.3,304.65,304.3,304.65,3
20250717  12:18,304.6,305.0,304.6,304.85,6
20250717  12:19,304.95,305.1,304.6,304.8,34
20250717  12:20,304.8,304.8,304.45,304.5,5
20250717  12:21,304.4,304.4,304.4,304.4,1
20250717  12:22,304.4,304.4,304.4,304.4,0
20250717  12:23,304.4,304.4,304.4,304.4,1
20250717  12:24,304.5,304.5,304.35,304.35,2
20250717  12:25,304.25,304.95,304.25,304.85,13
20250717  12:26,304.65,304.65,304.65,304.65,3
20250717  12:27,304.9,304.95,304.85,304.85,12
20250717  12:28,304.9,304.9,304.8,304.8,2
20250717  12:29,305.0,305.0,305.0,305.0,1
20250717  12:30,304.8,304.8,304.8,304.8,1
20250717  12:31,304.95,304.95,304.6,304.6,16
20250717  12:32,304.55,304.55,304.4,304.5,25
20250717  12:33,304.85,304.85,304.85,304.85,1
20250717  12:34,304.85,304.85,304.85,304.85,0
20250717  12:35,304.85,304.85,304.65,304.65,3
20250717  12:36,304.75,304.75,303.7,303.7,46
20250717  12:37,303.7,303.85,303.7,303.85,3
20250717  12:38,304.05,304.05,304.05,304.05,7
20250717  12:39,304.2,304.2,304.0,304.0,36
20250717  12:40,304.0,304.0,303.95,303.95,5
20250717  12:41,303.8,303.95,303.8,303.95,4
20250717  12:42,304.15,304.35,304.15,304.35,22
20250717  12:43,304.45,304.45,304.45,304.45,1
20250717  12:44,304.35,304.4,304.35,304.4,4
20250717  12:45,304.4,304.4,304.4,304.4,0
20250717  12:46,304.4,304.4,304.4,304.4,0
20250717  12:47,304.1,304.1,304.05,304.05,2
20250717  12:48,304.05,304.1,304.05,304.1,7
20250717  12:49,304.1,304.1,304.1,304.1,0
20250717  12:50,304.05,304.3,304.05,304.3,3
20250717  12:51,304.5,304.6,304.5,304.6,11
20250717  12:52,304.75,304.75,304.5,304.5,4
20250717  12:53,304.55,304.55,304.55,304.55,1
20250717  12:54,304.5,304.5,304.45,304.45,6
20250717  12:55,304.3,304.3,304.25,304.25,7
20250717  12:56,304.25,304.25,303.8,303.8,11
20250717  12:57,304.0,304.0,303.75,303.75,7
20250717  12:58,303.85,303.85,303.75,303.75,2
20250717  12:59,303.75,303.8,303.4,303.4,23
20250717  13:00,303.5,304.4,303.5,304.4,12
20250717  13:01,304.0,304.05,303.75,303.75,5
20250717  13:02,303.75,303.75,303.75,303.75,0
20250717  13:03,303.9,303.9,303.9,303.9,2
20250717  13:04,304.15,304.25,304.1,304.2,6
20250717  13:05,303.85,303.85,303.75,303.75,5
20250717  13:06,303.75,303.75,303.75,303.75,0
20250717  13:07,303.75,303.75,303.75,303.75,0
20250717  13:08,303.45,303.7,303.35,303.7,16
20250717  13:09,303.9,304.05,303.85,303.85,32
20250717  13:10,304.0,304.0,304.0,304.0,1
20250717  13:11,304.0,304.0,304.0,304.0,0
20250717  13:12,304.1,304.1,303.95,303.95,4
20250717  13:13,303.95,303.95,303.95,303.95,0
20250717  13:14,303.9,304.3,303.9,304.3,5
20250717  13:15,304.35,304.35,304.2,304.2,6
20250717  13:16,304.2,304.2,304.2,304.2,0
20250717  13:17,304.3,304.3,304.3,304.3,3
20250717  13:18,304.3,304.55,304.25,304.5,13
20250717  13:19,304.6,304.65,304.55,304.6,10
20250717  13:20,304.6,304.6,304.6,304.6,0
20250717  13:21,304.55,304.75,304.55,304.75,2
20250717  13:22,304.8,304.85,304.7,304.8,5
20250717  13:23,304.6,304.6,304.35,304.35,3
20250717  13:24,304.4,304.4,304.0,304.1,10
20250717  13:25,304.1,304.15,303.75,303.75,29
20250717  13:26,303.45,303.45,302.75,303.0,67
20250717  13:27,303.0,303.2,302.95,303.15,9
20250717  13:28,303.15,303.4,303.0,303.4,12
20250717  13:29,303.6,304.0,303.6,303.9,8
20250717  13:30,304.05,304.25,303.95,303.95,16
20250718  10:15,310.0,310.25,308.85,309.5,235
20250718  10:16,309.05,310.25,309.05,309.95,53
20250718  10:17,309.95,310.2,309.95,309.95,4
20250718  10:18,309.6,309.6,308.15,308.7,54
20250718  10:19,308.35,308.45,307.8,308.05,38
20250718  10:20,308.55,308.55,307.55,308.35,56
20250718  10:21,309.05,309.3,309.05,309.1,6
20250718  10:22,309.15,309.15,308.95,308.95,3
20250718  10:23,308.95,308.95,308.95,308.95,0
20250718  10:24,309.45,309.55,309.4,309.55,7
20250718  10:25,309.6,309.75,308.85,308.85,12
20250718  10:26,308.75,308.75,308.75,308.75,2
20250718  10:27,309.0,309.15,309.0,309.15,7
20250718  10:28,308.95,308.95,308.95,308.95,3
20250718  10:29,308.85,309.25,308.85,309.25,13
20250718  10:30,309.3,309.3,309.2,309.2,3
20250718  10:31,309.15,309.15,308.5,308.5,10
20250718  10:32,308.5,309.15,308.5,308.8,49
20250718  10:33,308.7,308.85,308.15,308.3,17
20250718  10:34,308.2,308.3,308.2,308.25,8
20250718  10:35,308.05,308.05,307.85,308.05,16
20250718  10:36,308.5,309.7,308.5,309.05,15
20250718  10:37,308.95,309.05,308.95,309.05,5
20250718  10:38,308.8,308.8,308.7,308.7,4
20250718  10:39,308.7,308.7,308.7,308.7,0
20250718  10:40,309.1,309.1,309.1,309.1,1
20250718  10:41,309.2,309.25,309.1,309.1,5
20250718  10:42,309.0,309.15,308.95,309.15,6
20250718  10:43,309.2,309.2,309.05,309.05,2
20250718  10:44,309.3,309.45,309.3,309.45,3
20250718  10:45,309.45,309.55,309.3,309.3,5
20250718  10:46,309.3,309.3,309.3,309.3,1
20250718  10:47,309.65,310.0,309.65,310.0,10
20250718  10:48,309.95,310.5,309.85,309.9,22
20250718  10:49,309.85,309.85,309.7,309.7,4
20250718  10:50,309.85,310.0,309.8,309.8,3
20250718  10:51,309.95,309.95,309.8,309.8,11
20250718  10:52,309.7,309.7,309.45,309.45,17
20250718  10:53,309.6,309.6,307.5,308.9,39
20250718  10:54,308.9,308.9,307.85,308.05,17
20250718  10:55,308.05,308.3,308.05,308.3,2
20250718  10:56,308.15,308.2,307.7,307.8,6
20250718  10:57,307.95,308.0,307.75,308.0,6
20250718  10:58,308.0,308.5,308.0,308.5,7
20250718  10:59,308.1,308.8,308.1,308.35,15
20250718  11:00,308.3,308.9,308.3,308.85,14
20250718  11:01,308.9,308.9,308.45,308.5,23
20250718  11:02,308.15,308.2,307.85,308.2,12
20250718  11:03,308.2,308.2,308.2,308.2,0
20250718  11:04,307.85,307.85,307.6,307.6,6
20250718  11:05,307.5,307.5,307.5,307.5,1
20250718  11:06,307.75,308.2,307.75,308.2,5
20250718  11:07,307.95,307.95,307.95,307.95,1
20250718  11:08,307.8,307.8,307.8,307.8,2
20250718  11:09,307.9,308.2,307.9,308.2,3
20250718  11:10,308.0,308.0,307.85,308.0,10
20250718  11:11,308.25,308.25,308.0,308.0,4
20250718  11:12,308.0,308.0,308.0,308.0,0
20250718  11:13,308.35,308.4,308.35,308.4,3
20250718  11:14,308.4,308.4,308.4,308.4,0
20250718  11:15,308.4,308.4,308.4,308.4,0
20250718  11:16,307.95,307.95,307.0,307.0,46
20250718  11:17,307.15,307.3,306.9,307.05,16
20250718  11:18,307.0,307.0,306.6,306.65,18
20250718  11:19,306.65,306.65,306.65,306.65,0
20250718  11:20,306.9,307.05,306.8,306.85,6
20250718  11:21,306.65,306.65,306.65,306.65,1
20250718  11:22,306.75,307.0,306.7,306.7,8
20250718  11:23,306.9,306.9,306.9,306.9,2
20250718  11:24,307.1,307.1,307.1,307.1,1
20250718  11:25,306.8,306.8,306.8,306.8,1
20250718  11:26,307.1,307.1,307.0,307.0,4
20250718  11:27,307.0,307.0,306.8,306.8,4
20250718  11:28,306.8,306.8,306.8,306.8,0
20250718  11:29,306.75,306.8,306.7,306.75,14
20250718  11:30,306.5,306.5,306.5,306.5,1
20250718  11:31,306.65,307.0,306.65,307.0,2
20250718  11:32,306.8,306.8,306.8,306.8,1
20250718  11:33,306.9,306.9,306.6,306.6,4
20250718  11:34,306.5,306.5,306.2,306.2,26
20250718  11:35,306.3,306.3,305.1,305.5,125
20250718  11:36,305.5,305.5,305.05,305.05,4
20250718  11:37,305.0,305.05,304.8,305.0,15
20250718  11:38,305.05,305.3,305.05,305.3,7
20250718  11:39,305.1,305.45,305.1,305.45,4
20250718  11:40,305.45,305.45,305.45,305.45,0
20250718  11:41,305.25,305.25,305.0,305.0,10
20250718  11:42,305.1,305.8,305.1,305.75,17
20250718  11:43,305.7,305.75,305.25,305.25,16
20250718  11:44,305.2,305.2,305.2,305.2,2
20250718  11:45,304.85,304.85,304.8,304.8,4
20250718  11:46,305.0,305.45,305.0,305.45,12
20250718  11:47,305.4,305.8,305.4,305.55,3
20250718  11:48,305.5,305.5,305.3,305.3,6
20250718  11:49,305.3,305.3,305.3,305.3,0
20250718  11:50,305.4,305.45,305.4,305.45,4
20250718  11:51,305.75,305.75,305.75,305.75,1
20250718  11:52,305.75,305.75,305.65,305.65,2
20250718  11:53,305.6,305.8,305.55,305.8,16
20250718  11:54,305.55,305.55,305.55,305.55,2
20250718  11:55,305.3,305.3,305.3,305.3,1
20250718  11:56,305.3,305.3,305.3,305.3,0
20250718  11:57,305.55,305.55,305.55,305.55,1
20250718  11:58,305.55,305.55,305.55,305.55,0
20250718  11:59,305.65,305.95,305.55,305.95,18
20250718  12:00,306.0,306.1,305.55,305.6,16
20250718  12:01,305.9,306.1,305.9,306.1,3
20250718  12:02,306.3,306.4,306.1,306.25,19
20250718  12:03,306.25,306.3,306.25,306.3,2
20250718  12:04,306.3,306.3,306.3,306.3,0
20250718  12:05,306.2,306.2,306.1,306.1,7
20250718  12:06,306.0,306.0,306.0,306.0,2
20250718  12:07,306.0,306.0,305.9,305.9,6
20250718  12:08,305.9,305.9,305.65,305.65,5
20250718  12:09,305.7,305.8,305.7,305.8,2
20250718  12:10,305.8,305.8,305.8,305.8,0
20250718  12:11,305.55,305.55,305.55,305.55,1
20250718  12:12,305.55,305.55,305.55,305.55,0
20250718  12:13,305.55,305.55,305.55,305.55,0
20250718  12:14,305.55,305.7,305.45,305.45,10
20250718  12:15,305.4,305.4,305.4,305.4,1
20250718  12:16,305.7,306.25,305.7,306.05,9
20250718  12:17,306.05,306.05,306.05,306.05,0
20250718  12:18,305.9,305.9,305.9,305.9,1
20250718  12:19,305.85,305.85,305.7,305.75,8
20250718  12:20,306.05,306.3,305.95,305.95,15
20250718  12:21,305.95,305.95,305.95,305.95,0
20250718  12:22,305.95,305.95,305.95,305.95,0
20250718  12:23,305.7,306.0,305.7,306.0,4
20250718  12:24,306.1,306.2,306.0,306.2,13
20250718  12:25,306.1,306.35,306.1,306.2,9
20250718  12:26,306.15,306.15,306.15,306.15,5
20250718  12:27,306.25,306.25,306.25,306.25,2
20250718  12:28,306.35,306.35,306.25,306.25,3
20250718  12:29,306.05,306.05,306.05,306.05,3
20250718  12:30,306.05,306.05,306.05,306.05,0
20250718  12:31,306.05,306.05,306.05,306.05,0
20250718  12:32,306.1,306.3,306.1,306.3,2
20250718  12:33,306.15,306.15,306.1,306.1,2
20250718  12:34,306.05,306.05,305.95,305.95,4
20250718  12:35,306.25,306.25,306.25,306.25,1
20250718  12:36,306.25,306.25,306.25,306.25,0
20250718  12:37,306.4,306.6,306.4,306.6,2
20250718  12:38,306.75,306.9,306.6,306.7,38
20250718  12:39,306.6,306.6,306.6,306.6,1
20250718  12:40,306.6,306.6,306.6,306.6,0
20250718  12:41,306.7,306.7,306.45,306.6,10
20250718  12:42,306.6,306.6,306.6,306.6,0
20250718  12:43,306.6,306.6,306.6,306.6,0
20250718  12:44,306.5,306.5,306.45,306.45,2
20250718  12:45,306.5,306.5,306.5,306.5,1
20250718  12:46,306.5,306.5,306.5,306.5,0
20250718  12:47,306.6,306.6,306.6,306.6,1
20250718  12:48,306.6,306.6,306.6,306.6,0
20250718  12:49,306.85,306.85,306.8,306.8,3
20250718  12:50,307.0,307.25,307.0,307.05,8
20250718  12:51,307.25,307.25,307.15,307.15,2
20250718  12:52,307.05,307.75,307.05,307.55,25
20250718  12:53,307.75,307.75,307.55,307.55,2
20250718  12:54,307.55,307.55,307.55,307.55,0
20250718  12:55,307.55,307.55,307.4,307.4,2
20250718  12:56,307.4,307.4,307.4,307.4,0
20250718  12:57,307.55,307.55,307.55,307.55,1
20250718  12:58,307.45,307.45,307.45,307.45,1
20250718  12:59,307.55,307.55,307.55,307.55,1
20250718  13:00,307.55,307.55,307.55,307.55,0
20250718  13:01,307.4,307.4,307.25,307.25,2
20250718  13:02,307.15,307.2,307.05,307.05,4
20250718  13:03,307.05,307.05,307.05,307.05,0
20250718  13:04,307.05,307.05,307.05,307.05,0
20250718  13:05,306.7,306.75,306.65,306.65,3
20250718  13:06,306.65,306.65,306.65,306.65,0
20250718  13:07,306.9,306.9,306.9,306.9,1
20250718  13:08,306.9,306.9,306.9,306.9,0
20250718  13:09,306.9,306.9,306.9,306.9,0
20250718  13:10,307.05,307.1,307.05,307.05,17
20250718  13:11,307.05,307.05,307.05,307.05,0
20250718  13:12,307.15,307.15,307.15,307.15,1
20250718  13:13,307.35,307.5,307.35,307.5,10
20250718  13:14,307.5,307.5,307.5,307.5,2
20250718  13:15,307.4,308.0,307.4,307.9,13
20250718  13:16,307.9,307.9,306.85,307.0,42
20250718  13:17,306.95,306.95,306.95,306.95,1
20250718  13:18,307.0,307.1,306.85,306.85,8
20250718  13:19,307.0,307.7,307.0,307.6,33
20250718  13:20,307.55,307.55,307.55,307.55,1
20250718  13:21,307.55,307.55,307.55,307.55,0
20250718  13:22,307.55,307.55,307.55,307.55,0
20250718  13:23,307.55,307.55,307.3,307.3,12
20250718  13:24,307.3,307.3,307.3,307.3,0
20250718  13:25,307.3,307.3,307.3,307.3,0
20250718  13:26,307.45,307.45,307.45,307.45,1
20250718  13:27,307.55,307.55,307.55,307.55,9
20250718  13:28,307.4,307.8,307.2,307.8,40
20250718  13:29,307.6,307.6,307.45,307.45,6
20250718  13:30,307.55,307.55,307.55,307.55,1
20250721  10:15,303.6,304.55,303.1,303.45,133
20250721  10:16,303.3,303.3,300.05,300.2,103
20250721  10:17,300.45,300.85,300.45,300.65,11
20250721  10:18,300.45,300.45,299.45,299.7,55
20250721  10:19,299.7,300.2,299.55,300.2,29
20250721  10:20,300.05,300.25,299.9,299.9,49
20250721  10:21,299.8,301.5,299.7,301.15,56
20250721  10:22,301.45,301.75,301.0,301.0,23
20250721  10:23,301.0,301.25,300.9,301.1,26
20250721  10:24,301.3,301.3,301.15,301.15,4
20250721  10:25,301.0,301.0,300.6,300.85,14
20250721  10:26,300.95,301.05,300.7,301.05,19
20250721  10:27,301.05,301.25,301.05,301.25,2
20250721  10:28,301.2,301.45,300.85,300.85,22
20250721  10:29,301.05,301.8,301.05,301.8,12
20250721  10:30,301.8,301.95,301.45,301.9,6
20250721  10:31,302.05,302.3,302.05,302.05,10
20250721  10:32,302.05,302.15,301.5,301.65,14
20250721  10:33,301.7,301.75,300.9,301.1,12
20250721  10:34,301.15,301.15,300.9,300.9,5
20250721  10:35,300.85,300.85,300.7,300.7,4
20250721  10:36,300.85,301.2,300.75,300.75,10
20250721  10:37,300.6,301.05,300.55,301.05,7
20250721  10:38,301.25,301.35,301.2,301.2,8
20250721  10:39,301.1,301.1,300.85,300.9,12
20250721  10:40,300.8,300.8,300.55,300.6,12
20250721  10:41,300.6,300.8,300.5,300.5,14
20250721  10:42,300.25,300.4,300.25,300.4,4
20250721  10:43,300.25,300.35,300.2,300.35,5
20250721  10:44,300.2,300.2,300.2,300.2,1
20250721  10:45,300.55,300.65,300.1,300.5,21
20250721  10:46,300.35,300.35,300.35,300.35,1
20250721  10:47,300.5,300.65,300.35,300.35,12
20250721  10:48,300.05,300.15,300.0,300.0,10
20250721  10:49,300.1,300.1,299.7,299.75,6
20250721  10:50,299.55,299.55,299.15,299.15,36
20250721  10:51,299.15,299.7,299.15,299.35,26
20250721  10:52,299.5,299.5,299.5,299.5,1
20250721  10:53,299.75,300.45,299.75,300.4,15
20250721  10:54,300.4,300.45,300.3,300.45,3
20250721  10:55,300.4,300.65,300.15,300.55,23
20250721  10:56,300.6,300.85,300.6,300.85,3
20250721  10:57,300.65,300.65,300.65,300.65,1
20250721  10:58,300.65,300.65,300.65,300.65,1
20250721  10:59,300.85,301.0,300.85,301.0,2
20250721  11:00,301.05,301.3,301.05,301.2,8
20250721  11:01,301.0,301.0,300.55,300.55,11
20250721  11:02,300.55,300.55,300.55,300.55,0
20250721  11:03,301.1,301.1,301.1,301.1,1
20250721  11:04,301.1,301.1,301.1,301.1,0
20250721  11:05,301.0,301.0,300.7,300.75,6
20250721  11:06,300.75,300.75,300.75,300.75,0
20250721  11:07,300.95,300.95,300.5,300.5,7
20250721  11:08,300.25,300.5,300.0,300.5,20
20250721  11:09,300.5,301.15,300.5,300.85,25
20250721  11:10,300.85,300.85,300.85,300.85,0
20250721  11:11,300.85,300.85,300.85,300.85,0
20250721  11:12,300.85,300.85,300.85,300.85,0
20250721  11:13,300.85,300.85,300.85,300.85,0
20250721  11:14,300.55,300.65,300.55,300.65,4
20250721  11:15,300.65,300.65,300.65,300.65,0
20250721  11:16,300.45,300.65,300.45,300.65,4
20250721  11:17,300.65,300.65,300.65,300.65,0
20250721  11:18,301.2,301.4,301.2,301.3,4
20250721  11:19,301.1,301.55,301.1,301.55,7
20250721  11:20,301.45,301.45,301.45,301.45,2
20250721  11:21,301.15,301.15,301.1,301.1,9
20250721  11:22,300.95,301.15,300.95,300.95,11
20250721  11:23,300.85,300.85,300.85,300.85,3
20250721  11:24,300.7,300.7,300.35,300.4,10
20250721  11:25,300.4,300.7,300.3,300.65,19
20250721  11:26,300.75,300.85,300.75,300.85,3
20250721  11:27,301.0,301.05,301.0,301.05,3
20250721  11:28,300.55,300.55,300.55,300.55,1
20250721  11:29,300.55,300.65,300.55,300.65,5
20250721  11:30,300.55,300.55,300.55,300.55,1
20250721  11:31,300.55,300.55,300.55,300.55,0
20250721  11:32,300.45,300.45,299.9,299.9,14
20250721  11:33,300.05,300.05,300.05,300.05,2
20250721  11:34,300.2,300.2,300.2,300.2,1
20250721  11:35,300.2,300.2,300.2,300.2,0
20250721  11:36,300.4,300.4,300.4,300.4,1
20250721  11:37,300.6,300.6,300.6,300.6,1
20250721  11:38,300.6,300.7,299.9,299.9,18
20250721  11:39,299.85,299.95,299.8,299.95,15
20250721  11:40,299.95,299.95,299.95,299.95,0
20250721  11:41,299.95,299.95,299.95,299.95,0
20250721  11:42,299.95,299.95,299.95,299.95,0
20250721  11:43,299.95,299.95,299.95,299.95,0
20250721  11:44,299.95,299.95,299.95,299.95,0
20250721  11:45,299.95,299.95,299.95,299.95,0
20250721  11:46,300.1,300.1,300.1,300.1,1
20250721  11:47,300.45,300.55,300.45,300.55,5
20250721  11:48,300.6,300.6,300.5,300.5,3
20250721  11:49,300.35,300.35,300.3,300.3,2
20250721  11:50,300.25,300.25,300.25,300.25,1
20250721  11:51,300.4,300.4,300.4,300.4,5
20250721  11:52,300.35,300.35,300.3,300.35,12
20250721  11:53,300.35,300.45,300.35,300.45,2
20250721  11:54,300.35,300.35,300.35,300.35,2
20250721  11:55,300.35,300.35,300.35,300.35,0
20250721  11:56,300.35,300.35,300.35,300.35,0
20250721  11:57,300.6,300.6,300.55,300.6,4
20250721  11:58,300.6,300.6,300.6,300.6,0
20250721  11:59,300.55,300.55,300.55,300.55,1
20250721  12:00,300.8,301.3,300.8,301.25,4
20250721  12:01,301.3,301.65,301.25,301.65,7
20250721  12:02,301.6,301.6,301.6,301.6,2
20250721  12:03,300.75,300.75,300.4,300.4,13
20250721  12:04,300.15,300.3,300.15,300.3,6
20250721  12:05,300.3,300.3,300.3,300.3,0
20250721  12:06,300.5,300.5,300.5,300.5,3
20250721  12:07,300.5,300.5,299.95,299.95,10
20250721  12:08,299.9,300.0,299.1,299.2,32
20250721  12:09,299.0,299.25,298.55,299.15,72
20250721  12:10,299.05,299.35,299.05,299.05,8
20250721  12:11,299.35,299.85,299.35,299.65,15
20250721  12:12,299.55,299.65,299.4,299.4,8
20250721  12:13,299.3,299.4,299.3,299.4,2
20250721  12:14,299.3,299.55,299.3,299.5,5
20250721  12:15,299.5,299.5,299.5,299.5,0
20250721  12:16,299.2,299.2,299.2,299.2,1
20250721  12:17,299.35,299.35,299.0,299.0,2
20250721  12:18,299.0,299.0,299.0,299.0,5
20250721  12:19,299.0,299.0,299.0,299.0,0
20250721  12:20,299.0,299.35,299.0,299.35,16
20250721  12:21,299.25,299.25,298.7,299.0,18
20250721  12:22,299.0,299.4,299.0,299.25,15
20250721  12:23,299.25,299.25,299.25,299.25,5
20250721  12:24,299.5,299.6,299.5,299.6,6
20250721  12:25,299.65,300.0,299.65,300.0,13
20250721  12:26,300.0,300.0,299.8,299.8,5
20250721  12:27,299.7,299.7,299.65,299.65,7
20250721  12:28,299.8,299.85,299.8,299.85,6
20250721  12:29,300.05,300.05,300.05,300.05,1
20250721  12:30,300.0,300.0,299.4,299.4,11
20250721  12:31,299.65,299.75,299.65,299.75,4
20250721  12:32,299.8,299.8,299.6,299.6,3
20250721  12:33,299.4,299.4,299.4,299.4,2
20250721  12:34,299.4,299.4,299.4,299.4,0
20250721  12:35,299.5,299.55,299.5,299.55,3
20250721  12:36,299.55,299.55,299.55,299.55,0
20250721  12:37,300.0,300.0,299.8,299.8,4
20250721  12:38,299.9,300.0,299.9,300.0,4
20250721  12:39,299.85,299.85,299.35,299.35,24
20250721  12:40,299.1,299.3,298.9,299.1,22
20250721  12:41,299.2,299.2,299.2,299.2,1
20250721  12:42,299.2,299.2,299.2,299.2,0
20250721  12:43,298.9,299.1,298.9,299.1,3
20250721  12:44,299.3,299.35,299.3,299.35,2
20250721  12:45,299.1,299.1,299.1,299.1,1
20250721  12:46,299.1,299.1,299.1,299.1,0
20250721  12:47,299.35,299.45,299.35,299.45,3
20250721  12:48,299.3,299.3,299.15,299.15,3
20250721  12:49,298.9,298.9,298.75,298.75,6
20250721  12:50,298.75,298.75,298.75,298.75,0
20250721  12:51,299.0,299.0,299.0,299.0,1
20250721  12:52,299.15,299.2,299.15,299.2,2
20250721  12:53,298.8,298.8,298.8,298.8,1
20250721  12:54,298.8,298.8,298.8,298.8,0
20250721  12:55,299.2,299.2,299.2,299.2,1
20250721  12:56,299.3,299.3,299.3,299.3,1
20250721  12:57,299.05,299.05,299.05,299.05,1
20250721  12:58,299.05,299.05,299.05,299.05,0
20250721  12:59,299.2,299.2,299.2,299.2,2
20250721  13:00,299.2,299.2,299.2,299.2,0
20250721  13:01,299.0,299.0,299.0,299.0,1
20250721  13:02,298.95,299.2,298.95,299.2,2
20250721  13:03,299.2,299.2,299.2,299.2,0
20250721  13:04,299.2,299.2,299.2,299.2,0
20250721  13:05,299.2,299.2,299.2,299.2,0
20250721  13:06,299.3,299.75,299.3,299.45,22
20250721  13:07,299.5,299.5,299.45,299.45,2
20250721  13:08,299.35,299.45,299.35,299.45,4
20250721  13:09,299.45,299.45,299.45,299.45,0
20250721  13:10,299.45,299.45,299.45,299.45,0
20250721  13:11,299.1,299.4,299.1,299.4,7
20250721  13:12,299.4,299.4,299.4,299.4,0
20250721  13:13,299.4,299.4,299.4,299.4,1
20250721  13:14,299.45,299.55,299.45,299.5,6
20250721  13:15,299.4,299.4,299.2,299.2,12
20250721  13:16,299.2,299.2,299.2,299.2,0
20250721  13:17,299.2,299.2,299.2,299.2,0
20250721  13:18,299.1,299.1,299.1,299.1,1
20250721  13:19,299.1,299.1,299.1,299.1,1
20250721  13:20,299.1,299.1,299.1,299.1,0
20250721  13:21,299.15,299.4,299.15,299.4,7
20250721  13:22,299.85,300.0,299.85,299.95,8
20250721  13:23,300.0,300.05,299.85,299.85,6
20250721  13:24,299.6,299.6,299.6,299.6,1
20250721  13:25,299.6,299.6,299.6,299.6,6
20250721  13:26,299.75,299.75,299.75,299.75,1
20250721  13:27,299.75,299.75,299.75,299.75,0
20250721  13:28,299.9,299.9,299.8,299.8,7
20250721  13:29,299.8,299.8,299.8,299.8,0
20250721  13:30,299.8,299.8,299.8,299.8,1
20250722  10:15,291.95,291.95,289.0,289.4,212
20250722  10:16,289.4,289.85,289.4,289.45,56
20250722  10:17,289.65,289.65,288.6,289.15,47
20250722  10:18,288.9,289.05,288.6,288.6,47
20250722  10:19,288.6,288.75,288.15,288.5,56
20250722  10:20,288.8,289.6,288.65,288.85,40
20250722  10:21,288.95,289.05,288.75,288.95,5
20250722  10:22,289.15,290.25,289.15,290.2,26
20250722  10:23,290.15,290.35,289.85,290.35,8
20250722  10:24,290.25,290.4,290.05,290.4,12
20250722  10:25,290.1,290.35,290.0,290.1,15
20250722  10:26,290.1,290.3,289.1,289.6,25
20250722  10:27,289.6,290.5,289.55,290.5,20
20250722  10:28,290.5,290.5,289.9,289.9,17
20250722  10:29,290.05,290.5,290.05,290.4,20
20250722  10:30,290.35,290.8,290.35,290.8,6
20250722  10:31,290.6,290.6,290.55,290.55,3
20250722  10:32,290.0,290.0,289.55,289.55,12
20250722  10:33,289.7,289.7,289.1,289.15,33
20250722  10:34,289.1,289.2,289.05,289.1,5
20250722  10:35,289.25,289.25,288.55,288.65,25
20250722  10:36,288.95,288.95,288.8,288.9,6
20250722  10:37,288.6,288.8,288.6,288.8,9
20250722  10:38,288.8,288.8,288.8,288.8,2
20250722  10:39,288.75,288.75,288.75,288.75,1
20250722  10:40,288.6,288.6,288.3,288.5,6
20250722  10:41,288.95,289.15,288.6,288.6,14
20250722  10:42,288.65,288.65,288.3,288.5,5
20250722  10:43,288.3,288.3,285.75,286.6,144
20250722  10:44,287.0,287.0,286.45,286.6,20
20250722  10:45,286.45,287.15,285.8,286.1,84
20250722  10:46,286.0,287.95,286.0,287.4,88
20250722  10:47,287.5,287.6,287.35,287.45,21
20250722  10:48,287.45,287.5,287.35,287.35,8
20250722  10:49,287.45,287.6,287.25,287.25,36
20250722  10:50,287.25,287.35,287.25,287.35,3
20250722  10:51,287.35,287.6,286.9,287.2,17
20250722  10:52,287.1,287.1,287.1,287.1,2
20250722  10:53,286.9,287.15,286.8,287.15,25
20250722  10:54,287.2,287.2,287.0,287.05,12
20250722  10:55,287.05,287.05,286.65,286.65,12
20250722  10:56,286.65,286.65,286.65,286.65,0
20250722  10:57,286.4,286.6,286.4,286.6,7
20250722  10:58,286.6,286.75,286.6,286.75,3
20250722  10:59,287.0,287.0,286.45,286.65,11
20250722  11:00,286.35,286.55,286.35,286.5,12
20250722  11:01,286.45,286.45,286.45,286.45,4
20250722  11:02,286.3,286.4,286.05,286.4,20
20250722  11:03,286.55,286.55,286.2,286.2,5
20250722  11:04,286.45,286.45,286.45,286.45,1
20250722  11:05,286.25,286.35,286.1,286.15,6
20250722  11:06,286.1,286.5,286.1,286.5,12
20250722  11:07,286.5,286.95,286.5,286.65,11
20250722  11:08,286.8,287.0,286.8,287.0,11
20250722  11:09,287.3,287.3,287.05,287.15,11
20250722  11:10,287.15,287.2,287.15,287.15,4
20250722  11:11,287.25,287.35,287.2,287.2,15
20250722  11:12,287.1,287.15,287.0,287.0,3
20250722  11:13,287.25,287.25,287.25,287.25,2
20250722  11:14,287.45,287.6,287.45,287.5,6
20250722  11:15,287.15,287.15,286.4,286.4,18
20250722  11:16,286.4,286.4,286.4,286.4,3
20250722  11:17,286.5,286.5,286.5,286.5,1
20250722  11:18,286.6,286.75,286.6,286.75,2
20250722  11:19,286.65,286.65,286.6,286.6,2
20250722  11:20,286.8,286.8,286.05,286.25,11
20250722  11:21,286.55,286.9,286.25,286.25,18
20250722  11:22,286.25,286.25,286.2,286.2,6
20250722  11:23,286.35,286.5,286.35,286.5,7
20250722  11:24,286.5,286.5,286.5,286.5,3
20250722  11:25,287.15,287.15,287.15,287.15,1
20250722  11:26,287.3,287.7,287.3,287.7,4
20250722  11:27,287.85,288.3,287.7,288.3,33
20250722  11:28,288.05,288.2,287.95,287.95,19
20250722  11:29,287.8,287.9,286.9,287.1,27
20250722  11:30,287.35,287.55,287.2,287.55,8
20250722  11:31,287.55,287.55,287.55,287.55,0
20250722  11:32,287.55,287.55,287.55,287.55,0
20250722  11:33,287.55,287.55,287.55,287.55,0
20250722  11:34,287.75,287.9,287.75,287.9,3
20250722  11:35,287.9,287.9,287.9,287.9,0
20250722  11:36,287.65,287.65,287.65,287.65,2
20250722  11:37,287.75,287.75,287.75,287.75,2
20250722  11:38,287.8,287.8,287.6,287.6,3
20250722  11:39,288.05,288.1,288.05,288.1,4
20250722  11:40,288.1,288.6,288.1,288.3,52
20250722  11:41,288.3,288.9,288.3,288.75,27
20250722  11:42,288.8,288.85,288.65,288.65,8
20250722  11:43,288.85,289.25,288.8,289.1,27
20250722  11:44,289.2,289.25,289.1,289.15,10
20250722  11:45,288.9,289.25,288.9,289.2,12
20250722  11:46,289.4,289.5,289.2,289.2,6
20250722  11:47,289.45,289.45,289.45,289.45,1
20250722  11:48,289.55,289.85,289.45,289.45,14
20250722  11:49,289.7,289.7,289.7,289.7,3
20250722  11:50,289.55,289.55,289.45,289.45,3
20250722  11:51,289.45,289.55,289.45,289.55,7
20250722  11:52,289.75,290.3,289.75,290.3,21
20250722  11:53,290.45,290.6,290.15,290.15,16
20250722  11:54,290.1,290.5,290.05,290.4,12
20250722  11:55,290.55,290.9,290.55,290.85,12
20250722  11:56,290.8,290.85,290.35,290.35,16
20250722  11:57,290.35,290.5,290.3,290.5,3
20250722  11:58,290.5,290.5,290.5,290.5,2
20250722  11:59,290.5,290.5,290.5,290.5,0
20250722  12:00,290.55,290.55,290.55,290.55,1
20250722  12:01,290.2,290.2,289.65,289.65,12
20250722  12:02,290.0,290.0,289.85,289.95,7
20250722  12:03,289.85,289.85,289.85,289.85,2
20250722  12:04,289.9,289.9,289.9,289.9,4
20250722  12:05,289.95,289.95,289.85,289.9,7
20250722  12:06,290.2,290.4,290.15,290.2,17
20250722  12:07,290.1,290.15,290.05,290.05,8
20250722  12:08,289.95,289.95,289.95,289.95,1
20250722  12:09,290.1,290.15,290.05,290.1,7
20250722  12:10,289.85,289.85,289.85,289.85,3
20250722  12:11,289.8,290.25,289.8,290.1,5
20250722  12:12,290.05,290.05,289.7,289.8,12
20250722  12:13,289.8,289.8,289.8,289.8,0
20250722  12:14,289.8,289.8,289.8,289.8,0
20250722  12:15,290.25,290.25,290.25,290.25,1
20250722  12:16,290.25,290.25,290.25,290.25,0
20250722  12:17,290.2,290.3,290.2,290.25,12
20250722  12:18,290.25,290.25,290.25,290.25,0
20250722  12:19,290.05,290.05,289.95,289.95,4
20250722  12:20,290.05,290.05,289.95,289.95,5
20250722  12:21,290.35,290.35,290.35,290.35,1
20250722  12:22,290.45,290.45,290.4,290.4,3
20250722  12:23,290.25,290.65,290.25,290.6,13
20250722  12:24,290.45,290.45,290.0,290.0,7
20250722  12:25,290.05,290.15,290.05,290.15,4
20250722  12:26,290.15,290.15,290.15,290.15,0
20250722  12:27,290.25,290.25,290.25,290.25,2
20250722  12:28,289.65,289.75,289.65,289.75,4
20250722  12:29,289.55,289.55,289.55,289.55,1
20250722  12:30,289.55,289.7,289.45,289.65,5
20250722  12:31,289.8,289.85,289.75,289.8,5
20250722  12:32,289.8,289.8,289.8,289.8,0
20250722  12:33,289.8,289.8,289.8,289.8,0
20250722  12:34,289.8,289.8,289.8,289.8,0
20250722  12:35,289.8,289.8,289.8,289.8,0
20250722  12:36,289.45,289.9,289.4,289.9,8
20250722  12:37,290.0,290.0,290.0,290.0,1
20250722  12:38,290.0,290.2,290.0,290.2,7
20250722  12:39,290.3,290.35,290.3,290.35,2
20250722  12:40,290.35,290.35,290.35,290.35,0
20250722  12:41,290.25,290.6,290.25,290.6,4
20250722  12:42,290.5,290.75,290.5,290.75,4
20250722  12:43,290.75,290.75,290.75,290.75,0
20250722  12:44,291.0,291.2,290.95,291.2,13
20250722  12:45,291.0,291.05,291.0,291.05,2
20250722  12:46,291.3,291.35,290.15,290.45,61
20250722  12:47,290.45,290.45,290.45,290.45,0
20250722  12:48,290.5,290.5,290.5,290.5,1
20250722  12:49,290.85,290.85,290.7,290.7,2
20250722  12:50,290.35,291.25,290.35,291.25,9
20250722  12:51,291.25,291.7,291.25,291.5,14
20250722  12:52,291.6,291.85,291.15,291.6,82
20250722  12:53,291.7,291.9,291.3,291.3,46
20250722  12:54,291.55,291.55,291.35,291.5,4
20250722  12:55,291.5,291.55,291.45,291.5,5
20250722  12:56,291.5,291.75,291.4,291.5,22
20250722  12:57,291.65,291.65,291.55,291.55,5
20250722  12:58,291.55,291.55,291.55,291.55,0
20250722  12:59,291.5,291.55,291.4,291.4,11
20250722  13:00,291.4,291.4,291.4,291.4,0
20250722  13:01,291.45,291.45,291.3,291.45,5
20250722  13:02,291.5,291.7,291.5,291.65,8
20250722  13:03,291.7,291.8,291.7,291.8,7
20250722  13:04,291.65,291.85,291.65,291.85,7
20250722  13:05,291.85,293.25,291.85,293.0,118
20250722  13:06,293.2,294.0,293.1,293.55,79
20250722  13:07,293.35,293.6,293.3,293.5,7
20250722  13:08,293.45,293.65,293.4,293.45,14
20250722  13:09,293.35,293.7,293.35,293.5,4
20250722  13:10,293.5,293.5,293.25,293.4,17
20250722  13:11,293.6,294.0,293.6,293.75,13
20250722  13:12,293.8,294.0,293.65,294.0,8
20250722  13:13,293.75,293.75,293.25,293.45,16
20250722  13:14,293.15,293.35,293.15,293.35,4
20250722  13:15,293.35,293.75,293.35,293.75,11
20250722  13:16,293.75,293.75,293.45,293.75,8
20250722  13:17,293.75,293.75,293.75,293.75,0
20250722  13:18,293.6,293.6,293.4,293.4,2
20250722  13:19,293.3,293.4,293.0,293.0,8
20250722  13:20,292.85,292.95,292.45,292.5,21
20250722  13:21,292.85,293.1,292.85,293.1,6
20250722  13:22,292.8,292.8,292.8,292.8,2
20250722  13:23,292.8,292.8,292.8,292.8,0
20250722  13:24,292.55,292.55,292.25,292.35,19
20250722  13:25,292.8,293.1,292.8,293.1,9
20250722  13:26,293.4,293.4,293.15,293.2,4
20250722  13:27,293.2,293.2,293.2,293.2,0
20250722  13:28,293.2,293.2,293.2,293.2,1
20250722  13:29,293.2,293.2,293.2,293.2,0
20250722  13:30,292.85,292.85,292.85,292.85,1
20250723  10:15,297.9,297.9,295.0,296.5,125
20250723  10:16,296.2,296.2,295.0,295.5,38
20250723  10:17,295.25,295.95,295.0,295.95,71
20250723  10:18,295.9,296.3,295.9,296.1,7
20250723  10:19,296.0,296.25,295.95,296.2,6
20250723  10:20,296.0,296.6,295.95,295.95,22
20250723  10:21,295.95,296.15,295.55,295.85,15
20250723  10:22,295.5,295.5,294.55,294.75,53
20250723  10:23,294.7,294.85,294.5,294.8,17
20250723  10:24,294.2,294.6,294.05,294.4,44
20250723  10:25,294.15,294.15,293.65,293.7,127
20250723  10:26,293.65,293.65,293.1,293.45,33
20250723  10:27,293.7,294.05,293.5,293.5,11
20250723  10:28,293.55,294.15,293.25,293.25,16
20250723  10:29,293.4,293.6,292.95,293.6,24
20250723  10:30,293.55,293.55,293.55,293.55,2
20250723  10:31,293.45,293.45,293.25,293.25,6
20250723  10:32,292.95,293.15,292.95,293.15,3
20250723  10:33,292.95,293.4,292.85,293.4,9
20250723  10:34,293.25,293.25,293.2,293.2,2
20250723  10:35,293.0,293.3,292.9,293.2,18
20250723  10:36,293.3,293.55,293.05,293.15,19
20250723  10:37,293.1,293.3,292.9,293.3,9
20250723  10:38,293.2,293.2,292.95,292.95,2
20250723  10:39,293.25,293.4,292.95,293.15,17
20250723  10:40,293.15,293.15,293.15,293.15,0
20250723  10:41,292.9,293.25,292.9,293.25,13
20250723  10:42,293.25,294.0,293.25,294.0,14
20250723  10:43,293.65,294.35,293.65,294.2,10
20250723  10:44,294.5,294.55,294.5,294.55,5
20250723  10:45,294.5,294.9,294.35,294.4,21
20250723  10:46,294.35,294.35,294.1,294.35,9
20250723  10:47,294.15,294.15,293.35,293.5,16
20250723  10:48,293.5,293.5,293.5,293.5,0
20250723  10:49,293.5,293.5,293.5,293.5,0
20250723  10:50,293.5,293.5,293.5,293.5,0
20250723  10:51,293.9,293.9,293.9,293.9,2
20250723  10:52,293.9,293.9,293.9,293.9,0
20250723  10:53,293.8,293.8,293.75,293.75,3
20250723  10:54,294.0,294.0,293.85,293.85,3
20250723  10:55,294.2,294.35,294.2,294.35,3
20250723  10:56,294.35,294.35,294.35,294.35,0
20250723  10:57,294.5,294.5,294.3,294.45,5
20250723  10:58,294.65,294.85,294.65,294.85,8
20250723  10:59,294.9,294.9,294.55,294.55,6
20250723  11:00,294.75,295.65,294.65,295.65,12
20250723  11:01,295.55,295.7,295.45,295.45,15
20250723  11:02,295.35,295.95,295.35,295.95,10
20250723  11:03,296.0,296.05,296.0,296.05,2
20250723  11:04,296.1,296.1,296.05,296.05,2
20250723  11:05,296.0,296.0,295.75,295.75,5
20250723  11:06,295.35,295.95,295.3,295.95,9
20250723  11:07,295.9,296.15,295.9,295.9,14
20250723  11:08,295.9,295.9,295.9,295.9,0
20250723  11:09,295.85,295.85,295.8,295.8,2
20250723  11:10,295.85,295.95,295.85,295.95,2
20250723  11:11,296.3,296.3,296.3,296.3,2
20250723  11:12,296.3,296.3,296.3,296.3,0
20250723  11:13,296.3,296.3,296.3,296.3,0
20250723  11:14,296.7,296.7,296.55,296.55,2
20250723  11:15,296.35,296.45,296.3,296.35,6
20250723  11:16,296.6,296.65,296.55,296.55,8
20250723  11:17,296.4,296.4,296.35,296.35,5
20250723  11:18,296.45,296.6,296.45,296.6,4
20250723  11:19,296.35,296.55,296.35,296.45,6
20250723  11:20,295.85,295.85,295.85,295.85,1
20250723  11:21,296.25,296.5,296.15,296.5,12
20250723  11:22,296.4,296.75,296.4,296.75,3
20250723  11:23,296.65,297.2,296.65,297.2,3
20250723  11:24,297.05,297.05,296.9,296.9,6
20250723  11:25,297.15,297.45,297.1,297.45,14
20250723  11:26,297.5,297.55,297.4,297.45,9
20250723  11:27,297.4,297.6,297.0,297.2,22
20250723  11:28,297.0,297.0,296.5,296.5,8
20250723  11:29,296.65,296.75,296.65,296.75,7
20250723  11:30,296.4,296.4,296.3,296.3,5
20250723  11:31,296.25,296.25,296.0,296.1,6
20250723  11:32,296.05,296.05,296.0,296.0,2
20250723  11:33,296.0,296.5,296.0,296.5,11
20250723  11:34,296.25,296.4,296.1,296.15,11
20250723  11:35,296.1,296.1,295.95,295.95,5
20250723  11:36,296.25,296.25,296.2,296.2,3
20250723  11:37,296.0,296.0,296.0,296.0,1
20250723  11:38,296.35,296.35,296.35,296.35,1
20250723  11:39,296.1,296.1,295.45,295.55,64
20250723  11:40,295.4,295.4,295.25,295.25,2
20250723  11:41,295.0,295.4,295.0,295.15,7
20250723  11:42,295.6,295.6,295.6,295.6,1
20250723  11:43,295.7,295.75,295.5,295.5,3
20250723  11:44,295.5,295.55,295.5,295.55,2
20250723  11:45,295.65,296.15,295.65,296.15,3
20250723  11:46,296.15,296.65,296.15,296.5,23
20250723  11:47,296.5,296.5,296.5,296.5,0
20250723  11:48,296.15,296.15,296.15,296.15,1
20250723  11:49,296.3,296.6,295.75,295.75,11
20250723  11:50,295.8,295.85,295.45,295.7,24
20250723  11:51,296.25,296.25,296.25,296.25,1
20250723  11:52,296.05,296.55,296.05,296.45,38
20250723  11:53,296.4,296.4,296.4,296.4,2
20250723  11:54,296.35,296.35,296.25,296.25,2
20250723  11:55,296.25,296.25,296.25,296.25,0
20250723  11:56,296.2,296.2,296.2,296.2,2
20250723  11:57,296.45,296.75,296.45,296.75,11
20250723  11:58,296.8,296.9,296.8,296.9,2
20250723  11:59,297.0,297.0,296.45,296.45,15
20250723  12:00,297.0,297.3,297.0,297.2,14
20250723  12:01,297.1,297.1,297.1,297.1,2
20250723  12:02,297.2,297.2,297.1,297.15,5
20250723  12:03,297.15,297.15,297.15,297.15,1
20250723  12:04,297.05,297.05,297.05,297.05,1
20250723  12:05,297.05,297.05,297.05,297.05,0
20250723  12:06,297.05,297.05,297.05,297.05,0
20250723  12:07,297.05,297.05,297.05,297.05,0
20250723  12:08,297.05,297.05,297.05,297.05,0
20250723  12:09,297.4,297.4,297.25,297.4,7
20250723  12:10,297.45,297.45,297.1,297.2,5
20250723  12:11,297.1,297.1,297.1,297.1,4
20250723  12:12,297.05,297.25,297.05,297.25,3
20250723  12:13,297.0,297.25,296.9,297.2,22
20250723  12:14,297.2,297.2,296.95,297.15,7
20250723  12:15,297.3,297.3,297.3,297.3,1
20250723  12:16,297.1,297.3,297.1,297.3,4
20250723  12:17,296.95,296.95,296.4,296.4,4
20250723  12:18,296.4,296.4,296.4,296.4,0
20250723  12:19,296.5,296.5,296.5,296.5,2
20250723  12:20,296.5,296.5,296.5,296.5,1
20250723  12:21,296.2,296.3,296.2,296.3,8
20250723  12:22,296.45,296.85,296.4,296.8,33
20250723  12:23,296.95,296.95,296.4,296.6,34
20250723  12:24,296.6,296.6,296.6,296.6,0
20250723  12:25,296.6,296.6,296.6,296.6,0
20250723  12:26,296.6,296.6,296.6,296.6,0
20250723  12:27,296.2,296.2,296.0,296.0,4
20250723  12:28,296.15,296.25,296.15,296.25,3
20250723  12:29,296.45,296.6,296.45,296.6,2
20250723  12:30,296.6,296.6,296.6,296.6,0
20250723  12:31,296.6,296.6,296.6,296.6,0
20250723  12:32,296.6,296.6,296.6,296.6,0
20250723  12:33,296.45,296.5,296.45,296.5,3
20250723  12:34,296.5,296.5,296.5,296.5,0
20250723  12:35,296.4,296.45,296.4,296.45,2
20250723  12:36,296.55,296.85,296.55,296.85,36
20250723  12:37,296.65,296.75,296.65,296.75,7
20250723  12:38,296.65,296.65,296.1,296.3,8
20250723  12:39,296.8,296.8,296.45,296.45,6
20250723  12:40,296.5,296.55,296.5,296.55,2
20250723  12:41,296.9,297.0,296.9,296.9,4
20250723  12:42,296.9,297.25,296.9,297.1,5
20250723  12:43,297.3,297.4,297.3,297.4,4
20250723  12:44,297.25,297.25,297.25,297.25,2
20250723  12:45,297.45,297.7,297.45,297.7,20
20250723  12:46,297.9,298.1,297.9,298.05,18
20250723  12:47,298.05,298.05,297.75,297.75,2
20250723  12:48,297.75,297.75,297.75,297.75,3
20250723  12:49,297.8,297.9,297.6,297.7,14
20250723  12:50,297.6,297.6,296.7,296.7,16
20250723  12:51,296.85,296.85,296.7,296.7,6
20250723  12:52,296.7,296.7,296.7,296.7,0
20250723  12:53,296.7,296.7,296.7,296.7,0
20250723  12:54,296.7,296.7,296.7,296.7,0
20250723  12:55,296.6,296.6,296.5,296.6,3
20250723  12:56,296.6,296.6,296.6,296.6,0
20250723  12:57,296.75,297.1,296.75,297.1,6
20250723  12:58,296.7,296.7,296.7,296.7,1
20250723  12:59,297.0,297.0,297.0,297.0,2
20250723  13:00,297.05,297.55,297.05,297.55,13
20250723  13:01,297.5,297.6,297.3,297.6,6
20250723  13:02,297.4,297.4,297.4,297.4,2
20250723  13:03,297.45,297.45,297.45,297.45,3
20250723  13:04,297.55,297.65,297.55,297.6,3
20250723  13:05,297.4,297.55,297.4,297.55,2
20250723  13:06,297.55,297.9,297.55,297.9,8
20250723  13:07,297.9,297.95,297.9,297.95,3
20250723  13:08,297.95,298.0,297.85,297.95,6
20250723  13:09,297.65,297.65,297.3,297.3,5
20250723  13:10,297.25,297.25,297.25,297.25,2
20250723  13:11,297.5,297.55,297.5,297.55,3
20250723  13:12,297.3,297.3,297.3,297.3,1
20250723  13:13,297.3,297.3,297.3,297.3,0
20250723  13:14,297.05,297.05,297.05,297.05,2
20250723  13:15,297.05,297.05,297.05,297.05,0
20250723  13:16,297.2,297.35,297.1,297.1,5
20250723  13:17,297.15,297.35,297.15,297.35,5
20250723  13:18,297.25,297.25,297.2,297.2,3
20250723  13:19,297.2,297.2,297.2,297.2,0
20250723  13:20,297.2,297.2,297.2,297.2,0
20250723  13:21,297.35,297.55,297.35,297.55,3
20250723  13:22,297.55,297.55,297.55,297.55,0
20250723  13:23,297.4,297.4,297.4,297.4,1
20250723  13:24,297.75,297.75,297.75,297.75,2
20250723  13:25,297.8,297.9,297.8,297.9,3
20250723  13:26,297.8,297.8,297.8,297.8,1
20250723  13:27,297.7,297.75,297.6,297.6,3
20250723  13:28,297.6,297.6,297.6,297.6,0
20250723  13:29,297.45,297.45,297.45,297.45,1
20250723  13:30,297.3,297.3,297.1,297.1,3
20250724  10:15,299.25,300.2,299.05,299.75,82
20250724  10:16,299.6,299.8,298.6,299.65,26
20250724  10:17,299.45,299.9,299.45,299.9,4
20250724  10:18,299.45,299.45,299.2,299.25,6
20250724  10:19,298.95,299.15,298.6,298.85,35
20250724  10:20,298.5,298.6,298.5,298.55,5
20250724  10:21,298.5,298.7,298.45,298.65,4
20250724  10:22,298.75,298.8,298.55,298.55,5
20250724  10:23,298.6,299.0,298.55,299.0,20
20250724  10:24,298.9,299.05,298.85,299.05,19
20250724  10:25,298.9,298.9,298.85,298.9,5
20250724  10:26,298.95,299.3,298.95,299.3,4
20250724  10:27,299.35,299.75,299.3,299.75,10
20250724  10:28,299.75,299.75,299.75,299.75,0
20250724  10:29,299.8,299.8,299.65,299.65,2
20250724  10:30,299.5,299.5,299.15,299.3,9
20250724  10:31,299.4,299.65,299.4,299.65,9
20250724  10:32,299.6,299.6,299.6,299.6,1
20250724  10:33,299.55,299.55,299.55,299.55,1
20250724  10:34,299.7,300.15,299.7,300.05,20
20250724  10:35,299.8,300.05,299.6,300.05,11
20250724  10:36,299.75,299.95,299.5,299.5,24
20250724  10:37,299.3,299.35,299.15,299.35,10
20250724  10:38,299.05,299.35,299.05,299.35,2
20250724  10:39,299.35,299.35,299.35,299.35,1
20250724  10:40,299.35,299.35,299.35,299.35,0
20250724  10:41,299.05,299.05,298.6,298.6,10
20250724  10:42,298.65,298.85,298.65,298.8,7
20250724  10:43,298.9,298.9,298.75,298.75,3
20250724  10:44,299.05,299.05,299.05,299.05,1
20250724  10:45,298.9,299.15,298.9,299.15,4
20250724  10:46,299.15,299.15,299.15,299.15,1
20250724  10:47,299.15,299.15,299.15,299.15,0
20250724  10:48,299.15,299.15,299.15,299.15,0
20250724  10:49,298.95,298.95,298.95,298.95,1
20250724  10:50,299.0,299.6,299.0,299.4,17
20250724  10:51,299.35,299.35,299.3,299.3,9
20250724  10:52,299.0,299.0,298.95,298.95,2
20250724  10:53,299.0,299.45,299.0,299.45,6
20250724  10:54,299.4,299.7,299.4,299.7,3
20250724  10:55,299.7,299.7,299.7,299.7,0
20250724  10:56,299.6,299.9,299.6,299.9,5
20250724  10:57,299.9,299.9,299.9,299.9,0
20250724  10:58,300.05,300.05,300.05,300.05,3
20250724  10:59,300.05,300.05,300.05,300.05,0
20250724  11:00,300.15,300.15,300.15,300.15,1
20250724  11:01,300.1,300.75,300.1,300.55,12
20250724  11:02,300.75,300.9,300.75,300.9,6
20250724  11:03,301.0,301.05,300.4,300.6,20
20250724  11:04,300.8,301.1,300.8,301.1,14
20250724  11:05,301.35,301.35,301.2,301.3,5
20250724  11:06,301.4,302.0,301.4,302.0,18
20250724  11:07,302.0,302.05,302.0,302.05,4
20250724  11:08,301.85,302.0,301.85,302.0,5
20250724  11:09,302.15,303.1,302.15,302.6,54
20250724  11:10,302.8,303.15,302.7,302.7,26
20250724  11:11,302.65,302.7,302.3,302.4,32
20250724  11:12,302.25,302.5,302.0,302.5,14
20250724  11:13,302.3,302.3,302.25,302.25,4
20250724  11:14,302.3,302.3,301.9,301.9,12
20250724  11:15,301.95,302.1,301.35,301.35,16
20250724  11:16,301.25,301.25,300.55,300.55,14
20250724  11:17,300.65,301.0,300.45,300.45,49
20250724  11:18,300.3,300.7,299.7,299.7,26
20250724  11:19,300.0,300.2,299.5,300.2,51
20250724  11:20,300.25,300.6,300.25,300.6,8
20250724  11:21,300.2,300.2,300.05,300.05,4
20250724  11:22,300.1,300.1,300.1,300.1,2
20250724  11:23,300.1,300.1,300.1,300.1,0
20250724  11:24,300.05,300.6,300.05,300.45,18
20250724  11:25,300.65,300.85,300.35,300.55,9
20250724  11:26,300.75,300.75,300.75,300.75,1
20250724  11:27,300.85,301.0,300.85,301.0,4
20250724  11:28,301.0,301.0,301.0,301.0,1
20250724  11:29,301.25,301.3,301.2,301.2,4
20250724  11:30,301.7,302.1,301.7,302.1,4
20250724  11:31,302.1,302.1,302.1,302.1,2
20250724  11:32,302.45,302.65,302.4,302.6,13
20250724  11:33,302.55,303.0,302.55,303.0,18
20250724  11:34,303.05,303.05,302.5,302.9,19
20250724  11:35,303.0,303.05,303.0,303.05,2
20250724  11:36,303.0,303.0,302.55,302.85,16
20250724  11:37,302.85,302.85,302.85,302.85,0
20250724  11:38,303.0,303.0,303.0,303.0,3
20250724  11:39,303.1,303.15,303.1,303.1,5
20250724  11:40,303.1,303.4,303.1,303.4,7
20250724  11:41,303.4,303.45,303.1,303.1,27
20250724  11:42,302.75,303.05,302.75,303.05,6
20250724  11:43,303.05,303.05,303.05,303.05,2
20250724  11:44,302.55,302.65,302.55,302.65,3
20250724  11:45,302.5,302.7,302.5,302.7,13
20250724  11:46,302.8,303.45,301.8,302.0,45
20250724  11:47,302.15,302.2,301.95,302.2,5
20250724  11:48,302.3,302.3,302.25,302.25,3
20250724  11:49,302.25,302.25,302.25,302.25,0
20250724  11:50,302.25,302.25,302.25,302.25,2
20250724  11:51,302.25,302.25,302.25,302.25,0
20250724  11:52,302.25,302.25,302.25,302.25,0
20250724  11:53,302.6,302.6,302.6,302.6,1
20250724  11:54,302.6,302.9,302.45,302.9,8
20250724  11:55,303.0,303.05,303.0,303.05,2
20250724  11:56,303.35,303.6,303.35,303.6,61
20250724  11:57,303.55,303.55,303.55,303.55,1
20250724  11:58,303.5,303.75,303.5,303.5,8
20250724  11:59,303.9,303.9,303.9,303.9,2
20250724  12:00,303.9,303.9,303.6,303.8,6
20250724  12:01,303.8,303.8,303.8,303.8,0
20250724  12:02,303.6,303.6,303.35,303.55,10
20250724  12:03,303.7,303.7,303.5,303.5,4
20250724  12:04,303.7,304.05,303.7,303.9,10
20250724  12:05,303.95,303.95,303.85,303.85,4
20250724  12:06,303.7,303.7,303.3,303.3,9
20250724  12:07,303.2,303.5,303.2,303.5,4
20250724  12:08,303.3,303.4,303.25,303.25,3
20250724  12:09,303.25,303.25,302.8,302.8,7
20250724  12:10,302.8,302.8,302.8,302.8,0
20250724  12:11,302.8,302.8,302.8,302.8,1
20250724  12:12,303.0,303.0,303.0,303.0,2
20250724  12:13,303.0,303.0,303.0,303.0,1
20250724  12:14,303.0,303.0,303.0,303.0,0
20250724  12:15,302.95,302.95,302.4,302.4,12
20250724  12:16,302.7,303.0,302.7,303.0,13
20250724  12:17,303.15,303.25,303.15,303.25,6
20250724  12:18,303.15,303.2,303.15,303.15,12
20250724  12:19,302.8,303.1,302.8,303.1,3
20250724  12:20,303.1,303.1,303.1,303.1,0
20250724  12:21,303.1,303.1,303.1,303.1,0
20250724  12:22,303.1,303.1,303.1,303.1,0
20250724  12:23,303.0,303.05,303.0,303.05,2
20250724  12:24,303.0,303.7,303.0,303.6,13
20250724  12:25,303.7,303.85,303.4,303.4,38
20250724  12:26,303.5,303.5,303.3,303.35,12
20250724  12:27,302.9,302.9,301.85,302.45,38
20250724  12:28,302.45,302.45,302.45,302.45,0
20250724  12:29,302.25,302.4,302.25,302.4,4
20250724  12:30,302.65,302.9,302.6,302.6,4
20250724  12:31,302.7,302.7,302.7,302.7,1
20250724  12:32,302.4,302.5,302.25,302.5,4
20250724  12:33,302.55,302.55,302.55,302.55,2
20250724  12:34,302.55,302.55,302.55,302.55,0
20250724  12:35,302.35,302.5,302.35,302.5,4
20250724  12:36,302.5,302.55,302.5,302.55,3
20250724  12:37,302.65,302.65,302.65,302.65,1
20250724  12:38,302.65,302.65,302.65,302.65,0
20250724  12:39,302.65,302.65,302.65,302.65,0
20250724  12:40,302.65,302.65,302.65,302.65,0
20250724  12:41,302.55,303.25,302.55,303.15,20
20250724  12:42,303.35,303.35,303.35,303.35,2
20250724  12:43,303.3,303.75,303.3,303.6,8
20250724  12:44,303.65,303.8,303.6,303.8,3
20250724  12:45,303.6,303.6,302.95,303.25,20
20250724  12:46,302.95,303.5,302.85,303.5,32
20250724  12:47,303.5,303.5,303.5,303.5,0
20250724  12:48,303.55,303.55,303.55,303.55,1
20250724  12:49,303.85,304.1,303.85,304.1,6
20250724  12:50,304.1,304.1,304.1,304.1,0
20250724  12:51,304.1,304.1,304.1,304.1,0
20250724  12:52,304.4,304.4,304.2,304.2,5
20250724  12:53,304.5,304.65,304.25,304.4,19
20250724  12:54,304.3,304.4,304.3,304.3,7
20250724  12:55,304.3,304.3,304.3,304.3,0
20250724  12:56,304.25,304.25,304.0,304.1,4
20250724  12:57,304.0,304.05,303.85,303.85,6
20250724  12:58,304.1,304.1,304.1,304.1,3
20250724  12:59,304.15,304.15,304.15,304.15,1
20250724  13:00,304.4,304.4,303.85,303.85,11
20250724  13:01,304.0,304.0,304.0,304.0,1
20250724  13:02,304.0,304.25,303.95,304.2,16
20250724  13:03,304.15,304.15,304.15,304.15,3
20250724  13:04,303.9,303.9,303.9,303.9,2
20250724  13:05,303.95,304.8,303.95,304.4,21
20250724  13:06,304.2,304.25,303.75,303.75,16
20250724  13:07,303.75,303.75,303.75,303.75,0
20250724  13:08,303.75,303.75,303.15,303.15,11
20250724  13:09,303.1,303.1,302.95,303.05,6
20250724  13:10,303.3,303.3,303.3,303.3,1
20250724  13:11,303.3,303.3,303.3,303.3,0
20250724  13:12,303.05,303.05,303.05,303.05,3
20250724  13:13,303.05,303.05,303.05,303.05,0
20250724  13:14,303.05,303.05,303.05,303.05,0
20250724  13:15,303.15,303.15,302.85,302.85,2
20250724  13:16,303.15,303.3,302.85,302.85,4
20250724  13:17,302.65,302.9,302.65,302.85,9
20250724  13:18,302.85,302.85,302.85,302.85,0
20250724  13:19,302.8,303.15,302.8,303.15,2
20250724  13:20,302.95,302.95,302.8,302.8,4
20250724  13:21,303.1,303.9,303.1,303.7,25
20250724  13:22,303.75,303.75,303.55,303.65,11
20250724  13:23,303.7,303.7,303.65,303.65,3
20250724  13:24,303.75,303.75,303.0,303.0,7
20250724  13:25,303.2,303.6,303.2,303.45,3
20250724  13:26,303.45,303.45,303.45,303.45,0
20250724  13:27,303.45,303.45,303.45,303.45,0
20250724  13:28,303.95,304.0,303.75,303.75,3
20250724  13:29,303.7,303.7,303.7,303.7,1
20250724  13:30,303.3,303.3,303.3,303.3,1
20250725  10:15,305.0,305.9,304.7,305.2,116
20250725  10:16,305.05,305.05,304.45,304.7,18
20250725  10:17,304.75,304.75,304.75,304.75,1
20250725  10:18,304.4,304.85,304.05,304.7,22
20250725  10:19,304.35,305.0,304.25,304.75,24
20250725  10:20,305.05,305.1,304.55,304.55,9
20250725  10:21,304.35,304.5,304.2,304.25,8
20250725  10:22,304.05,305.05,304.05,305.05,13
20250725  10:23,305.05,305.85,304.95,305.85,14
20250725  10:24,305.45,305.45,305.4,305.4,2
20250725  10:25,305.4,305.4,305.4,305.4,0
20250725  10:26,305.6,305.6,305.3,305.55,6
20250725  10:27,305.35,305.35,305.35,305.35,1
20250725  10:28,305.25,305.55,305.25,305.45,10
20250725  10:29,305.45,305.45,305.45,305.45,0
20250725  10:30,305.45,305.45,305.45,305.45,2
20250725  10:31,305.05,305.45,305.05,305.25,7
20250725  10:32,304.95,305.45,304.95,305.45,3
20250725  10:33,305.45,305.45,305.45,305.45,0
20250725  10:34,305.45,305.45,305.45,305.45,0
20250725  10:35,305.45,305.45,305.45,305.45,0
20250725  10:36,305.95,305.95,305.95,305.95,1
20250725  10:37,306.0,306.0,305.5,305.9,24
20250725  10:38,306.1,306.75,306.1,306.65,66
20250725  10:39,306.8,307.35,306.7,306.85,76
20250725  10:40,306.85,307.05,306.8,306.8,21
20250725  10:41,306.85,306.95,306.45,306.95,29
20250725  10:42,307.05,307.05,306.25,306.25,47
20250725  10:43,306.15,306.35,305.9,306.3,39
20250725  10:44,306.25,306.35,306.25,306.35,6
20250725  10:45,306.7,306.7,306.45,306.45,10
20250725  10:46,306.45,306.45,306.45,306.45,0
20250725  10:47,307.1,307.1,307.1,307.1,1
20250725  10:48,306.95,306.95,306.95,306.95,3
20250725  10:49,306.9,306.9,306.9,306.9,1
20250725  10:50,306.9,306.9,306.9,306.9,0
20250725  10:51,306.9,306.9,306.9,306.9,0
20250725  10:52,306.9,306.9,306.9,306.9,0
20250725  10:53,306.95,307.25,306.95,307.15,7
20250725  10:54,306.8,306.8,306.7,306.7,2
20250725  10:55,306.5,306.65,306.5,306.65,4
20250725  10:56,306.65,306.65,306.65,306.65,0
20250725  10:57,306.6,306.7,306.6,306.7,4
20250725  10:58,306.7,306.7,306.3,306.3,9
20250725  10:59,306.45,306.5,306.45,306.5,4
20250725  11:00,306.5,306.5,306.5,306.5,0
20250725  11:01,306.5,306.5,306.5,306.5,2
20250725  11:02,306.7,306.7,306.6,306.6,4
20250725  11:03,306.65,306.65,306.65,306.65,1
20250725  11:04,306.65,306.65,306.65,306.65,0
20250725  11:05,306.7,306.75,306.6,306.75,30
20250725  11:06,306.75,307.2,306.55,307.2,13
20250725  11:07,307.25,307.3,307.15,307.15,7
20250725  11:08,307.2,307.45,307.15,307.15,10
20250725  11:09,307.3,307.35,306.95,306.95,6
20250725  11:10,306.9,306.9,306.9,306.9,1
20250725  11:11,306.85,306.85,306.6,306.6,2
20250725  11:12,306.45,306.45,306.35,306.35,8
20250725  11:13,305.9,305.9,305.6,305.85,14
20250725  11:14,305.75,306.0,305.65,306.0,9
20250725  11:15,305.85,305.85,305.5,305.55,7
20250725  11:16,305.45,305.45,305.35,305.35,6
20250725  11:17,305.35,305.8,305.35,305.6,11
20250725  11:18,305.35,305.35,305.15,305.35,12
20250725  11:19,305.3,306.1,305.3,306.0,28
20250725  11:20,305.95,306.15,305.75,305.75,12
20250725  11:21,305.4,305.4,305.3,305.3,2
20250725  11:22,305.55,305.65,305.55,305.65,5
20250725  11:23,305.65,305.65,305.65,305.65,1
20250725  11:24,305.65,305.65,305.65,305.65,0
20250725  11:25,305.7,305.7,305.65,305.65,2
20250725  11:26,305.65,305.65,305.65,305.65,0
20250725  11:27,305.6,305.6,305.3,305.4,8
20250725  11:28,305.4,305.4,305.4,305.4,0
20250725  11:29,305.45,305.6,305.45,305.6,3
20250725  11:30,305.6,305.6,305.6,305.6,0
20250725  11:31,305.6,305.6,305.6,305.6,0
20250725  11:32,305.85,305.85,305.85,305.85,1
20250725  11:33,306.45,306.45,306.45,306.45,1
20250725  11:34,306.15,306.15,306.1,306.1,2
20250725  11:35,306.1,306.1,305.95,306.1,3
20250725  11:36,306.0,306.0,305.95,305.95,3
20250725  11:37,305.8,306.05,305.8,306.05,6
20250725  11:38,305.9,305.9,305.9,305.9,2
20250725  11:39,305.85,305.85,305.75,305.75,4
20250725  11:40,305.75,305.75,305.75,305.75,0
20250725  11:41,305.75,305.75,305.75,305.75,0
20250725  11:42,305.8,305.8,305.8,305.8,1
20250725  11:43,305.8,305.8,305.8,305.8,0
20250725  11:44,305.8,305.8,305.7,305.7,2
20250725  11:45,305.7,305.7,305.7,305.7,0
20250725  11:46,305.85,305.95,305.85,305.95,4
20250725  11:47,306.0,306.15,306.0,306.15,4
20250725  11:48,306.1,306.1,305.7,305.7,26
20250725  11:49,305.85,305.85,305.75,305.75,2
20250725  11:50,305.75,305.75,305.75,305.75,0
20250725  11:51,305.85,305.85,305.85,305.85,1
20250725  11:52,305.85,305.85,305.85,305.85,0
20250725  11:53,305.75,305.75,305.75,305.75,2
20250725  11:54,305.75,305.75,305.75,305.75,1
20250725  11:55,305.75,305.75,305.75,305.75,0
20250725  11:56,305.65,305.65,305.6,305.6,2
20250725  11:57,305.6,305.6,305.6,305.6,0
20250725  11:58,306.3,306.3,306.2,306.2,3
20250725  11:59,306.2,306.2,306.2,306.2,0
20250725  12:00,306.15,306.15,306.0,306.0,4
20250725  12:01,306.0,306.0,306.0,306.0,0
20250725  12:02,306.2,306.5,306.2,306.25,15
20250725  12:03,306.25,306.25,306.25,306.25,0
20250725  12:04,306.25,306.25,306.25,306.25,0
20250725  12:05,306.0,306.0,306.0,306.0,1
20250725  12:06,305.9,305.9,305.6,305.85,6
20250725  12:07,305.8,305.8,305.35,305.55,13
20250725  12:08,305.45,305.45,305.25,305.25,4
20250725  12:09,305.3,305.4,305.0,305.35,11
20250725  12:10,305.35,305.35,305.35,305.35,0
20250725  12:11,305.55,305.55,305.55,305.55,1
20250725  12:12,305.55,305.55,305.55,305.55,0
20250725  12:13,305.55,305.55,305.55,305.55,0
20250725  12:14,305.25,305.25,305.25,305.25,2
20250725  12:15,305.3,305.3,305.3,305.3,1
20250725  12:16,305.3,305.3,305.3,305.3,0
20250725  12:17,305.3,305.3,305.3,305.3,0
20250725  12:18,305.4,305.65,305.4,305.65,20
20250725  12:19,305.7,306.0,305.35,305.35,32
20250725  12:20,305.25,305.35,305.25,305.35,6
20250725  12:21,305.3,305.3,305.3,305.3,2
20250725  12:22,305.3,305.3,305.3,305.3,0
20250725  12:23,305.3,305.3,305.3,305.3,0
20250725  12:24,305.7,306.15,305.7,305.8,10
20250725  12:25,306.0,306.05,306.0,306.05,2
20250725  12:26,306.0,306.0,306.0,306.0,1
20250725  12:27,306.0,306.0,306.0,306.0,0
20250725  12:28,305.9,305.9,305.65,305.65,3
20250725  12:29,305.8,305.8,305.7,305.7,5
20250725  12:30,306.0,306.0,306.0,306.0,1
20250725  12:31,306.3,306.4,306.1,306.1,11
20250725  12:32,306.2,306.55,306.2,306.45,12
20250725  12:33,306.75,306.75,306.25,306.25,9
20250725  12:34,306.45,306.45,306.1,306.1,5
20250725  12:35,306.05,306.1,306.05,306.1,2
20250725  12:36,306.25,306.25,306.25,306.25,1
20250725  12:37,306.25,306.25,306.1,306.1,2
20250725  12:38,306.05,306.05,306.05,306.05,1
20250725  12:39,306.05,306.05,306.05,306.05,0
20250725  12:40,306.05,306.05,306.05,306.05,0
20250725  12:41,306.0,306.0,306.0,306.0,1
20250725  12:42,306.0,306.0,306.0,306.0,0
20250725  12:43,306.0,306.0,306.0,306.0,0
20250725  12:44,306.0,306.0,306.0,306.0,0
20250725  12:45,306.0,306.0,306.0,306.0,0
20250725  12:46,306.15,306.15,305.95,305.95,2
20250725  12:47,305.95,305.95,305.8,305.8,4
20250725  12:48,305.8,305.8,305.8,305.8,0
20250725  12:49,305.8,305.8,305.8,305.8,0
20250725  12:50,305.95,306.45,305.95,306.45,9
20250725  12:51,306.6,306.6,306.6,306.6,1
20250725  12:52,306.6,306.6,306.6,306.6,0
20250725  12:53,306.6,306.6,306.6,306.6,0
20250725  12:54,306.75,306.8,306.65,306.8,6
20250725  12:55,306.8,306.8,306.8,306.8,0
20250725  12:56,306.8,306.85,306.8,306.85,2
20250725  12:57,306.85,306.85,306.75,306.85,4
20250725  12:58,307.1,307.1,306.85,306.9,7
20250725  12:59,306.9,306.9,306.9,306.9,0
20250725  13:00,306.85,307.0,306.85,307.0,5
20250725  13:01,306.95,306.95,306.95,306.95,1
20250725  13:02,307.0,307.0,306.9,306.9,2
20250725  13:03,306.9,307.1,306.85,307.1,10
20250725  13:04,307.1,307.1,307.1,307.1,0
20250725  13:05,307.05,307.05,307.05,307.05,1
20250725  13:06,307.0,307.3,307.0,307.25,12
20250725  13:07,307.2,307.3,306.9,307.0,10
20250725  13:08,306.75,306.75,306.75,306.75,1
20250725  13:09,306.95,306.95,306.95,306.95,1
20250725  13:10,306.85,307.15,306.85,306.95,23
20250725  13:11,306.7,306.75,306.5,306.55,4
20250725  13:12,306.65,306.7,306.35,306.45,15
20250725  13:13,306.45,306.45,306.45,306.45,0
20250725  13:14,306.35,306.4,306.35,306.4,6
20250725  13:15,306.25,306.35,306.25,306.35,8
20250725  13:16,306.05,306.05,306.0,306.0,4
20250725  13:17,306.05,306.05,306.05,306.05,2
20250725  13:18,305.8,305.8,305.25,305.35,7
20250725  13:19,305.45,305.45,305.15,305.35,6
20250725  13:20,305.05,305.2,305.05,305.2,7
20250725  13:21,305.1,305.2,305.05,305.2,17
20250725  13:22,305.15,305.2,304.4,304.9,34
20250725  13:23,304.85,305.05,304.85,304.9,7
20250725  13:24,304.75,304.75,304.55,304.75,8
20250725  13:25,304.75,304.9,304.75,304.75,5
20250725  13:26,304.75,305.25,304.7,304.9,19
20250725  13:27,304.9,304.9,304.9,304.9,0
20250725  13:28,305.35,305.35,305.35,305.35,3
20250725  13:29,305.15,305.15,305.15,305.15,1
20250725  13:30,305.15,305.15,305.15,305.15,0
20250807  10:15,297.2,297.2,295.15,296.45,162
20250807  10:16,296.9,298.25,296.8,298.1,76
20250807  10:17,298.1,298.1,296.35,296.45,16
20250807  10:18,296.45,296.5,295.75,295.75,18
20250807  10:19,296.1,296.5,296.05,296.05,13
20250807  10:20,295.95,296.75,295.9,296.75,8
20250807  10:21,296.6,296.95,296.6,296.95,4
20250807  10:22,297.1,297.25,297.0,297.2,4
20250807  10:23,297.0,297.2,296.9,297.2,6
20250807  10:24,297.3,297.3,297.05,297.05,5
20250807  10:25,297.2,297.2,296.9,296.9,2
20250807  10:26,296.9,296.9,296.8,296.8,3
20250807  10:27,296.6,297.05,296.6,297.05,7
20250807  10:28,297.0,297.2,297.0,297.2,2
20250807  10:29,297.25,297.35,297.05,297.05,5
20250807  10:30,297.1,297.15,297.1,297.15,3
20250807  10:31,297.1,297.35,296.9,296.9,11
20250807  10:32,296.95,297.05,296.95,297.05,3
20250807  10:33,297.1,297.3,297.1,297.3,13
20250807  10:34,297.25,297.35,297.25,297.25,8
20250807  10:35,296.95,296.95,296.8,296.8,4
20250807  10:36,297.1,297.35,297.1,297.3,6
20250807  10:37,297.2,297.25,297.2,297.25,3
20250807  10:38,297.35,297.85,297.35,297.85,11
20250807  10:39,297.8,297.85,297.35,297.35,15
20250807  10:40,297.35,298.1,297.35,298.1,16
20250807  10:41,298.0,298.1,297.75,297.9,10
20250807  10:42,298.15,298.15,298.1,298.1,4
20250807  10:43,298.1,298.35,298.1,298.25,11
20250807  10:44,298.1,298.1,297.55,297.55,12
20250807  10:45,297.6,298.05,297.6,297.95,5
20250807  10:46,297.65,297.65,297.55,297.55,3
20250807  10:47,297.65,297.95,297.5,297.95,14
20250807  10:48,298.05,298.05,298.05,298.05,2
20250807  10:49,298.0,298.0,298.0,298.0,2
20250807  10:50,298.1,298.1,298.1,298.1,1
20250807  10:51,298.1,298.1,298.1,298.1,0
20250807  10:52,297.8,297.8,297.75,297.75,4
20250807  10:53,297.4,297.4,297.4,297.4,1
20250807  10:54,297.4,297.45,297.3,297.45,6
20250807  10:55,297.7,297.7,297.45,297.45,11
20250807  10:56,297.25,297.25,297.25,297.25,2
20250807  10:57,297.15,297.3,297.15,297.3,2
20250807  10:58,297.6,297.6,297.4,297.4,2
20250807  10:59,297.4,297.4,297.4,297.4,0
20250807  11:00,297.7,298.1,297.7,298.05,10
20250807  11:01,297.95,298.0,297.9,297.9,7
20250807  11:02,297.95,297.95,297.9,297.9,3
20250807  11:03,298.05,298.05,298.05,298.05,1
20250807  11:04,298.15,298.35,298.15,298.35,9
20250807  11:05,298.35,298.5,298.35,298.35,11
20250807  11:06,298.2,298.5,298.2,298.4,3
20250807  11:07,298.3,298.3,298.3,298.3,1
20250807  11:08,298.0,298.0,297.8,297.8,4
20250807  11:09,297.8,297.8,297.8,297.8,0
20250807  11:10,298.0,298.0,298.0,298.0,3
20250807  11:11,298.0,298.0,298.0,298.0,0
20250807  11:12,298.05,298.05,297.95,297.95,3
20250807  11:13,297.95,297.95,297.95,297.95,1
20250807  11:14,297.75,297.75,297.75,297.75,1
20250807  11:15,297.8,297.85,297.8,297.85,2
20250807  11:16,297.95,297.95,297.95,297.95,1
20250807  11:17,298.0,298.05,298.0,298.05,3
20250807  11:18,297.95,297.95,297.75,297.75,4
20250807  11:19,297.85,298.0,297.85,298.0,3
20250807  11:20,298.05,298.05,298.05,298.05,2
20250807  11:21,298.05,298.05,298.05,298.05,0
20250807  11:22,298.5,298.9,298.5,298.85,22
20250807  11:23,298.9,299.05,298.8,298.9,19
20250807  11:24,299.0,299.3,299.0,299.3,14
20250807  11:25,299.15,299.3,299.15,299.3,2
20250807  11:26,299.3,299.35,299.15,299.2,7
20250807  11:27,299.15,299.15,298.5,298.5,15
20250807  11:28,298.4,298.75,298.4,298.75,2
20250807  11:29,298.7,298.75,298.7,298.75,3
20250807  11:30,298.95,299.0,298.95,299.0,2
20250807  11:31,298.95,299.05,298.95,299.05,6
20250807  11:32,298.95,299.0,298.95,299.0,5
20250807  11:33,299.1,299.1,299.1,299.1,1
20250807  11:34,298.9,298.9,298.9,298.9,2
20250807  11:35,298.9,298.9,298.9,298.9,0
20250807  11:36,298.8,298.8,298.8,298.8,1
20250807  11:37,298.95,298.95,298.9,298.9,2
20250807  11:38,298.9,298.9,298.9,298.9,0
20250807  11:39,298.75,298.8,298.6,298.6,6
20250807  11:40,298.5,298.7,298.5,298.7,4
20250807  11:41,298.6,298.6,298.6,298.6,1
20250807  11:42,298.6,298.6,298.6,298.6,0
20250807  11:43,298.5,298.5,298.4,298.4,2
20250807  11:44,298.45,298.45,298.2,298.2,3
20250807  11:45,298.2,298.2,298.2,298.2,0
20250807  11:46,298.35,298.55,298.35,298.55,3
20250807  11:47,298.55,298.55,298.1,298.2,4
20250807  11:48,298.0,298.2,297.9,298.2,8
20250807  11:49,298.2,298.2,298.2,298.2,0
20250807  11:50,298.2,298.2,298.2,298.2,0
20250807  11:51,298.15,298.15,298.1,298.1,2
20250807  11:52,298.05,298.05,298.05,298.05,4
20250807  11:53,298.05,298.05,298.05,298.05,0
20250807  11:54,298.1,298.1,298.1,298.1,1
20250807  11:55,298.1,298.1,298.1,298.1,0
20250807  11:56,298.05,298.05,297.8,297.8,8
20250807  11:57,297.8,297.8,297.8,297.8,0
20250807  11:58,297.9,297.9,297.7,297.7,6
20250807  11:59,297.7,297.7,297.7,297.7,0
20250807  12:00,297.55,297.6,297.5,297.6,6
20250807  12:01,297.8,297.8,297.8,297.8,1
20250807  12:02,297.9,297.9,297.8,297.8,2
20250807  12:03,297.8,297.8,297.8,297.8,2
20250807  12:04,297.95,297.95,297.75,297.75,3
20250807  12:05,297.65,297.7,297.6,297.6,6
20250807  12:06,297.7,297.8,297.7,297.8,3
20250807  12:07,298.0,298.25,298.0,298.15,14
20250807  12:08,298.2,298.2,298.15,298.15,2
20250807  12:09,298.1,298.15,297.8,297.95,8
20250807  12:10,297.95,297.95,297.9,297.9,2
20250807  12:11,297.8,297.8,297.8,297.8,1
20250807  12:12,297.95,297.95,297.95,297.95,1
20250807  12:13,297.95,297.95,297.95,297.95,0
20250807  12:14,297.95,297.95,297.95,297.95,0
20250807  12:15,297.95,297.95,297.95,297.95,1
20250807  12:16,297.95,297.95,297.95,297.95,0
20250807  12:17,298.1,298.15,298.1,298.15,2
20250807  12:18,298.2,298.4,298.2,298.4,3
20250807  12:19,298.25,298.25,297.8,297.85,20
20250807  12:20,297.85,297.85,297.85,297.85,0
20250807  12:21,297.85,297.85,297.85,297.85,0
20250807  12:22,297.95,297.95,297.95,297.95,2
20250807  12:23,297.65,297.65,297.65,297.65,2
20250807  12:24,297.85,297.85,297.85,297.85,1
20250807  12:25,297.8,298.0,297.8,298.0,2
20250807  12:26,298.0,298.0,298.0,298.0,0
20250807  12:27,298.0,298.0,298.0,298.0,0
20250807  12:28,298.0,298.0,297.8,297.8,2
20250807  12:29,297.8,297.8,297.8,297.8,1
20250807  12:30,297.8,297.8,297.8,297.8,0
20250807  12:31,297.85,297.85,297.85,297.85,2
20250807  12:32,297.7,297.7,297.65,297.65,4
20250807  12:33,297.4,297.4,297.4,297.4,3
20250807  12:34,297.15,297.15,296.65,296.85,20
20250807  12:35,296.7,296.7,296.05,296.15,20
20250807  12:36,296.2,296.2,296.05,296.05,6
20250807  12:37,296.4,296.4,296.4,296.4,1
20250807  12:38,296.05,296.15,296.0,296.05,6
20250807  12:39,296.5,296.65,296.35,296.35,5
20250807  12:40,296.3,296.3,296.3,296.3,1
20250807  12:41,296.25,296.25,296.15,296.15,5
20250807  12:42,296.05,296.05,295.8,295.95,11
20250807  12:43,296.0,296.2,296.0,296.2,4
20250807  12:44,296.25,296.3,296.25,296.3,2
20250807  12:45,296.1,296.1,296.1,296.1,1
20250807  12:46,295.95,296.2,295.95,296.2,6
20250807  12:47,296.15,296.15,295.9,295.9,2
20250807  12:48,296.05,296.05,295.85,296.0,5
20250807  12:49,296.0,296.0,296.0,296.0,0
20250807  12:50,296.05,296.05,296.05,296.05,1
20250807  12:51,295.95,296.55,295.95,296.3,19
20250807  12:52,296.5,296.5,296.3,296.45,5
20250807  12:53,296.1,296.1,296.1,296.1,1
20250807  12:54,296.1,296.1,296.1,296.1,0
20250807  12:55,296.0,296.0,295.85,295.9,10
20250807  12:56,295.65,295.65,295.55,295.55,6
20250807  12:57,295.55,295.75,295.55,295.65,6
20250807  12:58,295.75,295.8,295.55,295.55,8
20250807  12:59,295.65,295.7,295.65,295.65,4
20250807  13:00,295.55,295.6,295.25,295.6,25
20250807  13:01,295.75,295.9,295.75,295.9,6
20250807  13:02,295.45,295.45,295.3,295.45,9
20250807  13:03,295.3,295.45,295.3,295.45,2
20250807  13:04,295.2,295.3,295.2,295.3,5
20250807  13:05,295.85,295.85,295.85,295.85,1
20250807  13:06,295.85,295.85,295.85,295.85,0
20250807  13:07,295.85,295.85,295.85,295.85,0
20250807  13:08,295.85,295.85,295.85,295.85,0
20250807  13:09,295.8,296.05,295.65,296.05,7
20250807  13:10,296.05,296.05,296.05,296.05,0
20250807  13:11,296.05,296.05,296.05,296.05,0
20250807  13:12,295.9,295.9,295.9,295.9,1
20250807  13:13,295.65,295.7,295.65,295.7,6
20250807  13:14,295.7,295.7,295.7,295.7,0
20250807  13:15,295.5,295.7,295.5,295.7,3
20250807  13:16,295.4,295.45,295.2,295.45,8
20250807  13:17,295.75,295.75,295.75,295.75,4
20250807  13:18,296.0,296.1,296.0,296.05,8
20250807  13:19,295.9,295.9,295.9,295.9,2
20250807  13:20,295.6,295.7,295.6,295.65,3
20250807  13:21,295.7,295.7,295.7,295.7,2
20250807  13:22,295.35,295.45,295.15,295.45,7
20250807  13:23,295.35,295.5,295.25,295.5,7
20250807  13:24,295.55,295.55,295.55,295.55,1
20250807  13:25,295.6,295.6,295.6,295.6,1
20250807  13:26,295.6,295.6,295.6,295.6,0
20250807  13:27,295.85,296.05,295.8,296.05,21
20250807  13:28,296.0,296.1,295.95,296.0,11
20250807  13:29,296.0,296.2,295.95,295.95,12
20250807  13:30,296.2,296.2,295.85,296.05,9
20250808  10:15,297.8,298.85,297.8,298.1,60
20250808  10:16,298.9,299.0,298.05,298.15,66
20250808  10:17,298.1,298.45,298.05,298.2,48
20250808  10:18,298.1,298.6,298.05,298.05,28
20250808  10:19,298.2,298.25,297.85,298.2,11
20250808  10:20,298.4,298.4,297.9,297.95,8
20250808  10:21,297.9,298.35,297.9,298.35,5
20250808  10:22,298.4,298.5,298.25,298.4,6
20250808  10:23,298.45,298.5,298.3,298.5,6
20250808  10:24,298.55,298.85,298.55,298.85,2
20250808  10:25,298.7,298.85,298.4,298.45,9
20250808  10:26,298.45,298.55,298.45,298.55,6
20250808  10:27,298.6,298.6,298.2,298.3,11
20250808  10:28,298.4,298.55,298.35,298.4,7
20250808  10:29,298.4,298.4,298.4,298.4,0
20250808  10:30,298.75,299.0,298.75,299.0,11
20250808  10:31,298.9,298.9,298.75,298.9,11
20250808  10:32,298.9,298.9,298.9,298.9,0
20250808  10:33,298.75,298.9,298.75,298.9,2
20250808  10:34,298.9,298.9,298.9,298.9,0
20250808  10:35,298.55,298.7,298.55,298.7,2
20250808  10:36,298.85,298.9,298.7,298.9,8
20250808  10:37,298.9,298.9,298.9,298.9,1
20250808  10:38,299.1,299.1,299.1,299.1,5
20250808  10:39,298.95,299.05,298.95,299.05,3
20250808  10:40,298.95,299.0,298.95,299.0,5
20250808  10:41,299.0,299.0,299.0,299.0,0
20250808  10:42,299.25,299.25,299.25,299.25,1
20250808  10:43,299.3,299.35,299.1,299.1,16
20250808  10:44,298.9,299.15,298.9,299.15,6
20250808  10:45,299.35,299.9,299.25,299.75,97
20250808  10:46,299.9,300.75,299.9,300.5,67
20250808  10:47,300.4,300.4,300.2,300.25,8
20250808  10:48,300.15,300.15,300.15,300.15,1
20250808  10:49,300.2,300.2,300.1,300.1,5
20250808  10:50,300.0,300.4,300.0,300.4,16
20250808  10:51,300.4,300.5,300.3,300.45,14
20250808  10:52,300.55,300.7,300.45,300.55,23
20250808  10:53,300.8,301.2,300.8,301.15,63
20250808  10:54,301.0,301.15,300.8,300.8,11
20250808  10:55,301.1,301.4,301.1,301.35,9
20250808  10:56,301.3,301.45,301.2,301.4,18
20250808  10:57,301.5,301.7,301.5,301.7,7
20250808  10:58,301.85,301.85,301.5,301.5,9
20250808  10:59,301.35,301.35,301.35,301.35,1
20250808  11:00,301.25,301.65,301.25,301.65,5
20250808  11:01,301.3,301.3,300.5,300.5,21
20250808  11:02,300.65,300.75,300.4,300.4,21
20250808  11:03,300.35,300.9,300.35,300.9,6
20250808  11:04,300.9,301.0,300.9,300.9,7
20250808  11:05,300.85,300.95,300.6,300.85,9
20250808  11:06,300.95,301.05,300.9,300.9,9
20250808  11:07,300.95,301.0,300.75,301.0,7
20250808  11:08,301.0,301.0,300.85,300.85,5
20250808  11:09,301.0,301.1,300.6,301.0,19
20250808  11:10,300.95,301.1,300.8,300.85,25
20250808  11:11,300.75,300.9,300.55,300.6,9
20250808  11:12,300.55,300.65,300.5,300.5,7
20250808  11:13,300.4,300.4,300.4,300.4,3
20250808  11:14,300.45,300.55,300.4,300.4,12
20250808  11:15,300.5,300.5,300.35,300.45,12
20250808  11:16,300.45,300.5,300.45,300.5,4
20250808  11:17,300.55,300.7,300.15,300.4,8
20250808  11:18,300.3,300.3,300.15,300.15,4
20250808  11:19,300.1,300.3,300.1,300.3,9
20250808  11:20,300.3,300.5,300.25,300.5,5
20250808  11:21,300.45,300.5,300.45,300.5,5
20250808  11:22,300.45,300.5,300.45,300.5,5
20250808  11:23,300.3,300.3,300.3,300.3,4
20250808  11:24,300.15,300.15,299.95,300.0,13
20250808  11:25,299.85,299.85,299.85,299.85,3
20250808  11:26,299.95,299.95,299.95,299.95,2
20250808  11:27,299.85,300.05,299.85,300.05,4
20250808  11:28,300.15,300.15,300.15,300.15,1
20250808  11:29,300.2,300.3,300.2,300.3,5
20250808  11:30,300.35,300.5,300.2,300.5,6
20250808  11:31,300.65,300.75,300.1,300.1,11
20250808  11:32,300.15,300.35,299.95,300.05,20
20250808  11:33,300.05,300.05,300.05,300.05,0
20250808  11:34,300.1,300.3,300.1,300.3,4
20250808  11:35,300.3,300.3,300.3,300.3,0
20250808  11:36,300.3,300.3,300.3,300.3,0
20250808  11:37,300.25,300.25,300.25,300.25,1
20250808  11:38,300.1,300.1,300.1,300.1,2
20250808  11:39,300.25,300.25,300.25,300.25,3
20250808  11:40,300.4,300.4,300.3,300.3,2
20250808  11:41,300.3,300.3,300.3,300.3,0
20250808  11:42,300.25,300.25,300.25,300.25,1
20250808  11:43,300.25,300.25,300.25,300.25,0
20250808  11:44,300.5,300.75,300.5,300.7,5
20250808  11:45,300.75,300.75,300.75,300.75,3
20250808  11:46,300.75,300.75,300.75,300.75,0
20250808  11:47,300.75,300.75,300.75,300.75,1
20250808  11:48,300.8,300.8,300.8,300.8,1
20250808  11:49,300.95,300.95,300.95,300.95,1
20250808  11:50,300.85,301.2,300.65,301.0,18
20250808  11:51,301.35,301.35,301.35,301.35,1
20250808  11:52,301.2,301.2,301.05,301.1,5
20250808  11:53,301.05,301.2,301.05,301.2,3
20250808  11:54,301.5,301.5,301.2,301.3,8
20250808  11:55,301.25,301.25,300.9,300.9,4
20250808  11:56,301.0,301.0,301.0,301.0,3
20250808  11:57,300.9,301.05,300.9,301.05,6
20250808  11:58,301.05,301.15,301.05,301.15,3
20250808  11:59,301.2,301.3,301.05,301.25,22
20250808  12:00,301.25,301.4,301.25,301.3,14
20250808  12:01,301.45,301.45,301.45,301.45,8
20250808  12:02,301.35,301.6,301.35,301.45,11
20250808  12:03,301.65,301.75,301.55,301.55,10
20250808  12:04,301.45,301.65,301.45,301.6,7
20250808  12:05,301.75,302.4,301.75,302.15,54
20250808  12:06,302.2,302.45,302.2,302.45,8
20250808  12:07,302.3,302.4,302.25,302.4,7
20250808  12:08,302.45,302.85,302.45,302.8,35
20250808  12:09,302.75,302.75,302.4,302.6,15
20250808  12:10,302.6,302.6,302.4,302.6,7
20250808  12:11,302.45,302.65,302.45,302.6,4
20250808  12:12,302.6,302.7,302.3,302.3,20
20250808  12:13,302.4,302.4,302.25,302.25,4
20250808  12:14,302.45,302.45,302.25,302.25,14
20250808  12:15,302.2,302.55,302.1,302.55,5
20250808  12:16,302.4,302.4,302.4,302.4,3
20250808  12:17,302.4,302.4,302.0,302.0,8
20250808  12:18,302.2,302.2,302.1,302.1,9
20250808  12:19,301.95,301.95,301.8,301.8,12
20250808  12:20,302.15,302.2,302.15,302.2,3
20250808  12:21,302.25,302.25,302.0,302.05,13
20250808  12:22,302.0,302.0,301.65,301.9,8
20250808  12:23,301.9,301.9,301.5,301.5,34
20250808  12:24,301.65,301.75,301.65,301.65,4
20250808  12:25,301.75,301.8,301.75,301.8,3
20250808  12:26,301.8,301.8,301.8,301.8,1
20250808  12:27,302.0,302.0,301.85,301.95,13
20250808  12:28,302.05,302.2,302.05,302.2,5
20250808  12:29,302.1,302.1,301.75,301.75,35
20250808  12:30,301.9,302.05,301.75,301.95,27
20250808  12:31,301.8,301.8,301.4,301.4,27
20250808  12:32,301.25,301.25,301.25,301.25,6
20250808  12:33,301.5,301.55,301.5,301.55,4
20250808  12:34,301.65,301.65,301.55,301.55,3
20250808  12:35,301.65,301.85,301.65,301.8,13
20250808  12:36,301.7,301.7,301.6,301.6,7
20250808  12:37,301.5,301.5,301.5,301.5,2
20250808  12:38,301.8,301.8,301.8,301.8,2
20250808  12:39,301.75,301.75,301.75,301.75,1
20250808  12:40,301.7,301.7,301.5,301.5,3
20250808  12:41,301.6,302.5,301.6,302.5,36
20250808  12:42,302.35,302.4,302.25,302.4,19
20250808  12:43,302.5,303.25,302.5,303.0,64
20250808  12:44,303.0,303.3,303.0,303.0,17
20250808  12:45,303.2,303.2,303.0,303.0,21
20250808  12:46,303.05,303.4,303.05,303.25,24
20250808  12:47,303.2,303.2,303.0,303.0,10
20250808  12:48,303.0,303.0,302.65,302.85,8
20250808  12:49,302.85,302.85,302.85,302.85,0
20250808  12:50,303.05,303.2,303.05,303.2,2
20250808  12:51,302.8,303.0,302.75,302.9,12
20250808  12:52,303.0,303.05,303.0,303.05,9
20250808  12:53,303.05,303.4,303.05,303.4,3
20250808  12:54,303.2,303.25,302.85,303.1,9
20250808  12:55,303.25,303.3,302.85,302.85,8
20250808  12:56,302.95,302.95,302.95,302.95,2
20250808  12:57,302.65,302.7,302.65,302.7,3
20250808  12:58,302.7,302.8,302.7,302.8,2
20250808  12:59,302.7,302.7,302.7,302.7,1
20250808  13:00,302.8,303.3,302.8,302.95,27
20250808  13:01,302.85,303.05,302.85,302.95,12
20250808  13:02,302.95,302.95,302.95,302.95,0
20250808  13:03,303.15,303.15,303.15,303.15,1
20250808  13:04,303.4,304.25,303.4,303.95,148
20250808  13:05,304.0,304.2,303.95,304.0,13
20250808  13:06,303.9,303.9,303.8,303.8,7
20250808  13:07,303.85,304.0,303.85,304.0,2
20250808  13:08,303.85,303.95,303.85,303.95,4
20250808  13:09,303.85,304.0,303.7,303.7,7
20250808  13:10,303.75,303.8,303.7,303.8,5
20250808  13:11,303.9,303.9,303.9,303.9,1
20250808  13:12,303.9,304.0,303.9,304.0,5
20250808  13:13,303.9,303.9,303.75,303.75,2
20250808  13:14,303.85,303.95,303.85,303.85,9
20250808  13:15,303.95,304.0,303.45,303.45,16
20250808  13:16,303.4,303.8,303.25,303.8,13
20250808  13:17,303.8,303.85,303.8,303.85,2
20250808  13:18,303.75,303.75,302.85,302.9,19
20250808  13:19,303.0,303.1,303.0,303.1,12
20250808  13:20,303.15,303.2,303.15,303.15,6
20250808  13:21,303.2,303.45,303.15,303.45,7
20250808  13:22,303.65,303.7,303.5,303.5,10
20250808  13:23,303.45,303.65,303.45,303.65,5
20250808  13:24,303.75,303.75,303.2,303.2,14
20250808  13:25,303.1,303.1,303.1,303.1,2
20250808  13:26,303.1,303.45,303.05,303.45,20
20250808  13:27,303.35,303.85,303.35,303.75,5
20250808  13:28,303.65,303.65,303.65,303.65,1
20250808  13:29,303.8,303.8,303.8,303.8,1
20250808  13:30,303.95,304.05,303.95,304.05,3
20250811  10:15,307.0,307.9,305.8,307.9,339
20250811  10:16,307.95,308.3,307.45,307.9,32
20250811  10:17,307.6,308.4,307.35,307.6,31
20250811  10:18,307.45,307.5,307.45,307.45,4
20250811  10:19,307.55,308.5,307.5,308.15,29
20250811  10:20,308.4,308.65,307.95,308.0,39
20250811  10:21,307.85,308.05,307.7,308.0,16
20250811  10:22,307.95,307.95,307.7,307.7,10
20250811  10:23,307.4,307.6,306.55,306.55,25
20250811  10:24,306.55,306.75,306.25,306.25,16
20250811  10:25,306.4,306.75,306.25,306.55,15
20250811  10:26,306.7,306.7,306.55,306.55,13
20250811  10:27,306.6,306.6,306.4,306.4,6
20250811  10:28,306.4,306.4,306.15,306.15,4
20250811  10:29,306.3,306.55,306.3,306.55,9
20250811  10:30,306.8,307.5,306.8,307.25,9
20250811  10:31,307.1,307.1,306.8,306.8,3
20250811  10:32,306.65,306.9,306.45,306.65,15
20250811  10:33,306.65,307.15,306.55,306.95,14
20250811  10:34,306.9,307.4,306.9,307.1,8
20250811  10:35,307.1,307.45,307.0,307.45,9
20250811  10:36,307.65,307.75,307.55,307.55,6
20250811  10:37,307.45,307.55,307.2,307.25,11
20250811  10:38,307.15,307.3,307.15,307.15,5
20250811  10:39,307.15,307.15,307.15,307.15,0
20250811  10:40,307.3,307.35,307.3,307.35,2
20250811  10:41,307.4,307.4,307.0,307.0,10
20250811  10:42,306.8,306.9,306.75,306.85,6
20250811  10:43,306.9,307.05,306.9,307.05,3
20250811  10:44,307.2,307.25,307.2,307.25,2
20250811  10:45,307.3,307.6,307.1,307.4,7
20250811  10:46,307.5,307.75,307.3,307.75,9
20250811  10:47,307.75,307.85,307.55,307.55,6
20250811  10:48,307.75,308.0,307.75,308.0,5
20250811  10:49,308.15,308.15,308.15,308.15,3
20250811  10:50,308.15,308.25,308.1,308.2,6
20250811  10:51,308.35,308.35,307.7,307.75,10
20250811  10:52,307.9,308.05,307.8,307.95,8
20250811  10:53,308.0,308.1,307.8,307.8,8
20250811  10:54,307.9,307.9,307.9,307.9,2
20250811  10:55,307.7,307.7,307.7,307.7,1
20250811  10:56,307.7,307.7,307.7,307.7,0
20250811  10:57,307.95,307.95,307.95,307.95,1
20250811  10:58,307.95,307.95,307.95,307.95,0
20250811  10:59,307.9,308.2,307.9,308.2,16
20250811  11:00,307.9,308.0,307.8,308.0,9
20250811  11:01,307.85,307.85,307.55,307.55,7
20250811  11:02,307.6,307.6,307.6,307.6,3
20250811  11:03,307.35,307.35,307.1,307.25,10
20250811  11:04,306.8,306.9,306.8,306.9,3
20250811  11:05,307.2,307.4,307.2,307.4,5
20250811  11:06,307.1,307.2,307.0,307.2,8
20250811  11:07,307.0,307.05,306.85,307.05,5
20250811  11:08,307.0,307.0,307.0,307.0,1
20250811  11:09,306.8,307.0,306.8,307.0,6
20250811  11:10,307.1,307.35,306.9,306.95,13
20250811  11:11,307.0,307.1,306.95,307.1,5
20250811  11:12,307.15,307.35,307.15,307.35,3
20250811  11:13,307.4,307.5,307.4,307.45,5
20250811  11:14,307.3,307.45,307.3,307.45,4
20250811  11:15,307.4,307.55,307.4,307.45,4
20250811  11:16,307.45,307.45,307.45,307.45,0
20250811  11:17,307.6,307.6,307.5,307.5,2
20250811  11:18,307.6,307.7,307.6,307.6,3
20250811  11:19,307.85,307.85,307.85,307.85,1
20250811  11:20,307.95,308.3,307.95,308.25,19
20250811  11:21,308.45,308.65,308.45,308.45,19
20250811  11:22,308.7,308.8,308.5,308.5,17
20250811  11:23,308.5,308.5,308.3,308.4,10
20250811  11:24,308.35,308.35,308.3,308.3,2
20250811  11:25,308.55,308.55,308.55,308.55,1
20250811  11:26,308.7,308.7,308.7,308.7,1
20250811  11:27,308.65,308.85,308.5,308.5,27
20250811  11:28,308.55,308.6,308.55,308.6,5
20250811  11:29,308.7,308.9,308.6,308.8,18
20250811  11:30,308.55,308.55,308.55,308.55,1
20250811  11:31,308.75,309.35,308.75,309.35,28
20250811  11:32,309.35,309.5,309.35,309.4,10
20250811  11:33,309.45,309.85,309.45,309.85,14
20250811  11:34,309.6,309.65,309.45,309.55,5
20250811  11:35,309.6,309.6,309.5,309.5,3
20250811  11:36,309.5,309.55,309.5,309.55,5
20250811  11:37,309.55,309.55,309.45,309.5,4
20250811  11:38,309.6,309.6,309.45,309.45,3
20250811  11:39,309.6,312.65,309.6,311.75,158
20250811  11:40,311.75,312.45,311.75,312.45,42
20250811  11:41,312.6,313.35,312.3,313.2,47
20250811  11:42,313.25,314.5,313.25,314.0,137
20250811  11:43,313.85,313.85,313.15,313.65,37
20250811  11:44,313.95,314.3,313.85,314.05,23
20250811  11:45,314.05,314.7,314.05,314.35,23
20250811  11:46,314.4,314.55,313.9,314.35,25
20250811  11:47,314.45,314.45,313.75,313.85,23
20250811  11:48,314.15,314.35,314.15,314.2,5
20250811  11:49,314.6,314.6,314.15,314.15,14
20250811  11:50,314.4,314.85,314.4,314.65,18
20250811  11:51,314.6,314.6,314.35,314.35,6
20250811  11:52,314.5,314.6,314.5,314.5,4
20250811  11:53,314.45,314.45,314.3,314.3,2
20250811  11:54,314.5,314.55,314.3,314.55,9
20250811  11:55,314.65,315.75,314.65,315.75,73
20250811  11:56,315.8,316.15,315.8,315.9,33
20250811  11:57,315.85,316.25,315.8,316.05,26
20250811  11:58,316.0,316.6,316.0,316.6,27
20250811  11:59,316.45,316.6,316.3,316.35,17
20250811  12:00,316.1,316.15,315.7,316.15,18
20250811  12:01,316.25,316.55,315.65,316.45,57
20250811  12:02,316.55,316.85,315.7,315.85,47
20250811  12:03,315.8,316.0,315.8,316.0,14
20250811  12:04,316.0,316.0,315.95,315.95,7
20250811  12:05,315.9,315.9,315.65,315.65,3
20250811  12:06,315.75,315.9,315.7,315.7,6
20250811  12:07,315.6,315.75,315.55,315.75,7
20250811  12:08,315.5,315.5,315.2,315.45,7
20250811  12:09,315.4,315.85,315.4,315.45,14
20250811  12:10,315.65,315.85,315.6,315.6,5
20250811  12:11,315.6,315.6,315.6,315.6,0
20250811  12:12,315.5,315.5,315.1,315.2,9
20250811  12:13,315.3,315.5,315.3,315.5,3
20250811  12:14,315.5,315.5,315.5,315.5,0
20250811  12:15,316.0,316.0,316.0,316.0,1
20250811  12:16,316.1,316.15,315.95,315.95,5
20250811  12:17,316.1,316.1,315.85,315.85,4
20250811  12:18,315.7,315.7,315.4,315.5,4
20250811  12:19,315.25,315.45,314.75,314.95,34
20250811  12:20,314.85,315.1,314.55,315.1,13
20250811  12:21,314.9,315.05,314.9,315.05,2
20250811  12:22,315.25,315.5,315.05,315.45,19
20250811  12:23,315.45,315.6,315.45,315.6,2
20250811  12:24,315.65,315.75,315.65,315.75,4
20250811  12:25,315.45,315.7,315.45,315.6,13
20250811  12:26,315.45,315.85,315.45,315.6,26
20250811  12:27,315.45,315.5,315.3,315.35,9
20250811  12:28,315.85,316.25,315.85,316.25,18
20250811  12:29,316.25,316.25,316.25,316.25,2
20250811  12:30,316.4,316.5,316.4,316.5,7
20250811  12:31,316.45,316.65,316.35,316.35,13
20250811  12:32,316.4,316.4,316.1,316.15,5
20250811  12:33,316.35,316.35,316.35,316.35,1
20250811  12:34,316.2,316.85,316.2,316.8,12
20250811  12:35,316.35,316.35,316.35,316.35,1
20250811  12:36,316.25,316.3,316.15,316.15,4
20250811  12:37,316.3,316.35,316.3,316.35,3
20250811  12:38,316.35,316.35,316.35,316.35,0
20250811  12:39,316.45,316.65,316.45,316.65,11
20250811  12:40,316.5,316.85,316.5,316.6,10
20250811  12:41,316.6,316.6,316.6,316.6,0
20250811  12:42,316.35,316.35,316.35,316.35,1
20250811  12:43,316.35,316.35,316.15,316.2,4
20250811  12:44,316.3,316.65,316.25,316.4,7
20250811  12:45,316.4,316.4,316.4,316.4,0
20250811  12:46,316.15,316.15,315.9,315.9,3
20250811  12:47,315.8,315.8,315.6,315.65,7
20250811  12:48,315.75,316.05,315.75,316.05,5
20250811  12:49,316.05,316.05,316.05,316.05,0
20250811  12:50,316.15,316.2,316.15,316.2,3
20250811  12:51,316.2,316.2,316.2,316.2,0
20250811  12:52,316.0,316.15,316.0,316.15,2
20250811  12:53,316.0,316.35,316.0,316.0,5
20250811  12:54,316.2,316.2,316.15,316.15,2
20250811  12:55,316.6,316.7,316.6,316.7,5
20250811  12:56,316.65,316.95,316.65,316.95,4
20250811  12:57,316.75,316.8,316.55,316.8,6
20250811  12:58,316.95,317.2,316.4,316.65,54
20250811  12:59,316.5,316.7,316.5,316.7,2
20250811  13:00,316.25,316.8,315.6,316.5,41
20250811  13:01,316.5,316.5,316.5,316.5,0
20250811  13:02,316.25,316.4,316.25,316.4,2
20250811  13:03,316.7,317.0,316.7,316.7,22
20250811  13:04,316.8,316.8,316.8,316.8,1
20250811  13:05,316.7,316.7,316.7,316.7,1
20250811  13:06,316.65,316.65,316.65,316.65,1
20250811  13:07,316.85,316.85,316.5,316.55,6
20250811  13:08,316.55,316.55,316.55,316.55,1
20250811  13:09,316.35,316.35,316.35,316.35,1
20250811  13:10,316.35,316.35,316.35,316.35,0
20250811  13:11,315.85,316.2,315.85,316.2,13
20250811  13:12,315.95,316.15,315.8,316.15,4
20250811  13:13,315.9,316.0,315.75,316.0,17
20250811  13:14,316.0,316.0,315.9,315.95,4
20250811  13:15,315.85,316.2,315.85,316.2,6
20250811  13:16,316.4,316.4,316.2,316.25,4
20250811  13:17,316.1,316.2,316.1,316.2,5
20250811  13:18,316.2,316.2,316.2,316.2,1
20250811  13:19,316.2,316.3,315.95,315.95,20
20250811  13:20,316.1,316.55,316.1,316.55,3
20250811  13:21,316.25,316.25,315.65,315.65,7
20250811  13:22,315.6,315.8,315.6,315.6,24
20250811  13:23,315.7,315.7,315.4,315.4,7
20250811  13:24,315.6,315.85,315.5,315.5,6
20250811  13:25,315.65,315.65,315.65,315.65,1
20250811  13:26,315.6,315.85,315.6,315.6,3
20250811  13:27,315.6,315.6,315.6,315.6,0
20250811  13:28,315.6,315.6,315.6,315.6,0
20250811  13:29,315.1,315.2,314.95,315.05,17
20250811  13:30,315.0,315.0,315.0,315.0,1
20250812  10:15,320.9,327.0,320.25,326.95,229
20250812  10:16,326.7,326.95,325.4,325.5,55
20250812  10:17,325.85,326.5,325.85,326.25,30
20250812  10:18,326.1,326.2,325.05,325.3,25
20250812  10:19,325.5,325.85,325.05,325.05,26
20250812  10:20,324.95,325.15,323.8,323.85,30
20250812  10:21,323.9,324.3,323.9,324.3,2
20250812  10:22,324.35,324.55,323.6,323.6,7
20250812  10:23,323.55,323.55,323.45,323.45,3
20250812  10:24,323.2,323.2,323.0,323.0,7
20250812  10:25,323.0,323.5,322.9,323.0,12
20250812  10:26,322.9,323.1,322.85,322.85,12
20250812  10:27,322.1,322.45,321.5,321.55,60
20250812  10:28,321.5,322.05,321.35,321.35,8
20250812  10:29,321.45,321.65,321.45,321.65,8
20250812  10:30,321.2,322.65,321.2,322.65,11
20250812  10:31,322.7,322.7,322.7,322.7,1
20250812  10:32,323.25,323.3,322.75,322.75,7
20250812  10:33,323.0,323.0,322.1,322.1,4
20250812  10:34,321.45,321.65,321.45,321.65,2
20250812  10:35,321.5,321.6,321.4,321.4,6
20250812  10:36,321.2,321.3,320.0,320.45,26
20250812  10:37,320.0,320.0,319.65,319.85,8
20250812  10:38,319.8,319.8,319.45,319.45,3
20250812  10:39,319.5,319.75,319.5,319.75,2
20250812  10:40,319.55,319.9,319.55,319.9,4
20250812  10:41,320.0,320.3,319.95,320.0,9
20250812  10:42,320.0,320.0,318.8,319.25,25
20250812  10:43,319.25,319.6,318.05,318.05,16
20250812  10:44,318.0,318.1,317.85,318.1,7
20250812  10:45,319.15,319.15,318.75,318.75,5
20250812  10:46,318.95,319.3,318.95,319.3,5
20250812  10:47,319.3,319.3,319.3,319.3,0
20250812  10:48,319.3,319.3,319.3,319.3,0
20250812  10:49,319.05,319.05,318.15,318.4,8
20250812  10:50,318.8,318.8,318.45,318.45,7
20250812  10:51,317.6,317.6,317.6,317.6,7
20250812  10:52,317.5,317.5,317.2,317.2,7
20250812  10:53,317.15,317.15,316.7,316.9,12
20250812  10:54,317.5,317.55,317.5,317.55,6
20250812  10:55,318.0,318.0,317.95,317.95,2
20250812  10:56,317.95,317.95,317.95,317.95,0
20250812  10:57,317.5,317.5,316.4,316.5,11
20250812  10:58,316.35,316.55,316.3,316.55,7
20250812  10:59,316.6,316.6,316.55,316.55,2
20250812  11:00,316.0,316.0,315.2,315.2,19
20250812  11:01,315.4,315.4,314.95,314.95,16
20250812  11:02,315.6,315.7,315.45,315.55,9
20250812  11:03,315.95,315.95,315.95,315.95,1
20250812  11:04,315.95,315.95,315.95,315.95,0
20250812  11:05,315.95,315.95,315.95,315.95,0
20250812  11:06,315.5,315.5,315.5,315.5,1
20250812  11:07,315.7,315.95,315.45,315.45,3
20250812  11:08,315.35,315.35,315.0,315.0,6
20250812  11:09,315.1,315.1,315.1,315.1,2
20250812  11:10,315.6,315.65,315.35,315.35,11
20250812  11:11,315.25,315.25,315.25,315.25,2
20250812  11:12,315.2,315.3,315.2,315.3,2
20250812  11:13,315.3,315.35,315.3,315.35,3
20250812  11:14,315.2,315.2,315.15,315.15,6
20250812  11:15,315.65,315.65,315.65,315.65,1
20250812  11:16,315.65,315.65,315.3,315.3,10
20250812  11:17,315.1,315.1,314.7,314.7,2
20250812  11:18,314.8,315.1,314.7,315.1,6
20250812  11:19,315.0,315.0,315.0,315.0,2
20250812  11:20,314.7,314.8,314.7,314.8,3
20250812  11:21,314.7,314.7,313.85,313.85,12
20250812  11:22,313.85,313.85,313.85,313.85,3
20250812  11:23,313.85,313.85,313.85,313.85,0
20250812  11:24,314.25,314.25,314.25,314.25,1
20250812  11:25,314.05,314.05,314.05,314.05,1
20250812  11:26,313.9,313.9,313.8,313.9,3
20250812  11:27,313.65,313.65,313.65,313.65,1
20250812  11:28,313.55,313.95,313.55,313.95,8
20250812  11:29,313.75,313.75,313.75,313.75,4
20250812  11:30,313.7,313.7,313.7,313.7,1
20250812  11:31,313.65,313.7,313.65,313.7,6
20250812  11:32,313.9,313.9,313.9,313.9,1
20250812  11:33,314.15,314.2,314.0,314.2,10
20250812  11:34,314.2,314.2,314.2,314.2,0
20250812  11:35,314.0,314.25,313.7,314.15,51
20250812  11:36,314.25,314.25,314.0,314.0,6
20250812  11:37,314.25,314.75,314.25,314.6,15
20250812  11:38,314.6,315.3,314.6,315.25,89
20250812  11:39,315.3,315.4,314.3,314.3,25
20250812  11:40,314.15,314.15,314.1,314.1,6
20250812  11:41,314.45,314.65,314.4,314.6,11
20250812  11:42,314.6,314.6,314.6,314.6,0
20250812  11:43,314.7,315.0,314.7,315.0,2
20250812  11:44,315.0,315.0,315.0,315.0,1
20250812  11:45,315.0,315.0,315.0,315.0,0
20250812  11:46,315.1,315.1,314.95,314.95,3
20250812  11:47,315.0,315.0,315.0,315.0,2
20250812  11:48,315.0,315.0,315.0,315.0,1
20250812  11:49,315.0,315.0,315.0,315.0,0
20250812  11:50,315.0,315.0,315.0,315.0,0
20250812  11:51,315.0,315.0,315.0,315.0,0
20250812  11:52,314.85,315.1,314.85,315.1,4
20250812  11:53,314.95,314.95,314.85,314.85,2
20250812  11:54,315.1,315.1,314.4,314.4,5
20250812  11:55,314.35,314.35,314.35,314.35,1
20250812  11:56,314.55,314.55,314.55,314.55,1
20250812  11:57,314.5,314.5,314.5,314.5,1
20250812  11:58,314.5,314.5,314.5,314.5,0
20250812  11:59,315.0,315.0,315.0,315.0,2
20250812  12:00,314.7,314.7,313.5,313.5,17
20250812  12:01,313.85,313.85,313.85,313.85,1
20250812  12:02,314.1,314.1,313.6,313.9,6
20250812  12:03,313.8,313.8,313.8,313.8,1
20250812  12:04,313.7,313.7,313.7,313.7,1
20250812  12:05,313.6,313.65,313.6,313.65,7
20250812  12:06,313.75,313.85,313.55,313.85,4
20250812  12:07,313.85,313.85,313.85,313.85,0
20250812  12:08,314.65,314.65,314.0,314.0,7
20250812  12:09,314.1,314.1,313.95,313.95,3
20250812  12:10,313.85,313.85,313.85,313.85,1
20250812  12:11,313.85,313.85,313.85,313.85,0
20250812  12:12,314.05,314.1,314.05,314.1,2
20250812  12:13,314.4,314.4,314.4,314.4,2
20250812  12:14,314.25,314.4,314.25,314.4,2
20250812  12:15,314.45,314.5,314.45,314.5,2
20250812  12:16,314.25,314.25,314.25,314.25,1
20250812  12:17,314.35,314.4,314.2,314.4,4
20250812  12:18,314.3,314.5,314.3,314.3,3
20250812  12:19,314.55,314.55,314.55,314.55,1
20250812  12:20,314.55,314.55,314.55,314.55,0
20250812  12:21,314.7,314.7,314.7,314.7,1
20250812  12:22,314.6,314.6,314.55,314.55,2
20250812  12:23,314.9,314.9,314.9,314.9,2
20250812  12:24,314.65,314.65,314.65,314.65,1
20250812  12:25,314.95,315.2,314.95,315.2,4
20250812  12:26,315.15,315.3,315.15,315.15,4
20250812  12:27,315.35,315.35,315.35,315.35,6
20250812  12:28,315.35,315.35,315.35,315.35,0
20250812  12:29,315.35,315.35,315.35,315.35,0
20250812  12:30,314.8,314.8,314.5,314.5,2
20250812  12:31,314.5,315.0,314.5,315.0,3
20250812  12:32,315.1,315.1,315.1,315.1,10
20250812  12:33,315.05,315.05,315.05,315.05,2
20250812  12:34,315.2,315.2,315.2,315.2,1
20250812  12:35,315.1,315.3,315.05,315.05,4
20250812  12:36,315.05,315.05,315.05,315.05,1
20250812  12:37,315.0,315.0,314.85,314.85,4
20250812  12:38,314.9,315.0,314.9,315.0,3
20250812  12:39,314.75,314.75,314.75,314.75,1
20250812  12:40,314.75,314.75,314.75,314.75,0
20250812  12:41,314.3,314.3,314.15,314.15,2
20250812  12:42,314.4,314.4,314.4,314.4,2
20250812  12:43,314.4,314.4,314.4,314.4,0
20250812  12:44,314.0,314.0,314.0,314.0,1
20250812  12:45,314.25,314.25,314.25,314.25,2
20250812  12:46,314.25,314.25,314.25,314.25,0
20250812  12:47,314.25,314.25,314.25,314.25,0
20250812  12:48,314.25,314.25,314.25,314.25,0
20250812  12:49,314.25,314.25,314.25,314.25,0
20250812  12:50,314.25,314.25,314.1,314.15,5
20250812  12:51,314.15,314.15,314.15,314.15,0
20250812  12:52,314.15,314.15,314.15,314.15,0
20250812  12:53,314.15,314.15,314.15,314.15,0
20250812  12:54,314.05,314.05,314.05,314.05,1
20250812  12:55,314.05,314.05,314.05,314.05,0
20250812  12:56,314.05,314.05,314.05,314.05,0
20250812  12:57,314.05,314.05,314.05,314.05,0
20250812  12:58,314.5,314.5,314.5,314.5,5
20250812  12:59,314.5,314.5,314.5,314.5,0
20250812  13:00,313.8,313.8,313.45,313.45,6
20250812  13:01,313.5,313.65,313.4,313.6,16
20250812  13:02,313.45,313.45,312.75,312.95,36
20250812  13:03,312.8,312.95,312.6,312.75,13
20250812  13:04,312.6,312.6,312.25,312.25,8
20250812  13:05,312.6,312.75,312.5,312.5,7
20250812  13:06,312.35,312.45,312.35,312.45,2
20250812  13:07,312.45,312.45,312.4,312.4,5
20250812  13:08,312.4,312.4,312.4,312.4,0
20250812  13:09,312.4,312.85,312.4,312.55,9
20250812  13:10,312.45,312.6,312.45,312.45,3
20250812  13:11,312.25,312.25,311.8,311.8,4
20250812  13:12,311.8,311.9,311.8,311.8,4
20250812  13:13,311.8,311.8,311.8,311.8,0
20250812  13:14,312.5,312.5,312.5,312.5,1
20250812  13:15,312.5,312.5,312.5,312.5,0
20250812  13:16,312.25,312.5,312.25,312.5,2
20250812  13:17,312.7,312.7,312.65,312.65,2
20250812  13:18,312.65,312.65,312.65,312.65,0
20250812  13:19,312.85,312.9,312.65,312.65,4
20250812  13:20,312.6,312.6,312.45,312.45,2
20250812  13:21,312.4,312.4,312.15,312.15,2
20250812  13:22,312.05,312.05,312.0,312.0,2
20250812  13:23,312.0,312.0,312.0,312.0,1
20250812  13:24,311.9,311.95,311.4,311.85,27
20250812  13:25,311.75,311.75,311.3,311.3,22
20250812  13:26,311.3,311.3,311.3,311.3,0
20250812  13:27,311.5,311.8,311.5,311.8,5
20250812  13:28,311.95,312.15,311.95,312.15,8
20250812  13:29,312.05,312.15,311.65,312.15,35
20250812  13:30,312.5,312.5,312.4,312.4,4
20250813  10:15,317.35,318.7,317.0,318.7,59
20250813  10:16,318.3,318.65,318.3,318.55,8
20250813  10:17,318.7,318.95,318.7,318.9,7
20250813  10:18,318.5,319.1,318.5,319.1,15
20250813  10:19,319.1,319.2,319.1,319.2,2
20250813  10:20,319.1,319.1,318.75,318.85,6
20250813  10:21,318.55,318.55,318.55,318.55,1
20250813  10:22,318.5,318.8,317.6,318.25,33
20250813  10:23,318.05,318.15,318.05,318.15,2
20250813  10:24,317.85,317.85,317.85,317.85,1
20250813  10:25,317.5,317.5,316.95,317.15,16
20250813  10:26,317.3,317.35,317.3,317.35,5
20250813  10:27,316.05,316.3,316.0,316.2,7
20250813  10:28,316.2,316.2,316.2,316.2,0
20250813  10:29,316.2,316.2,316.2,316.2,0
20250813  10:30,317.4,317.5,317.15,317.25,15
20250813  10:31,316.7,316.7,316.7,316.7,1
20250813  10:32,316.85,316.85,316.85,316.85,1
20250813  10:33,316.85,316.85,316.85,316.85,0
20250813  10:34,316.85,316.85,316.85,316.85,0
20250813  10:35,316.85,316.85,316.85,316.85,0
20250813  10:36,317.35,317.65,317.25,317.65,13
20250813  10:37,318.05,318.5,317.85,318.5,8
20250813  10:38,318.3,318.3,318.3,318.3,1
20250813  10:39,318.75,318.9,318.75,318.75,15
20250813  10:40,318.4,318.7,318.3,318.6,6
20250813  10:41,318.6,318.6,318.6,318.6,9
20250813  10:42,318.65,318.9,318.4,318.4,8
20250813  10:43,318.9,319.1,318.9,319.1,10
20250813  10:44,319.05,319.05,318.9,318.9,3
20250813  10:45,318.85,319.25,318.85,319.25,6
20250813  10:46,319.05,319.05,318.9,318.9,2
20250813  10:47,319.15,319.15,318.95,318.95,2
20250813  10:48,318.95,318.95,318.95,318.95,0
20250813  10:49,318.75,318.75,318.75,318.75,1
20250813  10:50,318.75,318.75,318.75,318.75,0
20250813  10:51,318.75,318.85,318.75,318.75,3
20250813  10:52,318.75,318.75,318.75,318.75,0
20250813  10:53,318.1,318.1,318.1,318.1,2
20250813  10:54,318.1,318.1,318.1,318.1,0
20250813  10:55,318.2,318.55,318.2,318.55,6
20250813  10:56,318.55,318.55,318.55,318.55,0
20250813  10:57,318.95,319.0,318.95,319.0,8
20250813  10:58,318.5,318.5,318.15,318.15,5
20250813  10:59,318.3,318.7,318.3,318.4,11
20250813  11:00,318.4,318.65,318.4,318.65,5
20250813  11:01,318.7,318.7,318.7,318.7,2
20250813  11:02,318.4,318.4,318.1,318.1,11
20250813  11:03,318.55,318.55,318.55,318.55,1
20250813  11:04,318.55,318.55,318.55,318.55,0
20250813  11:05,318.25,318.55,318.25,318.55,4
20250813  11:06,318.5,318.75,318.5,318.75,4
20250813  11:07,318.75,318.75,318.75,318.75,0
20250813  11:08,318.7,318.7,318.7,318.7,2
20250813  11:09,318.3,318.3,318.3,318.3,1
20250813  11:10,318.3,318.3,318.3,318.3,0
20250813  11:11,318.3,318.3,318.3,318.3,0
20250813  11:12,318.3,318.3,318.3,318.3,0
20250813  11:13,318.3,318.3,318.3,318.3,2
20250813  11:14,318.3,318.3,318.3,318.3,0
20250813  11:15,318.3,318.3,318.3,318.3,1
20250813  11:16,318.1,318.1,318.0,318.0,2
20250813  11:17,317.95,317.95,317.5,317.5,17
20250813  11:18,317.5,317.5,317.5,317.5,0
20250813  11:19,316.7,316.95,316.7,316.9,6
20250813  11:20,316.9,316.9,316.65,316.65,3
20250813  11:21,316.8,316.8,316.8,316.8,1
20250813  11:22,317.15,317.15,317.15,317.15,1
20250813  11:23,317.3,317.3,317.3,317.3,1
20250813  11:24,317.3,317.3,317.3,317.3,0
20250813  11:25,317.35,317.35,317.35,317.35,2
20250813  11:26,317.1,317.6,317.05,317.6,10
20250813  11:27,317.35,317.35,317.35,317.35,1
20250813  11:28,317.35,317.35,317.35,317.35,1
20250813  11:29,317.35,317.35,317.35,317.35,0
20250813  11:30,317.35,317.35,317.35,317.35,0
20250813  11:31,317.35,317.35,317.35,317.35,0
20250813  11:32,316.75,316.75,316.65,316.75,7
20250813  11:33,316.65,316.65,316.5,316.5,4
20250813  11:34,316.6,316.6,316.6,316.6,3
20250813  11:35,316.5,316.5,316.4,316.4,2
20250813  11:36,316.45,316.55,316.45,316.45,3
20250813  11:37,316.55,316.55,316.55,316.55,3
20250813  11:38,316.55,316.55,316.55,316.55,0
20250813  11:39,316.9,316.9,316.65,316.75,8
20250813  11:40,316.75,316.75,316.75,316.75,0
20250813  11:41,316.7,316.7,316.7,316.7,2
20250813  11:42,316.7,316.7,316.7,316.7,0
20250813  11:43,316.7,316.7,316.7,316.7,0
20250813  11:44,316.7,316.7,316.7,316.7,0
20250813  11:45,316.7,316.7,316.7,316.7,0
20250813  11:46,317.1,317.1,317.1,317.1,1
20250813  11:47,317.1,317.1,317.1,317.1,0
20250813  11:48,317.1,317.1,317.1,317.1,0
20250813  11:49,317.1,317.1,317.1,317.1,0
20250813  11:50,317.1,317.1,317.1,317.1,1
20250813  11:51,317.1,317.1,317.1,317.1,0
20250813  11:52,317.5,317.5,317.5,317.5,1
20250813  11:53,317.5,317.5,317.5,317.5,0
20250813  11:54,317.75,317.75,317.75,317.75,1
20250813  11:55,318.0,318.1,318.0,318.1,2
20250813  11:56,317.9,317.9,317.85,317.85,3
20250813  11:57,317.85,317.85,317.85,317.85,0
20250813  11:58,317.7,317.7,317.7,317.7,1
20250813  11:59,317.95,318.15,317.95,318.15,2
20250813  12:00,318.15,318.15,318.15,318.15,0
20250813  12:01,318.0,318.0,318.0,318.0,1
20250813  12:02,318.35,318.35,318.35,318.35,1
20250813  12:03,318.35,318.35,318.35,318.35,0
20250813  12:04,317.7,317.85,317.65,317.85,3
20250813  12:05,317.85,317.85,317.85,317.85,0
20250813  12:06,317.85,317.85,317.85,317.85,0
20250813  12:07,317.85,317.85,317.85,317.85,0
20250813  12:08,317.95,317.95,317.95,317.95,2
20250813  12:09,317.75,317.75,317.75,317.75,1
20250813  12:10,317.75,317.75,317.75,317.75,0
20250813  12:11,317.85,317.85,317.6,317.6,4
20250813  12:12,317.5,317.5,317.5,317.5,1
20250813  12:13,317.4,317.65,317.4,317.65,3
20250813  12:14,317.65,317.65,317.65,317.65,0
20250813  12:15,317.9,317.9,317.9,317.9,1
20250813  12:16,317.9,317.9,317.9,317.9,0
20250813  12:17,317.85,317.85,317.85,317.85,2
20250813  12:18,317.85,317.85,317.85,317.85,0
20250813  12:19,317.85,317.85,317.85,317.85,0
20250813  12:20,317.85,317.85,317.85,317.85,0
20250813  12:21,317.6,317.6,317.6,317.6,1
20250813  12:22,317.8,317.8,317.8,317.8,1
20250813  12:23,317.8,317.8,317.8,317.8,0
20250813  12:24,317.8,317.8,317.8,317.8,0
20250813  12:25,317.8,317.8,317.8,317.8,0
20250813  12:26,318.1,318.75,318.1,318.75,5
20250813  12:27,318.6,318.9,318.6,318.9,15
20250813  12:28,318.85,318.85,318.7,318.8,7
20250813  12:29,318.5,318.5,318.5,318.5,3
20250813  12:30,318.75,319.25,318.75,319.25,5
20250813  12:31,319.1,319.55,319.1,319.55,7
20250813  12:32,319.15,319.15,318.95,319.15,4
20250813  12:33,319.1,319.1,318.9,319.1,9
20250813  12:34,318.9,318.9,318.9,318.9,4
20250813  12:35,318.9,318.9,318.9,318.9,0
20250813  12:36,319.1,319.1,319.1,319.1,2
20250813  12:37,319.1,319.1,319.1,319.1,0
20250813  12:38,319.1,319.1,319.1,319.1,0
20250813  12:39,318.85,319.05,318.85,319.05,2
20250813  12:40,319.05,319.05,319.05,319.05,0
20250813  12:41,319.05,319.05,319.05,319.05,0
20250813  12:42,319.05,319.05,319.05,319.05,0
20250813  12:43,319.4,319.4,319.4,319.4,1
20250813  12:44,319.3,319.3,319.3,319.3,2
20250813  12:45,319.5,319.5,319.5,319.5,1
20250813  12:46,319.5,319.5,319.45,319.5,3
20250813  12:47,319.45,319.45,319.45,319.45,1
20250813  12:48,319.75,319.9,319.75,319.9,3
20250813  12:49,319.95,320.3,319.95,320.2,15
20250813  12:50,320.2,320.2,320.2,320.2,0
20250813  12:51,320.05,320.2,320.05,320.2,2
20250813  12:52,319.8,319.8,319.8,319.8,4
20250813  12:53,319.8,319.8,319.8,319.8,0
20250813  12:54,319.8,319.8,319.8,319.8,0
20250813  12:55,320.0,320.0,320.0,320.0,2
20250813  12:56,319.55,319.55,319.55,319.55,1
20250813  12:57,319.75,319.75,319.75,319.75,1
20250813  12:58,319.7,319.7,319.7,319.7,1
20250813  12:59,319.35,319.35,319.35,319.35,2
20250813  13:00,319.25,319.25,319.25,319.25,1
20250813  13:01,319.25,319.25,319.25,319.25,0
20250813  13:02,319.25,319.25,319.25,319.25,0
20250813  13:03,319.25,319.25,319.25,319.25,0
20250813  13:04,319.4,319.4,319.1,319.1,4
20250813  13:05,318.9,319.35,318.9,319.35,4
20250813  13:06,319.35,319.35,319.35,319.35,0
20250813  13:07,319.5,319.5,319.5,319.5,1
20250813  13:08,319.5,319.5,319.5,319.5,0
20250813  13:09,319.3,319.65,319.3,319.65,3
20250813  13:10,319.65,319.65,319.65,319.65,0
20250813  13:11,319.8,319.8,319.8,319.8,1
20250813  13:12,319.8,319.8,319.8,319.8,0
20250813  13:13,319.95,320.1,319.95,320.1,10
20250813  13:14,320.45,320.45,320.25,320.45,11
20250813  13:15,320.55,320.7,320.55,320.6,11
20250813  13:16,320.2,320.2,320.2,320.2,3
20250813  13:17,320.15,320.15,320.15,320.15,6
20250813  13:18,319.9,319.9,319.75,319.75,3
20250813  13:19,319.75,319.75,319.75,319.75,0
20250813  13:20,320.15,320.15,320.1,320.1,7
20250813  13:21,320.0,320.0,320.0,320.0,1
20250813  13:22,320.0,320.0,320.0,320.0,0
20250813  13:23,319.95,320.0,319.85,319.85,4
20250813  13:24,319.85,319.85,319.85,319.85,0
20250813  13:25,319.9,320.0,319.9,320.0,9
20250813  13:26,319.95,320.0,319.95,320.0,5
20250813  13:27,320.0,320.0,320.0,320.0,0
20250813  13:28,319.85,319.85,319.85,319.85,1
20250813  13:29,319.85,319.85,319.85,319.85,0
20250813  13:30,320.2,320.2,320.2,320.2,6
20250814  10:15,319.45,323.35,319.45,320.6,117
20250814  10:16,320.4,320.5,320.15,320.15,13
20250814  10:17,320.15,320.15,320.15,320.15,0
20250814  10:18,320.05,320.05,320.05,320.05,1
20250814  10:19,320.45,320.75,320.45,320.75,2
20250814  10:20,320.6,320.85,320.6,320.85,3
20250814  10:21,320.85,320.85,320.85,320.85,0
20250814  10:22,320.95,321.45,320.95,321.45,2
20250814  10:23,321.45,321.45,321.45,321.45,1
20250814  10:24,321.3,321.3,320.9,320.9,7
20250814  10:25,320.8,320.8,320.25,320.25,5
20250814  10:26,320.25,320.25,320.25,320.25,0
20250814  10:27,320.5,320.5,319.95,319.95,5
20250814  10:28,319.85,319.85,319.85,319.85,1
20250814  10:29,319.8,319.8,319.8,319.8,1
20250814  10:30,319.75,319.95,319.75,319.95,6
20250814  10:31,320.1,320.1,320.1,320.1,1
20250814  10:32,320.05,320.15,320.05,320.15,3
20250814  10:33,320.15,320.15,320.15,320.15,0
20250814  10:34,320.15,320.15,320.15,320.15,0
20250814  10:35,320.0,320.0,319.7,319.7,5
20250814  10:36,319.7,319.7,319.7,319.7,0
20250814  10:37,320.1,320.1,320.1,320.1,1
20250814  10:38,320.1,320.1,320.1,320.1,0
20250814  10:39,319.85,319.85,319.85,319.85,1
20250814  10:40,319.85,319.85,319.85,319.85,0
20250814  10:41,319.9,319.9,319.6,319.6,5
20250814  10:42,319.9,319.9,319.9,319.9,1
20250814  10:43,319.9,319.9,319.9,319.9,0
20250814  10:44,319.9,319.9,319.9,319.9,0
20250814  10:45,319.9,319.9,319.9,319.9,0
20250814  10:46,319.9,319.9,319.9,319.9,0
20250814  10:47,319.9,319.9,319.9,319.9,0
20250814  10:48,320.1,320.1,320.1,320.1,1
20250814  10:49,320.1,320.1,320.1,320.1,0
20250814  10:50,320.1,320.1,320.1,320.1,0
20250814  10:51,320.1,320.1,320.1,320.1,0
20250814  10:52,320.1,320.1,320.1,320.1,0
20250814  10:53,320.1,320.1,320.1,320.1,0
20250814  10:54,320.1,320.1,320.1,320.1,0
20250814  10:55,320.1,320.1,320.1,320.1,0
20250814  10:56,320.5,320.5,320.5,320.5,2
20250814  10:57,320.2,320.4,320.2,320.4,6
20250814  10:58,320.4,320.4,320.4,320.4,0
20250814  10:59,320.4,320.4,320.4,320.4,0
20250814  11:00,319.45,319.45,319.45,319.45,2
20250814  11:01,319.45,319.45,319.45,319.45,0
20250814  11:02,320.35,320.35,320.35,320.35,3
20250814  11:03,320.3,320.3,320.3,320.3,3
20250814  11:04,320.3,320.3,320.3,320.3,0
20250814  11:05,320.3,320.3,320.3,320.3,0
20250814  11:06,320.3,320.3,320.3,320.3,0
20250814  11:07,320.3,320.3,320.3,320.3,0
20250814  11:08,320.3,320.3,320.3,320.3,0
20250814  11:09,320.3,320.3,320.3,320.3,0
20250814  11:10,320.3,320.3,320.3,320.3,0
20250814  11:11,320.05,320.3,320.05,320.3,3
20250814  11:12,320.3,320.3,320.3,320.3,0
20250814  11:13,320.75,320.75,320.75,320.75,1
20250814  11:14,320.85,320.85,320.85,320.85,1
20250814  11:15,320.85,320.85,320.85,320.85,0
20250814  11:16,321.3,321.4,321.1,321.1,3
20250814  11:17,321.1,321.1,321.1,321.1,0
20250814  11:18,321.35,321.75,321.35,321.75,4
20250814  11:19,321.55,321.55,321.55,321.55,1
20250814  11:20,321.6,321.6,321.6,321.6,1
20250814  11:21,321.85,321.85,321.6,321.6,3
20250814  11:22,321.6,321.6,321.6,321.6,0
20250814  11:23,321.95,321.95,321.95,321.95,3
20250814  11:24,321.95,321.95,321.95,321.95,0
20250814  11:25,321.85,321.85,321.85,321.85,1
20250814  11:26,322.25,322.7,322.25,322.7,2
20250814  11:27,322.7,322.7,322.7,322.7,0
20250814  11:28,322.7,322.7,322.7,322.7,0
20250814  11:29,322.7,322.7,322.7,322.7,0
20250814  11:30,321.45,321.45,321.45,321.45,1
20250814  11:31,321.45,321.45,321.45,321.45,0
20250814  11:32,321.45,321.45,321.45,321.45,0
20250814  11:33,321.45,321.45,321.45,321.45,0
20250814  11:34,321.45,321.45,321.45,321.45,0
20250814  11:35,321.65,321.65,321.65,321.65,1
20250814  11:36,321.45,322.3,321.45,322.3,2
20250814  11:37,322.25,322.6,322.25,322.3,4
20250814  11:38,322.6,322.6,322.6,322.6,1
20250814  11:39,322.85,322.85,322.8,322.8,3
20250814  11:40,323.15,323.15,323.15,323.15,1
20250814  11:41,323.15,323.15,323.15,323.15,0
20250814  11:42,323.15,323.15,323.15,323.15,0
20250814  11:43,322.4,322.4,322.4,322.4,1
20250814  11:44,322.55,322.55,322.45,322.45,3
20250814  11:45,322.45,322.45,322.45,322.45,0
20250814  11:46,322.45,322.45,322.45,322.45,1
20250814  11:47,322.45,322.45,322.45,322.45,0
20250814  11:48,322.45,322.45,322.45,322.45,0
20250814  11:49,322.5,322.5,322.2,322.2,6
20250814  11:50,322.2,322.2,322.2,322.2,0
20250814  11:51,322.2,322.2,322.2,322.2,0
20250814  11:52,322.2,322.2,322.2,322.2,0
20250814  11:53,322.2,322.2,322.2,322.2,0
20250814  11:54,322.2,322.2,322.2,322.2,0
20250814  11:55,322.2,322.2,322.2,322.2,0
20250814  11:56,322.2,322.2,322.2,322.2,0
20250814  11:57,322.2,322.2,322.2,322.2,0
20250814  11:58,322.2,322.2,322.2,322.2,0
20250814  11:59,322.2,322.2,322.2,322.2,0
20250814  12:00,322.2,322.2,322.2,322.2,0
20250814  12:01,321.95,321.95,321.95,321.95,1
20250814  12:02,322.0,322.0,322.0,322.0,2
20250814  12:03,322.0,322.0,322.0,322.0,0
20250814  12:04,322.0,322.0,322.0,322.0,0
20250814  12:05,322.15,322.5,322.15,322.5,7
20250814  12:06,322.35,322.35,322.35,322.35,13
20250814  12:07,322.35,322.35,322.35,322.35,1
20250814  12:08,322.3,322.3,322.15,322.15,6
20250814  12:09,322.15,322.15,322.15,322.15,0
20250814  12:10,322.0,322.0,322.0,322.0,2
20250814  12:11,322.0,322.0,322.0,322.0,0
20250814  12:12,321.7,321.85,321.7,321.85,2
20250814  12:13,321.85,321.85,321.85,321.85,0
20250814  12:14,322.1,322.35,322.1,322.35,2
20250814  12:15,322.35,322.35,322.35,322.35,0
20250814  12:16,322.35,322.35,322.35,322.35,0
20250814  12:17,322.35,322.35,322.35,322.35,0
20250814  12:18,322.1,322.1,322.1,322.1,1
20250814  12:19,322.1,322.1,322.1,322.1,0
20250814  12:20,322.1,322.1,322.1,322.1,0
20250814  12:21,322.1,322.1,322.1,322.1,0
20250814  12:22,322.05,322.3,322.05,322.3,6
20250814  12:23,322.2,322.2,322.2,322.2,1
20250814  12:24,322.2,322.2,322.2,322.2,0
20250814  12:25,321.55,321.55,321.55,321.55,1
20250814  12:26,321.15,321.15,321.15,321.15,2
20250814  12:27,321.15,321.15,321.15,321.15,0
20250814  12:28,321.2,321.2,321.15,321.15,2
20250814  12:29,321.15,321.15,321.15,321.15,0
20250814  12:30,320.85,320.85,320.6,320.8,16
20250814  12:31,321.1,321.15,321.1,321.15,2
20250814  12:32,321.25,321.25,321.25,321.25,1
20250814  12:33,321.1,321.1,321.1,321.1,1
20250814  12:34,321.1,321.1,321.1,321.1,0
20250814  12:35,320.95,321.0,320.95,321.0,2
20250814  12:36,320.9,320.9,320.9,320.9,1
20250814  12:37,320.9,320.9,320.9,320.9,0
20250814  12:38,320.9,320.9,320.9,320.9,1
20250814  12:39,320.9,320.9,320.9,320.9,0
20250814  12:40,321.1,321.1,321.1,321.1,2
20250814  12:41,321.1,321.1,321.1,321.1,0
20250814  12:42,321.1,321.1,321.1,321.1,0
20250814  12:43,321.1,321.1,321.1,321.1,0
20250814  12:44,321.25,321.25,321.25,321.25,2
20250814  12:45,321.55,321.55,321.55,321.55,1
20250814  12:46,321.55,321.55,321.55,321.55,0
20250814  12:47,321.5,321.5,321.5,321.5,1
20250814  12:48,321.95,322.4,321.95,322.4,6
20250814  12:49,322.4,322.4,322.4,322.4,0
20250814  12:50,322.6,322.6,322.6,322.6,3
20250814  12:51,322.6,322.6,322.6,322.6,0
20250814  12:52,322.6,322.6,322.6,322.6,0
20250814  12:53,323.0,323.0,323.0,323.0,2
20250814  12:54,323.15,324.9,323.15,323.4,30
20250814  12:55,323.6,323.6,322.3,322.3,59
20250814  12:56,322.25,322.25,322.25,322.25,1
20250814  12:57,322.25,322.25,322.25,322.25,0
20250814  12:58,322.7,322.7,322.7,322.7,1
20250814  12:59,322.7,322.7,322.7,322.7,0
20250814  13:00,322.7,322.7,322.7,322.7,0
20250814  13:01,322.7,322.7,322.7,322.7,0
20250814  13:02,322.7,322.7,322.7,322.7,0
20250814  13:03,322.6,322.6,322.6,322.6,3
20250814  13:04,322.65,322.65,322.65,322.65,1
20250814  13:05,322.9,322.9,322.9,322.9,1
20250814  13:06,322.85,322.85,322.85,322.85,1
20250814  13:07,322.85,322.85,322.85,322.85,0
20250814  13:08,322.9,322.9,322.9,322.9,1
20250814  13:09,322.9,322.9,322.9,322.9,0
20250814  13:10,322.9,322.9,322.9,322.9,0
20250814  13:11,322.9,322.9,322.9,322.9,0
20250814  13:12,322.9,322.9,322.9,322.9,0
20250814  13:13,322.55,322.55,321.95,321.95,5
20250814  13:14,321.8,321.8,321.25,321.3,9
20250814  13:15,321.4,321.4,321.0,321.0,9
20250814  13:16,321.45,321.55,321.45,321.5,4
20250814  13:17,321.5,321.5,321.5,321.5,0
20250814  13:18,321.5,321.5,321.5,321.5,0
20250814  13:19,321.4,321.4,321.4,321.4,2
20250814  13:20,321.5,321.5,321.5,321.5,5
20250814  13:21,321.6,321.6,321.6,321.6,1
20250814  13:22,321.6,321.6,321.6,321.6,0
20250814  13:23,321.65,321.85,321.65,321.75,8
20250814  13:24,321.95,322.15,321.95,322.15,6
20250814  13:25,321.8,322.1,321.8,322.1,3
20250814  13:26,322.1,322.1,322.1,322.1,0
20250814  13:27,321.45,321.45,321.45,321.45,1
20250814  13:28,321.45,321.45,321.45,321.45,0
20250814  13:29,321.45,321.45,321.45,321.45,0
20250814  13:30,321.35,321.35,321.35,321.35,1
20250815  10:15,329.1,329.1,327.3,327.7,30
20250815  10:16,328.25,328.25,327.65,327.7,8
20250815  10:17,328.05,328.05,328.05,328.05,1
20250815  10:18,328.55,328.55,328.05,328.05,14
20250815  10:19,328.05,328.25,328.05,328.25,6
20250815  10:20,327.7,327.7,327.5,327.5,2
20250815  10:21,327.2,327.8,327.2,327.8,2
20250815  10:22,328.75,328.75,328.75,328.75,1
20250815  10:23,328.75,328.75,328.75,328.75,0
20250815  10:24,328.1,328.25,327.9,328.25,4
20250815  10:25,328.25,328.25,328.25,328.25,0
20250815  10:26,327.9,328.1,327.85,328.1,7
20250815  10:27,328.1,328.1,328.1,328.1,0
20250815  10:28,327.4,327.5,327.4,327.45,3
20250815  10:29,327.45,327.45,327.05,327.1,14
20250815  10:30,327.05,327.1,327.05,327.05,11
20250815  10:31,326.7,326.75,326.7,326.75,3
20250815  10:32,326.45,326.55,326.45,326.55,3
20250815  10:33,326.35,326.4,326.35,326.4,2
20250815  10:34,326.2,326.2,326.2,326.2,3
20250815  10:35,326.2,326.2,326.2,326.2,0
20250815  10:36,326.2,326.2,326.2,326.2,0
20250815  10:37,326.2,326.2,326.2,326.2,0
20250815  10:38,326.2,326.2,326.2,326.2,0
20250815  10:39,326.2,326.2,326.2,326.2,0
20250815  10:40,326.2,326.2,326.2,326.2,0
20250815  10:41,326.35,326.35,326.35,326.35,1
20250815  10:42,326.35,326.35,326.35,326.35,0
20250815  10:43,326.35,326.35,326.35,326.35,0
20250815  10:44,326.75,326.75,326.75,326.75,1
20250815  10:45,326.75,326.75,326.75,326.75,0
20250815  10:46,326.75,326.75,326.75,326.75,0
20250815  10:47,326.75,327.0,326.75,327.0,6
20250815  10:48,327.0,327.0,327.0,327.0,0
20250815  10:49,326.7,326.7,326.7,326.7,2
20250815  10:50,326.7,326.7,326.7,326.7,0
20250815  10:51,326.7,326.7,326.7,326.7,0
20250815  10:52,326.7,326.7,326.7,326.7,0
20250815  10:53,327.25,327.25,327.25,327.25,1
20250815  10:54,327.25,327.25,327.25,327.25,0
20250815  10:55,327.25,327.25,327.25,327.25,0
20250815  10:56,327.25,327.25,327.25,327.25,0
20250815  10:57,327.25,327.25,327.25,327.25,0
20250815  10:58,327.25,327.25,327.25,327.25,0
20250815  10:59,327.25,327.25,327.25,327.25,0
20250815  11:00,326.65,326.95,326.65,326.95,5
20250815  11:01,326.95,326.95,326.95,326.95,0
20250815  11:02,328.05,328.05,327.7,327.7,3
20250815  11:03,327.7,327.7,327.7,327.7,0
20250815  11:04,327.7,327.7,327.7,327.7,0
20250815  11:05,327.7,327.7,327.7,327.7,0
20250815  11:06,327.95,328.1,327.95,328.1,5
20250815  11:07,328.0,328.0,328.0,328.0,1
20250815  11:08,328.0,328.0,328.0,328.0,0
20250815  11:09,328.0,328.0,328.0,328.0,0
20250815  11:10,328.05,328.05,328.05,328.05,1
20250815  11:11,328.05,328.05,328.05,328.05,0
20250815  11:12,327.95,327.95,327.85,327.9,4
20250815  11:13,327.9,327.9,327.9,327.9,0
20250815  11:14,327.9,327.9,327.9,327.9,0
20250815  11:15,328.05,329.4,328.05,329.4,3
20250815  11:16,328.4,328.6,328.4,328.6,2
20250815  11:17,328.6,328.6,328.6,328.6,0
20250815  11:18,328.6,328.6,328.6,328.6,0
20250815  11:19,328.6,328.6,328.6,328.6,0
20250815  11:20,328.6,328.6,328.6,328.6,0
20250815  11:21,328.6,328.6,328.6,328.6,0
20250815  11:22,328.6,328.8,328.6,328.6,4
20250815  11:23,328.65,328.65,328.65,328.65,1
20250815  11:24,328.65,328.65,328.65,328.65,1
20250815  11:25,329.0,329.0,329.0,329.0,1
20250815  11:26,329.0,329.0,329.0,329.0,0
20250815  11:27,329.0,329.0,329.0,329.0,0
20250815  11:28,329.0,329.0,329.0,329.0,2
20250815  11:29,329.05,329.05,328.95,328.95,3
20250815  11:30,328.5,328.5,328.5,328.5,1
20250815  11:31,328.5,328.5,328.5,328.5,0
20250815  11:32,328.05,328.05,328.05,328.05,1
20250815  11:33,327.95,327.95,327.95,327.95,1
20250815  11:34,327.95,327.95,327.95,327.95,0
20250815  11:35,328.25,328.25,328.25,328.25,1
20250815  11:36,328.25,328.25,328.25,328.25,1
20250815  11:37,328.0,328.0,328.0,328.0,1
20250815  11:38,328.1,328.1,327.8,327.8,3
20250815  11:39,327.8,327.8,327.8,327.8,0
20250815  11:40,327.8,327.8,327.8,327.8,0
20250815  11:41,328.2,328.5,328.2,328.4,5
20250815  11:42,328.4,328.4,328.4,328.4,0
20250815  11:43,328.4,328.4,328.4,328.4,0
20250815  11:44,328.4,328.4,328.4,328.4,0
20250815  11:45,328.4,328.4,328.4,328.4,0
20250815  11:46,328.45,328.45,328.35,328.35,2
20250815  11:47,328.15,328.15,327.85,327.85,4
20250815  11:48,327.75,327.75,327.45,327.45,6
20250815  11:49,327.75,327.75,327.7,327.7,4
20250815  11:50,327.25,327.6,327.05,327.45,11
20250815  11:51,327.1,327.1,326.95,326.95,3
20250815  11:52,327.0,327.0,326.85,326.85,4
20250815  11:53,326.9,326.9,326.9,326.9,3
20250815  11:54,327.1,327.1,326.9,326.9,7
20250815  11:55,327.0,327.1,327.0,327.1,5
20250815  11:56,327.2,327.2,327.1,327.1,5
20250815  11:57,327.1,327.1,327.1,327.1,0
20250815  11:58,327.1,327.1,327.1,327.1,0
20250815  11:59,327.1,327.1,327.1,327.1,3
20250815  12:00,326.75,326.75,326.15,326.15,9
20250815  12:01,326.55,326.55,326.2,326.2,5
20250815  12:02,326.35,326.6,326.3,326.3,4
20250815  12:03,326.5,326.5,326.5,326.5,2
20250815  12:04,326.6,326.6,326.6,326.6,3
20250815  12:05,326.6,326.6,326.6,326.6,0
20250815  12:06,326.6,326.6,326.6,326.6,0
20250815  12:07,326.6,326.6,326.6,326.6,0
20250815  12:08,326.6,326.6,326.6,326.6,0
20250815  12:09,326.6,326.6,326.6,326.6,0
20250815  12:10,326.6,326.6,326.6,326.6,0
20250815  12:11,326.6,326.6,326.6,326.6,0
20250815  12:12,327.15,327.15,327.15,327.15,3
20250815  12:13,327.15,327.15,327.15,327.15,0
20250815  12:14,327.15,327.15,327.15,327.15,0
20250815  12:15,327.15,327.15,327.15,327.15,0
20250815  12:16,327.15,327.15,327.15,327.15,1
20250815  12:17,327.15,327.15,327.15,327.15,0
20250815  12:18,327.2,327.2,327.2,327.2,1
20250815  12:19,327.2,327.2,327.2,327.2,0
20250815  12:20,327.3,327.3,327.3,327.3,1
20250815  12:21,327.3,327.3,327.3,327.3,0
20250815  12:22,327.3,327.3,327.3,327.3,0
20250815  12:23,327.3,327.3,327.3,327.3,0
20250815  12:24,327.3,327.3,327.3,327.3,1
20250815  12:25,327.3,327.3,327.3,327.3,0
20250815  12:26,327.3,327.3,327.3,327.3,0
20250815  12:27,327.55,327.55,327.55,327.55,1
20250815  12:28,327.85,327.85,327.85,327.85,1
20250815  12:29,327.85,327.85,327.85,327.85,0
20250815  12:30,327.85,327.85,327.85,327.85,0
20250815  12:31,327.85,327.85,327.85,327.85,0
20250815  12:32,327.7,327.7,327.7,327.7,1
20250815  12:33,327.7,327.7,327.7,327.7,0
20250815  12:34,326.85,326.85,326.85,326.85,1
20250815  12:35,326.65,326.65,326.6,326.6,2
20250815  12:36,326.6,326.6,326.6,326.6,0
20250815  12:37,326.6,326.6,326.6,326.6,0
20250815  12:38,326.6,326.6,326.6,326.6,0
20250815  12:39,326.6,326.6,326.6,326.6,0
20250815  12:40,326.6,326.6,326.6,326.6,0
20250815  12:41,326.6,326.6,326.6,326.6,0
20250815  12:42,326.6,326.6,326.6,326.6,0
20250815  12:43,327.85,327.85,327.85,327.85,3
20250815  12:44,327.85,327.85,327.85,327.85,0
20250815  12:45,327.85,327.85,327.85,327.85,0
20250815  12:46,327.85,327.85,327.85,327.85,0
20250815  12:47,327.85,327.85,327.85,327.85,0
20250815  12:48,327.85,327.85,327.85,327.85,0
20250815  12:49,327.85,327.85,327.85,327.85,0
20250815  12:50,327.65,327.65,327.5,327.5,2
20250815  12:51,327.5,327.5,327.5,327.5,0
20250815  12:52,327.75,327.75,327.75,327.75,1
20250815  12:53,327.75,327.75,327.75,327.75,0
20250815  12:54,327.65,327.65,327.65,327.65,1
20250815  12:55,327.65,327.65,327.65,327.65,0
20250815  12:56,327.65,327.65,327.65,327.65,0
20250815  12:57,327.65,327.65,327.65,327.65,0
20250815  12:58,328.25,328.25,328.15,328.15,4
20250815  12:59,328.05,328.05,328.05,328.05,1
20250815  13:00,327.7,327.7,327.7,327.7,2
20250815  13:01,327.7,327.7,327.7,327.7,0
20250815  13:02,327.7,327.7,327.7,327.7,0
20250815  13:03,327.7,327.7,327.7,327.7,0
20250815  13:04,327.7,327.7,327.7,327.7,0
20250815  13:05,327.7,327.7,327.7,327.7,0
20250815  13:06,327.7,327.7,327.7,327.7,0
20250815  13:07,327.7,327.7,327.7,327.7,0
20250815  13:08,328.7,328.75,328.65,328.65,4
20250815  13:09,328.65,328.65,328.65,328.65,0
20250815  13:10,328.6,328.6,328.6,328.6,2
20250815  13:11,328.9,328.9,328.9,328.9,2
20250815  13:12,329.0,329.25,329.0,329.25,11
20250815  13:13,329.25,329.25,329.25,329.25,0
20250815  13:14,329.0,329.3,329.0,329.3,5
20250815  13:15,329.3,329.3,329.3,329.3,0
20250815  13:16,329.3,329.3,329.3,329.3,0
20250815  13:17,329.15,329.15,328.9,329.0,6
20250815  13:18,329.0,329.0,329.0,329.0,0
20250815  13:19,328.95,328.95,328.95,328.95,3
20250815  13:20,328.95,328.95,328.8,328.8,18
20250815  13:21,328.65,328.7,328.65,328.7,2
20250815  13:22,328.7,328.7,328.7,328.7,0
20250815  13:23,329.0,329.0,329.0,329.0,1
20250815  13:24,329.0,329.0,329.0,329.0,0
20250815  13:25,329.05,329.05,329.05,329.05,1
20250815  13:26,329.05,329.05,329.05,329.05,0
20250815  13:27,329.05,329.05,329.05,329.05,0
20250815  13:28,329.0,329.0,329.0,329.0,2
20250815  13:29,329.2,329.3,329.2,329.3,5
20250815  13:30,329.3,329.3,329.3,329.3,0
20250818  10:15,341.65,343.8,341.0,343.8,81
20250818  10:16,344.45,344.45,344.3,344.45,4
20250818  10:17,344.3,344.3,343.7,343.8,8
20250818  10:18,343.75,344.1,343.0,343.0,5
20250818  10:19,342.85,342.85,342.85,342.85,3
20250818  10:20,342.5,342.5,342.5,342.5,2
20250818  10:21,342.7,342.7,342.1,342.4,7
20250818  10:22,340.9,340.9,339.9,340.45,8
20250818  10:23,340.7,340.7,340.7,340.7,1
20250818  10:24,340.7,340.7,340.7,340.7,0
20250818  10:25,340.15,340.15,340.05,340.1,3
20250818  10:26,340.1,340.1,340.05,340.05,3
20250818  10:27,340.35,340.35,339.9,339.9,4
20250818  10:28,340.3,340.4,340.3,340.4,4
20250818  10:29,340.25,340.25,339.55,339.55,3
20250818  10:30,339.85,339.85,339.65,339.65,2
20250818  10:31,340.05,340.4,340.05,340.05,16
20250818  10:32,340.05,340.05,340.05,340.05,0
20250818  10:33,339.45,339.7,339.45,339.65,8
20250818  10:34,339.65,339.65,339.65,339.65,0
20250818  10:35,340.0,340.0,340.0,340.0,5
20250818  10:36,339.95,339.95,339.95,339.95,1
20250818  10:37,340.0,340.7,340.0,340.7,6
20250818  10:38,340.7,340.7,340.7,340.7,0
20250818  10:39,340.85,340.85,340.85,340.85,1
20250818  10:40,340.9,341.2,340.9,341.2,3
20250818  10:41,341.2,341.2,341.2,341.2,0
20250818  10:42,341.05,341.05,340.7,340.7,4
20250818  10:43,340.7,340.7,340.7,340.7,0
20250818  10:44,340.3,340.3,340.3,340.3,1
20250818  10:45,339.9,340.15,339.9,340.15,2
20250818  10:46,339.9,339.9,339.9,339.9,1
20250818  10:47,340.2,340.2,340.1,340.1,2
20250818  10:48,340.05,340.05,340.05,340.05,1
20250818  10:49,340.05,340.05,340.05,340.05,5
20250818  10:50,340.05,340.05,340.05,340.05,3
20250818  10:51,340.05,340.05,340.05,340.05,0
20250818  10:52,340.05,340.05,340.05,340.05,0
20250818  10:53,340.35,340.35,340.35,340.35,1
20250818  10:54,340.35,340.35,340.35,340.35,0
20250818  10:55,340.35,340.35,340.35,340.35,0
20250818  10:56,340.95,340.95,340.95,340.95,1
20250818  10:57,340.05,340.05,340.05,340.05,2
20250818  10:58,340.05,340.05,340.05,340.05,2
20250818  10:59,340.2,340.2,339.5,339.7,4
20250818  11:00,339.9,339.9,339.9,339.9,1
20250818  11:01,339.9,339.9,339.9,339.9,0
20250818  11:02,339.95,339.95,339.95,339.95,1
20250818  11:03,339.95,339.95,339.95,339.95,0
20250818  11:04,339.95,339.95,339.95,339.95,0
20250818  11:05,339.95,339.95,339.95,339.95,0
20250818  11:06,340.1,340.1,339.8,339.8,3
20250818  11:07,339.75,339.75,339.75,339.75,4
20250818  11:08,339.8,339.8,339.75,339.75,8
20250818  11:09,339.75,339.75,339.5,339.5,11
20250818  11:10,339.05,339.05,338.55,338.55,13
20250818  11:11,338.55,338.55,338.55,338.55,0
20250818  11:12,338.6,338.6,338.5,338.5,3
20250818  11:13,338.85,339.05,338.85,339.05,7
20250818  11:14,339.2,340.05,339.2,340.05,14
20250818  11:15,340.45,340.45,340.45,340.45,1
20250818  11:16,340.7,340.7,340.7,340.7,1
20250818  11:17,340.7,340.7,340.7,340.7,0
20250818  11:18,340.7,340.7,340.7,340.7,0
20250818  11:19,341.4,342.0,341.4,342.0,4
20250818  11:20,341.9,341.9,341.9,341.9,1
20250818  11:21,341.9,341.9,341.9,341.9,0
20250818  11:22,341.9,341.9,341.9,341.9,0
20250818  11:23,341.9,341.9,341.9,341.9,0
20250818  11:24,341.9,341.9,341.9,341.9,0
20250818  11:25,341.9,341.9,341.9,341.9,0
20250818  11:26,341.9,341.9,341.9,341.9,0
20250818  11:27,341.9,341.9,341.9,341.9,0
20250818  11:28,343.0,345.75,343.0,344.6,22
20250818  11:29,344.8,345.4,343.9,343.9,5
20250818  11:30,343.9,343.9,343.9,343.9,0
20250818  11:31,343.9,343.9,343.9,343.9,0
20250818  11:32,343.9,343.9,343.9,343.9,0
20250818  11:33,343.9,343.9,343.9,343.9,0
20250818  11:34,346.0,346.0,346.0,346.0,1
20250818  11:35,346.45,346.55,346.35,346.45,9
20250818  11:36,346.9,346.9,346.8,346.8,5
20250818  11:37,346.8,346.8,346.8,346.8,0
20250818  11:38,346.2,346.2,345.6,345.6,7
20250818  11:39,345.9,345.9,345.3,345.3,4
20250818  11:40,345.25,345.55,345.2,345.25,10
20250818  11:41,345.25,345.25,345.25,345.25,0
20250818  11:42,345.25,345.25,345.25,345.25,0
20250818  11:43,344.6,344.6,344.55,344.6,3
20250818  11:44,344.15,344.15,344.15,344.15,2
20250818  11:45,344.3,344.3,344.3,344.3,1
20250818  11:46,344.15,344.15,344.1,344.1,6
20250818  11:47,343.75,343.75,343.75,343.75,1
20250818  11:48,343.05,343.05,343.0,343.0,15
20250818  11:49,342.75,342.75,342.65,342.65,2
20250818  11:50,342.3,342.55,342.3,342.55,2
20250818  11:51,342.55,342.55,342.55,342.55,0
20250818  11:52,343.0,343.3,343.0,343.3,8
20250818  11:53,343.3,343.3,343.3,343.3,0
20250818  11:54,343.3,343.3,343.3,343.3,0
20250818  11:55,343.3,343.3,343.3,343.3,0
20250818  11:56,343.3,343.3,343.3,343.3,0
20250818  11:57,343.3,343.3,343.3,343.3,0
20250818  11:58,342.9,342.9,342.9,342.9,1
20250818  11:59,342.9,342.9,342.9,342.9,0
20250818  12:00,343.6,343.6,343.6,343.6,1
20250818  12:01,343.05,343.05,343.05,343.05,2
20250818  12:02,343.3,343.35,343.3,343.35,2
20250818  12:03,343.35,343.35,343.35,343.35,0
20250818  12:04,343.35,343.35,343.35,343.35,0
20250818  12:05,343.35,343.35,343.35,343.35,0
20250818  12:06,343.35,343.35,343.35,343.35,0
20250818  12:07,343.35,343.35,343.35,343.35,0
20250818  12:08,343.35,343.35,343.35,343.35,0
20250818  12:09,343.35,343.35,343.35,343.35,0
20250818  12:10,343.35,343.35,343.35,343.35,0
20250818  12:11,344.05,344.05,344.05,344.05,1
20250818  12:12,344.05,344.05,344.05,344.05,0
20250818  12:13,344.05,344.05,344.05,344.05,0
20250818  12:14,344.05,344.05,344.05,344.05,0
20250818  12:15,344.05,344.05,344.05,344.05,0
20250818  12:16,344.05,344.05,344.05,344.05,0
20250818  12:17,344.05,344.05,344.05,344.05,0
20250818  12:18,344.05,344.05,344.05,344.05,0
20250818  12:19,344.05,344.05,344.05,344.05,0
20250818  12:20,344.05,344.05,344.05,344.05,0
20250818  12:21,342.35,342.35,342.05,342.05,4
20250818  12:22,342.05,342.05,341.7,341.8,10
20250818  12:23,341.85,341.85,341.85,341.85,1
20250818  12:24,341.85,341.85,341.85,341.85,0
20250818  12:25,341.85,341.85,341.85,341.85,0
20250818  12:26,341.05,341.05,341.05,341.05,1
20250818  12:27,341.05,341.05,341.05,341.05,0
20250818  12:28,341.05,341.05,341.05,341.05,0
20250818  12:29,341.05,341.05,341.05,341.05,0
20250818  12:30,341.05,341.05,341.05,341.05,9
20250818  12:31,340.8,340.8,340.8,340.8,1
20250818  12:32,340.6,340.6,340.6,340.6,1
20250818  12:33,340.55,340.55,340.55,340.55,1
20250818  12:34,340.55,340.55,340.55,340.55,0
20250818  12:35,340.9,340.9,340.9,340.9,1
20250818  12:36,340.75,340.75,340.75,340.75,1
20250818  12:37,340.4,340.4,340.0,340.0,2
20250818  12:38,340.35,341.05,340.35,341.05,10
20250818  12:39,341.1,341.15,341.1,341.15,2
20250818  12:40,340.05,340.05,340.0,340.0,11
20250818  12:41,340.0,340.0,340.0,340.0,0
20250818  12:42,340.0,340.0,340.0,340.0,0
20250818  12:43,340.05,340.05,340.05,340.05,3
20250818  12:44,340.05,340.05,340.05,340.05,0
20250818  12:45,340.0,340.0,340.0,340.0,1
20250818  12:46,339.8,339.8,339.8,339.8,1
20250818  12:47,339.9,339.9,339.9,339.9,4
20250818  12:48,339.95,339.95,339.65,339.65,6
20250818  12:49,339.65,339.65,339.65,339.65,0
20250818  12:50,339.65,339.65,339.65,339.65,1
20250818  12:51,339.05,339.05,339.05,339.05,1
20250818  12:52,339.7,339.7,339.7,339.7,3
20250818  12:53,339.7,339.7,339.7,339.7,0
20250818  12:54,339.45,339.45,339.45,339.45,1
20250818  12:55,339.45,339.45,339.45,339.45,0
20250818  12:56,339.45,339.45,339.45,339.45,0
20250818  12:57,339.45,339.45,339.45,339.45,0
20250818  12:58,339.05,339.05,339.05,339.05,9
20250818  12:59,339.05,339.05,339.05,339.05,0
20250818  13:00,339.05,339.05,339.05,339.05,0
20250818  13:01,338.05,338.05,338.05,338.05,10
20250818  13:02,337.75,337.75,337.6,337.6,3
20250818  13:03,337.6,337.6,337.6,337.6,0
20250818  13:04,338.5,338.5,338.5,338.5,1
20250818  13:05,338.5,338.5,338.5,338.5,0
20250818  13:06,338.5,338.5,338.5,338.5,0
20250818  13:07,338.5,338.5,338.5,338.5,0
20250818  13:08,338.5,338.5,338.5,338.5,0
20250818  13:09,338.0,338.0,338.0,338.0,2
20250818  13:10,338.55,338.55,338.55,338.55,1
20250818  13:11,338.8,338.8,338.8,338.8,1
20250818  13:12,338.8,338.8,338.8,338.8,0
20250818  13:13,338.8,338.8,338.8,338.8,0
20250818  13:14,338.8,338.8,338.8,338.8,0
20250818  13:15,338.8,338.8,338.8,338.8,0
20250818  13:16,338.8,338.8,338.8,338.8,0
20250818  13:17,338.8,338.8,338.8,338.8,0
20250818  13:18,338.8,338.8,338.8,338.8,0
20250818  13:19,338.8,338.8,338.8,338.8,0
20250818  13:20,338.8,338.8,338.8,338.8,0
20250818  13:21,338.8,338.8,338.8,338.8,1
20250818  13:22,339.1,339.1,339.1,339.1,1
20250818  13:23,339.0,339.0,339.0,339.0,1
20250818  13:24,339.0,339.0,339.0,339.0,0
20250818  13:25,339.0,339.0,339.0,339.0,0
20250818  13:26,338.5,338.5,338.5,338.5,1
20250818  13:27,338.5,338.5,338.5,338.5,0
20250818  13:28,338.5,338.5,338.5,338.5,0
20250818  13:29,338.5,338.5,338.5,338.5,0
20250818  13:30,338.5,338.5,338.5,338.5,0
20250819  10:15,345.45,348.5,345.45,347.5,46
20250819  10:16,347.85,347.85,347.6,347.6,13
20250819  10:17,347.3,348.65,347.3,348.65,5
20250819  10:18,349.7,351.35,349.7,351.35,17
20250819  10:19,350.95,351.0,350.7,350.7,6
20250819  10:20,350.7,350.7,350.7,350.7,0
20250819  10:21,350.7,350.7,350.7,350.7,0
20250819  10:22,350.3,350.3,349.35,349.35,8
20250819  10:23,349.05,349.05,347.95,347.95,2
20250819  10:24,348.25,348.35,348.25,348.35,3
20250819  10:25,348.1,348.1,348.1,348.1,1
20250819  10:26,348.1,348.1,348.1,348.1,0
20250819  10:27,349.05,349.1,349.05,349.1,5
20250819  10:28,350.0,350.1,349.45,349.95,5
20250819  10:29,349.95,350.2,349.95,350.2,7
20250819  10:30,350.55,350.7,350.45,350.45,8
20250819  10:31,350.4,350.6,350.4,350.6,4
20250819  10:32,350.65,350.65,350.65,350.65,2
20250819  10:33,351.9,351.9,351.5,351.5,3
20250819  10:34,351.45,351.45,351.45,351.45,1
20250819  10:35,351.6,351.6,351.45,351.45,3
20250819  10:36,352.25,352.25,352.25,352.25,1
20250819  10:37,352.25,352.25,352.25,352.25,0
20250819  10:38,351.65,351.65,351.65,351.65,1
20250819  10:39,351.3,351.3,351.3,351.3,3
20250819  10:40,350.1,350.1,350.1,350.1,1
20250819  10:41,350.1,350.1,350.1,350.1,0
20250819  10:42,350.15,350.15,350.15,350.15,1
20250819  10:43,350.15,350.15,350.15,350.15,0
20250819  10:44,350.15,350.15,350.15,350.15,0
20250819  10:45,349.55,349.55,349.55,349.55,2
20250819  10:46,349.55,349.55,349.55,349.55,0
20250819  10:47,349.55,349.55,349.55,349.55,0
20250819  10:48,349.55,349.55,349.55,349.55,0
20250819  10:49,349.55,349.55,349.55,349.55,0
20250819  10:50,349.55,349.55,349.55,349.55,0
20250819  10:51,349.55,349.55,349.55,349.55,0
20250819  10:52,349.55,349.55,349.55,349.55,0
20250819  10:53,349.55,349.55,349.55,349.55,0
20250819  10:54,349.65,349.65,349.65,349.65,1
20250819  10:55,349.65,349.65,349.65,349.65,0
20250819  10:56,349.65,349.65,349.65,349.65,0
20250819  10:57,349.65,349.65,349.65,349.65,0
20250819  10:58,349.65,349.65,349.65,349.65,0
20250819  10:59,349.65,349.65,349.65,349.65,0
20250819  11:00,349.65,349.65,349.65,349.65,0
20250819  11:01,349.65,349.65,349.65,349.65,0
20250819  11:02,349.65,349.65,349.65,349.65,0
20250819  11:03,349.65,349.65,349.65,349.65,0
20250819  11:04,349.65,349.65,349.65,349.65,0
20250819  11:05,349.65,349.65,349.65,349.65,0
20250819  11:06,349.65,349.65,349.65,349.65,0
20250819  11:07,350.0,350.0,350.0,350.0,1
20250819  11:08,350.0,350.0,350.0,350.0,0
20250819  11:09,350.0,350.0,350.0,350.0,0
20250819  11:10,350.0,350.0,350.0,350.0,0
20250819  11:11,350.0,350.0,350.0,350.0,0
20250819  11:12,350.0,350.0,350.0,350.0,0
20250819  11:13,349.1,349.1,349.1,349.1,1
20250819  11:14,349.1,349.1,349.1,349.1,0
20250819  11:15,349.1,349.1,349.1,349.1,0
20250819  11:16,349.1,349.1,349.1,349.1,0
20250819  11:17,349.5,349.5,349.5,349.5,1
20250819  11:18,349.5,349.5,349.5,349.5,0
20250819  11:19,349.5,349.5,349.5,349.5,0
20250819  11:20,350.55,350.65,350.55,350.65,5
20250819  11:21,350.65,350.65,350.65,350.65,0
20250819  11:22,350.65,350.65,350.65,350.65,0
20250819  11:23,350.65,350.65,350.65,350.65,0
20250819  11:24,350.65,350.65,350.65,350.65,0
20250819  11:25,350.65,350.65,350.65,350.65,0
20250819  11:26,350.65,350.65,350.65,350.65,0
20250819  11:27,350.65,350.65,350.65,350.65,0
20250819  11:28,350.65,350.65,350.65,350.65,0
20250819  11:29,350.6,350.8,350.6,350.8,4
20250819  11:30,350.8,350.8,350.8,350.8,0
20250819  11:31,350.8,350.8,350.8,350.8,0
20250819  11:32,350.8,350.8,350.8,350.8,0
20250819  11:33,350.8,350.8,350.8,350.8,0
20250819  11:34,350.8,350.8,350.8,350.8,0
20250819  11:35,350.8,350.8,350.8,350.8,0
20250819  11:36,350.8,350.8,350.8,350.8,0
20250819  11:37,350.8,350.8,350.8,350.8,0
20250819  11:38,350.8,350.8,350.8,350.8,0
20250819  11:39,350.8,350.8,350.8,350.8,0
20250819  11:40,350.8,350.8,350.8,350.8,0
20250819  11:41,350.8,350.8,350.8,350.8,0
20250819  11:42,350.55,350.55,350.55,350.55,1
20250819  11:43,350.55,350.55,350.55,350.55,0
20250819  11:44,350.55,350.55,350.55,350.55,0
20250819  11:45,350.55,350.55,350.55,350.55,1
20250819  11:46,350.55,350.55,350.55,350.55,0
20250819  11:47,350.85,350.85,350.85,350.85,1
20250819  11:48,350.85,350.85,350.85,350.85,0
20250819  11:49,350.85,350.85,350.85,350.85,0
20250819  11:50,350.6,350.7,350.6,350.7,7
20250819  11:51,350.7,350.7,350.7,350.7,0
20250819  11:52,351.0,351.0,351.0,351.0,2
20250819  11:53,351.0,351.0,351.0,351.0,0
20250819  11:54,351.0,351.0,351.0,351.0,0
20250819  11:55,351.0,351.0,351.0,351.0,0
20250819  11:56,351.0,351.0,351.0,351.0,0
20250819  11:57,351.0,351.0,351.0,351.0,0
20250819  11:58,350.95,351.0,350.95,351.0,2
20250819  11:59,351.0,351.0,351.0,351.0,0
20250819  12:00,351.0,351.0,351.0,351.0,0
20250819  12:01,349.8,350.0,349.8,350.0,3
20250819  12:02,350.15,350.15,349.9,349.9,2
20250819  12:03,349.9,349.9,349.9,349.9,0
20250819  12:04,349.9,349.9,349.9,349.9,0
20250819  12:05,349.9,349.9,349.9,349.9,0
20250819  12:06,350.45,350.45,350.45,350.45,1
20250819  12:07,350.45,350.45,350.45,350.45,0
20250819  12:08,350.5,351.0,350.5,351.0,8
20250819  12:09,350.85,350.85,350.85,350.85,1
20250819  12:10,350.85,350.85,350.85,350.85,0
20250819  12:11,350.85,350.85,350.85,350.85,0
20250819  12:12,350.85,350.85,350.85,350.85,0
20250819  12:13,350.85,350.85,350.85,350.85,0
20250819  12:14,350.85,350.85,350.85,350.85,0
20250819  12:15,350.85,350.85,350.85,350.85,0
20250819  12:16,350.85,350.85,350.85,350.85,0
20250819  12:17,349.8,349.8,349.8,349.8,2
20250819  12:18,349.8,349.8,349.8,349.8,0
20250819  12:19,350.35,350.35,350.35,350.35,1
20250819  12:20,349.7,349.7,349.7,349.7,1
20250819  12:21,349.7,349.7,349.7,349.7,0
20250819  12:22,349.7,349.7,349.7,349.7,0
20250819  12:23,349.85,350.4,349.85,350.4,3
20250819  12:24,350.4,350.4,350.4,350.4,0
20250819  12:25,350.4,350.4,350.4,350.4,0
20250819  12:26,349.7,349.7,349.0,349.0,22
20250819  12:27,349.0,349.0,349.0,349.0,0
20250819  12:28,349.0,349.0,349.0,349.0,0
20250819  12:29,348.5,348.5,348.5,348.5,1
20250819  12:30,348.5,348.5,348.5,348.5,0
20250819  12:31,348.85,348.85,348.85,348.85,1
20250819  12:32,348.95,348.95,348.95,348.95,1
20250819  12:33,348.95,348.95,348.95,348.95,0
20250819  12:34,348.95,348.95,348.95,348.95,0
20250819  12:35,349.4,349.4,349.4,349.4,2
20250819  12:36,349.4,349.4,349.4,349.4,0
20250819  12:37,348.95,348.95,348.95,348.95,1
20250819  12:38,348.65,348.65,348.65,348.65,1
20250819  12:39,347.8,348.2,347.8,348.2,2
20250819  12:40,348.2,348.2,348.2,348.2,0
20250819  12:41,348.2,348.2,348.2,348.2,0
20250819  12:42,348.2,348.2,348.2,348.2,0
20250819  12:43,348.2,348.2,348.2,348.2,0
20250819  12:44,348.2,348.2,348.2,348.2,0
20250819  12:45,348.2,348.2,348.2,348.2,1
20250819  12:46,348.0,348.0,348.0,348.0,1
20250819  12:47,347.9,347.9,347.9,347.9,1
20250819  12:48,347.9,347.9,347.9,347.9,0
20250819  12:49,347.9,347.9,347.9,347.9,0
20250819  12:50,347.9,347.9,347.9,347.9,0
20250819  12:51,347.5,347.5,347.5,347.5,1
20250819  12:52,347.4,347.4,346.75,346.85,10
20250819  12:53,346.85,346.85,346.85,346.85,0
20250819  12:54,346.6,346.6,346.6,346.6,1
20250819  12:55,346.6,346.6,346.6,346.6,0
20250819  12:56,346.6,346.6,346.6,346.6,0
20250819  12:57,346.6,346.6,346.6,346.6,0
20250819  12:58,346.6,346.6,346.6,346.6,0
20250819  12:59,346.6,346.6,346.6,346.6,0
20250819  13:00,346.8,346.9,346.8,346.9,5
20250819  13:01,346.7,346.7,346.7,346.7,1
20250819  13:02,346.8,347.0,346.8,347.0,3
20250819  13:03,347.0,347.0,347.0,347.0,0
20250819  13:04,347.25,347.25,347.25,347.25,1
20250819  13:05,347.15,347.15,347.15,347.15,1
20250819  13:06,347.0,347.0,347.0,347.0,1
20250819  13:07,346.55,346.55,346.55,346.55,2
20250819  13:08,346.55,346.55,346.55,346.55,0
20250819  13:09,346.9,346.9,346.9,346.9,1
20250819  13:10,346.9,346.9,346.9,346.9,0
20250819  13:11,346.65,346.65,346.6,346.65,4
20250819  13:12,346.9,346.9,346.2,346.2,2
20250819  13:13,346.2,346.2,346.2,346.2,0
20250819  13:14,346.45,346.5,346.45,346.5,2
20250819  13:15,346.5,346.6,346.45,346.6,4
20250819  13:16,346.6,346.6,346.6,346.6,0
20250819  13:17,346.6,346.6,346.6,346.6,0
20250819  13:18,346.0,346.0,345.7,345.7,3
20250819  13:19,345.7,345.7,345.7,345.7,0
20250819  13:20,346.0,346.0,346.0,346.0,4
20250819  13:21,346.0,346.0,346.0,346.0,0
20250819  13:22,345.55,345.55,345.55,345.55,1
20250819  13:23,345.4,345.45,345.4,345.45,3
20250819  13:24,345.45,345.45,345.45,345.45,0
20250819  13:25,345.45,345.45,345.45,345.45,0
20250819  13:26,346.35,346.35,346.35,346.35,3
20250819  13:27,346.35,346.35,346.35,346.35,0
20250819  13:28,346.35,346.35,346.35,346.35,0
20250819  13:29,346.35,346.35,346.35,346.35,0
20250819  13:30,346.35,346.35,346.35,346.35,0
20250820  10:15,358.6,359.1,357.35,358.0,55
20250820  10:16,356.85,357.55,356.85,357.55,4
20250820  10:17,357.55,357.55,357.55,357.55,0
20250820  10:18,357.65,357.65,357.65,357.65,1
20250820  10:19,357.2,357.2,356.9,356.9,2
20250820  10:20,356.8,356.8,356.8,356.8,1
20250820  10:21,356.8,356.8,356.8,356.8,0
20250820  10:22,356.8,356.8,356.8,356.8,0
20250820  10:23,356.8,356.8,356.8,356.8,0
20250820  10:24,354.15,354.15,354.15,354.15,1
20250820  10:25,354.15,354.15,354.15,354.15,0
20250820  10:26,354.15,354.15,354.15,354.15,1
20250820  10:27,354.15,354.15,354.15,354.15,0
20250820  10:28,354.85,354.95,354.85,354.95,3
20250820  10:29,354.95,354.95,354.95,354.95,0
20250820  10:30,354.95,354.95,354.95,354.95,0
20250820  10:31,354.15,354.3,354.1,354.3,11
20250820  10:32,354.3,354.3,354.3,354.3,0
20250820  10:33,354.3,354.3,354.3,354.3,0
20250820  10:34,354.3,354.3,354.3,354.3,0
20250820  10:35,354.3,354.3,354.3,354.3,0
20250820  10:36,354.3,354.3,354.3,354.3,0
20250820  10:37,354.3,354.3,354.3,354.3,0
20250820  10:38,354.3,354.3,354.3,354.3,0
20250820  10:39,356.7,356.7,356.7,356.7,1
20250820  10:40,356.7,356.7,356.7,356.7,0
20250820  10:41,356.7,356.7,356.7,356.7,0
20250820  10:42,356.7,356.7,356.7,356.7,0
20250820  10:43,356.0,356.2,356.0,356.2,5
20250820  10:44,356.2,356.2,356.2,356.2,0
20250820  10:45,356.2,356.2,356.2,356.2,0
20250820  10:46,356.15,356.3,356.15,356.3,13
20250820  10:47,356.3,356.3,356.3,356.3,0
20250820  10:48,357.0,357.0,357.0,357.0,1
20250820  10:49,357.0,357.0,357.0,357.0,0
20250820  10:50,357.0,357.0,357.0,357.0,0
20250820  10:51,357.0,357.0,357.0,357.0,0
20250820  10:52,357.85,357.85,357.85,357.85,1
20250820  10:53,357.85,357.85,357.85,357.85,0
20250820  10:54,357.85,357.85,357.85,357.85,0
20250820  10:55,357.85,357.85,357.85,357.85,0
20250820  10:56,357.85,357.85,357.85,357.85,0
20250820  10:57,357.85,357.85,357.85,357.85,0
20250820  10:58,357.85,357.85,357.85,357.85,0
20250820  10:59,357.85,357.85,357.85,357.85,0
20250820  11:00,357.85,357.85,357.85,357.85,0
20250820  11:01,357.85,357.85,357.85,357.85,0
20250820  11:02,357.85,357.85,357.85,357.85,0
20250820  11:03,357.85,357.85,357.85,357.85,0
20250820  11:04,357.9,357.9,357.9,357.9,6
20250820  11:05,357.9,357.9,357.9,357.9,0
20250820  11:06,357.1,357.9,357.1,357.9,51
20250820  11:07,357.55,357.55,357.35,357.35,6
20250820  11:08,357.75,357.75,357.7,357.7,4
20250820  11:09,357.7,357.7,357.7,357.7,0
20250820  11:10,357.6,357.6,357.6,357.6,4
20250820  11:11,357.6,357.6,357.6,357.6,0
20250820  11:12,357.6,357.6,357.6,357.6,0
20250820  11:13,357.6,357.6,357.6,357.6,0
20250820  11:14,358.0,358.0,358.0,358.0,1
20250820  11:15,358.0,358.0,358.0,358.0,0
20250820  11:16,358.0,358.0,358.0,358.0,0
20250820  11:17,358.0,358.0,358.0,358.0,1
20250820  11:18,358.0,358.0,358.0,358.0,0
20250820  11:19,358.0,358.0,358.0,358.0,0
20250820  11:20,358.0,358.0,358.0,358.0,0
20250820  11:21,358.0,358.0,358.0,358.0,0
20250820  11:22,357.25,357.25,357.25,357.25,2
20250820  11:23,357.25,357.25,357.25,357.25,0
20250820  11:24,357.25,357.25,357.25,357.25,0
20250820  11:25,357.25,357.25,357.25,357.25,0
20250820  11:26,357.25,357.25,357.25,357.25,0
20250820  11:27,356.0,356.0,355.85,355.85,11
20250820  11:28,356.1,356.1,356.1,356.1,1
20250820  11:29,356.1,356.1,356.1,356.1,0
20250820  11:30,356.1,356.1,356.1,356.1,0
20250820  11:31,356.1,356.1,356.1,356.1,0
20250820  11:32,356.1,356.1,356.1,356.1,0
20250820  11:33,356.1,356.1,356.1,356.1,0
20250820  11:34,356.1,356.1,356.1,356.1,0
20250820  11:35,356.1,356.1,356.1,356.1,0
20250820  11:36,356.75,357.0,356.75,357.0,6
20250820  11:37,357.0,357.0,357.0,357.0,0
20250820  11:38,357.15,357.15,357.15,357.15,1
20250820  11:39,357.15,357.15,357.15,357.15,0
20250820  11:40,357.15,357.15,357.15,357.15,0
20250820  11:41,357.15,357.15,357.15,357.15,0
20250820  11:42,357.15,357.15,357.15,357.15,0
20250820  11:43,357.15,357.15,357.15,357.15,0
20250820  11:44,357.15,357.15,357.15,357.15,0
20250820  11:45,357.15,357.15,357.15,357.15,0
20250820  11:46,357.15,357.15,357.15,357.15,0
20250820  11:47,357.15,357.15,357.15,357.15,0
20250820  11:48,357.15,357.15,357.15,357.15,0
20250820  11:49,357.15,357.15,357.15,357.15,0
20250820  11:50,356.7,356.7,356.7,356.7,1
20250820  11:51,356.7,356.7,356.7,356.7,0
20250820  11:52,356.95,356.95,356.6,356.75,12
20250820  11:53,357.1,357.25,357.1,357.25,3
20250820  11:54,357.25,357.25,357.25,357.25,0
20250820  11:55,357.25,357.25,357.25,357.25,1
20250820  11:56,357.05,357.05,357.05,357.05,1
20250820  11:57,356.95,356.95,356.95,356.95,1
20250820  11:58,356.95,356.95,356.95,356.95,0
20250820  11:59,356.95,356.95,356.95,356.95,0
20250820  12:00,356.25,356.25,356.0,356.0,4
20250820  12:01,356.0,356.0,356.0,356.0,0
20250820  12:02,356.0,356.0,356.0,356.0,0
20250820  12:03,355.05,355.05,355.0,355.0,5
20250820  12:04,355.0,355.0,355.0,355.0,0
20250820  12:05,354.1,354.1,354.0,354.0,3
20250820  12:06,354.0,354.0,354.0,354.0,0
20250820  12:07,353.55,353.55,353.25,353.25,14
20250820  12:08,353.25,353.25,353.25,353.25,0
20250820  12:09,353.85,353.85,353.85,353.85,1
20250820  12:10,353.85,353.85,353.85,353.85,0
20250820  12:11,353.85,353.85,353.85,353.85,0
20250820  12:12,353.85,353.85,353.85,353.85,0
20250820  12:13,353.85,353.85,353.85,353.85,0
20250820  12:14,353.85,353.85,353.85,353.85,0
20250820  12:15,353.85,353.85,353.85,353.85,0
20250820  12:16,353.85,353.85,353.85,353.85,0
20250820  12:17,353.85,353.85,353.85,353.85,0
20250820  12:18,353.85,353.85,353.85,353.85,0
20250820  12:19,353.85,353.85,353.85,353.85,0
20250820  12:20,354.65,354.65,354.65,354.65,1
20250820  12:21,354.65,354.65,354.65,354.65,0
20250820  12:22,354.65,354.65,354.65,354.65,0
20250820  12:23,354.65,354.65,354.65,354.65,0
20250820  12:24,354.65,354.65,354.65,354.65,0
20250820  12:25,354.65,354.65,354.65,354.65,0
20250820  12:26,355.1,355.15,354.65,355.15,12
20250820  12:27,355.15,355.15,355.15,355.15,0
20250820  12:28,354.75,355.65,354.75,355.65,18
20250820  12:29,355.9,355.9,355.9,355.9,3
20250820  12:30,355.9,355.9,355.9,355.9,0
20250820  12:31,355.9,355.9,355.9,355.9,0
20250820  12:32,355.8,355.8,355.8,355.8,2
20250820  12:33,355.8,355.8,355.8,355.8,0
20250820  12:34,355.8,355.8,355.8,355.8,0
20250820  12:35,355.8,355.8,355.8,355.8,0
20250820  12:36,355.5,355.8,355.5,355.8,2
20250820  12:37,355.05,355.05,355.0,355.0,3
20250820  12:38,355.0,355.0,355.0,355.0,0
20250820  12:39,355.0,355.0,355.0,355.0,0
20250820  12:40,355.2,356.2,355.2,356.2,19
20250820  12:41,355.05,355.7,355.05,355.7,2
20250820  12:42,354.9,354.9,354.9,354.9,1
20250820  12:43,354.5,354.55,354.25,354.25,4
20250820  12:44,354.25,354.25,354.25,354.25,0
20250820  12:45,354.7,354.95,354.7,354.9,7
20250820  12:46,355.0,355.0,355.0,355.0,1
20250820  12:47,355.0,355.0,355.0,355.0,0
20250820  12:48,355.0,355.0,355.0,355.0,0
20250820  12:49,354.85,354.85,354.85,354.85,1
20250820  12:50,354.85,354.85,354.85,354.85,0
20250820  12:51,355.0,355.0,355.0,355.0,1
20250820  12:52,354.85,354.85,354.85,354.85,1
20250820  12:53,354.75,354.75,354.75,354.75,1
20250820  12:54,354.75,354.75,354.75,354.75,0
20250820  12:55,354.75,354.75,354.75,354.75,0
20250820  12:56,354.75,354.75,354.75,354.75,0
20250820  12:57,354.85,354.85,354.85,354.85,1
20250820  12:58,354.85,354.85,354.85,354.85,0
20250820  12:59,354.85,354.85,354.85,354.85,0
20250820  13:00,354.05,354.15,354.05,354.15,11
20250820  13:01,354.05,354.05,354.05,354.05,1
20250820  13:02,354.05,354.05,354.05,354.05,0
20250820  13:03,354.05,354.05,354.05,354.05,0
20250820  13:04,354.05,354.05,354.05,354.05,0
20250820  13:05,354.05,354.05,354.05,354.05,0
20250820  13:06,354.05,354.05,354.05,354.05,0
20250820  13:07,354.05,354.05,354.05,354.05,0
20250820  13:08,354.05,354.05,354.05,354.05,0
20250820  13:09,354.05,354.05,354.05,354.05,0
20250820  13:10,354.25,354.25,354.15,354.15,5
20250820  13:11,354.15,354.15,354.15,354.15,0
20250820  13:12,354.15,354.15,354.15,354.15,0
20250820  13:13,354.05,354.05,354.0,354.0,4
20250820  13:14,354.0,354.0,354.0,354.0,0
20250820  13:15,354.0,354.0,354.0,354.0,0
20250820  13:16,353.6,353.6,353.6,353.6,2
20250820  13:17,353.6,353.6,353.6,353.6,0
20250820  13:18,353.2,353.2,353.0,353.0,14
20250820  13:19,352.85,352.85,352.75,352.75,4
20250820  13:20,352.75,352.75,352.75,352.75,0
20250820  13:21,352.75,352.75,352.75,352.75,0
20250820  13:22,352.75,352.75,352.75,352.75,0
20250820  13:23,352.85,352.85,352.85,352.85,5
20250820  13:24,353.15,353.15,353.15,353.15,4
20250820  13:25,353.15,353.15,353.15,353.15,0
20250820  13:26,353.15,353.15,353.15,353.15,0
20250820  13:27,353.15,353.15,353.15,353.15,0
20250820  13:28,353.15,353.15,353.15,353.15,0
20250820  13:29,353.1,353.1,353.0,353.0,2
20250820  13:30,352.9,353.25,352.9,353.25,7
20250821  10:15,360.0,360.0,360.0,360.0,2
20250821  10:16,360.0,360.0,360.0,360.0,0
20250821  10:17,360.0,360.0,360.0,360.0,0
20250821  10:18,360.0,360.0,360.0,360.0,0
20250821  10:19,360.0,360.0,360.0,360.0,0
20250821  10:20,360.0,360.0,360.0,360.0,0
20250821  10:21,360.0,360.0,360.0,360.0,0
20250821  10:22,360.0,360.0,360.0,360.0,0
20250821  10:23,360.0,360.0,360.0,360.0,0
20250821  10:24,360.0,360.0,360.0,360.0,0
20250821  10:25,360.0,360.0,360.0,360.0,0
20250821  10:26,360.0,360.0,360.0,360.0,0
20250821  10:27,360.0,360.0,360.0,360.0,0
20250821  10:28,360.0,360.0,360.0,360.0,0
20250821  10:29,360.0,360.0,360.0,360.0,0
20250821  10:30,360.0,360.0,360.0,360.0,0
20250821  10:31,360.0,360.0,360.0,360.0,0
20250821  10:32,360.0,360.0,360.0,360.0,0
20250821  10:33,360.0,360.0,360.0,360.0,0
20250821  10:34,360.0,360.0,360.0,360.0,0
20250821  10:35,360.0,360.0,360.0,360.0,0
20250821  10:36,360.0,360.0,360.0,360.0,0
20250821  10:37,360.0,360.0,360.0,360.0,0
20250821  10:38,360.0,360.0,360.0,360.0,0
20250821  10:39,360.0,360.0,360.0,360.0,0
20250821  10:40,360.0,360.0,360.0,360.0,0
20250821  10:41,360.0,360.0,360.0,360.0,0
20250821  10:42,360.0,360.0,360.0,360.0,0
20250821  10:43,360.0,360.0,360.0,360.0,0
20250821  10:44,360.0,360.0,360.0,360.0,0
20250821  10:45,360.0,360.0,360.0,360.0,0
20250821  10:46,360.0,360.0,360.0,360.0,0
20250821  10:47,360.0,360.0,360.0,360.0,0
20250821  10:48,360.0,360.0,360.0,360.0,0
20250821  10:49,360.0,360.0,360.0,360.0,0
20250821  10:50,360.0,360.0,360.0,360.0,0
20250821  10:51,360.0,360.0,360.0,360.0,0
20250821  10:52,360.0,360.0,360.0,360.0,0
20250821  10:53,360.0,360.0,360.0,360.0,0
20250821  10:54,360.0,360.0,360.0,360.0,0
20250821  10:55,360.0,360.0,360.0,360.0,0
20250821  10:56,360.0,360.0,360.0,360.0,0
20250821  10:57,360.0,360.0,360.0,360.0,0
20250821  10:58,360.0,360.0,360.0,360.0,0
20250821  10:59,360.0,360.0,360.0,360.0,0
20250821  11:00,360.0,360.0,360.0,360.0,0
20250821  11:01,360.0,360.0,360.0,360.0,0
20250821  11:02,360.0,360.0,360.0,360.0,0
20250821  11:03,360.0,360.0,360.0,360.0,0
20250821  11:04,360.0,360.0,360.0,360.0,0
20250821  11:05,360.0,360.0,360.0,360.0,0
20250821  11:06,360.0,360.0,360.0,360.0,0
20250821  11:07,360.0,360.0,360.0,360.0,0
20250821  11:08,360.0,360.0,360.0,360.0,0
20250821  11:09,360.0,360.0,360.0,360.0,0
20250821  11:10,360.0,360.0,360.0,360.0,0
20250821  11:11,360.0,360.0,360.0,360.0,0
20250821  11:12,360.0,360.0,360.0,360.0,0
20250821  11:13,360.0,360.0,360.0,360.0,0
20250821  11:14,360.0,360.0,360.0,360.0,0
20250821  11:15,360.0,360.0,360.0,360.0,0
20250821  11:16,360.0,360.0,360.0,360.0,0
20250821  11:17,360.0,360.0,360.0,360.0,0
20250821  11:18,360.0,360.0,360.0,360.0,0
20250821  11:19,360.0,360.0,360.0,360.0,0
20250821  11:20,360.0,360.0,360.0,360.0,0
20250821  11:21,360.0,360.0,360.0,360.0,0
20250821  11:22,360.0,360.0,360.0,360.0,0
20250821  11:23,360.0,360.0,360.0,360.0,0
20250821  11:24,360.0,360.0,360.0,360.0,0
20250821  11:25,360.0,360.0,360.0,360.0,0
20250821  11:26,360.0,360.0,360.0,360.0,0
20250821  11:27,360.0,360.0,360.0,360.0,0
20250821  11:28,360.0,360.0,360.0,360.0,0
20250821  11:29,360.0,360.0,360.0,360.0,0
20250821  11:30,360.0,360.0,360.0,360.0,0
20250821  11:31,360.0,360.0,360.0,360.0,0
20250821  11:32,360.0,360.0,360.0,360.0,0
20250821  11:33,360.0,360.0,360.0,360.0,0
20250821  11:34,360.0,360.0,360.0,360.0,0
20250821  11:35,360.0,360.0,360.0,360.0,0
20250821  11:36,360.0,360.0,360.0,360.0,0
20250821  11:37,360.0,360.0,360.0,360.0,0
20250821  11:38,360.0,360.0,360.0,360.0,0
20250821  11:39,360.0,360.0,360.0,360.0,0
20250821  11:40,360.0,360.0,360.0,360.0,0
20250821  11:41,360.0,360.0,360.0,360.0,0
20250821  11:42,360.0,360.0,360.0,360.0,0
20250821  11:43,360.0,360.0,360.0,360.0,0
20250821  11:44,360.0,360.0,360.0,360.0,0
20250821  11:45,360.0,360.0,360.0,360.0,0
20250821  11:46,360.0,360.0,360.0,360.0,0
20250821  11:47,360.0,360.0,360.0,360.0,0
20250821  11:48,360.0,360.0,360.0,360.0,0
20250821  11:49,360.0,360.0,360.0,360.0,0
20250821  11:50,360.0,360.0,360.0,360.0,0
20250821  11:51,360.0,360.0,360.0,360.0,0
20250821  11:52,360.0,360.0,360.0,360.0,0
20250821  11:53,360.0,360.0,360.0,360.0,0
20250821  11:54,360.0,360.0,360.0,360.0,0
20250821  11:55,360.0,360.0,360.0,360.0,0
20250821  11:56,360.0,360.0,360.0,360.0,0
20250821  11:57,360.0,360.0,360.0,360.0,0
20250821  11:58,360.0,360.0,360.0,360.0,0
20250821  11:59,360.0,360.0,360.0,360.0,0
20250821  12:00,360.0,360.0,360.0,360.0,0
20250821  12:01,360.0,360.0,360.0,360.0,0
20250821  12:02,360.0,360.0,360.0,360.0,0
20250821  12:03,360.0,360.0,360.0,360.0,0
20250821  12:04,360.0,360.0,360.0,360.0,0
20250821  12:05,360.0,360.0,360.0,360.0,0
20250821  12:06,360.0,360.0,360.0,360.0,0
20250821  12:07,360.0,360.0,360.0,360.0,0
20250821  12:08,360.0,360.0,360.0,360.0,0
20250821  12:09,360.0,360.0,360.0,360.0,0
20250821  12:10,360.0,360.0,360.0,360.0,0
20250821  12:11,362.0,362.0,362.0,362.0,1
20250821  12:12,362.0,362.0,362.0,362.0,0
20250821  12:13,362.0,362.0,362.0,362.0,0
20250821  12:14,362.0,362.0,362.0,362.0,0
20250821  12:15,362.0,362.0,362.0,362.0,0
20250821  12:16,362.0,362.0,362.0,362.0,0
20250821  12:17,362.0,362.0,362.0,362.0,0
20250821  12:18,362.0,362.0,362.0,362.0,0
20250821  12:19,362.0,362.0,362.0,362.0,0
20250821  12:20,362.0,362.0,362.0,362.0,0
20250821  12:21,362.0,362.0,362.0,362.0,0
20250821  12:22,362.0,362.0,362.0,362.0,0
20250821  12:23,362.0,362.0,362.0,362.0,0
20250821  12:24,362.0,362.0,362.0,362.0,0
20250821  12:25,360.0,360.0,360.0,360.0,5
20250821  12:26,360.0,360.0,360.0,360.0,0
20250821  12:27,360.0,360.0,360.0,360.0,0
20250821  12:28,360.0,360.0,360.0,360.0,0
20250821  12:29,360.0,360.0,360.0,360.0,0
20250821  12:30,358.95,358.95,358.95,358.95,1
20250821  12:31,358.95,358.95,358.95,358.95,0
20250821  12:32,358.95,358.95,358.95,358.95,0
20250821  12:33,358.95,358.95,358.95,358.95,0
20250821  12:34,358.95,358.95,358.95,358.95,0
20250821  12:35,358.95,358.95,358.95,358.95,0
20250821  12:36,358.95,358.95,358.95,358.95,0
20250821  12:37,358.95,358.95,358.95,358.95,0
20250821  12:38,358.95,358.95,358.95,358.95,0
20250821  12:39,358.95,358.95,358.95,358.95,0
20250821  12:40,358.95,358.95,358.95,358.95,0
20250821  12:41,358.95,358.95,358.95,358.95,0
20250821  12:42,358.95,358.95,358.95,358.95,0
20250821  12:43,358.95,358.95,358.95,358.95,0
20250821  12:44,358.95,358.95,358.95,358.95,0
20250821  12:45,358.95,358.95,358.95,358.95,0
20250821  12:46,358.95,358.95,358.95,358.95,0
20250821  12:47,358.95,358.95,358.95,358.95,0
20250821  12:48,358.95,358.95,358.95,358.95,0
20250821  12:49,358.95,358.95,358.95,358.95,0
20250821  12:50,358.95,358.95,358.95,358.95,0
20250821  12:51,358.95,358.95,358.95,358.95,0
20250821  12:52,358.95,358.95,358.95,358.95,0
20250821  12:53,358.95,358.95,358.95,358.95,0
20250821  12:54,358.95,358.95,358.95,358.95,0
20250821  12:55,358.95,358.95,358.95,358.95,0
20250821  12:56,358.95,358.95,358.95,358.95,0
20250821  12:57,358.95,358.95,358.95,358.95,0
20250821  12:58,358.95,358.95,358.95,358.95,0
20250821  12:59,358.95,358.95,358.95,358.95,0
20250821  13:00,358.95,358.95,358.95,358.95,0
20250821  13:01,358.95,358.95,358.95,358.95,0
20250821  13:02,358.95,358.95,358.95,358.95,0
20250821  13:03,358.95,358.95,358.95,358.95,0
20250821  13:04,358.95,358.95,358.95,358.95,0
20250821  13:05,358.95,358.95,358.95,358.95,0
20250821  13:06,358.95,358.95,358.95,358.95,0
20250821  13:07,358.95,358.95,358.95,358.95,0
20250821  13:08,358.95,358.95,358.95,358.95,0
20250821  13:09,358.95,358.95,358.95,358.95,0
20250821  13:10,358.95,358.95,358.95,358.95,0
20250821  13:11,358.95,358.95,358.95,358.95,0
20250821  13:12,358.95,358.95,358.95,358.95,0
20250821  13:13,358.95,358.95,358.95,358.95,0
20250821  13:14,358.95,358.95,358.95,358.95,0
20250821  13:15,358.95,358.95,358.95,358.95,0
20250821  13:16,358.95,358.95,358.95,358.95,0
20250821  13:17,358.95,358.95,358.95,358.95,0
20250821  13:18,359.55,359.55,359.55,359.55,1
20250821  13:19,359.55,359.55,359.55,359.55,0
20250821  13:20,359.55,359.55,359.55,359.55,0
20250821  13:21,359.55,359.55,359.55,359.55,0
20250821  13:22,359.55,359.55,359.55,359.55,0
20250821  13:23,359.55,359.55,359.55,359.55,0
20250821  13:24,359.55,359.55,359.55,359.55,0
20250821  13:25,359.55,359.55,359.55,359.55,0
20250821  13:26,359.55,359.55,359.55,359.55,0
20250821  13:27,359.55,359.55,359.55,359.55,0
20250821  13:28,359.55,359.55,359.55,359.55,0
20250821  13:29,359.55,359.55,359.55,359.55,0
20250821  13:30,359.55,359.55,359.55,359.55,0
20250822  11:09,380.35,380.35,380.35,380.35,1
20250822  11:10,380.35,380.35,380.35,380.35,0
20250822  11:11,380.35,380.35,380.35,380.35,0
20250822  11:12,380.35,380.35,380.35,380.35,0
20250822  11:13,380.35,380.35,380.35,380.35,0
20250822  11:14,380.35,380.35,380.35,380.35,0
20250822  11:15,380.35,380.35,380.35,380.35,0
20250822  11:16,380.35,380.35,380.35,380.35,0
20250822  11:17,380.35,380.35,380.35,380.35,0
20250822  11:18,380.35,380.35,380.35,380.35,0
20250822  11:19,380.35,380.35,380.35,380.35,0
20250822  11:20,380.35,380.35,380.35,380.35,0
20250822  11:21,380.35,380.35,380.35,380.35,0
20250822  11:22,380.35,380.35,380.35,380.35,0
20250822  11:23,380.35,380.35,380.35,380.35,0
20250822  11:24,380.35,380.35,380.35,380.35,0
20250822  11:25,380.35,380.35,380.35,380.35,0
20250822  11:26,380.35,380.35,380.35,380.35,0
20250822  11:27,380.35,380.35,380.35,380.35,0
20250822  11:28,380.35,380.35,380.35,380.35,0
20250822  11:29,380.35,380.35,380.35,380.35,0
20250822  11:30,380.35,380.35,380.35,380.35,0
20250822  11:31,380.35,380.35,380.35,380.35,0
20250822  11:32,380.35,380.35,380.35,380.35,0
20250822  11:33,380.35,380.35,380.35,380.35,0
20250822  11:34,380.35,380.35,380.35,380.35,0
20250822  11:35,380.35,380.35,380.35,380.35,0
20250822  11:36,380.35,380.35,380.35,380.35,0
20250822  11:37,380.35,380.35,380.35,380.35,0
20250822  11:38,380.35,380.35,380.35,380.35,0
20250822  11:39,380.35,380.35,380.35,380.35,0
20250822  11:40,380.35,380.35,380.35,380.35,0
20250822  11:41,380.35,380.35,380.35,380.35,0
20250822  11:42,380.35,380.35,380.35,380.35,0
20250822  11:43,380.35,380.35,380.35,380.35,0
20250822  11:44,380.35,380.35,380.35,380.35,0
20250822  11:45,380.35,380.35,380.35,380.35,0
20250822  11:46,380.35,380.35,380.35,380.35,0
20250822  11:47,380.35,380.35,380.35,380.35,0
20250822  11:48,380.35,380.35,380.35,380.35,0
20250822  11:49,380.35,380.35,380.35,380.35,0
20250822  11:50,380.35,380.35,380.35,380.35,0
20250822  11:51,380.35,380.35,380.35,380.35,0
20250822  11:52,380.35,380.35,380.35,380.35,0
20250822  11:53,380.35,380.35,380.35,380.35,0
20250822  11:54,380.35,380.35,380.35,380.35,0
20250822  11:55,380.35,380.35,380.35,380.35,0
20250822  11:56,380.35,380.35,380.35,380.35,0
20250822  11:57,380.35,380.35,380.35,380.35,0
20250822  11:58,380.35,380.35,380.35,380.35,0
20250822  11:59,380.35,380.35,380.35,380.35,0
20250822  12:00,380.35,380.35,380.35,380.35,0
20250822  12:01,380.35,380.35,380.35,380.35,0
20250822  12:02,380.35,380.35,380.35,380.35,0
20250822  12:03,380.35,380.35,380.35,380.35,0
20250822  12:04,380.35,380.35,380.35,380.35,0
20250822  12:05,380.35,380.35,380.35,380.35,0
20250822  12:06,380.35,380.35,380.35,380.35,0
20250822  12:07,380.35,380.35,380.35,380.35,0
20250822  12:08,380.35,380.35,380.35,380.35,0
20250822  12:09,380.35,380.35,380.35,380.35,0
20250822  12:10,380.35,380.35,380.35,380.35,0
20250822  12:11,380.35,380.35,380.35,380.35,0
20250822  12:12,380.35,380.35,380.35,380.35,0
20250822  12:13,380.35,380.35,380.35,380.35,0
20250822  12:14,380.35,380.35,380.35,380.35,0
20250822  12:15,380.35,380.35,380.35,380.35,0
20250822  12:16,380.35,380.35,380.35,380.35,0
20250822  12:17,378.0,378.15,378.0,378.15,2
20250822  12:18,378.15,378.15,378.15,378.15,0
20250822  12:19,378.15,378.15,378.15,378.15,0
20250822  12:20,378.15,378.15,378.15,378.15,0
20250822  12:21,378.15,378.15,378.15,378.15,0
20250822  12:22,378.15,378.15,378.15,378.15,0
20250822  12:23,378.15,378.15,378.15,378.15,0
20250822  12:24,378.15,378.15,378.15,378.15,0
20250822  12:25,378.15,378.15,378.15,378.15,0
20250822  12:26,378.15,378.15,378.15,378.15,0
20250822  12:27,378.15,378.15,378.15,378.15,0
20250822  12:28,378.15,378.15,378.15,378.15,0
20250822  12:29,378.15,378.15,378.15,378.15,0
20250822  12:30,378.15,378.15,378.15,378.15,0
20250822  12:31,378.15,378.15,378.15,378.15,0
20250822  12:32,378.15,378.15,378.15,378.15,0
20250822  12:33,378.15,378.15,378.15,378.15,0
20250822  12:34,378.15,378.15,378.15,378.15,0
20250822  12:35,378.15,378.15,378.15,378.15,0
20250822  12:36,378.15,378.15,378.15,378.15,0
20250822  12:37,378.15,378.15,378.15,378.15,0
20250822  12:38,378.15,378.15,378.15,378.15,0
20250822  12:39,378.15,378.15,378.15,378.15,0
20250822  12:40,378.15,378.15,378.15,378.15,0
20250822  12:41,378.15,378.15,378.15,378.15,0
20250822  12:42,378.15,378.15,378.15,378.15,0
20250822  12:43,378.15,378.15,378.15,378.15,0
20250822  12:44,378.15,378.15,378.15,378.15,0
20250822  12:45,378.15,378.15,378.15,378.15,0
20250822  12:46,378.15,378.15,378.15,378.15,0
20250822  12:47,378.15,378.15,378.15,378.15,0
20250822  12:48,378.15,378.15,378.15,378.15,0
20250822  12:49,378.15,378.15,378.15,378.15,0
20250822  12:50,378.15,378.15,378.15,378.15,0
20250822  12:51,378.15,378.15,378.15,378.15,0
20250822  12:52,378.15,378.15,378.15,378.15,0
20250822  12:53,378.15,378.15,378.15,378.15,0
20250822  12:54,378.15,378.15,378.15,378.15,0
20250822  12:55,378.15,378.15,378.15,378.15,0
20250822  12:56,378.15,378.15,378.15,378.15,0
20250822  12:57,378.15,378.15,378.15,378.15,0
20250822  12:58,378.15,378.15,378.15,378.15,0
20250822  12:59,378.15,378.15,378.15,378.15,0
20250822  13:00,378.15,378.15,378.15,378.15,0
20250822  13:01,378.15,378.15,378.15,378.15,0
20250822  13:02,378.15,378.15,378.15,378.15,0
20250822  13:03,378.15,378.15,378.15,378.15,0
20250822  13:04,378.15,378.15,378.15,378.15,0
20250822  13:05,378.15,378.15,378.15,378.15,0
20250822  13:06,378.15,378.15,378.15,378.15,0
20250822  13:07,378.15,378.15,378.15,378.15,0
20250822  13:08,378.15,378.15,378.15,378.15,0
20250822  13:09,378.15,378.15,378.15,378.15,0
20250822  13:10,378.15,378.15,378.15,378.15,0
20250822  13:11,378.15,378.15,378.15,378.15,0
20250822  13:12,378.15,378.15,378.15,378.15,0
20250822  13:13,378.15,378.15,378.15,378.15,0
20250822  13:14,378.15,378.15,378.15,378.15,0
20250822  13:15,378.15,378.15,378.15,378.15,0
20250822  13:16,378.15,378.15,378.15,378.15,0
20250822  13:17,378.15,378.15,378.15,378.15,0
20250822  13:18,378.15,378.15,378.15,378.15,0
20250822  13:19,378.15,378.15,378.15,378.15,0
20250822  13:20,378.15,378.15,378.15,378.15,0
20250822  13:21,378.15,378.15,378.15,378.15,0
20250822  13:22,378.15,378.15,378.15,378.15,0
20250822  13:23,378.15,378.15,378.15,378.15,0
20250822  13:24,378.15,378.15,378.15,378.15,0
20250822  13:25,378.15,378.15,378.15,378.15,0
20250822  13:26,378.15,378.15,378.15,378.15,0
20250822  13:27,378.15,378.15,378.15,378.15,0
20250822  13:28,378.15,378.15,378.15,378.15,0
20250822  13:29,378.15,378.15,378.15,378.15,0
20250822  13:30,378.15,378.15,378.15,378.15,0
20250826  10:15,388.4,388.4,385.4,385.4,3
20250826  10:16,385.4,385.4,385.4,385.4,0
20250826  10:17,385.4,385.4,385.4,385.4,0
20250826  10:18,385.4,385.4,385.4,385.4,0
20250826  10:19,385.4,385.4,385.4,385.4,0
20250826  10:20,385.4,385.4,385.4,385.4,0
20250826  10:21,385.4,385.4,385.4,385.4,0
20250826  10:22,385.4,385.4,385.4,385.4,0
20250826  10:23,385.4,385.4,385.4,385.4,0
20250826  10:24,385.4,385.4,385.4,385.4,0
20250826  10:25,385.4,385.4,385.4,385.4,0
20250826  10:26,385.4,385.4,385.4,385.4,0
20250826  10:27,385.4,385.4,385.4,385.4,0
20250826  10:28,385.4,385.4,385.4,385.4,0
20250826  10:29,385.4,385.4,385.4,385.4,0
20250826  10:30,385.4,385.4,385.4,385.4,0
20250826  10:31,385.4,385.4,385.4,385.4,0
20250826  10:32,385.4,385.4,385.4,385.4,0
20250826  10:33,385.4,385.4,385.4,385.4,0
20250826  10:34,385.4,385.4,385.4,385.4,0
20250826  10:35,385.4,385.4,385.4,385.4,0
20250826  10:36,385.4,385.4,385.4,385.4,0
20250826  10:37,385.4,385.4,385.4,385.4,0
20250826  10:38,386.0,386.0,386.0,386.0,1
20250826  10:39,386.0,386.0,386.0,386.0,0
20250826  10:40,386.0,386.0,386.0,386.0,0
20250826  10:41,386.0,386.0,386.0,386.0,0
20250826  10:42,386.0,386.0,386.0,386.0,0
20250826  10:43,386.0,386.0,386.0,386.0,0
20250826  10:44,386.0,386.0,386.0,386.0,0
20250826  10:45,386.0,386.0,386.0,386.0,0
20250826  10:46,386.0,386.0,386.0,386.0,0
20250826  10:47,386.0,386.0,386.0,386.0,0
20250826  10:48,386.0,386.0,386.0,386.0,0
20250826  10:49,380.65,380.65,380.65,380.65,3
20250826  10:50,380.65,380.65,380.65,380.65,0
20250826  10:51,380.65,380.65,380.65,380.65,0
20250826  10:52,380.65,380.65,380.65,380.65,0
20250826  10:53,380.65,380.65,380.65,380.65,0
20250826  10:54,380.65,380.65,380.65,380.65,0
20250826  10:55,380.65,380.65,380.65,380.65,0
20250826  10:56,380.65,380.65,380.65,380.65,0
20250826  10:57,380.65,380.65,380.65,380.65,0
20250826  10:58,380.65,380.65,380.65,380.65,0
20250826  10:59,380.65,380.65,380.65,380.65,0
20250826  11:00,380.65,380.65,380.65,380.65,0
20250826  11:01,380.65,380.65,380.65,380.65,0
20250826  11:02,380.65,380.65,380.65,380.65,0
20250826  11:03,380.65,380.65,380.65,380.65,0
20250826  11:04,380.65,380.65,380.65,380.65,0
20250826  11:05,380.65,380.65,380.65,380.65,0
20250826  11:06,380.65,380.65,380.65,380.65,0
20250826  11:07,380.65,380.65,380.65,380.65,0
20250826  11:08,380.65,380.65,380.65,380.65,0
20250826  11:09,380.65,380.65,380.65,380.65,0
20250826  11:10,380.65,380.65,380.65,380.65,0
20250826  11:11,380.65,380.65,380.65,380.65,0
20250826  11:12,380.65,380.65,380.65,380.65,0
20250826  11:13,379.05,379.2,379.05,379.2,3
20250826  11:14,379.2,379.2,379.2,379.2,0
20250826  11:15,379.2,379.2,379.2,379.2,0
20250826  11:16,379.2,379.2,379.2,379.2,0
20250826  11:17,380.2,380.25,380.2,380.25,2
20250826  11:18,380.25,380.25,380.25,380.25,0
20250826  11:19,380.25,380.25,380.25,380.25,0
20250826  11:20,380.25,380.25,380.25,380.25,0
20250826  11:21,380.25,380.25,380.25,380.25,0
20250826  11:22,380.25,380.25,380.25,380.25,0
20250826  11:23,380.25,380.25,380.25,380.25,0
20250826  11:24,380.25,380.25,380.25,380.25,0
20250826  11:25,380.25,380.25,380.25,380.25,0
20250826  11:26,380.25,380.25,380.25,380.25,0
20250826  11:27,380.25,380.25,380.25,380.25,2
20250826  11:28,380.25,380.25,380.25,380.25,0
20250826  11:29,380.25,380.25,380.25,380.25,0
20250826  11:30,381.15,381.15,381.15,381.15,2
20250826  11:31,381.15,381.15,381.15,381.15,0
20250826  11:32,381.15,381.15,381.15,381.15,0
20250826  11:33,381.15,381.15,381.15,381.15,0
20250826  11:34,381.15,381.15,381.15,381.15,0
20250826  11:35,381.15,381.15,381.15,381.15,0
20250826  11:36,381.15,381.15,381.15,381.15,0
20250826  11:37,381.15,381.15,381.15,381.15,0
20250826  11:38,381.15,381.15,381.15,381.15,0
20250826  11:39,381.15,381.15,381.15,381.15,0
20250826  11:40,381.15,381.15,381.15,381.15,0
20250826  11:41,381.15,381.15,381.15,381.15,0
20250826  11:42,381.15,381.15,381.15,381.15,0
20250826  11:43,381.15,381.15,381.15,381.15,0
20250826  11:44,381.15,381.15,381.15,381.15,0
20250826  11:45,380.3,380.3,380.3,380.3,2
20250826  11:46,380.3,380.3,380.3,380.3,0
20250826  11:47,380.3,380.3,380.3,380.3,0
20250826  11:48,380.3,380.3,380.3,380.3,0
20250826  11:49,380.3,380.3,380.3,380.3,0
20250826  11:50,380.3,380.3,380.3,380.3,0
20250826  11:51,380.3,380.3,380.3,380.3,0
20250826  11:52,380.3,380.3,380.3,380.3,0
20250826  11:53,380.0,380.0,380.0,380.0,5
20250826  11:54,380.0,380.0,380.0,380.0,0
20250826  11:55,380.0,380.0,380.0,380.0,0
20250826  11:56,380.0,380.0,380.0,380.0,0
20250826  11:57,380.0,380.0,380.0,380.0,0
20250826  11:58,380.0,380.0,380.0,380.0,0
20250826  11:59,380.0,380.0,380.0,380.0,0
20250826  12:00,380.25,380.25,380.25,380.25,2
20250826  12:01,380.25,380.25,380.25,380.25,0
20250826  12:02,380.25,380.25,380.25,380.25,0
20250826  12:03,380.25,380.25,380.25,380.25,0
20250826  12:04,380.25,380.25,380.25,380.25,0
20250826  12:05,380.25,380.25,380.25,380.25,0
20250826  12:06,380.25,380.25,380.25,380.25,0
20250826  12:07,380.25,380.25,380.25,380.25,0
20250826  12:08,380.25,380.25,380.25,380.25,0
20250826  12:09,380.25,380.25,380.25,380.25,0
20250826  12:10,380.25,380.25,380.25,380.25,0
20250826  12:11,380.25,380.25,380.25,380.25,0
20250826  12:12,380.25,380.25,380.25,380.25,0
20250826  12:13,380.25,380.25,380.25,380.25,0
20250826  12:14,380.25,380.25,380.25,380.25,0
20250826  12:15,380.25,380.25,380.25,380.25,0
20250826  12:16,380.25,380.25,380.25,380.25,0
20250826  12:17,380.25,380.25,380.25,380.25,0
20250826  12:18,380.25,380.25,380.25,380.25,0
20250826  12:19,380.25,380.25,380.25,380.25,0
20250826  12:20,380.25,380.25,380.25,380.25,0
20250826  12:21,380.25,380.25,380.25,380.25,0
20250826  12:22,380.25,380.25,380.25,380.25,0
20250826  12:23,380.25,380.25,380.25,380.25,0
20250826  12:24,380.25,380.25,380.25,380.25,0
20250826  12:25,380.25,380.25,380.25,380.25,0
20250826  12:26,380.25,380.25,380.25,380.25,0
20250826  12:27,380.25,380.25,380.25,380.25,0
20250826  12:28,380.25,380.25,380.25,380.25,0
20250826  12:29,380.25,380.25,380.25,380.25,0
20250826  12:30,380.25,380.25,380.25,380.25,0
20250826  12:31,380.25,380.25,380.25,380.25,0
20250826  12:32,380.25,380.25,380.25,380.25,0
20250826  12:33,380.25,380.25,380.25,380.25,0
20250826  12:34,380.25,380.25,380.25,380.25,0
20250826  12:35,380.25,380.25,380.25,380.25,0
20250826  12:36,380.25,380.25,380.25,380.25,0
20250826  12:37,380.25,380.25,380.25,380.25,0
20250826  12:38,380.25,380.25,380.25,380.25,0
20250826  12:39,380.25,380.25,380.25,380.25,0
20250826  12:40,380.25,380.25,380.25,380.25,0
20250826  12:41,376.5,376.5,376.5,376.5,1
20250826  12:42,376.5,376.5,376.5,376.5,0
20250826  12:43,376.5,376.5,376.5,376.5,0
20250826  12:44,376.5,376.5,376.5,376.5,0
20250826  12:45,376.5,376.5,376.5,376.5,0
20250826  12:46,376.5,376.5,376.5,376.5,0
20250826  12:47,376.5,376.5,376.5,376.5,0
20250826  12:48,376.5,376.5,376.5,376.5,0
20250826  12:49,376.5,376.5,376.5,376.5,0
20250826  12:50,376.5,376.5,376.5,376.5,0
20250826  12:51,376.5,376.5,376.5,376.5,0
20250826  12:52,376.5,376.5,376.5,376.5,0
20250826  12:53,376.5,376.5,376.5,376.5,0
20250826  12:54,376.5,376.5,376.5,376.5,0
20250826  12:55,376.5,376.5,376.5,376.5,0
20250826  12:56,376.5,376.5,376.5,376.5,0
20250826  12:57,376.5,376.5,376.5,376.5,0
20250826  12:58,376.5,376.5,376.5,376.5,0
20250826  12:59,376.5,376.5,376.5,376.5,0
20250826  13:00,376.5,376.5,376.5,376.5,0
20250826  13:01,376.5,376.5,376.5,376.5,0
20250826  13:02,376.5,376.5,376.5,376.5,0
20250826  13:03,376.5,376.5,376.5,376.5,0
20250826  13:04,376.5,376.5,376.5,376.5,0
20250826  13:05,376.5,376.5,376.5,376.5,0
20250826  13:06,376.5,376.5,376.5,376.5,0
20250826  13:07,376.5,376.5,376.5,376.5,0
20250826  13:08,376.5,376.5,376.5,376.5,0
20250826  13:09,376.5,376.5,376.5,376.5,0
20250826  13:10,376.5,376.5,376.5,376.5,0
20250826  13:11,377.0,377.95,377.0,377.95,3
20250826  13:12,377.95,377.95,377.95,377.95,0
20250826  13:13,377.95,377.95,377.95,377.95,0
20250826  13:14,377.95,377.95,377.95,377.95,0
20250826  13:15,377.95,377.95,377.95,377.95,0
20250826  13:16,377.95,377.95,377.95,377.95,0
20250826  13:17,377.85,377.85,377.85,377.85,2
20250826  13:18,377.85,377.85,377.85,377.85,0
20250826  13:19,377.85,377.85,377.85,377.85,0
20250826  13:20,377.85,377.85,377.85,377.85,0
20250826  13:21,377.85,377.85,377.85,377.85,0
20250826  13:22,377.85,377.85,377.85,377.85,0
20250826  13:23,377.85,377.85,377.85,377.85,0
20250826  13:24,377.85,377.85,377.85,377.85,0
20250826  13:25,377.85,377.85,377.85,377.85,0
20250826  13:26,377.85,377.85,377.85,377.85,0
20250826  13:27,377.85,377.85,377.85,377.85,0
20250826  13:28,377.85,377.85,377.85,377.85,0
20250826  13:29,377.85,377.85,377.85,377.85,0
20250826  13:30,377.85,377.85,377.85,377.85,0
20250827  12:52,379.0,379.5,379.0,379.5,12
20250827  12:53,379.5,379.5,379.5,379.5,0
20250827  12:54,379.5,379.5,379.5,379.5,0
20250827  12:55,379.5,379.5,379.5,379.5,0
20250827  12:56,379.5,379.5,379.5,379.5,0
20250827  12:57,379.5,379.5,379.5,379.5,0
20250827  12:58,379.5,379.5,379.5,379.5,0
20250827  12:59,379.5,379.5,379.5,379.5,0
20250827  13:00,379.5,379.5,379.5,379.5,0
20250827  13:01,379.5,379.5,379.5,379.5,0
20250827  13:02,379.5,379.5,379.5,379.5,0
20250827  13:03,379.5,379.5,379.5,379.5,0
20250827  13:04,379.5,379.5,379.5,379.5,0
20250827  13:05,379.5,379.5,379.5,379.5,0
20250827  13:06,379.5,379.5,379.5,379.5,0
20250827  13:07,379.5,379.5,379.5,379.5,0
20250827  13:08,379.5,379.5,379.5,379.5,0
20250827  13:09,379.5,379.5,379.5,379.5,0
20250827  13:10,379.5,379.5,379.5,379.5,0
20250827  13:11,379.5,379.5,379.5,379.5,0
20250827  13:12,379.5,379.5,379.5,379.5,0
20250827  13:13,379.5,379.5,379.5,379.5,0
20250827  13:14,379.5,379.5,379.5,379.5,0
20250827  13:15,379.5,379.5,379.5,379.5,0
20250827  13:16,379.5,379.5,379.5,379.5,0
20250827  13:17,379.5,379.5,379.5,379.5,0
20250827  13:18,379.5,379.5,379.5,379.5,0
20250827  13:19,379.5,379.5,379.5,379.5,0
20250827  13:20,379.5,379.5,379.5,379.5,0
20250827  13:21,379.5,379.5,379.5,379.5,0
20250827  13:22,379.5,379.5,379.5,379.5,0
20250827  13:23,379.5,379.5,379.5,379.5,0
20250827  13:24,379.5,379.5,379.5,379.5,0
20250827  13:25,379.5,379.5,379.5,379.5,0
20250827  13:26,379.5,379.5,379.5,379.5,0
20250827  13:27,379.5,379.5,379.5,379.5,0
20250827  13:28,379.5,379.5,379.5,379.5,0
20250827  13:29,379.5,379.5,379.5,379.5,0
20250827  13:30,379.5,379.5,379.5,379.5,0
20250828  10:15,394.65,394.7,394.65,394.7,2
20250828  10:16,394.7,394.7,394.7,394.7,0
20250828  10:17,394.7,394.7,394.7,394.7,0
20250828  10:18,394.7,394.7,394.7,394.7,0
20250828  10:19,394.7,394.7,394.7,394.7,0
20250828  10:20,394.7,394.7,394.7,394.7,0
20250828  10:21,394.7,394.7,394.7,394.7,0
20250828  10:22,394.7,394.7,394.7,394.7,0
20250828  10:23,394.7,394.7,394.7,394.7,0
20250828  10:24,394.7,394.7,394.7,394.7,0
20250828  10:25,394.7,394.7,394.7,394.7,0
20250828  10:26,394.7,394.7,394.7,394.7,0
20250828  10:27,394.7,394.7,394.7,394.7,0
20250828  10:28,394.7,394.7,394.7,394.7,0
20250828  10:29,396.0,396.05,395.8,396.05,4
20250828  10:30,395.95,395.95,395.95,395.95,1
20250828  10:31,396.15,396.2,395.85,395.85,4
20250828  10:32,395.85,395.85,395.85,395.85,0
20250828  10:33,397.6,397.6,397.6,397.6,1
20250828  10:34,397.6,397.6,397.6,397.6,0
20250828  10:35,397.6,397.6,397.6,397.6,0
20250828  10:36,397.6,397.6,397.6,397.6,0
20250828  10:37,397.6,397.6,397.6,397.6,0
20250828  10:38,397.6,397.6,397.6,397.6,0
20250828  10:39,397.6,397.6,397.6,397.6,0
20250828  10:40,397.6,397.6,397.6,397.6,0
20250828  10:41,397.6,397.6,397.6,397.6,0
20250828  10:42,397.6,397.6,397.6,397.6,0
20250828  10:43,397.6,397.6,397.6,397.6,0
20250828  10:44,397.6,397.6,397.6,397.6,0
20250828  10:45,397.6,397.6,397.6,397.6,0
20250828  10:46,397.6,397.6,397.6,397.6,0
20250828  10:47,397.6,397.6,397.6,397.6,0
20250828  10:48,397.6,397.6,397.6,397.6,0
20250828  10:49,397.6,397.6,397.6,397.6,0
20250828  10:50,397.6,397.6,397.6,397.6,0
20250828  10:51,397.6,397.6,397.6,397.6,0
20250828  10:52,397.6,397.6,397.6,397.6,0
20250828  10:53,397.6,397.6,397.6,397.6,0
20250828  10:54,397.6,397.6,397.6,397.6,0
20250828  10:55,397.6,397.6,397.6,397.6,0
20250828  10:56,397.6,397.6,397.6,397.6,0
20250828  10:57,397.6,397.6,397.6,397.6,0
20250828  10:58,397.6,397.6,397.6,397.6,0
20250828  10:59,397.6,397.6,397.6,397.6,0
20250828  11:00,397.6,397.6,397.6,397.6,0
20250828  11:01,397.6,397.6,397.6,397.6,0
20250828  11:02,397.6,397.6,397.6,397.6,0
20250828  11:03,397.6,397.6,397.6,397.6,0
20250828  11:04,397.6,397.6,397.6,397.6,0
20250828  11:05,397.6,397.6,397.6,397.6,0
20250828  11:06,397.6,397.6,397.6,397.6,0
20250828  11:07,397.6,397.6,397.6,397.6,0
20250828  11:08,397.6,397.6,397.6,397.6,0
20250828  11:09,397.6,397.6,397.6,397.6,0
20250828  11:10,397.6,397.6,397.6,397.6,0
20250828  11:11,397.6,397.6,397.6,397.6,0
20250828  11:12,397.6,397.6,397.6,397.6,0
20250828  11:13,400.8,400.8,400.8,400.8,1
20250828  11:14,400.8,400.8,400.8,400.8,0
20250828  11:15,400.8,400.8,400.8,400.8,0
20250828  11:16,400.8,400.8,400.8,400.8,0
20250828  11:17,400.8,400.8,400.8,400.8,0
20250828  11:18,400.8,400.8,400.8,400.8,0
20250828  11:19,400.8,400.8,400.8,400.8,0
20250828  11:20,400.8,400.8,400.8,400.8,0
20250828  11:21,400.8,400.8,400.8,400.8,0
20250828  11:22,400.0,400.0,400.0,400.0,1
20250828  11:23,400.0,400.0,400.0,400.0,0
20250828  11:24,400.0,400.0,400.0,400.0,0
20250828  11:25,400.0,400.0,400.0,400.0,0
20250828  11:26,400.0,400.0,400.0,400.0,0
20250828  11:27,400.0,400.0,400.0,400.0,0
20250828  11:28,400.0,400.0,400.0,400.0,0
20250828  11:29,400.0,400.0,400.0,400.0,0
20250828  11:30,400.0,400.0,400.0,400.0,0
20250828  11:31,400.0,400.0,400.0,400.0,0
20250828  11:32,400.0,400.0,400.0,400.0,0
20250828  11:33,400.0,400.0,400.0,400.0,0
20250828  11:34,400.0,400.0,400.0,400.0,0
20250828  11:35,400.0,400.0,400.0,400.0,0
20250828  11:36,400.0,400.0,400.0,400.0,0
20250828  11:37,400.0,400.0,400.0,400.0,0
20250828  11:38,400.0,400.0,400.0,400.0,0
20250828  11:39,400.0,400.0,400.0,400.0,0
20250828  11:40,400.0,400.0,400.0,400.0,0
20250828  11:41,400.0,400.0,400.0,400.0,0
20250828  11:42,400.0,400.0,400.0,400.0,0
20250828  11:43,400.0,400.0,400.0,400.0,0
20250828  11:44,400.0,400.0,400.0,400.0,0
20250828  11:45,400.0,400.0,400.0,400.0,0
20250828  11:46,400.0,400.0,400.0,400.0,0
20250828  11:47,400.0,400.0,400.0,400.0,0
20250828  11:48,400.0,400.0,400.0,400.0,0
20250828  11:49,400.0,400.0,400.0,400.0,0
20250828  11:50,400.0,400.0,400.0,400.0,0
20250828  11:51,400.0,400.0,400.0,400.0,0
20250828  11:52,400.0,400.0,400.0,400.0,0
20250828  11:53,400.0,400.0,400.0,400.0,0
20250828  11:54,400.0,400.0,400.0,400.0,0
20250828  11:55,400.0,400.0,400.0,400.0,0
20250828  11:56,400.0,400.0,400.0,400.0,0
20250828  11:57,400.0,400.0,400.0,400.0,0
20250828  11:58,400.0,400.0,400.0,400.0,0
20250828  11:59,400.0,400.0,400.0,400.0,0
20250828  12:00,400.0,400.0,400.0,400.0,0
20250828  12:01,400.0,400.0,400.0,400.0,0
20250828  12:02,400.0,400.0,400.0,400.0,0
20250828  12:03,400.0,400.0,400.0,400.0,0
20250828  12:04,400.0,400.0,400.0,400.0,0
20250828  12:05,400.0,400.0,400.0,400.0,0
20250828  12:06,400.0,400.0,400.0,400.0,0
20250828  12:07,400.0,400.0,400.0,400.0,0
20250828  12:08,400.0,400.0,400.0,400.0,0
20250828  12:09,400.0,400.0,400.0,400.0,0
20250828  12:10,400.0,400.0,400.0,400.0,0
20250828  12:11,400.0,400.0,400.0,400.0,0
20250828  12:12,400.0,400.0,400.0,400.0,0
20250828  12:13,400.0,400.0,400.0,400.0,0
20250828  12:14,400.0,400.0,400.0,400.0,0
20250828  12:15,400.0,400.0,400.0,400.0,0
20250828  12:16,400.0,400.0,400.0,400.0,0
20250828  12:17,400.0,400.0,400.0,400.0,0
20250828  12:18,400.0,400.0,400.0,400.0,0
20250828  12:19,400.0,400.0,400.0,400.0,0
20250828  12:20,400.0,400.0,400.0,400.0,0
20250828  12:21,400.0,400.0,400.0,400.0,0
20250828  12:22,400.0,400.0,400.0,400.0,0
20250828  12:23,400.0,400.0,400.0,400.0,0
20250828  12:24,400.0,400.0,400.0,400.0,0
20250828  12:25,400.0,400.0,400.0,400.0,0
20250828  12:26,400.0,400.0,400.0,400.0,0
20250828  12:27,400.0,400.0,400.0,400.0,0
20250828  12:28,400.0,400.0,400.0,400.0,0
20250828  12:29,400.0,400.0,400.0,400.0,0
20250828  12:30,400.0,400.0,400.0,400.0,0
20250828  12:31,400.0,400.0,400.0,400.0,0
20250828  12:32,400.0,400.0,400.0,400.0,0
20250828  12:33,400.0,400.0,400.0,400.0,0
20250828  12:34,400.0,400.0,400.0,400.0,0
20250828  12:35,400.0,400.0,400.0,400.0,0
20250828  12:36,400.0,400.0,400.0,400.0,0
20250828  12:37,400.0,400.0,400.0,400.0,0
20250828  12:38,400.0,400.0,400.0,400.0,0
20250828  12:39,400.0,400.0,400.0,400.0,0
20250828  12:40,400.0,400.0,400.0,400.0,0
20250828  12:41,400.0,400.0,400.0,400.0,0
20250828  12:42,400.0,400.0,400.0,400.0,0
20250828  12:43,400.0,400.0,400.0,400.0,0
20250828  12:44,400.0,400.0,400.0,400.0,0
20250828  12:45,400.0,400.0,400.0,400.0,0
20250828  12:46,400.0,400.0,400.0,400.0,0
20250828  12:47,400.0,400.0,400.0,400.0,0
20250828  12:48,400.0,400.0,400.0,400.0,0
20250828  12:49,400.0,400.0,400.0,400.0,0
20250828  12:50,400.0,400.0,400.0,400.0,0
20250828  12:51,400.0,400.0,400.0,400.0,0
20250828  12:52,400.0,400.0,400.0,400.0,0
20250828  12:53,400.0,400.0,400.0,400.0,0
20250828  12:54,400.0,400.0,400.0,400.0,0
20250828  12:55,400.0,400.0,400.0,400.0,0
20250828  12:56,400.0,400.0,400.0,400.0,0
20250828  12:57,400.0,400.0,400.0,400.0,0
20250828  12:58,400.0,400.0,400.0,400.0,0
20250828  12:59,400.0,400.0,400.0,400.0,0
20250828  13:00,400.0,400.0,400.0,400.0,0
20250828  13:01,400.0,400.0,400.0,400.0,0
20250828  13:02,400.0,400.0,400.0,400.0,0
20250828  13:03,400.0,400.0,400.0,400.0,0
20250828  13:04,400.0,400.0,400.0,400.0,0
20250828  13:05,400.0,400.0,400.0,400.0,0
20250828  13:06,400.0,400.0,400.0,400.0,0
20250828  13:07,400.0,400.0,400.0,400.0,0
20250828  13:08,400.0,400.0,400.0,400.0,0
20250828  13:09,400.0,400.0,400.0,400.0,0
20250828  13:10,400.0,400.0,400.0,400.0,0
20250828  13:11,400.0,400.0,400.0,400.0,0
20250828  13:12,400.0,400.0,400.0,400.0,0
20250828  13:13,400.0,400.0,400.0,400.0,0
20250828  13:14,400.0,400.0,400.0,400.0,0
20250828  13:15,400.0,400.0,400.0,400.0,0
20250828  13:16,400.0,400.0,400.0,400.0,0
20250828  13:17,400.0,400.0,400.0,400.0,0
20250828  13:18,400.0,400.0,400.0,400.0,0
20250828  13:19,400.0,400.0,400.0,400.0,0
20250828  13:20,400.0,400.0,400.0,400.0,0
20250828  13:21,400.0,400.0,400.0,400.0,0
20250828  13:22,400.0,400.0,400.0,400.0,0
20250828  13:23,400.0,400.0,400.0,400.0,0
20250828  13:24,400.0,400.0,400.0,400.0,0
20250828  13:25,400.0,400.0,400.0,400.0,0
20250828  13:26,400.0,400.0,400.0,400.0,0
20250828  13:27,400.0,400.0,400.0,400.0,0
20250828  13:28,400.0,400.0,400.0,400.0,0
20250828  13:29,400.0,400.0,400.0,400.0,0
20250828  13:30,400.0,400.0,400.0,400.0,0
20250829  10:22,384.0,384.0,384.0,384.0,1
20250829  10:23,384.0,384.0,384.0,384.0,0
20250829  10:24,384.0,384.0,384.0,384.0,0
20250829  10:25,384.0,384.0,384.0,384.0,0
20250829  10:26,384.0,384.0,384.0,384.0,0
20250829  10:27,384.0,384.0,384.0,384.0,0
20250829  10:28,384.0,384.0,384.0,384.0,0
20250829  10:29,384.0,384.0,384.0,384.0,0
20250829  10:30,384.0,384.0,384.0,384.0,0
20250829  10:31,384.0,384.0,384.0,384.0,0
20250829  10:32,384.0,384.0,384.0,384.0,0
20250829  10:33,384.0,384.0,384.0,384.0,0
20250829  10:34,384.0,384.0,384.0,384.0,0
20250829  10:35,384.0,384.0,384.0,384.0,0
20250829  10:36,384.0,384.0,384.0,384.0,0
20250829  10:37,384.0,384.0,384.0,384.0,0
20250829  10:38,384.0,384.0,384.0,384.0,0
20250829  10:39,384.0,384.0,384.0,384.0,0
20250829  10:40,384.0,384.0,384.0,384.0,0
20250829  10:41,384.0,384.0,384.0,384.0,0
20250829  10:42,384.0,384.0,384.0,384.0,0
20250829  10:43,384.0,384.0,384.0,384.0,0
20250829  10:44,384.0,384.0,384.0,384.0,0
20250829  10:45,384.0,384.0,384.0,384.0,0
20250829  10:46,384.0,384.0,384.0,384.0,0
20250829  10:47,384.0,384.0,384.0,384.0,0
20250829  10:48,384.0,384.0,384.0,384.0,0
20250829  10:49,384.0,384.0,384.0,384.0,0
20250829  10:50,384.0,384.0,384.0,384.0,0
20250829  10:51,384.0,384.0,384.0,384.0,0
20250829  10:52,384.0,384.0,384.0,384.0,0
20250829  10:53,384.0,384.0,384.0,384.0,0
20250829  10:54,384.0,384.0,384.0,384.0,0
20250829  10:55,384.0,384.0,384.0,384.0,0
20250829  10:56,384.0,384.0,384.0,384.0,0
20250829  10:57,384.0,384.0,384.0,384.0,0
20250829  10:58,384.0,384.0,384.0,384.0,0
20250829  10:59,384.0,384.0,384.0,384.0,0
20250829  11:00,384.0,384.0,384.0,384.0,0
20250829  11:01,384.0,384.0,384.0,384.0,0
20250829  11:02,384.0,384.0,384.0,384.0,0
20250829  11:03,384.0,384.0,384.0,384.0,0
20250829  11:04,384.0,384.0,384.0,384.0,0
20250829  11:05,384.0,384.0,384.0,384.0,0
20250829  11:06,384.0,384.0,384.0,384.0,0
20250829  11:07,384.0,384.0,384.0,384.0,0
20250829  11:08,384.0,384.0,384.0,384.0,0
20250829  11:09,384.0,384.0,384.0,384.0,0
20250829  11:10,384.0,384.0,384.0,384.0,0
20250829  11:11,384.0,384.0,384.0,384.0,0
20250829  11:12,384.0,384.0,384.0,384.0,0
20250829  11:13,384.0,384.0,384.0,384.0,0
20250829  11:14,384.0,384.0,384.0,384.0,0
20250829  11:15,384.0,384.0,384.0,384.0,0
20250829  11:16,384.0,384.0,384.0,384.0,0
20250829  11:17,384.0,384.0,384.0,384.0,0
20250829  11:18,384.0,384.0,384.0,384.0,0
20250829  11:19,384.0,384.0,384.0,384.0,0
20250829  11:20,384.0,384.0,384.0,384.0,0
20250829  11:21,384.0,384.0,384.0,384.0,0
20250829  11:22,384.0,384.0,384.0,384.0,0
20250829  11:23,384.0,384.0,384.0,384.0,0
20250829  11:24,384.0,384.0,384.0,384.0,0
20250829  11:25,384.0,384.0,384.0,384.0,0
20250829  11:26,384.0,384.0,384.0,384.0,0
20250829  11:27,384.0,384.0,384.0,384.0,0
20250829  11:28,384.0,384.0,384.0,384.0,0
20250829  11:29,384.0,384.0,384.0,384.0,0
20250829  11:30,384.0,384.0,384.0,384.0,0
20250829  11:31,384.0,384.0,384.0,384.0,0
20250829  11:32,384.0,384.0,384.0,384.0,0
20250829  11:33,384.0,384.0,384.0,384.0,0
20250829  11:34,384.0,384.0,384.0,384.0,0
20250829  11:35,384.0,384.0,384.0,384.0,0
20250829  11:36,384.0,384.0,384.0,384.0,0
20250829  11:37,384.0,384.0,384.0,384.0,0
20250829  11:38,384.0,384.0,384.0,384.0,0
20250829  11:39,384.0,384.0,384.0,384.0,0
20250829  11:40,384.0,384.0,384.0,384.0,0
20250829  11:41,384.0,384.0,384.0,384.0,0
20250829  11:42,384.0,384.0,384.0,384.0,0
20250829  11:43,384.0,384.0,384.0,384.0,0
20250829  11:44,384.0,384.0,384.0,384.0,0
20250829  11:45,384.0,384.0,384.0,384.0,0
20250829  11:46,384.0,384.0,384.0,384.0,0
20250829  11:47,384.0,384.0,384.0,384.0,0
20250829  11:48,384.0,384.0,384.0,384.0,0
20250829  11:49,384.0,384.0,384.0,384.0,0
20250829  11:50,384.0,384.0,384.0,384.0,0
20250829  11:51,384.0,384.0,384.0,384.0,0
20250829  11:52,384.0,384.0,384.0,384.0,0
20250829  11:53,384.0,384.0,384.0,384.0,0
20250829  11:54,384.0,384.0,384.0,384.0,0
20250829  11:55,384.0,384.0,384.0,384.0,0
20250829  11:56,384.0,384.0,384.0,384.0,0
20250829  11:57,384.0,384.0,384.0,384.0,0
20250829  11:58,384.0,384.0,384.0,384.0,0
20250829  11:59,384.0,384.0,384.0,384.0,0
20250829  12:00,384.0,384.0,384.0,384.0,0
20250829  12:01,384.0,384.0,384.0,384.0,0
20250829  12:02,384.0,384.0,384.0,384.0,0
20250829  12:03,384.0,384.0,384.0,384.0,0
20250829  12:04,384.0,384.0,384.0,384.0,0
20250829  12:05,384.0,384.0,384.0,384.0,0
20250829  12:06,384.0,384.0,384.0,384.0,0
20250829  12:07,384.0,384.0,384.0,384.0,0
20250829  12:08,384.0,384.0,384.0,384.0,0
20250829  12:09,384.0,384.0,384.0,384.0,0
20250829  12:10,384.0,384.0,384.0,384.0,0
20250829  12:11,384.0,384.0,384.0,384.0,0
20250829  12:12,384.0,384.0,384.0,384.0,0
20250829  12:13,384.0,384.0,384.0,384.0,0
20250829  12:14,384.0,384.0,384.0,384.0,0
20250829  12:15,384.0,384.0,384.0,384.0,0
20250829  12:16,384.0,384.0,384.0,384.0,0
20250829  12:17,384.0,384.0,384.0,384.0,0
20250829  12:18,384.0,384.0,384.0,384.0,0
20250829  12:19,384.0,384.0,384.0,384.0,0
20250829  12:20,384.0,384.0,384.0,384.0,0
20250829  12:21,384.0,384.0,384.0,384.0,0
20250829  12:22,384.0,384.0,384.0,384.0,0
20250829  12:23,384.0,384.0,384.0,384.0,0
20250829  12:24,384.0,384.0,384.0,384.0,0
20250829  12:25,384.0,384.0,384.0,384.0,0
20250829  12:26,384.0,384.0,384.0,384.0,0
20250829  12:27,384.0,384.0,384.0,384.0,0
20250829  12:28,384.0,384.0,384.0,384.0,0
20250829  12:29,384.0,384.0,384.0,384.0,0
20250829  12:30,384.0,384.0,384.0,384.0,0
20250829  12:31,384.0,384.0,384.0,384.0,0
20250829  12:32,384.0,384.0,384.0,384.0,0
20250829  12:33,384.0,384.0,384.0,384.0,0
20250829  12:34,384.0,384.0,384.0,384.0,0
20250829  12:35,384.0,384.0,384.0,384.0,0
20250829  12:36,384.0,384.0,384.0,384.0,0
20250829  12:37,384.0,384.0,384.0,384.0,0
20250829  12:38,384.0,384.0,384.0,384.0,0
20250829  12:39,384.0,384.0,384.0,384.0,0
20250829  12:40,384.0,384.0,384.0,384.0,0
20250829  12:41,384.0,384.0,384.0,384.0,0
20250829  12:42,384.0,384.0,384.0,384.0,0
20250829  12:43,384.0,384.0,384.0,384.0,0
20250829  12:44,384.0,384.0,384.0,384.0,0
20250829  12:45,384.0,384.0,384.0,384.0,0
20250829  12:46,384.0,384.0,384.0,384.0,0
20250829  12:47,384.0,384.0,384.0,384.0,0
20250829  12:48,384.0,384.0,384.0,384.0,0
20250829  12:49,384.0,384.0,384.0,384.0,0
20250829  12:50,384.0,384.0,384.0,384.0,0
20250829  12:51,384.0,384.0,384.0,384.0,0
20250829  12:52,384.0,384.0,384.0,384.0,0
20250829  12:53,384.0,384.0,384.0,384.0,0
20250829  12:54,384.0,384.0,384.0,384.0,0
20250829  12:55,384.0,384.0,384.0,384.0,0
20250829  12:56,384.0,384.0,384.0,384.0,0
20250829  12:57,384.0,384.0,384.0,384.0,0
20250829  12:58,384.0,384.0,384.0,384.0,0
20250829  12:59,384.0,384.0,384.0,384.0,0
20250829  13:00,384.0,384.0,384.0,384.0,0
20250829  13:01,384.0,384.0,384.0,384.0,0
20250829  13:02,384.0,384.0,384.0,384.0,0
20250829  13:03,384.0,384.0,384.0,384.0,0
20250829  13:04,384.0,384.0,384.0,384.0,0
20250829  13:05,384.0,384.0,384.0,384.0,0
20250829  13:06,384.0,384.0,384.0,384.0,0
20250829  13:07,384.0,384.0,384.0,384.0,0
20250829  13:08,384.0,384.0,384.0,384.0,0
20250829  13:09,384.0,384.0,384.0,384.0,0
20250829  13:10,384.0,384.0,384.0,384.0,0
20250829  13:11,384.0,384.0,384.0,384.0,0
20250829  13:12,384.0,384.0,384.0,384.0,0
20250829  13:13,384.0,384.0,384.0,384.0,0
20250829  13:14,384.0,384.0,384.0,384.0,0
20250829  13:15,384.0,384.0,384.0,384.0,0
20250829  13:16,384.0,384.0,384.0,384.0,0
20250829  13:17,384.0,384.0,384.0,384.0,0
20250829  13:18,384.0,384.0,384.0,384.0,0
20250829  13:19,384.0,384.0,384.0,384.0,0
20250829  13:20,384.0,384.0,384.0,384.0,0
20250829  13:21,384.0,384.0,384.0,384.0,0
20250829  13:22,384.0,384.0,384.0,384.0,0
20250829  13:23,384.0,384.0,384.0,384.0,0
20250829  13:24,384.0,384.0,384.0,384.0,0
20250829  13:25,384.0,384.0,384.0,384.0,0
20250829  13:26,384.0,384.0,384.0,384.0,0
20250829  13:27,384.0,384.0,384.0,384.0,0
20250829  13:28,384.0,384.0,384.0,384.0,0
20250829  13:29,384.0,384.0,384.0,384.0,0
20250829  13:30,384.0,384.0,384.0,384.0,0
20250903  10:15,383.2,383.4,383.2,383.4,2
20250903  10:16,383.4,383.4,383.4,383.4,0
20250903  10:17,383.4,383.4,383.4,383.4,0
20250903  10:18,383.4,383.4,383.4,383.4,0
20250903  10:19,383.4,383.4,383.4,383.4,0
20250903  10:20,383.4,383.4,383.4,383.4,0
20250903  10:21,383.4,383.4,383.4,383.4,0
20250903  10:22,389.3,389.3,389.3,389.3,2
20250903  10:23,389.3,389.3,389.3,389.3,0
20250903  10:24,389.3,389.3,389.3,389.3,0
20250903  10:25,389.3,389.3,389.3,389.3,0
20250903  10:26,389.3,389.3,389.3,389.3,0
20250903  10:27,389.3,389.3,389.3,389.3,0
20250903  10:28,389.3,389.3,389.3,389.3,0
20250903  10:29,389.3,389.3,389.3,389.3,0
20250903  10:30,389.3,389.3,389.3,389.3,0
20250903  10:31,389.3,389.3,389.3,389.3,0
20250903  10:32,389.3,389.3,389.3,389.3,0
20250903  10:33,389.3,389.3,389.3,389.3,0
20250903  10:34,389.3,389.3,389.3,389.3,0
20250903  10:35,389.3,389.3,389.3,389.3,0
20250903  10:36,389.3,389.3,389.3,389.3,0
20250903  10:37,389.3,389.3,389.3,389.3,0
20250903  10:38,389.3,389.3,389.3,389.3,0
20250903  10:39,389.3,389.3,389.3,389.3,0
20250903  10:40,389.3,389.3,389.3,389.3,0
20250903  10:41,389.3,389.3,389.3,389.3,0
20250903  10:42,389.3,389.3,389.3,389.3,0
20250903  10:43,389.3,389.3,389.3,389.3,0
20250903  10:44,389.3,389.3,389.3,389.3,0
20250903  10:45,389.3,389.3,389.3,389.3,0
20250903  10:46,389.3,389.3,389.3,389.3,0
20250903  10:47,389.3,389.3,389.3,389.3,0
20250903  10:48,389.3,389.3,389.3,389.3,0
20250903  10:49,389.3,389.3,389.3,389.3,0
20250903  10:50,389.3,389.3,389.3,389.3,0
20250903  10:51,389.3,389.3,389.3,389.3,0
20250903  10:52,389.3,389.3,389.3,389.3,0
20250903  10:53,389.3,389.3,389.3,389.3,0
20250903  10:54,389.3,389.3,389.3,389.3,0
20250903  10:55,389.3,389.3,389.3,389.3,0
20250903  10:56,389.3,389.3,389.3,389.3,0
20250903  10:57,389.3,389.3,389.3,389.3,0
20250903  10:58,389.3,389.3,389.3,389.3,0
20250903  10:59,389.3,389.3,389.3,389.3,0
20250903  11:00,389.3,389.3,389.3,389.3,0
20250903  11:01,389.3,389.3,389.3,389.3,0
20250903  11:02,389.3,389.3,389.3,389.3,0
20250903  11:03,389.3,389.3,389.3,389.3,0
20250903  11:04,389.3,389.3,389.3,389.3,0
20250903  11:05,389.3,389.3,389.3,389.3,0
20250903  11:06,389.3,389.3,389.3,389.3,0
20250903  11:07,389.3,389.3,389.3,389.3,0
20250903  11:08,389.3,389.3,389.3,389.3,0
20250903  11:09,389.3,389.3,389.3,389.3,0
20250903  11:10,389.3,389.3,389.3,389.3,0
20250903  11:11,389.3,389.3,389.3,389.3,0
20250903  11:12,389.3,389.3,389.3,389.3,0
20250903  11:13,389.3,389.3,389.3,389.3,0
20250903  11:14,389.3,389.3,389.3,389.3,0
20250903  11:15,389.3,389.3,389.3,389.3,0
20250903  11:16,389.3,389.3,389.3,389.3,0
20250903  11:17,389.3,389.3,389.3,389.3,0
20250903  11:18,389.3,389.3,389.3,389.3,0
20250903  11:19,389.3,389.3,389.3,389.3,0
20250903  11:20,389.3,389.3,389.3,389.3,0
20250903  11:21,389.3,389.3,389.3,389.3,0
20250903  11:22,389.3,389.3,389.3,389.3,0
20250903  11:23,389.3,389.3,389.3,389.3,0
20250903  11:24,389.3,389.3,389.3,389.3,0
20250903  11:25,389.3,389.3,389.3,389.3,0
20250903  11:26,389.3,389.3,389.3,389.3,0
20250903  11:27,389.3,389.3,389.3,389.3,0
20250903  11:28,389.3,389.3,389.3,389.3,0
20250903  11:29,389.3,389.3,389.3,389.3,0
20250903  11:30,389.3,389.3,389.3,389.3,0
20250903  11:31,389.3,389.3,389.3,389.3,0
20250903  11:32,389.3,389.3,389.3,389.3,0
20250903  11:33,389.3,389.3,389.3,389.3,0
20250903  11:34,389.3,389.3,389.3,389.3,0
20250903  11:35,389.3,389.3,389.3,389.3,0
20250903  11:36,389.3,389.3,389.3,389.3,0
20250903  11:37,389.3,389.3,389.3,389.3,0
20250903  11:38,389.3,389.3,389.3,389.3,0
20250903  11:39,389.3,389.3,389.3,389.3,0
20250903  11:40,389.3,389.3,389.3,389.3,0
20250903  11:41,389.3,389.3,389.3,389.3,0
20250903  11:42,389.3,389.3,389.3,389.3,0
20250903  11:43,389.3,389.3,389.3,389.3,0
20250903  11:44,389.3,389.3,389.3,389.3,0
20250903  11:45,389.3,389.3,389.3,389.3,0
20250903  11:46,389.3,389.3,389.3,389.3,0
20250903  11:47,389.3,389.3,389.3,389.3,0
20250903  11:48,389.3,389.3,389.3,389.3,0
20250903  11:49,389.3,389.3,389.3,389.3,0
20250903  11:50,389.3,389.3,389.3,389.3,0
20250903  11:51,389.3,389.3,389.3,389.3,0
20250903  11:52,389.3,389.3,389.3,389.3,0
20250903  11:53,389.3,389.3,389.3,389.3,0
20250903  11:54,389.3,389.3,389.3,389.3,0
20250903  11:55,389.3,389.3,389.3,389.3,0
20250903  11:56,389.3,389.3,389.3,389.3,0
20250903  11:57,389.3,389.3,389.3,389.3,0
20250903  11:58,389.3,389.3,389.3,389.3,0
20250903  11:59,389.3,389.3,389.3,389.3,0
20250903  12:00,389.3,389.3,389.3,389.3,0
20250903  12:01,389.3,389.3,389.3,389.3,0
20250903  12:02,389.3,389.3,389.3,389.3,0
20250903  12:03,389.3,389.3,389.3,389.3,0
20250903  12:04,389.3,389.3,389.3,389.3,0
20250903  12:05,389.3,389.3,389.3,389.3,0
20250903  12:06,389.3,389.3,389.3,389.3,0
20250903  12:07,389.3,389.3,389.3,389.3,0
20250903  12:08,389.3,389.3,389.3,389.3,0
20250903  12:09,389.3,389.3,389.3,389.3,0
20250903  12:10,389.3,389.3,389.3,389.3,0
20250903  12:11,389.3,389.3,389.3,389.3,0
20250903  12:12,389.3,389.3,389.3,389.3,0
20250903  12:13,389.3,389.3,389.3,389.3,0
20250903  12:14,389.3,389.3,389.3,389.3,0
20250903  12:15,389.3,389.3,389.3,389.3,0
20250903  12:16,389.3,389.3,389.3,389.3,0
20250903  12:17,389.3,389.3,389.3,389.3,0
20250903  12:18,389.3,389.3,389.3,389.3,0
20250903  12:19,389.3,389.3,389.3,389.3,0
20250903  12:20,389.3,389.3,389.3,389.3,0
20250903  12:21,389.3,389.3,389.3,389.3,0
20250903  12:22,389.3,389.3,389.3,389.3,0
20250903  12:23,389.3,389.3,389.3,389.3,0
20250903  12:24,389.3,389.3,389.3,389.3,0
20250903  12:25,389.3,389.3,389.3,389.3,0
20250903  12:26,389.3,389.3,389.3,389.3,0
20250903  12:27,389.3,389.3,389.3,389.3,0
20250903  12:28,389.3,389.3,389.3,389.3,0
20250903  12:29,389.3,389.3,389.3,389.3,0
20250903  12:30,389.3,389.3,389.3,389.3,0
20250903  12:31,389.3,389.3,389.3,389.3,0
20250903  12:32,389.3,389.3,389.3,389.3,0
20250903  12:33,389.3,389.3,389.3,389.3,0
20250903  12:34,389.3,389.3,389.3,389.3,0
20250903  12:35,389.3,389.3,389.3,389.3,0
20250903  12:36,389.3,389.3,389.3,389.3,0
20250903  12:37,389.3,389.3,389.3,389.3,0
20250903  12:38,389.3,389.3,389.3,389.3,0
20250903  12:39,389.3,389.3,389.3,389.3,0
20250903  12:40,389.3,389.3,389.3,389.3,0
20250903  12:41,389.3,389.3,389.3,389.3,0
20250903  12:42,389.3,389.3,389.3,389.3,0
20250903  12:43,389.3,389.3,389.3,389.3,0
20250903  12:44,389.3,389.3,389.3,389.3,0
20250903  12:45,389.3,389.3,389.3,389.3,0
20250903  12:46,389.3,389.3,389.3,389.3,0
20250903  12:47,389.3,389.3,389.3,389.3,0
20250903  12:48,389.3,389.3,389.3,389.3,0
20250903  12:49,389.3,389.3,389.3,389.3,0
20250903  12:50,389.3,389.3,389.3,389.3,0
20250903  12:51,389.3,389.3,389.3,389.3,0
20250903  12:52,389.3,389.3,389.3,389.3,0
20250903  12:53,389.3,389.3,389.3,389.3,0
20250903  12:54,389.3,389.3,389.3,389.3,0
20250903  12:55,389.3,389.3,389.3,389.3,0
20250903  12:56,389.3,389.3,389.3,389.3,0
20250903  12:57,389.3,389.3,389.3,389.3,0
20250903  12:58,389.3,389.3,389.3,389.3,0
20250903  12:59,389.3,389.3,389.3,389.3,0
20250903  13:00,389.3,389.3,389.3,389.3,0
20250903  13:01,389.3,389.3,389.3,389.3,0
20250903  13:02,389.3,389.3,389.3,389.3,0
20250903  13:03,389.3,389.3,389.3,389.3,0
20250903  13:04,389.3,389.3,389.3,389.3,0
20250903  13:05,389.3,389.3,389.3,389.3,0
20250903  13:06,389.3,389.3,389.3,389.3,0
20250903  13:07,389.3,389.3,389.3,389.3,0
20250903  13:08,389.3,389.3,389.3,389.3,0
20250903  13:09,389.3,389.3,389.3,389.3,0
20250903  13:10,389.3,389.3,389.3,389.3,0
20250903  13:11,389.3,389.3,389.3,389.3,0
20250903  13:12,389.3,389.3,389.3,389.3,0
20250903  13:13,389.3,389.3,389.3,389.3,0
20250903  13:14,389.3,389.3,389.3,389.3,0
20250903  13:15,389.3,389.3,389.3,389.3,0
20250903  13:16,389.3,389.3,389.3,389.3,0
20250903  13:17,389.3,389.3,389.3,389.3,0
20250903  13:18,389.3,389.3,389.3,389.3,0
20250903  13:19,389.3,389.3,389.3,389.3,0
20250903  13:20,389.3,389.3,389.3,389.3,0
20250903  13:21,389.3,389.3,389.3,389.3,0
20250903  13:22,389.3,389.3,389.3,389.3,0
20250903  13:23,389.3,389.3,389.3,389.3,0
20250903  13:24,389.3,389.3,389.3,389.3,0
20250903  13:25,389.3,389.3,389.3,389.3,0
20250903  13:26,389.3,389.3,389.3,389.3,0
20250903  13:27,389.3,389.3,389.3,389.3,0
20250903  13:28,389.3,389.3,389.3,389.3,0
20250903  13:29,389.3,389.3,389.3,389.3,0
20250903  13:30,389.3,389.3,389.3,389.3,0
20250904  10:15,384.0,384.0,384.0,384.0,1
20250904  10:16,384.0,384.0,384.0,384.0,0
20250904  10:17,384.0,384.0,384.0,384.0,0
20250904  10:18,384.0,384.0,384.0,384.0,0
20250904  10:19,384.0,384.0,384.0,384.0,0
20250904  10:20,384.0,384.0,384.0,384.0,0
20250904  10:21,384.0,384.0,384.0,384.0,0
20250904  10:22,384.0,384.0,384.0,384.0,0
20250904  10:23,384.0,384.0,384.0,384.0,0
20250904  10:24,384.0,384.0,384.0,384.0,0
20250904  10:25,384.0,384.0,384.0,384.0,0
20250904  10:26,384.0,384.0,384.0,384.0,0
20250904  10:27,384.0,384.0,384.0,384.0,0
20250904  10:28,384.0,384.0,384.0,384.0,0
20250904  10:29,384.0,384.0,384.0,384.0,0
20250904  10:30,384.0,384.0,384.0,384.0,0
20250904  10:31,384.0,384.0,384.0,384.0,0
20250904  10:32,384.0,384.0,384.0,384.0,0
20250904  10:33,384.0,384.0,384.0,384.0,0
20250904  10:34,384.0,384.0,384.0,384.0,0
20250904  10:35,384.0,384.0,384.0,384.0,0
20250904  10:36,384.0,384.0,384.0,384.0,0
20250904  10:37,384.0,384.0,384.0,384.0,0
20250904  10:38,384.0,384.0,384.0,384.0,0
20250904  10:39,384.0,384.0,384.0,384.0,0
20250904  10:40,384.0,384.0,384.0,384.0,0
20250904  10:41,384.0,384.0,384.0,384.0,0
20250904  10:42,384.0,384.0,384.0,384.0,0
20250904  10:43,384.0,384.0,384.0,384.0,0
20250904  10:44,384.0,384.0,384.0,384.0,0
20250904  10:45,384.0,384.0,384.0,384.0,0
20250904  10:46,384.0,384.0,384.0,384.0,0
20250904  10:47,384.0,384.0,384.0,384.0,0
20250904  10:48,384.0,384.0,384.0,384.0,0
20250904  10:49,384.0,384.0,384.0,384.0,0
20250904  10:50,384.0,384.0,384.0,384.0,0
20250904  10:51,384.0,384.0,384.0,384.0,0
20250904  10:52,384.0,384.0,384.0,384.0,0
20250904  10:53,384.0,384.0,384.0,384.0,0
20250904  10:54,384.0,384.0,384.0,384.0,0
20250904  10:55,384.0,384.0,384.0,384.0,0
20250904  10:56,384.0,384.0,384.0,384.0,0
20250904  10:57,384.0,384.0,384.0,384.0,0
20250904  10:58,384.0,384.0,384.0,384.0,0
20250904  10:59,384.0,384.0,384.0,384.0,0
20250904  11:00,384.0,384.0,384.0,384.0,0
20250904  11:01,384.0,384.0,384.0,384.0,0
20250904  11:02,384.0,384.0,384.0,384.0,0
20250904  11:03,384.0,384.0,384.0,384.0,0
20250904  11:04,384.0,384.0,384.0,384.0,0
20250904  11:05,384.0,384.0,384.0,384.0,0
20250904  11:06,384.0,384.0,384.0,384.0,0
20250904  11:07,384.0,384.0,384.0,384.0,0
20250904  11:08,384.0,384.0,384.0,384.0,0
20250904  11:09,384.0,384.0,384.0,384.0,0
20250904  11:10,384.0,384.0,384.0,384.0,0
20250904  11:11,384.0,384.0,384.0,384.0,0
20250904  11:12,384.0,384.0,384.0,384.0,0
20250904  11:13,384.0,384.0,384.0,384.0,0
20250904  11:14,384.0,384.0,384.0,384.0,0
20250904  11:15,384.0,384.0,384.0,384.0,0
20250904  11:16,384.0,384.0,384.0,384.0,0
20250904  11:17,384.0,384.0,384.0,384.0,0
20250904  11:18,384.0,384.0,384.0,384.0,0
20250904  11:19,384.0,384.0,384.0,384.0,0
20250904  11:20,384.0,384.0,384.0,384.0,0
20250904  11:21,384.0,384.0,384.0,384.0,0
20250904  11:22,384.0,384.0,384.0,384.0,0
20250904  11:23,384.0,384.0,384.0,384.0,0
20250904  11:24,384.0,384.0,384.0,384.0,0
20250904  11:25,384.0,384.0,384.0,384.0,0
20250904  11:26,384.0,384.0,384.0,384.0,0
20250904  11:27,384.0,384.0,384.0,384.0,0
20250904  11:28,384.0,384.0,384.0,384.0,0
20250904  11:29,384.0,384.0,384.0,384.0,0
20250904  11:30,384.0,384.0,384.0,384.0,0
20250904  11:31,384.0,384.0,384.0,384.0,0
20250904  11:32,384.0,384.0,384.0,384.0,0
20250904  11:33,384.0,384.0,384.0,384.0,0
20250904  11:34,384.0,384.0,384.0,384.0,0
20250904  11:35,384.0,384.0,384.0,384.0,0
20250904  11:36,384.0,384.0,384.0,384.0,0
20250904  11:37,384.0,384.0,384.0,384.0,0
20250904  11:38,384.0,384.0,384.0,384.0,0
20250904  11:39,384.0,384.0,384.0,384.0,0
20250904  11:40,384.0,384.0,384.0,384.0,0
20250904  11:41,384.0,384.0,384.0,384.0,0
20250904  11:42,384.0,384.0,384.0,384.0,0
20250904  11:43,384.0,384.0,384.0,384.0,0
20250904  11:44,384.0,384.0,384.0,384.0,0
20250904  11:45,384.0,384.0,384.0,384.0,0
20250904  11:46,384.0,384.0,384.0,384.0,0
20250904  11:47,384.0,384.0,384.0,384.0,0
20250904  11:48,384.0,384.0,384.0,384.0,0
20250904  11:49,384.0,384.0,384.0,384.0,0
20250904  11:50,384.0,384.0,384.0,384.0,0
20250904  11:51,384.0,384.0,384.0,384.0,0
20250904  11:52,384.0,384.0,384.0,384.0,0
20250904  11:53,384.0,384.0,384.0,384.0,0
20250904  11:54,384.0,384.0,384.0,384.0,0
20250904  11:55,384.0,384.0,384.0,384.0,0
20250904  11:56,384.0,384.0,384.0,384.0,0
20250904  11:57,384.0,384.0,384.0,384.0,0
20250904  11:58,384.0,384.0,384.0,384.0,0
20250904  11:59,384.0,384.0,384.0,384.0,0
20250904  12:00,384.0,384.0,384.0,384.0,0
20250904  12:01,384.0,384.0,384.0,384.0,0
20250904  12:02,384.0,384.0,384.0,384.0,0
20250904  12:03,384.0,384.0,384.0,384.0,0
20250904  12:04,384.0,384.0,384.0,384.0,0
20250904  12:05,384.0,384.0,384.0,384.0,0
20250904  12:06,384.0,384.0,384.0,384.0,0
20250904  12:07,384.0,384.0,384.0,384.0,0
20250904  12:08,384.0,384.0,384.0,384.0,0
20250904  12:09,384.0,384.0,384.0,384.0,0
20250904  12:10,384.0,384.0,384.0,384.0,0
20250904  12:11,384.0,384.0,384.0,384.0,0
20250904  12:12,384.0,384.0,384.0,384.0,0
20250904  12:13,384.0,384.0,384.0,384.0,0
20250904  12:14,384.0,384.0,384.0,384.0,0
20250904  12:15,384.0,384.0,384.0,384.0,0
20250904  12:16,384.0,384.0,384.0,384.0,0
20250904  12:17,384.0,384.0,384.0,384.0,0
20250904  12:18,384.0,384.0,384.0,384.0,0
20250904  12:19,384.0,384.0,384.0,384.0,0
20250904  12:20,384.0,384.0,384.0,384.0,0
20250904  12:21,384.0,384.0,384.0,384.0,0
20250904  12:22,384.0,384.0,384.0,384.0,0
20250904  12:23,384.0,384.0,384.0,384.0,0
20250904  12:24,384.0,384.0,384.0,384.0,0
20250904  12:25,384.0,384.0,384.0,384.0,0
20250904  12:26,384.0,384.0,384.0,384.0,0
20250904  12:27,384.0,384.0,384.0,384.0,0
20250904  12:28,384.0,384.0,384.0,384.0,0
20250904  12:29,384.0,384.0,384.0,384.0,0
20250904  12:30,384.0,384.0,384.0,384.0,0
20250904  12:31,384.0,384.0,384.0,384.0,0
20250904  12:32,384.0,384.0,384.0,384.0,0
20250904  12:33,384.0,384.0,384.0,384.0,0
20250904  12:34,384.0,384.0,384.0,384.0,0
20250904  12:35,384.0,384.0,384.0,384.0,0
20250904  12:36,384.0,384.0,384.0,384.0,0
20250904  12:37,384.0,384.0,384.0,384.0,0
20250904  12:38,384.0,384.0,384.0,384.0,0
20250904  12:39,384.0,384.0,384.0,384.0,0
20250904  12:40,384.0,384.0,384.0,384.0,0
20250904  12:41,384.0,384.0,384.0,384.0,0
20250904  12:42,384.0,384.0,384.0,384.0,0
20250904  12:43,384.0,384.0,384.0,384.0,0
20250904  12:44,384.0,384.0,384.0,384.0,0
20250904  12:45,384.0,384.0,384.0,384.0,0
20250904  12:46,384.0,384.0,384.0,384.0,0
20250904  12:47,384.0,384.0,384.0,384.0,0
20250904  12:48,384.0,384.0,384.0,384.0,0
20250904  12:49,384.0,384.0,384.0,384.0,0
20250904  12:50,384.0,384.0,384.0,384.0,0
20250904  12:51,384.0,384.0,384.0,384.0,0
20250904  12:52,384.0,384.0,384.0,384.0,0
20250904  12:53,384.0,384.0,384.0,384.0,0
20250904  12:54,384.0,384.0,384.0,384.0,0
20250904  12:55,384.0,384.0,384.0,384.0,0
20250904  12:56,384.0,384.0,384.0,384.0,0
20250904  12:57,384.0,384.0,384.0,384.0,0
20250904  12:58,384.0,384.0,384.0,384.0,0
20250904  12:59,384.0,384.0,384.0,384.0,0
20250904  13:00,384.0,384.0,384.0,384.0,0
20250904  13:01,384.0,384.0,384.0,384.0,0
20250904  13:02,384.0,384.0,384.0,384.0,0
20250904  13:03,384.0,384.0,384.0,384.0,0
20250904  13:04,384.0,384.0,384.0,384.0,0
20250904  13:05,384.0,384.0,384.0,384.0,0
20250904  13:06,384.0,384.0,384.0,384.0,0
20250904  13:07,384.0,384.0,384.0,384.0,0
20250904  13:08,384.0,384.0,384.0,384.0,0
20250904  13:09,384.0,384.0,384.0,384.0,0
20250904  13:10,384.0,384.0,384.0,384.0,0
20250904  13:11,384.0,384.0,384.0,384.0,0
20250904  13:12,384.0,384.0,384.0,384.0,0
20250904  13:13,384.0,384.0,384.0,384.0,0
20250904  13:14,384.0,384.0,384.0,384.0,0
20250904  13:15,384.0,384.0,384.0,384.0,0
20250904  13:16,384.0,384.0,384.0,384.0,0
20250904  13:17,384.0,384.0,384.0,384.0,0
20250904  13:18,384.0,384.0,384.0,384.0,0
20250904  13:19,384.0,384.0,384.0,384.0,0
20250904  13:20,384.0,384.0,384.0,384.0,0
20250904  13:21,384.0,384.0,384.0,384.0,0
20250904  13:22,384.0,384.0,384.0,384.0,0
20250904  13:23,384.0,384.0,384.0,384.0,0
20250904  13:24,384.0,384.0,384.0,384.0,0
20250904  13:25,384.0,384.0,384.0,384.0,0
20250904  13:26,384.0,384.0,384.0,384.0,0
20250904  13:27,384.0,384.0,384.0,384.0,0
20250904  13:28,384.0,384.0,384.0,384.0,0
20250904  13:29,384.0,384.0,384.0,384.0,0
20250904  13:30,384.0,384.0,384.0,384.0,0
20250908  10:19,386.0,386.0,386.0,386.0,1
20250908  10:20,385.25,385.25,385.25,385.25,1
20250908  10:21,385.25,385.25,385.25,385.25,0
20250908  10:22,385.7,385.7,385.7,385.7,1
20250908  10:23,386.25,386.25,386.25,386.25,1
20250908  10:24,386.25,386.25,386.25,386.25,0
20250908  10:25,386.4,386.4,386.4,386.4,1
20250908  10:26,386.95,386.95,386.95,386.95,1
20250908  10:27,386.95,386.95,386.95,386.95,0
20250908  10:28,386.95,386.95,386.95,386.95,0
20250908  10:29,386.95,386.95,386.95,386.95,0
20250908  10:30,386.95,386.95,386.95,386.95,0
20250908  10:31,386.95,386.95,386.95,386.95,0
20250908  10:32,386.95,386.95,386.95,386.95,0
20250908  10:33,386.95,386.95,386.95,386.95,0
20250908  10:34,386.95,386.95,386.95,386.95,0
20250908  10:35,386.95,386.95,386.95,386.95,0
20250908  10:36,386.95,386.95,386.95,386.95,0
20250908  10:37,386.95,386.95,386.95,386.95,0
20250908  10:38,386.95,386.95,386.95,386.95,0
20250908  10:39,386.95,386.95,386.95,386.95,0
20250908  10:40,386.95,386.95,386.95,386.95,0
20250908  10:41,386.95,386.95,386.95,386.95,0
20250908  10:42,386.95,386.95,386.95,386.95,0
20250908  10:43,386.95,386.95,386.95,386.95,0
20250908  10:44,386.95,386.95,386.95,386.95,0
20250908  10:45,386.95,386.95,386.95,386.95,0
20250908  10:46,386.95,386.95,386.95,386.95,0
20250908  10:47,386.95,386.95,386.95,386.95,0
20250908  10:48,386.95,386.95,386.95,386.95,0
20250908  10:49,386.95,386.95,386.95,386.95,0
20250908  10:50,386.95,386.95,386.95,386.95,0
20250908  10:51,386.95,386.95,386.95,386.95,0
20250908  10:52,386.95,386.95,386.95,386.95,0
20250908  10:53,386.95,386.95,386.95,386.95,0
20250908  10:54,386.95,386.95,386.95,386.95,0
20250908  10:55,386.95,386.95,386.95,386.95,0
20250908  10:56,386.95,386.95,386.95,386.95,0
20250908  10:57,386.95,386.95,386.95,386.95,0
20250908  10:58,386.95,386.95,386.95,386.95,0
20250908  10:59,386.95,386.95,386.95,386.95,0
20250908  11:00,386.95,386.95,386.95,386.95,0
20250908  11:01,386.95,386.95,386.95,386.95,0
20250908  11:02,386.95,386.95,386.95,386.95,0
20250908  11:03,386.95,386.95,386.95,386.95,0
20250908  11:04,386.95,386.95,386.95,386.95,0
20250908  11:05,386.95,386.95,386.95,386.95,0
20250908  11:06,386.95,386.95,386.95,386.95,0
20250908  11:07,386.95,386.95,386.95,386.95,0
20250908  11:08,386.95,386.95,386.95,386.95,0
20250908  11:09,386.95,386.95,386.95,386.95,0
20250908  11:10,386.95,386.95,386.95,386.95,0
20250908  11:11,386.95,386.95,386.95,386.95,0
20250908  11:12,386.95,386.95,386.95,386.95,0
20250908  11:13,386.95,386.95,386.95,386.95,0
20250908  11:14,386.95,386.95,386.95,386.95,0
20250908  11:15,386.95,386.95,386.95,386.95,0
20250908  11:16,386.95,386.95,386.95,386.95,0
20250908  11:17,386.95,386.95,386.95,386.95,0
20250908  11:18,386.95,386.95,386.95,386.95,0
20250908  11:19,386.95,386.95,386.95,386.95,0
20250908  11:20,386.95,386.95,386.95,386.95,0
20250908  11:21,386.95,386.95,386.95,386.95,0
20250908  11:22,386.95,386.95,386.95,386.95,0
20250908  11:23,386.95,386.95,386.95,386.95,0
20250908  11:24,386.95,386.95,386.95,386.95,0
20250908  11:25,386.95,386.95,386.95,386.95,0
20250908  11:26,386.95,386.95,386.95,386.95,0
20250908  11:27,386.95,386.95,386.95,386.95,0
20250908  11:28,386.95,386.95,386.95,386.95,0
20250908  11:29,386.95,386.95,386.95,386.95,0
20250908  11:30,386.95,386.95,386.95,386.95,0
20250908  11:31,386.95,386.95,386.95,386.95,0
20250908  11:32,386.95,386.95,386.95,386.95,0
20250908  11:33,386.95,386.95,386.95,386.95,0
20250908  11:34,386.95,386.95,386.95,386.95,0
20250908  11:35,386.95,386.95,386.95,386.95,0
20250908  11:36,386.95,386.95,386.95,386.95,0
20250908  11:37,386.95,386.95,386.95,386.95,0
20250908  11:38,386.95,386.95,386.95,386.95,0
20250908  11:39,386.95,386.95,386.95,386.95,0
20250908  11:40,386.95,386.95,386.95,386.95,0
20250908  11:41,386.95,386.95,386.95,386.95,0
20250908  11:42,386.95,386.95,386.95,386.95,0
20250908  11:43,386.95,386.95,386.95,386.95,0
20250908  11:44,386.95,386.95,386.95,386.95,0
20250908  11:45,386.95,386.95,386.95,386.95,0
20250908  11:46,386.95,386.95,386.95,386.95,0
20250908  11:47,386.95,386.95,386.95,386.95,0
20250908  11:48,386.95,386.95,386.95,386.95,0
20250908  11:49,386.95,386.95,386.95,386.95,0
20250908  11:50,386.95,386.95,386.95,386.95,0
20250908  11:51,386.95,386.95,386.95,386.95,0
20250908  11:52,386.95,386.95,386.95,386.95,0
20250908  11:53,386.95,386.95,386.95,386.95,0
20250908  11:54,386.95,386.95,386.95,386.95,0
20250908  11:55,386.95,386.95,386.95,386.95,0
20250908  11:56,386.95,386.95,386.95,386.95,0
20250908  11:57,386.95,386.95,386.95,386.95,0
20250908  11:58,386.95,386.95,386.95,386.95,0
20250908  11:59,386.95,386.95,386.95,386.95,0
20250908  12:00,386.95,386.95,386.95,386.95,0
20250908  12:01,386.95,386.95,386.95,386.95,0
20250908  12:02,386.95,386.95,386.95,386.95,0
20250908  12:03,386.95,386.95,386.95,386.95,0
20250908  12:04,386.95,386.95,386.95,386.95,0
20250908  12:05,386.95,386.95,386.95,386.95,0
20250908  12:06,386.95,386.95,386.95,386.95,0
20250908  12:07,386.95,386.95,386.95,386.95,0
20250908  12:08,386.95,386.95,386.95,386.95,0
20250908  12:09,386.95,386.95,386.95,386.95,0
20250908  12:10,386.95,386.95,386.95,386.95,0
20250908  12:11,386.95,386.95,386.95,386.95,0
20250908  12:12,386.95,386.95,386.95,386.95,0
20250908  12:13,386.95,386.95,386.95,386.95,0
20250908  12:14,386.95,386.95,386.95,386.95,0
20250908  12:15,386.95,386.95,386.95,386.95,0
20250908  12:16,386.95,386.95,386.95,386.95,0
20250908  12:17,386.95,386.95,386.95,386.95,0
20250908  12:18,386.95,386.95,386.95,386.95,0
20250908  12:19,386.95,386.95,386.95,386.95,0
20250908  12:20,386.95,386.95,386.95,386.95,0
20250908  12:21,386.95,386.95,386.95,386.95,0
20250908  12:22,386.95,386.95,386.95,386.95,0
20250908  12:23,386.95,386.95,386.95,386.95,0
20250908  12:24,386.95,386.95,386.95,386.95,0
20250908  12:25,386.95,386.95,386.95,386.95,0
20250908  12:26,386.95,386.95,386.95,386.95,0
20250908  12:27,386.95,386.95,386.95,386.95,0
20250908  12:28,386.95,386.95,386.95,386.95,0
20250908  12:29,386.95,386.95,386.95,386.95,0
20250908  12:30,386.95,386.95,386.95,386.95,0
20250908  12:31,386.95,386.95,386.95,386.95,0
20250908  12:32,386.95,386.95,386.95,386.95,0
20250908  12:33,386.95,386.95,386.95,386.95,0
20250908  12:34,386.95,386.95,386.95,386.95,0
20250908  12:35,386.95,386.95,386.95,386.95,0
20250908  12:36,386.95,386.95,386.95,386.95,0
20250908  12:37,386.95,386.95,386.95,386.95,0
20250908  12:38,386.95,386.95,386.95,386.95,0
20250908  12:39,386.95,386.95,386.95,386.95,0
20250908  12:40,386.95,386.95,386.95,386.95,0
20250908  12:41,386.95,386.95,386.95,386.95,0
20250908  12:42,386.95,386.95,386.95,386.95,0
20250908  12:43,386.95,386.95,386.95,386.95,0
20250908  12:44,386.95,386.95,386.95,386.95,0
20250908  12:45,386.95,386.95,386.95,386.95,0
20250908  12:46,386.95,386.95,386.95,386.95,0
20250908  12:47,386.95,386.95,386.95,386.95,0
20250908  12:48,386.95,386.95,386.95,386.95,0
20250908  12:49,386.95,386.95,386.95,386.95,0
20250908  12:50,386.95,386.95,386.95,386.95,0
20250908  12:51,386.95,386.95,386.95,386.95,0
20250908  12:52,386.95,386.95,386.95,386.95,0
20250908  12:53,386.95,386.95,386.95,386.95,0
20250908  12:54,386.95,386.95,386.95,386.95,0
20250908  12:55,386.95,386.95,386.95,386.95,0
20250908  12:56,386.95,386.95,386.95,386.95,0
20250908  12:57,386.95,386.95,386.95,386.95,0
20250908  12:58,386.95,386.95,386.95,386.95,0
20250908  12:59,386.95,386.95,386.95,386.95,0
20250908  13:00,386.95,386.95,386.95,386.95,0
20250908  13:01,386.95,386.95,386.95,386.95,0
20250908  13:02,386.95,386.95,386.95,386.95,0
20250908  13:03,386.95,386.95,386.95,386.95,0
20250908  13:04,386.95,386.95,386.95,386.95,0
20250908  13:05,386.95,386.95,386.95,386.95,0
20250908  13:06,386.95,386.95,386.95,386.95,0
20250908  13:07,386.95,386.95,386.95,386.95,0
20250908  13:08,386.95,386.95,386.95,386.95,0
20250908  13:09,386.95,386.95,386.95,386.95,0
20250908  13:10,386.95,386.95,386.95,386.95,0
20250908  13:11,386.95,386.95,386.95,386.95,0
20250908  13:12,386.95,386.95,386.95,386.95,0
20250908  13:13,386.95,386.95,386.95,386.95,0
20250908  13:14,386.95,386.95,386.95,386.95,0
20250908  13:15,386.95,386.95,386.95,386.95,0
20250908  13:16,386.95,386.95,386.95,386.95,0
20250908  13:17,386.95,386.95,386.95,386.95,0
20250908  13:18,386.95,386.95,386.95,386.95,0
20250908  13:19,386.95,386.95,386.95,386.95,0
20250908  13:20,386.95,386.95,386.95,386.95,0
20250908  13:21,386.95,386.95,386.95,386.95,0
20250908  13:22,386.95,386.95,386.95,386.95,0
20250908  13:23,386.95,386.95,386.95,386.95,0
20250908  13:24,386.95,386.95,386.95,386.95,0
20250908  13:25,386.95,386.95,386.95,386.95,0
20250908  13:26,386.95,386.95,386.95,386.95,0
20250908  13:27,386.95,386.95,386.95,386.95,0
20250908  13:28,386.95,386.95,386.95,386.95,0
20250908  13:29,386.95,386.95,386.95,386.95,0
20250908  13:30,386.95,386.95,386.95,386.95,0
20250909  10:33,403.75,403.75,403.75,403.75,1
20250909  10:34,403.75,403.75,403.75,403.75,0
20250909  10:35,403.75,403.75,403.75,403.75,0
20250909  10:36,403.75,403.75,403.75,403.75,0
20250909  10:37,403.75,403.75,403.75,403.75,0
20250909  10:38,403.75,403.75,403.75,403.75,0
20250909  10:39,403.75,403.75,403.75,403.75,0
20250909  10:40,403.75,403.75,403.75,403.75,0
20250909  10:41,403.75,403.75,403.75,403.75,0
20250909  10:42,403.75,403.75,403.75,403.75,0
20250909  10:43,403.75,403.75,403.75,403.75,0
20250909  10:44,403.75,403.75,403.75,403.75,0
20250909  10:45,403.75,403.75,403.75,403.75,0
20250909  10:46,401.25,401.25,401.25,401.25,3
20250909  10:47,401.25,401.25,401.25,401.25,0
20250909  10:48,401.25,401.25,401.25,401.25,0
20250909  10:49,401.25,401.25,401.25,401.25,0
20250909  10:50,401.25,401.25,401.25,401.25,0
20250909  10:51,401.25,401.25,401.25,401.25,0
20250909  10:52,401.25,401.25,401.25,401.25,0
20250909  10:53,401.25,401.25,401.25,401.25,0
20250909  10:54,401.25,401.25,401.25,401.25,0
20250909  10:55,401.25,401.25,401.25,401.25,0
20250909  10:56,401.25,401.25,401.25,401.25,0
20250909  10:57,401.25,401.25,401.25,401.25,0
20250909  10:58,401.25,401.25,401.25,401.25,0
20250909  10:59,401.25,401.25,401.25,401.25,0
20250909  11:00,401.25,401.25,401.25,401.25,0
20250909  11:01,401.25,401.25,401.25,401.25,0
20250909  11:02,401.25,401.25,401.25,401.25,0
20250909  11:03,401.25,401.25,401.25,401.25,0
20250909  11:04,401.25,401.25,401.25,401.25,0
20250909  11:05,401.25,401.25,401.25,401.25,0
20250909  11:06,401.25,401.25,401.25,401.25,0
20250909  11:07,401.25,401.25,401.25,401.25,0
20250909  11:08,401.25,401.25,401.25,401.25,0
20250909  11:09,401.25,401.25,401.25,401.25,0
20250909  11:10,401.25,401.25,401.25,401.25,0
20250909  11:11,401.25,401.25,401.25,401.25,0
20250909  11:12,401.25,401.25,401.25,401.25,0
20250909  11:13,401.25,401.25,401.25,401.25,0
20250909  11:14,401.25,401.25,401.25,401.25,0
20250909  11:15,401.25,401.25,401.25,401.25,0
20250909  11:16,401.25,401.25,401.25,401.25,0
20250909  11:17,401.25,401.25,401.25,401.25,0
20250909  11:18,401.25,401.25,401.25,401.25,0
20250909  11:19,401.25,401.25,401.25,401.25,0
20250909  11:20,401.25,401.25,401.25,401.25,0
20250909  11:21,401.25,401.25,401.25,401.25,0
20250909  11:22,401.25,401.25,401.25,401.25,0
20250909  11:23,401.25,401.25,401.25,401.25,0
20250909  11:24,401.25,401.25,401.25,401.25,0
20250909  11:25,401.25,401.25,401.25,401.25,0
20250909  11:26,401.25,401.25,401.25,401.25,0
20250909  11:27,401.25,401.25,401.25,401.25,0
20250909  11:28,401.25,401.25,401.25,401.25,0
20250909  11:29,401.25,401.25,401.25,401.25,0
20250909  11:30,401.25,401.25,401.25,401.25,0
20250909  11:31,401.25,401.25,401.25,401.25,0
20250909  11:32,401.25,401.25,401.25,401.25,0
20250909  11:33,401.25,401.25,401.25,401.25,0
20250909  11:34,401.25,401.25,401.25,401.25,0
20250909  11:35,401.25,401.25,401.25,401.25,0
20250909  11:36,401.25,401.25,401.25,401.25,0
20250909  11:37,401.25,401.25,401.25,401.25,0
20250909  11:38,401.25,401.25,401.25,401.25,0
20250909  11:39,401.25,401.25,401.25,401.25,0
20250909  11:40,401.25,401.25,401.25,401.25,0
20250909  11:41,401.25,401.25,401.25,401.25,0
20250909  11:42,401.25,401.25,401.25,401.25,0
20250909  11:43,401.25,401.25,401.25,401.25,0
20250909  11:44,401.25,401.25,401.25,401.25,0
20250909  11:45,401.25,401.25,401.25,401.25,0
20250909  11:46,401.25,401.25,401.25,401.25,0
20250909  11:47,401.25,401.25,401.25,401.25,0
20250909  11:48,401.25,401.25,401.25,401.25,0
20250909  11:49,401.25,401.25,401.25,401.25,0
20250909  11:50,401.25,401.25,401.25,401.25,0
20250909  11:51,401.25,401.25,401.25,401.25,0
20250909  11:52,401.25,401.25,401.25,401.25,0
20250909  11:53,401.25,401.25,401.25,401.25,0
20250909  11:54,401.25,401.25,401.25,401.25,0
20250909  11:55,401.25,401.25,401.25,401.25,0
20250909  11:56,401.25,401.25,401.25,401.25,0
20250909  11:57,401.25,401.25,401.25,401.25,0
20250909  11:58,401.25,401.25,401.25,401.25,0
20250909  11:59,401.25,401.25,401.25,401.25,0
20250909  12:00,401.25,401.25,401.25,401.25,0
20250909  12:01,401.25,401.25,401.25,401.25,0
20250909  12:02,401.25,401.25,401.25,401.25,0
20250909  12:03,401.25,401.25,401.25,401.25,0
20250909  12:04,401.25,401.25,401.25,401.25,0
20250909  12:05,401.25,401.25,401.25,401.25,0
20250909  12:06,401.25,401.25,401.25,401.25,0
20250909  12:07,401.25,401.25,401.25,401.25,0
20250909  12:08,401.25,401.25,401.25,401.25,0
20250909  12:09,401.25,401.25,401.25,401.25,0
20250909  12:10,401.25,401.25,401.25,401.25,0
20250909  12:11,401.25,401.25,401.25,401.25,0
20250909  12:12,401.25,401.25,401.25,401.25,0
20250909  12:13,401.25,401.25,401.25,401.25,0
20250909  12:14,401.25,401.25,401.25,401.25,0
20250909  12:15,401.25,401.25,401.25,401.25,0
20250909  12:16,401.25,401.25,401.25,401.25,0
20250909  12:17,401.25,401.25,401.25,401.25,0
20250909  12:18,401.25,401.25,401.25,401.25,0
20250909  12:19,401.25,401.25,401.25,401.25,0
20250909  12:20,401.25,401.25,401.25,401.25,0
20250909  12:21,401.25,401.25,401.25,401.25,0
20250909  12:22,401.25,401.25,401.25,401.25,0
20250909  12:23,401.25,401.25,401.25,401.25,0
20250909  12:24,401.25,401.25,401.25,401.25,0
20250909  12:25,401.25,401.25,401.25,401.25,0
20250909  12:26,401.25,401.25,401.25,401.25,0
20250909  12:27,401.25,401.25,401.25,401.25,0
20250909  12:28,401.25,401.25,401.25,401.25,0
20250909  12:29,401.25,401.25,401.25,401.25,0
20250909  12:30,401.25,401.25,401.25,401.25,0
20250909  12:31,401.25,401.25,401.25,401.25,0
20250909  12:32,401.25,401.25,401.25,401.25,0
20250909  12:33,401.25,401.25,401.25,401.25,0
20250909  12:34,401.25,401.25,401.25,401.25,0
20250909  12:35,401.25,401.25,401.25,401.25,0
20250909  12:36,401.25,401.25,401.25,401.25,0
20250909  12:37,401.25,401.25,401.25,401.25,0
20250909  12:38,401.25,401.25,401.25,401.25,0
20250909  12:39,401.25,401.25,401.25,401.25,0
20250909  12:40,401.25,401.25,401.25,401.25,0
20250909  12:41,401.25,401.25,401.25,401.25,0
20250909  12:42,401.25,401.25,401.25,401.25,0
20250909  12:43,401.25,401.25,401.25,401.25,0
20250909  12:44,401.25,401.25,401.25,401.25,0
20250909  12:45,401.25,401.25,401.25,401.25,0
20250909  12:46,401.25,401.25,401.25,401.25,0
20250909  12:47,401.25,401.25,401.25,401.25,0
20250909  12:48,401.25,401.25,401.25,401.25,0
20250909  12:49,401.25,401.25,401.25,401.25,0
20250909  12:50,401.25,401.25,401.25,401.25,0
20250909  12:51,401.25,401.25,401.25,401.25,0
20250909  12:52,401.25,401.25,401.25,401.25,0
20250909  12:53,401.25,401.25,401.25,401.25,0
20250909  12:54,401.25,401.25,401.25,401.25,0
20250909  12:55,401.25,401.25,401.25,401.25,0
20250909  12:56,401.25,401.25,401.25,401.25,0
20250909  12:57,401.25,401.25,401.25,401.25,0
20250909  12:58,401.25,401.25,401.25,401.25,0
20250909  12:59,401.25,401.25,401.25,401.25,0
20250909  13:00,401.25,401.25,401.25,401.25,0
20250909  13:01,401.25,401.25,401.25,401.25,0
20250909  13:02,401.25,401.25,401.25,401.25,0
20250909  13:03,401.25,401.25,401.25,401.25,0
20250909  13:04,401.25,401.25,401.25,401.25,0
20250909  13:05,401.25,401.25,401.25,401.25,0
20250909  13:06,401.25,401.25,401.25,401.25,0
20250909  13:07,401.25,401.25,401.25,401.25,0
20250909  13:08,401.25,401.25,401.25,401.25,0
20250909  13:09,401.25,401.25,401.25,401.25,0
20250909  13:10,401.25,401.25,401.25,401.25,0
20250909  13:11,401.25,401.25,401.25,401.25,0
20250909  13:12,401.25,401.25,401.25,401.25,0
20250909  13:13,401.25,401.25,401.25,401.25,0
20250909  13:14,401.25,401.25,401.25,401.25,0
20250909  13:15,401.25,401.25,401.25,401.25,0
20250909  13:16,401.25,401.25,401.25,401.25,0
20250909  13:17,401.25,401.25,401.25,401.25,0
20250909  13:18,401.25,401.25,401.25,401.25,0
20250909  13:19,401.25,401.25,401.25,401.25,0
20250909  13:20,401.25,401.25,401.25,401.25,0
20250909  13:21,401.25,401.25,401.25,401.25,0
20250909  13:22,401.25,401.25,401.25,401.25,0
20250909  13:23,401.25,401.25,401.25,401.25,0
20250909  13:24,401.25,401.25,401.25,401.25,0
20250909  13:25,401.25,401.25,401.25,401.25,0
20250909  13:26,401.25,401.25,401.25,401.25,0
20250909  13:27,401.25,401.25,401.25,401.25,0
20250909  13:28,401.25,401.25,401.25,401.25,0
20250909  13:29,401.25,401.25,401.25,401.25,0
20250909  13:30,401.25,401.25,401.25,401.25,0
20250916  10:55,428.7,428.7,428.65,428.65,7
20250916  10:56,430.75,431.3,430.75,431.3,7
20250916  10:57,431.3,431.3,431.3,431.3,0
20250916  10:58,431.3,431.3,431.3,431.3,0
20250916  10:59,431.3,431.3,431.3,431.3,0
20250916  11:00,431.3,431.3,431.3,431.3,0
20250916  11:01,431.3,431.3,431.3,431.3,0
20250916  11:02,431.3,431.3,431.3,431.3,0
20250916  11:03,431.3,431.3,431.3,431.3,0
20250916  11:04,431.3,431.3,431.3,431.3,0
20250916  11:05,431.3,431.3,431.3,431.3,0
20250916  11:06,431.3,431.3,431.3,431.3,0
20250916  11:07,431.3,431.3,431.3,431.3,0
20250916  11:08,431.3,431.3,431.3,431.3,0
20250916  11:09,431.3,431.3,431.3,431.3,0
20250916  11:10,431.3,431.3,431.3,431.3,0
20250916  11:11,431.3,431.3,431.3,431.3,0
20250916  11:12,431.3,431.3,431.3,431.3,0
20250916  11:13,431.3,431.3,431.3,431.3,0
20250916  11:14,431.3,431.3,431.3,431.3,0
20250916  11:15,431.3,431.3,431.3,431.3,0
20250916  11:16,431.3,431.3,431.3,431.3,0
20250916  11:17,431.3,431.3,431.3,431.3,0
20250916  11:18,431.3,431.3,431.3,431.3,0
20250916  11:19,431.3,431.3,431.3,431.3,0
20250916  11:20,431.3,431.3,431.3,431.3,0
20250916  11:21,431.3,431.3,431.3,431.3,0
20250916  11:22,431.3,431.3,431.3,431.3,0
20250916  11:23,431.3,431.3,431.3,431.3,0
20250916  11:24,431.3,431.3,431.3,431.3,0
20250916  11:25,431.3,431.3,431.3,431.3,0
20250916  11:26,431.3,431.3,431.3,431.3,0
20250916  11:27,431.3,431.3,431.3,431.3,0
20250916  11:28,431.3,431.3,431.3,431.3,0
20250916  11:29,431.3,431.3,431.3,431.3,0
20250916  11:30,431.3,431.3,431.3,431.3,0
20250916  11:31,431.3,431.3,431.3,431.3,0
20250916  11:32,431.3,431.3,431.3,431.3,0
20250916  11:33,431.3,431.3,431.3,431.3,0
20250916  11:34,431.3,431.3,431.3,431.3,0
20250916  11:35,431.3,431.3,431.3,431.3,0
20250916  11:36,431.3,431.3,431.3,431.3,0
20250916  11:37,431.3,431.3,431.3,431.3,0
20250916  11:38,431.3,431.3,431.3,431.3,0
20250916  11:39,431.3,431.3,431.3,431.3,0
20250916  11:40,431.3,431.3,431.3,431.3,0
20250916  11:41,431.3,431.3,431.3,431.3,0
20250916  11:42,431.3,431.3,431.3,431.3,0
20250916  11:43,431.3,431.3,431.3,431.3,0
20250916  11:44,431.3,431.3,431.3,431.3,0
20250916  11:45,431.3,431.3,431.3,431.3,0
20250916  11:46,431.3,431.3,431.3,431.3,0
20250916  11:47,431.3,431.3,431.3,431.3,0
20250916  11:48,431.3,431.3,431.3,431.3,0
20250916  11:49,431.3,431.3,431.3,431.3,0
20250916  11:50,431.3,431.3,431.3,431.3,0
20250916  11:51,431.3,431.3,431.3,431.3,0
20250916  11:52,431.3,431.3,431.3,431.3,0
20250916  11:53,431.3,431.3,431.3,431.3,0
20250916  11:54,431.3,431.3,431.3,431.3,0
20250916  11:55,431.3,431.3,431.3,431.3,0
20250916  11:56,431.3,431.3,431.3,431.3,0
20250916  11:57,431.3,431.3,431.3,431.3,0
20250916  11:58,431.3,431.3,431.3,431.3,0
20250916  11:59,431.3,431.3,431.3,431.3,0
20250916  12:00,431.3,431.3,431.3,431.3,0
20250916  12:01,431.3,431.3,431.3,431.3,0
20250916  12:02,431.3,431.3,431.3,431.3,0
20250916  12:03,431.3,431.3,431.3,431.3,0
20250916  12:04,431.3,431.3,431.3,431.3,0
20250916  12:05,431.3,431.3,431.3,431.3,0
20250916  12:06,431.3,431.3,431.3,431.3,0
20250916  12:07,431.3,431.3,431.3,431.3,0
20250916  12:08,431.3,431.3,431.3,431.3,0
20250916  12:09,431.3,431.3,431.3,431.3,0
20250916  12:10,431.3,431.3,431.3,431.3,0
20250916  12:11,431.3,431.3,431.3,431.3,0
20250916  12:12,431.3,431.3,431.3,431.3,0
20250916  12:13,431.3,431.3,431.3,431.3,0
20250916  12:14,431.3,431.3,431.3,431.3,0
20250916  12:15,431.3,431.3,431.3,431.3,0
20250916  12:16,431.3,431.3,431.3,431.3,0
20250916  12:17,431.3,431.3,431.3,431.3,0
20250916  12:18,431.3,431.3,431.3,431.3,0
20250916  12:19,431.3,431.3,431.3,431.3,0
20250916  12:20,431.3,431.3,431.3,431.3,0
20250916  12:21,431.3,431.3,431.3,431.3,0
20250916  12:22,431.3,431.3,431.3,431.3,0
20250916  12:23,431.3,431.3,431.3,431.3,0
20250916  12:24,431.3,431.3,431.3,431.3,0
20250916  12:25,431.3,431.3,431.3,431.3,0
20250916  12:26,431.3,431.3,431.3,431.3,0
20250916  12:27,431.3,431.3,431.3,431.3,0
20250916  12:28,431.3,431.3,431.3,431.3,0
20250916  12:29,431.3,431.3,431.3,431.3,0
20250916  12:30,431.3,431.3,431.3,431.3,0
20250916  12:31,431.3,431.3,431.3,431.3,0
20250916  12:32,431.3,431.3,431.3,431.3,0
20250916  12:33,431.3,431.3,431.3,431.3,0
20250916  12:34,431.3,431.3,431.3,431.3,0
20250916  12:35,431.3,431.3,431.3,431.3,0
20250916  12:36,431.3,431.3,431.3,431.3,0
20250916  12:37,431.3,431.3,431.3,431.3,0
20250916  12:38,431.3,431.3,431.3,431.3,0
20250916  12:39,431.3,431.3,431.3,431.3,0
20250916  12:40,431.3,431.3,431.3,431.3,0
20250916  12:41,431.3,431.3,431.3,431.3,0
20250916  12:42,431.3,431.3,431.3,431.3,0
20250916  12:43,431.3,431.3,431.3,431.3,0
20250916  12:44,431.3,431.3,431.3,431.3,0
20250916  12:45,431.3,431.3,431.3,431.3,0
20250916  12:46,431.3,431.3,431.3,431.3,0
20250916  12:47,431.3,431.3,431.3,431.3,0
20250916  12:48,431.3,431.3,431.3,431.3,0
20250916  12:49,431.3,431.3,431.3,431.3,0
20250916  12:50,431.3,431.3,431.3,431.3,0
20250916  12:51,431.3,431.3,431.3,431.3,0
20250916  12:52,431.3,431.3,431.3,431.3,0
20250916  12:53,431.3,431.3,431.3,431.3,0
20250916  12:54,431.3,431.3,431.3,431.3,0
20250916  12:55,431.3,431.3,431.3,431.3,0
20250916  12:56,431.3,431.3,431.3,431.3,0
20250916  12:57,431.3,431.3,431.3,431.3,0
20250916  12:58,431.3,431.3,431.3,431.3,0
20250916  12:59,431.3,431.3,431.3,431.3,0
20250916  13:00,431.3,431.3,431.3,431.3,0
20250916  13:01,431.3,431.3,431.3,431.3,0
20250916  13:02,431.3,431.3,431.3,431.3,0
20250916  13:03,431.3,431.3,431.3,431.3,0
20250916  13:04,431.3,431.3,431.3,431.3,0
20250916  13:05,431.3,431.3,431.3,431.3,0
20250916  13:06,431.3,431.3,431.3,431.3,0
20250916  13:07,431.3,431.3,431.3,431.3,0
20250916  13:08,431.3,431.3,431.3,431.3,0
20250916  13:09,431.3,431.3,431.3,431.3,0
20250916  13:10,431.3,431.3,431.3,431.3,0
20250916  13:11,431.3,431.3,431.3,431.3,0
20250916  13:12,431.3,431.3,431.3,431.3,0
20250916  13:13,431.3,431.3,431.3,431.3,0
20250916  13:14,431.3,431.3,431.3,431.3,0
20250916  13:15,431.3,431.3,431.3,431.3,0
20250916  13:16,431.3,431.3,431.3,431.3,0
20250916  13:17,431.3,431.3,431.3,431.3,0
20250916  13:18,431.3,431.3,431.3,431.3,0
20250916  13:19,431.3,431.3,431.3,431.3,0
20250916  13:20,431.3,431.3,431.3,431.3,0
20250916  13:21,431.3,431.3,431.3,431.3,0
20250916  13:22,431.3,431.3,431.3,431.3,0
20250916  13:23,431.3,431.3,431.3,431.3,0
20250916  13:24,431.3,431.3,431.3,431.3,0
20250916  13:25,431.3,431.3,431.3,431.3,0
20250916  13:26,431.3,431.3,431.3,431.3,0
20250916  13:27,431.3,431.3,431.3,431.3,0
20250916  13:28,431.3,431.3,431.3,431.3,0
20250916  13:29,431.3,431.3,431.3,431.3,0
20250916  13:30,431.3,431.3,431.3,431.3,0
