20250917  10:15,407.0,407.0,400.75,404.2,359
20250917  10:16,404.7,405.85,402.85,403.0,84
20250917  10:17,403.25,404.4,403.25,404.3,48
20250917  10:18,404.1,404.55,403.25,403.95,51
20250917  10:19,404.0,404.0,403.0,403.1,111
20250917  10:20,402.85,403.15,400.75,401.35,134
20250917  10:21,401.3,401.45,398.5,400.2,157
20250917  10:22,400.0,400.4,399.35,399.4,55
20250917  10:23,399.1,399.35,396.5,397.3,268
20250917  10:24,397.3,397.6,396.4,397.1,101
20250917  10:25,397.25,397.55,397.0,397.45,94
20250917  10:26,397.6,399.1,397.35,398.7,255
20250917  10:27,398.5,399.0,397.9,398.85,72
20250917  10:28,398.9,399.0,397.85,398.4,82
20250917  10:29,398.8,398.8,397.2,397.3,36
20250917  10:30,397.6,398.95,397.6,398.7,33
20250917  10:31,398.75,398.8,398.0,398.05,50
20250917  10:32,398.1,398.1,397.35,397.35,10
20250917  10:33,397.1,397.6,397.1,397.6,8
20250917  10:34,397.3,397.5,397.05,397.3,24
20250917  10:35,397.1,397.2,396.8,396.8,12
20250917  10:36,397.0,399.0,397.0,397.3,59
20250917  10:37,397.25,397.25,394.1,396.2,242
20250917  10:38,396.3,396.8,396.1,396.7,13
20250917  10:39,396.55,396.85,396.0,396.0,26
20250917  10:40,396.15,396.2,395.5,396.05,41
20250917  10:41,396.05,396.5,395.5,395.75,65
20250917  10:42,395.65,396.05,395.5,395.5,61
20250917  10:43,395.35,396.2,395.3,396.05,35
20250917  10:44,395.95,396.2,395.3,396.05,28
20250917  10:45,395.85,397.55,395.85,397.55,64
20250917  10:46,397.3,397.5,397.05,397.5,19
20250917  10:47,397.6,397.85,396.85,397.0,31
20250917  10:48,397.0,397.0,396.85,396.9,8
20250917  10:49,396.7,397.05,396.6,397.05,5
20250917  10:50,397.0,397.0,396.55,396.55,6
20250917  10:51,396.5,396.8,396.2,396.8,31
20250917  10:52,396.45,397.15,396.45,397.15,18
20250917  10:53,397.1,397.4,397.0,397.2,18
20250917  10:54,397.1,397.65,397.1,397.65,9
20250917  10:55,397.7,398.55,397.7,398.4,31
20250917  10:56,398.3,398.4,398.1,398.4,19
20250917  10:57,398.5,398.5,398.45,398.45,2
20250917  10:58,398.7,398.85,398.7,398.85,5
20250917  10:59,398.75,398.8,398.6,398.6,8
20250917  11:00,398.55,398.65,398.35,398.35,10
20250917  11:01,398.45,398.45,398.2,398.2,8
20250917  11:02,398.35,398.45,398.15,398.45,8
20250917  11:03,398.4,399.05,398.4,398.4,38
20250917  11:04,398.35,398.55,397.75,397.8,23
20250917  11:05,397.75,397.9,397.25,397.25,9
20250917  11:06,397.25,397.5,397.25,397.5,4
20250917  11:07,397.4,397.7,397.4,397.45,4
20250917  11:08,397.4,397.65,397.35,397.65,5
20250917  11:09,397.7,398.1,397.6,398.1,11
20250917  11:10,398.1,398.1,397.5,397.5,5
20250917  11:11,397.8,398.05,397.8,398.05,9
20250917  11:12,398.25,398.5,398.25,398.45,14
20250917  11:13,398.35,398.35,398.05,398.15,6
20250917  11:14,398.05,398.05,397.9,398.05,8
20250917  11:15,398.25,398.25,397.75,397.75,12
20250917  11:16,397.6,397.65,397.5,397.6,12
20250917  11:17,397.55,397.6,397.1,397.55,15
20250917  11:18,397.5,397.5,397.5,397.5,1
20250917  11:19,397.4,397.4,397.25,397.25,3
20250917  11:20,397.2,397.3,397.2,397.3,6
20250917  11:21,397.5,397.5,397.3,397.3,7
20250917  11:22,397.3,397.3,397.3,397.3,2
20250917  11:23,397.45,397.45,397.45,397.45,1
20250917  11:24,397.7,398.3,397.7,397.95,22
20250917  11:25,397.8,398.15,397.65,397.9,8
20250917  11:26,397.8,398.25,397.8,398.15,8
20250917  11:27,397.9,398.0,397.9,398.0,2
20250917  11:28,397.95,397.95,397.3,397.35,18
20250917  11:29,397.5,398.4,397.5,397.75,51
20250917  11:30,397.85,398.05,397.85,398.05,13
20250917  11:31,398.5,398.8,398.5,398.75,20
20250917  11:32,398.65,399.0,398.35,398.35,25
20250917  11:33,398.35,398.35,397.9,397.9,7
20250917  11:34,397.8,398.15,397.8,398.15,12
20250917  11:35,397.85,397.85,397.75,397.75,33
20250917  11:36,397.5,397.5,396.5,396.85,32
20250917  11:37,396.6,396.95,396.5,396.95,13
20250917  11:38,396.7,397.25,396.7,397.25,28
20250917  11:39,397.1,397.35,397.05,397.3,8
20250917  11:40,397.45,397.5,397.45,397.5,2
20250917  11:41,396.8,396.8,396.8,396.8,1
20250917  11:42,396.75,396.75,396.55,396.55,8
20250917  11:43,396.65,397.1,396.65,397.1,8
20250917  11:44,396.7,396.75,396.3,396.5,23
20250917  11:45,396.75,397.0,396.75,397.0,2
20250917  11:46,397.05,397.1,397.05,397.1,5
20250917  11:47,397.1,397.4,397.1,397.4,2
20250917  11:48,397.6,397.6,397.6,397.6,1
20250917  11:49,397.3,397.4,397.3,397.4,2
20250917  11:50,397.2,397.4,397.2,397.4,2
20250917  11:51,397.6,397.6,397.6,397.6,2
20250917  11:52,397.1,397.5,397.1,397.3,4
20250917  11:53,397.0,397.0,396.95,396.95,2
20250917  11:54,397.15,397.15,397.15,397.15,1
20250917  11:55,397.2,397.2,396.9,396.9,2
20250917  11:56,396.9,396.9,396.9,396.9,0
20250917  11:57,396.65,396.65,396.65,396.65,2
20250917  11:58,396.65,396.8,396.6,396.8,5
20250917  11:59,396.7,396.95,396.65,396.65,7
20250917  12:00,396.55,396.65,396.4,396.4,68
20250917  12:01,396.35,396.35,395.65,395.9,42
20250917  12:02,395.95,395.95,395.65,395.85,6
20250917  12:03,395.6,395.6,394.4,394.4,67
20250917  12:04,394.5,395.45,394.3,395.45,40
20250917  12:05,395.25,395.5,395.05,395.25,22
20250917  12:06,395.25,395.35,395.2,395.2,5
20250917  12:07,395.3,395.5,395.3,395.5,3
20250917  12:08,395.5,395.5,395.2,395.25,8
20250917  12:09,395.4,395.45,394.65,395.1,16
20250917  12:10,394.85,394.85,394.5,394.8,41
20250917  12:11,394.95,395.25,394.9,395.0,10
20250917  12:12,395.1,395.1,394.9,394.9,5
20250917  12:13,394.9,395.0,394.9,395.0,10
20250917  12:14,394.85,395.5,394.85,395.5,35
20250917  12:15,395.05,395.05,394.65,394.9,8
20250917  12:16,394.75,394.95,394.75,394.9,6
20250917  12:17,395.15,395.35,395.15,395.2,7
20250917  12:18,395.2,395.2,395.2,395.2,0
20250917  12:19,395.2,395.2,395.2,395.2,0
20250917  12:20,394.85,394.85,394.35,394.4,12
20250917  12:21,394.7,394.8,394.25,394.25,35
20250917  12:22,394.55,394.55,394.0,394.3,41
20250917  12:23,394.45,394.65,394.45,394.65,13
20250917  12:24,394.5,394.8,394.5,394.8,7
20250917  12:25,394.5,394.5,394.5,394.5,2
20250917  12:26,394.5,394.7,394.25,394.6,16
20250917  12:27,394.6,395.2,394.6,395.2,8
20250917  12:28,395.0,395.25,395.0,395.1,5
20250917  12:29,395.35,395.45,395.0,395.3,20
20250917  12:30,395.25,395.85,395.25,395.45,114
20250917  12:31,395.45,395.45,395.2,395.2,7
20250917  12:32,395.2,395.6,395.2,395.6,21
20250917  12:33,395.7,395.8,395.65,395.65,6
20250917  12:34,395.7,396.25,395.55,396.0,34
20250917  12:35,395.9,395.9,395.5,395.5,2
20250917  12:36,395.45,395.6,395.45,395.6,11
20250917  12:37,395.65,395.65,395.5,395.5,8
20250917  12:38,395.5,395.75,395.5,395.75,3
20250917  12:39,395.85,395.9,395.75,395.9,5
20250917  12:40,395.75,395.75,395.75,395.75,1
20250917  12:41,395.7,396.3,395.7,396.15,14
20250917  12:42,396.15,396.2,395.85,395.85,10
20250917  12:43,396.15,396.35,396.05,396.05,14
20250917  12:44,396.1,396.25,396.0,396.0,11
20250917  12:45,396.0,396.0,395.45,395.45,9
20250917  12:46,395.25,395.25,394.65,395.05,22
20250917  12:47,395.0,395.0,395.0,395.0,4
20250917  12:48,395.0,395.0,395.0,395.0,1
20250917  12:49,394.95,395.25,394.95,395.2,8
20250917  12:50,395.0,395.45,395.0,395.4,9
20250917  12:51,395.4,395.55,395.35,395.4,5
20250917  12:52,395.15,395.4,395.15,395.2,6
20250917  12:53,395.05,395.4,394.95,395.35,48
20250917  12:54,395.15,395.6,395.15,395.4,18
20250917  12:55,395.4,395.55,395.4,395.55,6
20250917  12:56,395.25,395.65,395.25,395.5,24
20250917  12:57,395.5,395.5,395.5,395.5,5
20250917  12:58,395.65,396.15,395.15,395.45,84
20250917  12:59,395.3,395.9,395.25,395.25,16
20250917  13:00,395.25,395.45,395.15,395.15,15
20250917  13:01,395.0,395.0,391.25,392.35,290
20250917  13:02,392.1,392.6,391.85,392.5,36
20250917  13:03,392.4,392.5,392.3,392.5,11
20250917  13:04,392.65,392.65,391.35,392.0,45
20250917  13:05,392.3,392.55,391.8,391.8,32
20250917  13:06,391.85,392.25,391.25,391.25,30
20250917  13:07,391.25,391.25,389.5,390.95,165
20250917  13:08,391.0,391.0,389.9,390.4,44
20250917  13:09,390.2,391.0,390.15,390.5,67
20250917  13:10,390.1,390.4,389.6,389.6,46
20250917  13:11,389.65,390.1,389.65,389.7,30
20250917  13:12,389.65,389.95,389.65,389.95,8
20250917  13:13,389.7,390.5,389.4,390.4,45
20250917  13:14,390.55,391.1,390.55,391.1,24
20250917  13:15,391.1,391.65,390.7,391.65,37
20250917  13:16,391.35,391.35,391.05,391.3,11
20250917  13:17,391.3,391.75,390.85,390.85,42
20250917  13:18,390.9,391.25,390.9,390.9,12
20250917  13:19,391.0,391.05,390.85,391.05,4
20250917  13:20,391.05,391.05,390.25,390.35,15
20250917  13:21,390.4,391.8,390.4,391.75,53
20250917  13:22,391.75,391.8,391.45,391.7,17
20250917  13:23,391.75,392.0,391.6,391.6,47
20250917  13:24,391.55,392.05,391.45,391.45,24
20250917  13:25,391.25,391.8,391.25,391.8,16
20250917  13:26,391.6,392.0,391.6,391.6,33
20250917  13:27,391.5,391.65,391.1,391.1,18
20250917  13:28,391.5,391.5,391.5,391.5,7
20250917  13:29,391.55,391.7,391.3,391.7,7
20250917  13:30,391.45,391.6,391.45,391.55,6
20250918  10:15,379.0,379.45,378.15,378.2,350
20250918  10:16,378.2,378.95,377.5,378.25,102
20250918  10:17,378.25,378.7,378.05,378.05,37
20250918  10:18,378.35,379.0,378.35,378.45,39
20250918  10:19,378.4,378.4,376.6,377.6,77
20250918  10:20,377.4,378.4,377.4,378.1,32
20250918  10:21,378.45,378.6,378.1,378.45,10
20250918  10:22,377.8,378.5,377.55,378.4,26
20250918  10:23,378.3,379.45,378.1,379.45,40
20250918  10:24,379.3,380.0,378.95,379.1,40
20250918  10:25,378.75,380.2,378.6,380.05,40
20250918  10:26,380.0,381.15,379.85,381.15,73
20250918  10:27,381.15,381.15,380.3,380.4,28
20250918  10:28,380.25,380.75,380.25,380.4,10
20250918  10:29,380.15,380.35,379.9,380.35,10
20250918  10:30,379.95,381.35,379.95,380.9,51
20250918  10:31,380.65,380.65,379.95,380.55,14
20250918  10:32,380.3,380.75,380.3,380.75,8
20250918  10:33,380.55,380.55,380.55,380.55,1
20250918  10:34,380.9,380.9,380.3,380.5,9
20250918  10:35,380.9,380.9,380.6,380.8,4
20250918  10:36,380.85,381.15,380.85,380.95,22
20250918  10:37,380.75,381.3,380.75,381.0,10
20250918  10:38,380.8,380.85,380.8,380.85,3
20250918  10:39,380.6,380.8,380.6,380.8,5
20250918  10:40,380.7,380.8,380.25,380.65,21
20250918  10:41,380.65,381.3,380.65,380.7,13
20250918  10:42,380.55,380.75,379.85,380.1,20
20250918  10:43,380.2,380.2,379.6,379.6,20
20250918  10:44,379.6,379.6,378.35,378.7,56
20250918  10:45,378.9,379.1,377.15,377.85,44
20250918  10:46,377.35,378.9,377.35,378.05,30
20250918  10:47,378.3,379.05,378.3,379.05,6
20250918  10:48,378.95,378.95,378.95,378.95,3
20250918  10:49,378.5,378.8,378.45,378.8,7
20250918  10:50,378.7,379.5,378.7,379.5,12
20250918  10:51,379.55,379.55,378.7,378.7,7
20250918  10:52,379.0,379.4,379.0,379.4,4
20250918  10:53,379.55,380.05,379.45,379.95,25
20250918  10:54,379.7,380.0,379.6,379.6,4
20250918  10:55,379.6,379.9,379.45,379.9,14
20250918  10:56,379.9,379.9,379.85,379.85,2
20250918  10:57,379.95,380.0,379.75,380.0,6
20250918  10:58,379.8,379.85,379.8,379.85,2
20250918  10:59,379.7,379.85,379.5,379.85,6
20250918  11:00,379.95,380.55,379.95,380.55,8
20250918  11:01,380.6,380.9,380.6,380.6,23
20250918  11:02,380.35,380.55,380.35,380.5,5
20250918  11:03,380.35,380.35,380.35,380.35,1
20250918  11:04,380.45,380.45,380.45,380.45,1
20250918  11:05,380.25,380.45,380.25,380.3,3
20250918  11:06,380.15,380.2,379.95,380.2,8
20250918  11:07,380.15,380.15,380.0,380.05,6
20250918  11:08,379.85,380.1,379.8,380.1,4
20250918  11:09,380.15,380.15,380.15,380.15,2
20250918  11:10,380.1,380.1,380.05,380.05,3
20250918  11:11,379.85,379.9,379.85,379.9,2
20250918  11:12,379.9,379.9,379.9,379.9,1
20250918  11:13,379.8,379.85,379.8,379.85,2
20250918  11:14,379.85,379.85,379.85,379.85,2
20250918  11:15,379.8,379.8,379.3,379.3,12
20250918  11:16,379.5,379.5,378.7,379.3,24
20250918  11:17,379.5,379.7,379.1,379.1,8
20250918  11:18,379.1,379.8,379.1,379.1,12
20250918  11:19,379.45,380.0,379.35,380.0,33
20250918  11:20,380.0,380.1,379.8,380.0,11
20250918  11:21,380.0,380.0,379.3,379.6,17
20250918  11:22,379.7,379.7,379.7,379.7,1
20250918  11:23,379.9,380.15,379.9,380.1,7
20250918  11:24,380.1,380.25,379.8,379.85,18
20250918  11:25,379.6,380.1,379.6,380.05,11
20250918  11:26,380.1,380.1,380.05,380.05,2
20250918  11:27,380.15,380.35,380.1,380.1,12
20250918  11:28,380.2,380.4,380.0,380.4,15
20250918  11:29,380.4,380.55,380.35,380.35,6
20250918  11:30,380.2,380.2,379.85,379.85,4
20250918  11:31,379.7,379.7,379.6,379.65,11
20250918  11:32,379.6,379.6,378.25,378.4,22
20250918  11:33,378.2,378.35,378.2,378.35,2
20250918  11:34,378.7,378.7,378.7,378.7,1
20250918  11:35,378.75,378.8,378.35,378.4,32
20250918  11:36,378.45,378.55,377.1,377.45,34
20250918  11:37,377.5,377.6,377.45,377.6,11
20250918  11:38,377.3,377.45,377.3,377.4,7
20250918  11:39,377.65,378.25,377.6,378.15,15
20250918  11:40,378.4,378.65,378.15,378.65,12
20250918  11:41,378.75,378.85,378.6,378.75,6
20250918  11:42,378.95,378.95,378.65,378.65,4
20250918  11:43,378.55,378.55,378.45,378.45,2
20250918  11:44,378.35,378.35,378.35,378.35,1
20250918  11:45,378.55,378.55,378.25,378.25,9
20250918  11:46,378.15,378.25,378.0,378.1,19
20250918  11:47,377.8,378.0,377.8,377.9,18
20250918  11:48,377.95,377.95,377.0,377.2,18
20250918  11:49,377.2,377.3,377.0,377.0,11
20250918  11:50,376.9,377.35,376.55,377.25,26
20250918  11:51,377.35,377.5,377.35,377.35,5
20250918  11:52,377.4,377.4,377.15,377.15,3
20250918  11:53,377.1,377.1,376.95,376.95,5
20250918  11:54,377.0,377.1,377.0,377.1,2
20250918  11:55,377.1,377.1,377.1,377.1,0
20250918  11:56,377.5,377.5,377.5,377.5,1
20250918  11:57,377.7,377.8,377.55,377.8,5
20250918  11:58,377.75,377.85,377.5,377.85,11
20250918  11:59,377.65,377.65,377.25,377.45,10
20250918  12:00,377.25,377.6,377.2,377.6,6
20250918  12:01,377.8,378.2,377.8,377.95,5
20250918  12:02,378.0,378.0,377.65,377.9,6
20250918  12:03,377.9,377.9,377.9,377.9,0
20250918  12:04,377.9,377.9,377.9,377.9,1
20250918  12:05,378.15,378.15,377.85,377.85,2
20250918  12:06,378.05,378.05,378.05,378.05,1
20250918  12:07,378.1,378.1,378.0,378.0,6
20250918  12:08,378.0,378.0,378.0,378.0,0
20250918  12:09,378.1,378.5,378.1,378.5,9
20250918  12:10,378.4,378.4,378.1,378.15,8
20250918  12:11,378.2,378.3,378.2,378.3,3
20250918  12:12,378.6,379.05,378.6,378.8,8
20250918  12:13,379.1,379.15,379.05,379.1,5
20250918  12:14,379.15,379.55,379.0,379.5,16
20250918  12:15,379.4,379.65,379.4,379.4,9
20250918  12:16,379.35,379.45,379.35,379.35,5
20250918  12:17,379.45,379.45,379.25,379.4,4
20250918  12:18,379.25,379.25,379.25,379.25,1
20250918  12:19,379.65,379.65,379.2,379.2,17
20250918  12:20,379.2,379.5,379.2,379.4,8
20250918  12:21,379.3,379.4,379.2,379.4,8
20250918  12:22,379.4,379.4,379.4,379.4,1
20250918  12:23,379.15,379.15,379.15,379.15,2
20250918  12:24,379.2,379.8,379.2,379.7,9
20250918  12:25,379.3,379.3,379.15,379.15,3
20250918  12:26,379.15,379.15,379.1,379.1,3
20250918  12:27,379.1,379.3,379.1,379.1,5
20250918  12:28,379.1,379.25,379.1,379.15,4
20250918  12:29,379.2,379.55,379.2,379.55,8
20250918  12:30,379.6,379.6,379.45,379.5,4
20250918  12:31,379.5,379.5,379.5,379.5,0
20250918  12:32,379.65,379.65,379.45,379.6,3
20250918  12:33,379.55,379.55,379.55,379.55,1
20250918  12:34,379.4,379.5,379.15,379.5,17
20250918  12:35,379.5,379.5,379.5,379.5,0
20250918  12:36,379.45,379.5,378.95,379.05,14
20250918  12:37,379.2,379.65,379.2,379.65,17
20250918  12:38,379.8,379.8,379.35,379.45,8
20250918  12:39,379.45,379.45,379.45,379.45,0
20250918  12:40,379.75,379.8,379.65,379.8,3
20250918  12:41,379.8,379.8,379.8,379.8,0
20250918  12:42,379.5,379.7,379.5,379.7,5
20250918  12:43,379.6,379.6,379.25,379.25,12
20250918  12:44,379.15,379.15,379.15,379.15,2
20250918  12:45,379.15,379.15,379.15,379.15,0
20250918  12:46,379.05,379.4,379.05,379.4,3
20250918  12:47,379.0,379.0,379.0,379.0,1
20250918  12:48,378.95,379.5,378.95,379.5,22
20250918  12:49,379.4,379.4,379.35,379.35,2
20250918  12:50,379.35,379.7,379.2,379.7,20
20250918  12:51,379.6,379.6,379.6,379.6,4
20250918  12:52,379.6,379.6,379.6,379.6,1
20250918  12:53,379.8,380.6,379.8,380.5,27
20250918  12:54,380.3,380.3,379.85,380.1,18
20250918  12:55,380.1,380.3,380.1,380.1,5
20250918  12:56,380.2,380.2,379.9,379.9,5
20250918  12:57,379.85,379.9,379.85,379.9,2
20250918  12:58,379.95,379.95,379.95,379.95,1
20250918  12:59,379.95,379.95,379.6,379.6,10
20250918  13:00,379.85,379.85,379.55,379.7,7
20250918  13:01,379.9,379.9,379.9,379.9,2
20250918  13:02,379.6,379.65,379.6,379.65,2
20250918  13:03,379.5,379.5,379.3,379.3,11
20250918  13:04,379.35,379.35,379.0,379.0,3
20250918  13:05,379.0,379.0,379.0,379.0,1
20250918  13:06,379.15,379.4,379.15,379.4,3
20250918  13:07,379.3,379.3,379.15,379.15,4
20250918  13:08,379.0,379.4,378.95,379.3,34
20250918  13:09,379.05,379.15,378.95,379.15,4
20250918  13:10,378.9,378.95,378.9,378.95,3
20250918  13:11,378.7,378.9,378.7,378.9,8
20250918  13:12,378.9,378.9,378.9,378.9,2
20250918  13:13,378.95,378.95,378.95,378.95,1
20250918  13:14,378.95,378.95,378.95,378.95,0
20250918  13:15,379.1,379.1,378.8,378.85,5
20250918  13:16,378.85,378.85,378.35,378.6,20
20250918  13:17,378.5,378.65,378.45,378.65,8
20250918  13:18,378.65,378.65,378.65,378.65,0
20250918  13:19,378.2,378.3,378.2,378.3,5
20250918  13:20,378.25,378.8,378.15,378.3,10
20250918  13:21,378.5,378.5,378.5,378.5,2
20250918  13:22,378.65,378.65,378.4,378.4,4
20250918  13:23,378.35,378.35,378.35,378.35,2
20250918  13:24,378.25,378.25,378.0,378.0,14
20250918  13:25,378.0,378.0,377.8,377.9,20
20250918  13:26,377.75,378.0,377.75,378.0,12
20250918  13:27,377.6,377.6,377.55,377.55,4
20250918  13:28,377.45,377.55,376.85,376.85,40
20250918  13:29,376.75,376.75,375.0,375.6,181
20250918  13:30,375.55,375.65,375.0,375.0,53
20250919  10:15,381.8,383.9,381.8,383.6,166
20250919  10:16,383.5,383.85,382.7,382.9,62
20250919  10:17,382.9,383.05,382.5,382.95,17
20250919  10:18,382.9,383.9,382.8,383.45,20
20250919  10:19,383.6,384.4,383.6,383.9,62
20250919  10:20,383.55,383.85,383.35,383.85,16
20250919  10:21,383.8,383.95,383.4,383.7,14
20250919  10:22,383.7,383.7,383.35,383.5,13
20250919  10:23,383.5,383.6,383.35,383.6,5
20250919  10:24,383.15,383.25,382.9,382.9,11
20250919  10:25,383.05,383.2,383.0,383.0,6
20250919  10:26,382.7,382.75,382.6,382.65,9
20250919  10:27,382.55,383.15,382.0,383.0,38
20250919  10:28,383.3,383.4,383.05,383.4,16
20250919  10:29,383.2,383.2,382.8,382.8,11
20250919  10:30,382.45,382.6,382.2,382.2,7
20250919  10:31,382.55,382.55,382.55,382.55,1
20250919  10:32,382.9,382.95,382.9,382.95,4
20250919  10:33,382.75,383.05,382.75,382.85,3
20250919  10:34,382.85,382.85,382.7,382.7,3
20250919  10:35,382.95,382.95,382.6,382.85,7
20250919  10:36,382.95,383.25,382.85,383.05,20
20250919  10:37,383.05,383.05,383.05,383.05,0
20250919  10:38,383.0,383.05,382.75,382.75,8
20250919  10:39,382.6,382.85,382.6,382.6,9
20250919  10:40,382.7,382.95,382.7,382.95,3
20250919  10:41,382.65,382.9,382.65,382.9,3
20250919  10:42,382.9,383.0,382.9,383.0,4
20250919  10:43,383.25,383.25,383.25,383.25,2
20250919  10:44,383.15,383.15,382.9,382.9,3
20250919  10:45,382.85,383.1,382.85,383.0,6
20250919  10:46,383.25,383.25,382.9,383.0,10
20250919  10:47,383.0,383.0,383.0,383.0,0
20250919  10:48,383.0,383.0,383.0,383.0,0
20250919  10:49,383.0,383.45,382.9,383.1,9
20250919  10:50,382.9,383.1,382.9,383.0,7
20250919  10:51,382.75,382.75,382.75,382.75,5
20250919  10:52,382.85,382.85,382.25,382.25,27
20250919  10:53,382.5,382.75,382.5,382.55,7
20250919  10:54,382.7,383.1,382.7,382.75,14
20250919  10:55,382.85,382.95,382.85,382.95,6
20250919  10:56,382.75,382.8,382.05,382.2,32
20250919  10:57,382.05,382.35,382.05,382.25,20
20250919  10:58,382.05,382.05,381.4,381.45,28
20250919  10:59,381.1,381.25,381.05,381.05,10
20250919  11:00,381.25,381.75,381.25,381.75,14
20250919  11:01,381.7,381.7,381.6,381.7,14
20250919  11:02,381.75,382.2,381.75,382.2,4
20250919  11:03,382.3,382.4,382.25,382.35,13
20250919  11:04,382.35,382.45,378.05,378.95,352
20250919  11:05,378.85,378.85,376.6,377.0,173
20250919  11:06,377.35,378.75,377.15,378.75,35
20250919  11:07,378.55,379.95,378.55,379.0,86
20250919  11:08,379.15,379.2,378.95,378.95,5
20250919  11:09,379.4,380.6,379.4,379.85,54
20250919  11:10,379.85,379.85,378.55,378.55,17
20250919  11:11,378.5,378.5,377.9,378.1,36
20250919  11:12,378.25,379.4,378.25,379.35,38
20250919  11:13,379.35,380.35,379.25,380.15,33
20250919  11:14,379.9,379.9,379.8,379.8,3
20250919  11:15,379.6,379.85,379.6,379.85,5
20250919  11:16,379.55,379.55,379.55,379.55,2
20250919  11:17,379.4,379.45,378.7,378.75,15
20250919  11:18,378.5,378.55,378.0,378.35,13
20250919  11:19,378.4,378.9,378.4,378.45,11
20250919  11:20,378.65,379.75,378.65,379.65,29
20250919  11:21,379.55,380.55,379.55,379.75,23
20250919  11:22,379.6,379.6,379.45,379.45,6
20250919  11:23,379.6,379.6,379.5,379.5,3
20250919  11:24,379.4,380.15,379.4,380.15,8
20250919  11:25,380.25,380.7,380.1,380.2,32
20250919  11:26,380.1,380.3,380.0,380.0,6
20250919  11:27,380.15,380.15,380.1,380.1,3
20250919  11:28,380.1,380.1,380.1,380.1,0
20250919  11:29,380.3,380.3,380.3,380.3,1
20250919  11:30,380.1,380.2,379.7,380.2,19
20250919  11:31,380.35,380.35,379.95,379.95,5
20250919  11:32,380.3,380.7,379.8,379.8,24
20250919  11:33,379.7,380.2,379.6,380.2,8
20250919  11:34,379.9,380.0,379.8,380.0,12
20250919  11:35,379.35,379.35,379.1,379.35,25
20250919  11:36,379.25,379.4,379.25,379.35,11
20250919  11:37,379.35,379.35,379.35,379.35,1
20250919  11:38,379.3,379.45,379.3,379.45,6
20250919  11:39,379.6,379.6,379.5,379.5,2
20250919  11:40,379.45,379.45,379.45,379.45,17
20250919  11:41,379.4,379.65,379.4,379.65,10
20250919  11:42,379.4,379.6,379.4,379.6,5
20250919  11:43,379.6,379.6,379.6,379.6,0
20250919  11:44,379.2,379.2,379.2,379.2,1
20250919  11:45,379.35,379.85,379.35,379.65,8
20250919  11:46,379.65,379.7,379.45,379.65,7
20250919  11:47,379.55,379.55,377.7,377.7,52
20250919  11:48,378.1,378.1,378.1,378.1,3
20250919  11:49,378.05,378.05,378.05,378.05,1
20250919  11:50,378.0,378.0,377.9,377.9,6
20250919  11:51,378.35,378.35,377.8,377.95,7
20250919  11:52,377.85,378.15,377.85,378.15,3
20250919  11:53,378.0,378.0,377.8,378.0,15
20250919  11:54,377.75,378.15,377.65,377.65,7
20250919  11:55,377.6,377.75,377.5,377.75,11
20250919  11:56,377.9,377.9,377.85,377.85,2
20250919  11:57,377.4,377.55,377.05,377.3,19
20250919  11:58,377.3,377.3,377.3,377.3,0
20250919  11:59,377.75,377.75,377.65,377.65,2
20250919  12:00,377.65,377.65,377.5,377.5,2
20250919  12:01,377.5,377.8,377.4,377.4,12
20250919  12:02,377.7,377.7,377.5,377.5,5
20250919  12:03,377.55,377.85,377.5,377.5,20
20250919  12:04,377.3,377.35,376.6,377.0,39
20250919  12:05,377.5,377.5,376.35,376.45,56
20250919  12:06,376.65,376.7,376.2,376.35,26
20250919  12:07,376.65,376.85,376.35,376.35,6
20250919  12:08,376.65,376.65,376.65,376.65,1
20250919  12:09,376.7,376.85,376.45,376.85,6
20250919  12:10,376.85,377.55,376.85,377.5,15
20250919  12:11,377.35,377.35,377.35,377.35,1
20250919  12:12,377.0,377.1,376.85,377.1,4
20250919  12:13,377.1,377.1,377.1,377.1,0
20250919  12:14,376.85,376.85,376.85,376.85,1
20250919  12:15,376.8,376.8,376.55,376.55,2
20250919  12:16,376.55,376.55,376.55,376.55,0
20250919  12:17,376.5,376.5,376.3,376.3,3
20250919  12:18,376.6,377.0,376.6,377.0,9
20250919  12:19,377.0,377.0,376.8,377.0,5
20250919  12:20,376.75,376.75,376.6,376.6,3
20250919  12:21,376.9,376.9,376.9,376.9,1
20250919  12:22,377.0,377.35,377.0,377.35,5
20250919  12:23,377.45,377.5,377.3,377.3,12
20250919  12:24,377.6,377.6,377.6,377.6,1
20250919  12:25,377.05,377.05,377.05,377.05,1
20250919  12:26,376.8,376.8,376.25,376.25,5
20250919  12:27,376.2,376.45,376.05,376.4,33
20250919  12:28,376.3,376.3,376.3,376.3,1
20250919  12:29,376.35,376.35,376.35,376.35,1
20250919  12:30,376.25,376.25,375.75,375.9,42
20250919  12:31,375.65,375.7,375.25,375.4,20
20250919  12:32,375.2,375.3,373.65,374.6,134
20250919  12:33,374.5,374.9,374.45,374.7,13
20250919  12:34,374.9,375.25,374.7,374.8,28
20250919  12:35,374.8,375.0,374.7,375.0,7
20250919  12:36,374.9,375.05,374.55,374.55,7
20250919  12:37,374.55,374.55,374.15,374.45,10
20250919  12:38,374.4,374.75,374.35,374.7,28
20250919  12:39,374.8,374.8,374.5,374.5,5
20250919  12:40,374.5,374.5,374.5,374.5,0
20250919  12:41,374.8,374.8,374.65,374.65,6
20250919  12:42,374.5,374.9,374.5,374.75,5
20250919  12:43,374.8,374.8,374.75,374.75,3
20250919  12:44,374.65,374.7,374.5,374.7,3
20250919  12:45,374.6,374.6,374.5,374.5,3
20250919  12:46,374.85,374.85,374.75,374.75,3
20250919  12:47,374.9,375.2,374.9,375.0,19
20250919  12:48,375.05,375.2,375.05,375.2,2
20250919  12:49,375.45,376.2,375.45,375.85,33
20250919  12:50,376.2,376.65,376.2,376.55,31
20250919  12:51,376.7,376.7,376.25,376.35,13
20250919  12:52,376.5,376.5,376.45,376.5,6
20250919  12:53,376.7,377.15,376.7,377.05,20
20250919  12:54,376.9,376.95,376.45,376.45,8
20250919  12:55,376.5,376.65,376.5,376.65,3
20250919  12:56,376.85,376.85,376.85,376.85,1
20250919  12:57,376.65,376.95,376.65,376.95,3
20250919  12:58,376.8,376.95,376.8,376.95,6
20250919  12:59,377.0,377.0,376.7,376.95,39
20250919  13:00,376.85,376.85,376.6,376.6,7
20250919  13:01,376.8,376.9,376.8,376.9,4
20250919  13:02,376.6,376.6,376.35,376.35,5
20250919  13:03,376.35,376.4,376.05,376.1,14
20250919  13:04,376.45,376.45,376.35,376.35,2
20250919  13:05,376.35,376.35,376.2,376.2,4
20250919  13:06,376.35,376.35,375.65,375.65,8
20250919  13:07,375.55,375.55,374.7,375.3,22
20250919  13:08,375.15,375.85,375.15,375.15,20
20250919  13:09,375.15,375.15,375.15,375.15,0
20250919  13:10,375.0,375.0,374.65,374.65,10
20250919  13:11,374.65,374.95,374.65,374.95,3
20250919  13:12,374.65,374.75,374.5,374.75,5
20250919  13:13,375.1,375.1,375.1,375.1,1
20250919  13:14,375.35,375.35,375.35,375.35,1
20250919  13:15,375.35,375.6,375.1,375.6,19
20250919  13:16,375.3,375.3,374.5,374.5,25
20250919  13:17,374.7,374.75,374.55,374.7,4
20250919  13:18,374.75,375.05,374.65,375.05,23
20250919  13:19,375.25,375.3,375.25,375.3,2
20250919  13:20,375.15,375.35,375.05,375.35,12
20250919  13:21,375.45,375.5,375.15,375.5,12
20250919  13:22,375.55,375.55,375.3,375.3,2
20250919  13:23,375.1,375.15,375.1,375.15,3
20250919  13:24,375.5,375.55,374.75,374.75,12
20250919  13:25,374.75,375.0,374.25,374.75,26
20250919  13:26,374.5,374.5,374.4,374.4,3
20250919  13:27,374.4,374.5,374.25,374.25,11
20250919  13:28,374.05,374.05,374.05,374.05,1
20250919  13:29,374.1,374.35,374.0,374.0,3
20250919  13:30,374.35,374.45,374.35,374.4,4
20250922  10:15,369.2,370.15,368.0,370.0,276
20250922  10:16,369.7,370.15,369.65,369.65,51
20250922  10:17,369.8,370.1,368.75,369.1,57
20250922  10:18,369.35,369.6,369.25,369.55,24
20250922  10:19,369.2,369.8,368.4,369.8,40
20250922  10:20,369.7,369.9,368.4,368.45,16
20250922  10:21,368.45,369.5,368.45,369.5,9
20250922  10:22,369.25,369.25,368.0,368.0,22
20250922  10:23,368.1,368.15,367.5,367.5,23
20250922  10:24,367.05,367.6,367.05,367.25,15
20250922  10:25,367.35,367.4,366.5,366.6,47
20250922  10:26,366.35,366.35,365.3,365.8,37
20250922  10:27,366.0,367.0,366.0,366.3,16
20250922  10:28,366.5,366.8,366.5,366.8,6
20250922  10:29,367.05,367.6,367.05,367.6,12
20250922  10:30,367.2,367.95,367.1,367.75,24
20250922  10:31,367.9,368.3,367.9,368.25,17
20250922  10:32,368.0,368.0,367.85,367.85,3
20250922  10:33,367.1,367.45,366.95,367.2,16
20250922  10:34,367.1,367.3,366.75,367.05,15
20250922  10:35,366.9,367.0,366.35,366.8,11
20250922  10:36,366.6,366.75,365.95,366.25,17
20250922  10:37,365.8,366.25,365.8,366.1,6
20250922  10:38,366.1,366.35,365.95,366.35,18
20250922  10:39,366.3,366.5,366.05,366.15,10
20250922  10:40,366.25,366.55,366.15,366.3,13
20250922  10:41,365.6,365.8,365.6,365.8,2
20250922  10:42,365.5,365.65,365.35,365.45,34
20250922  10:43,365.6,365.95,365.05,365.25,47
20250922  10:44,365.2,365.25,364.1,364.4,44
20250922  10:45,364.55,365.05,364.4,364.4,38
20250922  10:46,364.45,364.6,363.55,364.35,36
20250922  10:47,364.2,364.2,363.7,364.0,16
20250922  10:48,364.05,364.75,364.05,364.6,9
20250922  10:49,364.85,365.25,364.85,365.25,4
20250922  10:50,365.3,365.55,365.3,365.35,12
20250922  10:51,364.95,365.25,364.95,365.1,6
20250922  10:52,365.1,365.4,365.1,365.4,5
20250922  10:53,365.45,366.5,365.45,366.15,27
20250922  10:54,366.25,366.55,366.0,366.55,9
20250922  10:55,366.9,367.3,366.9,367.0,12
20250922  10:56,367.4,367.8,367.2,367.35,46
20250922  10:57,367.15,367.2,366.0,366.45,46
20250922  10:58,366.25,366.25,366.25,366.25,2
20250922  10:59,366.25,366.25,366.25,366.25,0
20250922  11:00,367.2,367.3,367.2,367.3,4
20250922  11:01,367.3,368.2,367.15,368.05,34
20250922  11:02,368.2,368.7,367.65,367.85,33
20250922  11:03,368.15,368.45,368.1,368.45,6
20250922  11:04,368.3,368.3,367.8,368.0,7
20250922  11:05,368.05,368.15,368.05,368.1,6
20250922  11:06,368.15,368.15,368.05,368.05,3
20250922  11:07,367.8,368.0,367.7,367.7,10
20250922  11:08,367.85,368.0,367.65,367.9,7
20250922  11:09,367.65,367.65,367.55,367.55,2
20250922  11:10,367.7,367.7,367.45,367.65,6
20250922  11:11,367.7,367.7,367.4,367.4,5
20250922  11:12,367.6,367.85,367.6,367.85,5
20250922  11:13,367.9,367.9,367.35,367.4,14
20250922  11:14,367.55,367.65,367.15,367.45,16
20250922  11:15,367.25,367.3,366.5,366.8,65
20250922  11:16,366.8,366.85,366.6,366.6,5
20250922  11:17,366.5,366.5,365.15,365.2,51
20250922  11:18,365.3,365.75,365.3,365.75,2
20250922  11:19,366.35,366.35,366.2,366.35,8
20250922  11:20,366.3,367.65,366.3,367.65,9
20250922  11:21,367.45,368.15,367.45,367.9,9
20250922  11:22,367.8,367.85,367.55,367.55,8
20250922  11:23,366.95,367.5,366.95,367.35,28
20250922  11:24,367.35,367.35,367.35,367.35,0
20250922  11:25,367.65,367.7,367.1,367.1,12
20250922  11:26,367.0,367.25,366.95,367.25,5
20250922  11:27,367.45,367.6,367.45,367.5,6
20250922  11:28,367.5,367.55,367.3,367.55,9
20250922  11:29,367.55,367.55,367.55,367.55,0
20250922  11:30,367.65,367.65,367.55,367.55,2
20250922  11:31,367.35,367.4,367.35,367.4,2
20250922  11:32,367.65,367.75,367.65,367.75,3
20250922  11:33,367.85,367.95,367.3,367.45,10
20250922  11:34,367.85,367.85,367.65,367.65,3
20250922  11:35,367.4,367.65,367.4,367.65,3
20250922  11:36,367.7,367.7,367.7,367.7,1
20250922  11:37,367.8,367.8,367.45,367.45,12
20250922  11:38,367.35,367.35,367.2,367.2,3
20250922  11:39,367.3,367.9,367.15,367.3,26
20250922  11:40,367.3,367.3,367.3,367.3,0
20250922  11:41,367.3,367.3,367.3,367.3,0
20250922  11:42,367.6,367.6,367.6,367.6,3
20250922  11:43,367.1,367.1,367.1,367.1,1
20250922  11:44,367.3,367.3,366.9,367.0,8
20250922  11:45,366.9,366.9,366.75,366.9,5
20250922  11:46,366.7,366.7,366.5,366.7,10
20250922  11:47,366.6,366.7,366.45,366.65,14
20250922  11:48,366.0,366.3,365.9,366.05,19
20250922  11:49,366.2,366.25,366.0,366.0,5
20250922  11:50,365.9,365.95,365.3,365.95,32
20250922  11:51,365.9,366.0,365.75,366.0,6
20250922  11:52,365.95,365.95,364.9,365.95,17
20250922  11:53,366.05,366.25,366.0,366.25,11
20250922  11:54,366.0,366.25,366.0,366.1,6
20250922  11:55,366.0,366.0,365.85,365.85,2
20250922  11:56,366.0,366.65,366.0,366.5,15
20250922  11:57,366.8,366.8,366.6,366.6,3
20250922  11:58,366.5,366.5,366.3,366.3,3
20250922  11:59,366.15,366.15,365.95,365.95,4
20250922  12:00,366.15,366.3,366.15,366.3,2
20250922  12:01,366.45,366.45,366.45,366.45,1
20250922  12:02,366.55,366.65,366.2,366.65,14
20250922  12:03,366.9,366.9,366.9,366.9,1
20250922  12:04,366.9,366.9,366.9,366.9,0
20250922  12:05,366.6,366.6,366.6,366.6,1
20250922  12:06,366.55,366.55,366.55,366.55,2
20250922  12:07,366.6,366.6,366.6,366.6,1
20250922  12:08,366.65,366.9,366.6,366.6,27
20250922  12:09,366.5,366.65,366.5,366.65,5
20250922  12:10,366.95,367.1,366.65,366.65,5
20250922  12:11,366.8,366.8,366.8,366.8,1
20250922  12:12,366.9,367.15,366.9,367.15,6
20250922  12:13,366.95,366.95,366.95,366.95,1
20250922  12:14,366.95,366.95,366.95,366.95,0
20250922  12:15,367.2,367.3,367.2,367.3,3
20250922  12:16,367.5,367.75,367.5,367.65,13
20250922  12:17,367.2,367.2,366.75,366.75,7
20250922  12:18,366.6,366.8,366.6,366.6,6
20250922  12:19,366.7,366.7,366.6,366.6,2
20250922  12:20,366.5,366.55,366.45,366.45,4
20250922  12:21,366.75,366.75,366.6,366.6,2
20250922  12:22,366.4,366.45,366.25,366.45,6
20250922  12:23,366.6,366.75,366.6,366.75,3
20250922  12:24,367.05,367.1,366.65,366.65,6
20250922  12:25,366.95,366.95,366.9,366.9,2
20250922  12:26,366.5,366.5,366.5,366.5,1
20250922  12:27,366.6,366.6,366.6,366.6,1
20250922  12:28,366.55,366.55,366.55,366.55,1
20250922  12:29,366.8,366.9,366.8,366.9,7
20250922  12:30,367.1,367.2,366.55,366.55,7
20250922  12:31,366.75,367.0,366.75,367.0,4
20250922  12:32,366.9,366.9,366.9,366.9,2
20250922  12:33,366.9,366.9,366.6,366.6,3
20250922  12:34,366.4,366.55,366.05,366.35,10
20250922  12:35,366.15,366.25,366.15,366.25,3
20250922  12:36,366.25,366.6,366.05,366.5,15
20250922  12:37,366.15,366.15,366.15,366.15,2
20250922  12:38,366.05,366.2,365.0,365.65,31
20250922  12:39,365.7,365.7,365.5,365.5,5
20250922  12:40,365.8,366.35,365.8,366.35,7
20250922  12:41,366.5,366.9,366.4,366.4,24
20250922  12:42,366.65,366.7,366.55,366.55,5
20250922  12:43,366.45,366.45,366.4,366.4,7
20250922  12:44,366.6,366.6,366.5,366.5,3
20250922  12:45,366.5,366.5,366.5,366.5,0
20250922  12:46,365.6,365.7,365.3,365.7,8
20250922  12:47,365.9,365.9,365.9,365.9,1
20250922  12:48,366.2,366.2,366.0,366.0,2
20250922  12:49,366.0,366.0,366.0,366.0,0
20250922  12:50,366.0,366.0,366.0,366.0,0
20250922  12:51,366.0,366.0,366.0,366.0,0
20250922  12:52,365.8,365.8,365.7,365.7,6
20250922  12:53,365.7,365.7,365.7,365.7,0
20250922  12:54,365.55,366.05,365.55,366.05,3
20250922  12:55,365.8,365.8,365.8,365.8,1
20250922  12:56,365.9,365.9,365.9,365.9,1
20250922  12:57,366.0,366.05,365.9,365.9,4
20250922  12:58,365.8,365.8,365.8,365.8,2
20250922  12:59,365.8,365.8,365.8,365.8,0
20250922  13:00,365.75,366.25,365.7,366.0,6
20250922  13:01,366.0,366.0,365.75,365.95,7
20250922  13:02,365.95,366.3,365.95,366.3,13
20250922  13:03,366.1,366.1,365.7,365.7,6
20250922  13:04,365.85,365.85,365.85,365.85,2
20250922  13:05,365.7,365.75,365.6,365.75,5
20250922  13:06,365.75,365.75,365.75,365.75,0
20250922  13:07,366.1,366.1,366.0,366.0,2
20250922  13:08,366.0,366.0,366.0,366.0,0
20250922  13:09,366.0,366.0,366.0,366.0,0
20250922  13:10,365.95,365.95,365.55,365.55,16
20250922  13:11,365.6,365.6,365.55,365.55,16
20250922  13:12,365.55,365.55,365.55,365.55,3
20250922  13:13,365.85,365.95,365.5,365.5,7
20250922  13:14,365.45,365.45,365.0,365.0,18
20250922  13:15,364.95,365.05,364.65,364.9,11
20250922  13:16,364.9,365.05,364.7,365.0,10
20250922  13:17,365.25,365.3,364.9,364.9,12
20250922  13:18,364.75,364.75,364.05,364.55,70
20250922  13:19,364.35,364.4,364.2,364.4,7
20250922  13:20,364.25,364.25,364.05,364.25,6
20250922  13:21,364.2,364.2,364.2,364.2,3
20250922  13:22,364.05,364.25,363.85,364.25,9
20250922  13:23,363.95,364.05,363.75,364.05,6
20250922  13:24,364.1,364.1,363.9,363.95,12
20250922  13:25,363.85,364.25,363.85,364.2,18
20250922  13:26,364.1,364.7,364.1,364.7,7
20250922  13:27,364.65,365.25,364.65,365.1,10
20250922  13:28,365.2,365.35,364.95,364.95,3
20250922  13:29,365.25,365.25,365.25,365.25,1
20250922  13:30,365.25,365.25,365.0,365.0,2
20250923  10:15,365.5,365.5,362.95,363.15,200
20250923  10:16,363.55,364.6,363.15,363.65,60
20250923  10:17,363.4,364.15,363.15,364.15,56
20250923  10:18,363.95,364.25,363.15,364.25,52
20250923  10:19,363.5,363.5,360.95,361.7,90
20250923  10:20,361.7,362.25,360.7,360.85,16
20250923  10:21,360.8,361.35,360.35,360.8,21
20250923  10:22,360.8,361.65,360.75,361.45,19
20250923  10:23,361.0,361.0,359.75,360.4,182
20250923  10:24,360.0,360.25,359.85,360.25,8
20250923  10:25,360.0,360.35,359.5,360.1,78
20250923  10:26,360.5,361.2,360.5,361.2,16
20250923  10:27,361.2,362.85,361.2,362.65,23
20250923  10:28,362.65,362.65,362.35,362.55,9
20250923  10:29,362.2,362.2,362.05,362.05,4
20250923  10:30,362.15,362.55,362.15,362.35,9
20250923  10:31,362.15,362.35,362.15,362.25,4
20250923  10:32,362.0,362.1,362.0,362.1,6
20250923  10:33,362.25,363.05,362.25,362.65,13
20250923  10:34,362.55,362.7,362.4,362.4,5
20250923  10:35,362.6,362.6,361.9,361.9,5
20250923  10:36,361.6,361.6,361.45,361.6,5
20250923  10:37,361.4,361.45,359.65,360.5,81
20250923  10:38,360.25,360.55,360.2,360.2,3
20250923  10:39,360.3,361.15,360.3,360.8,12
20250923  10:40,360.85,361.8,360.85,361.8,20
20250923  10:41,361.8,361.8,361.25,361.25,15
20250923  10:42,361.4,361.45,361.4,361.45,2
20250923  10:43,361.25,361.3,361.0,361.3,6
20250923  10:44,361.3,361.5,361.3,361.5,4
20250923  10:45,361.6,361.7,361.35,361.35,8
20250923  10:46,361.4,361.7,361.4,361.7,3
20250923  10:47,361.75,362.3,361.75,362.0,62
20250923  10:48,361.9,362.2,361.75,362.2,10
20250923  10:49,361.85,361.85,361.85,361.85,2
20250923  10:50,361.85,361.85,361.85,361.85,0
20250923  10:51,361.95,361.95,361.75,361.75,2
20250923  10:52,361.5,361.5,361.5,361.5,2
20250923  10:53,361.25,361.25,361.1,361.1,9
20250923  10:54,361.2,361.2,361.05,361.05,2
20250923  10:55,361.2,361.3,361.2,361.3,3
20250923  10:56,361.2,361.2,360.65,360.65,18
20250923  10:57,360.6,360.8,359.95,360.15,42
20250923  10:58,360.15,360.4,360.15,360.15,5
20250923  10:59,360.3,360.6,360.2,360.35,7
20250923  11:00,360.5,360.5,360.35,360.35,4
20250923  11:01,360.45,361.05,360.35,361.05,11
20250923  11:02,361.05,361.05,360.7,360.8,5
20250923  11:03,360.95,361.45,360.95,361.45,7
20250923  11:04,361.5,362.0,361.1,361.1,21
20250923  11:05,361.0,361.0,360.85,360.85,3
20250923  11:06,360.85,360.85,360.85,360.85,0
20250923  11:07,360.7,360.75,360.5,360.6,12
20250923  11:08,360.85,360.85,360.85,360.85,1
20250923  11:09,361.05,361.05,359.9,360.1,48
20250923  11:10,359.85,360.15,359.85,360.1,6
20250923  11:11,360.1,360.3,360.05,360.15,8
20250923  11:12,360.5,360.5,360.3,360.3,3
20250923  11:13,360.6,360.6,360.35,360.35,2
20250923  11:14,360.75,361.2,360.75,360.95,3
20250923  11:15,360.95,360.95,360.95,360.95,0
20250923  11:16,360.9,361.35,360.9,361.15,6
20250923  11:17,360.95,361.25,360.65,361.25,5
20250923  11:18,361.3,361.65,361.2,361.25,12
20250923  11:19,361.65,361.65,361.6,361.6,2
20250923  11:20,361.7,361.7,361.2,361.2,4
20250923  11:21,361.45,361.45,361.25,361.25,5
20250923  11:22,361.2,361.2,360.85,360.85,5
20250923  11:23,360.7,360.7,360.7,360.7,1
20250923  11:24,360.5,360.5,360.3,360.3,3
20250923  11:25,360.25,360.35,360.0,360.1,9
20250923  11:26,359.9,360.25,359.9,360.1,9
20250923  11:27,360.1,360.3,360.1,360.25,9
20250923  11:28,360.05,360.25,359.95,359.95,10
20250923  11:29,360.25,360.25,360.25,360.25,2
20250923  11:30,360.25,360.35,360.2,360.25,4
20250923  11:31,360.3,360.3,360.0,360.05,16
20250923  11:32,359.9,360.5,359.9,360.5,12
20250923  11:33,360.25,360.45,360.25,360.35,14
20250923  11:34,360.25,360.5,360.0,360.2,14
20250923  11:35,360.1,360.15,360.1,360.15,2
20250923  11:36,359.9,360.1,359.7,360.1,38
20250923  11:37,359.8,360.05,359.8,360.05,7
20250923  11:38,359.8,359.85,359.55,359.55,32
20250923  11:39,359.55,359.6,359.25,359.45,56
20250923  11:40,359.3,359.6,359.25,359.6,6
20250923  11:41,359.6,359.65,359.5,359.5,3
20250923  11:42,359.3,359.85,359.25,359.85,39
20250923  11:43,359.85,359.95,359.75,359.9,10
20250923  11:44,359.85,360.2,359.6,359.6,12
20250923  11:45,359.9,360.15,359.6,360.0,37
20250923  11:46,359.9,360.5,359.9,360.15,15
20250923  11:47,360.25,360.25,360.15,360.15,2
20250923  11:48,360.2,360.2,360.1,360.1,3
20250923  11:49,360.2,360.5,359.5,359.75,21
20250923  11:50,359.75,359.75,359.35,359.35,6
20250923  11:51,359.4,359.65,359.4,359.45,6
20250923  11:52,359.3,359.3,358.15,358.25,114
20250923  11:53,358.2,358.2,357.5,358.05,118
20250923  11:54,358.15,358.15,357.75,357.85,16
20250923  11:55,357.8,357.85,357.45,357.7,103
20250923  11:56,357.65,357.95,357.45,357.65,23
20250923  11:57,357.55,357.55,357.3,357.45,26
20250923  11:58,357.6,357.7,357.15,357.25,54
20250923  11:59,357.15,357.3,357.05,357.2,13
20250923  12:00,357.3,357.4,356.25,356.4,139
20250923  12:01,356.3,356.45,354.3,354.55,217
20250923  12:02,354.75,355.55,354.65,355.05,77
20250923  12:03,355.1,356.25,355.05,356.1,31
20250923  12:04,356.25,356.95,356.25,356.75,20
20250923  12:05,356.7,357.05,356.65,356.75,20
20250923  12:06,356.8,357.2,356.7,357.2,8
20250923  12:07,357.2,357.45,356.75,357.35,8
20250923  12:08,357.1,357.45,357.1,357.2,7
20250923  12:09,357.15,357.6,357.15,357.4,10
20250923  12:10,357.4,357.4,356.9,357.2,9
20250923  12:11,357.2,357.5,357.15,357.2,15
20250923  12:12,357.7,357.7,357.4,357.4,4
20250923  12:13,357.8,357.85,357.75,357.75,6
20250923  12:14,357.55,357.65,357.4,357.65,11
20250923  12:15,357.55,357.55,357.2,357.2,5
20250923  12:16,357.15,357.5,356.95,357.0,19
20250923  12:17,357.0,357.0,356.85,356.9,5
20250923  12:18,357.05,357.7,357.05,357.7,9
20250923  12:19,357.5,357.55,357.45,357.45,6
20250923  12:20,357.4,357.5,356.9,356.9,9
20250923  12:21,357.05,357.05,356.0,356.55,73
20250923  12:22,356.55,356.9,356.2,356.7,18
20250923  12:23,356.95,357.45,356.95,357.45,9
20250923  12:24,357.55,357.55,357.5,357.5,4
20250923  12:25,357.5,357.5,357.4,357.4,4
20250923  12:26,357.25,357.25,356.95,356.95,6
20250923  12:27,357.25,357.25,357.15,357.15,2
20250923  12:28,357.4,357.55,357.25,357.25,6
20250923  12:29,357.15,357.45,357.15,357.4,15
20250923  12:30,357.55,357.65,356.95,356.95,10
20250923  12:31,356.95,356.95,356.5,356.5,27
20250923  12:32,356.35,356.75,356.25,356.3,22
20250923  12:33,356.3,356.35,356.0,356.3,11
20250923  12:34,356.1,356.15,356.0,356.15,11
20250923  12:35,356.0,356.0,355.55,355.65,11
20250923  12:36,355.75,356.4,355.75,356.4,24
20250923  12:37,356.5,356.65,356.5,356.5,9
20250923  12:38,356.5,356.5,356.5,356.5,0
20250923  12:39,356.35,356.55,356.35,356.55,12
20250923  12:40,356.3,356.5,356.3,356.5,2
20250923  12:41,356.65,356.65,356.45,356.45,6
20250923  12:42,356.5,357.1,356.5,357.1,11
20250923  12:43,357.05,357.2,356.95,356.95,6
20250923  12:44,356.95,356.95,356.95,356.95,0
20250923  12:45,356.7,356.85,356.7,356.85,4
20250923  12:46,356.5,356.65,356.5,356.65,4
20250923  12:47,356.75,356.85,356.5,356.5,10
20250923  12:48,356.6,356.6,356.5,356.5,2
20250923  12:49,356.45,356.45,356.05,356.2,9
20250923  12:50,356.1,356.1,356.0,356.0,4
20250923  12:51,355.65,355.85,355.55,355.85,11
20250923  12:52,355.9,355.9,355.9,355.9,2
20250923  12:53,356.0,356.0,356.0,356.0,2
20250923  12:54,355.75,355.9,355.7,355.7,9
20250923  12:55,355.75,356.4,355.7,356.05,16
20250923  12:56,356.1,356.1,355.85,355.85,6
20250923  12:57,355.95,356.0,355.35,355.4,30
20250923  12:58,355.95,355.95,355.95,355.95,5
20250923  12:59,356.05,356.25,355.9,356.25,9
20250923  13:00,356.35,356.45,356.1,356.1,13
20250923  13:01,356.0,356.05,355.8,355.8,6
20250923  13:02,355.8,356.55,355.8,356.55,20
20250923  13:03,356.6,356.65,356.35,356.4,35
20250923  13:04,356.45,357.05,356.4,356.85,28
20250923  13:05,356.85,356.85,356.7,356.7,5
20250923  13:06,356.85,357.2,356.7,357.2,16
20250923  13:07,357.45,357.65,357.45,357.65,9
20250923  13:08,357.7,357.8,357.4,357.5,12
20250923  13:09,357.4,357.65,357.35,357.65,9
20250923  13:10,357.5,358.0,357.45,357.8,17
20250923  13:11,357.85,357.85,357.35,357.75,8
20250923  13:12,357.75,357.9,357.75,357.9,4
20250923  13:13,358.0,358.35,357.85,357.85,18
20250923  13:14,357.75,357.75,357.75,357.75,2
20250923  13:15,357.7,358.45,357.7,358.25,17
20250923  13:16,358.4,359.05,358.35,358.85,16
20250923  13:17,359.05,359.05,358.75,358.95,7
20250923  13:18,358.85,359.0,358.7,358.7,31
20250923  13:19,358.65,358.9,358.65,358.7,8
20250923  13:20,359.0,359.05,358.7,359.0,16
20250923  13:21,358.9,359.05,358.85,358.85,15
20250923  13:22,358.65,358.65,358.0,358.2,18
20250923  13:23,358.3,358.65,358.3,358.4,13
20250923  13:24,358.55,358.65,358.3,358.3,4
20250923  13:25,358.3,358.3,358.3,358.3,0
20250923  13:26,358.25,358.25,358.15,358.15,4
20250923  13:27,358.1,358.15,358.1,358.15,2
20250923  13:28,358.25,358.6,358.25,358.5,10
20250923  13:29,358.4,358.5,358.1,358.1,7
20250923  13:30,358.35,358.5,358.35,358.5,3
20250924  10:15,351.9,354.25,351.25,353.05,274
20250924  10:16,352.95,354.1,352.25,352.25,60
20250924  10:17,352.5,353.4,352.1,352.3,44
20250924  10:18,352.2,352.85,352.1,352.4,18
20250924  10:19,352.6,353.0,352.4,352.9,28
20250924  10:20,353.05,353.4,351.4,351.65,31
20250924  10:21,351.75,352.15,351.5,351.8,43
20250924  10:22,351.9,352.3,351.8,351.9,22
20250924  10:23,352.2,352.25,351.7,351.7,24
20250924  10:24,351.95,352.0,351.45,351.7,25
20250924  10:25,351.7,351.8,351.45,351.45,15
20250924  10:26,351.45,351.9,351.45,351.9,13
20250924  10:27,352.05,352.05,351.4,351.4,16
20250924  10:28,351.4,351.55,351.2,351.3,20
20250924  10:29,351.25,351.5,350.95,351.5,39
20250924  10:30,351.65,352.7,351.65,352.65,21
20250924  10:31,352.75,353.25,352.65,352.65,34
20250924  10:32,352.65,352.8,352.3,352.3,9
20250924  10:33,352.35,353.1,352.35,353.1,18
20250924  10:34,352.75,352.95,352.15,352.35,13
20250924  10:35,352.65,352.65,352.5,352.5,2
20250924  10:36,352.65,352.7,352.25,352.3,10
20250924  10:37,352.65,353.05,352.55,353.05,13
20250924  10:38,352.95,353.15,352.85,353.15,10
20250924  10:39,353.2,353.45,353.0,353.0,12
20250924  10:40,352.85,352.9,352.55,352.55,8
20250924  10:41,352.35,352.45,352.15,352.15,19
20250924  10:42,352.15,352.15,351.85,351.85,11
20250924  10:43,351.7,352.15,351.5,351.6,24
20250924  10:44,351.7,352.05,351.6,351.7,13
20250924  10:45,352.05,352.5,352.05,352.25,4
20250924  10:46,352.3,352.55,352.0,352.2,7
20250924  10:47,352.05,352.25,352.05,352.1,3
20250924  10:48,351.95,351.95,351.65,351.8,19
20250924  10:49,351.65,352.1,351.5,352.1,6
20250924  10:50,352.15,353.05,352.15,353.05,14
20250924  10:51,353.25,353.35,353.15,353.35,9
20250924  10:52,353.5,353.5,353.2,353.2,4
20250924  10:53,353.45,353.75,353.2,353.4,9
20250924  10:54,353.3,353.3,353.3,353.3,1
20250924  10:55,353.3,353.3,353.05,353.05,4
20250924  10:56,352.8,352.95,352.75,352.95,6
20250924  10:57,352.9,353.4,352.7,353.4,12
20250924  10:58,353.2,353.3,353.2,353.3,5
20250924  10:59,353.8,354.15,353.4,353.45,26
20250924  11:00,353.35,354.0,353.35,354.0,20
20250924  11:01,353.85,354.1,353.7,353.95,13
20250924  11:02,354.05,354.35,353.95,353.95,20
20250924  11:03,354.1,354.2,354.05,354.05,4
20250924  11:04,354.3,354.3,354.05,354.1,6
20250924  11:05,354.15,354.15,353.4,353.9,14
20250924  11:06,353.85,354.05,353.65,353.9,12
20250924  11:07,353.7,353.9,353.2,353.45,19
20250924  11:08,353.55,353.8,353.55,353.8,3
20250924  11:09,353.6,353.65,353.55,353.55,5
20250924  11:10,353.85,354.0,353.85,353.9,16
20250924  11:11,353.8,353.8,353.75,353.75,2
20250924  11:12,353.7,354.1,353.7,354.1,9
20250924  11:13,353.9,353.9,353.8,353.8,3
20250924  11:14,353.7,353.9,353.7,353.9,4
20250924  11:15,354.0,354.1,354.0,354.05,8
20250924  11:16,354.2,354.25,353.9,354.15,6
20250924  11:17,354.2,354.2,353.8,354.15,15
20250924  11:18,353.95,354.35,353.95,354.1,13
20250924  11:19,354.05,354.3,354.0,354.15,7
20250924  11:20,354.05,354.5,354.05,354.3,24
20250924  11:21,354.1,354.1,353.95,353.95,10
20250924  11:22,354.05,354.05,353.9,354.0,5
20250924  11:23,354.05,354.2,353.95,354.2,4
20250924  11:24,354.2,354.3,353.9,354.15,17
20250924  11:25,354.2,354.2,354.05,354.05,2
20250924  11:26,354.1,354.2,353.95,353.95,13
20250924  11:27,354.05,354.1,353.8,353.8,9
20250924  11:28,353.8,353.8,353.55,353.55,4
20250924  11:29,353.55,354.0,353.55,354.0,13
20250924  11:30,353.8,354.0,353.7,353.9,7
20250924  11:31,353.85,354.0,353.85,354.0,2
20250924  11:32,353.8,353.85,353.55,353.65,7
20250924  11:33,353.7,353.7,353.7,353.7,3
20250924  11:34,353.8,353.8,353.75,353.75,3
20250924  11:35,353.75,353.85,353.7,353.7,4
20250924  11:36,353.75,353.95,353.75,353.95,6
20250924  11:37,354.0,354.1,353.8,353.8,8
20250924  11:38,353.7,353.8,353.65,353.8,9
20250924  11:39,354.1,355.45,354.1,355.45,31
20250924  11:40,355.5,355.55,355.25,355.35,18
20250924  11:41,355.2,355.75,355.2,355.45,18
20250924  11:42,355.55,355.55,354.85,354.85,33
20250924  11:43,354.5,354.65,354.5,354.65,2
20250924  11:44,355.1,355.15,354.95,354.95,5
20250924  11:45,354.75,354.85,354.65,354.65,4
20250924  11:46,354.15,354.15,354.15,354.15,1
20250924  11:47,354.35,354.35,354.35,354.35,1
20250924  11:48,354.15,354.15,353.9,353.9,3
20250924  11:49,353.6,353.85,353.6,353.85,2
20250924  11:50,353.6,353.9,353.55,353.9,18
20250924  11:51,354.15,354.3,354.15,354.3,2
20250924  11:52,354.4,354.7,354.2,354.45,23
20250924  11:53,354.45,354.45,354.45,354.45,0
20250924  11:54,354.15,354.35,354.15,354.25,4
20250924  11:55,354.4,354.5,354.35,354.35,6
20250924  11:56,354.5,354.55,354.5,354.55,2
20250924  11:57,354.6,354.6,354.2,354.2,3
20250924  11:58,354.2,354.2,354.2,354.2,0
20250924  11:59,354.45,354.45,354.45,354.45,1
20250924  12:00,354.45,354.45,354.15,354.15,7
20250924  12:01,354.25,354.6,354.25,354.3,7
20250924  12:02,354.3,354.3,354.3,354.3,0
20250924  12:03,354.3,354.3,354.3,354.3,0
20250924  12:04,354.35,354.35,354.1,354.25,6
20250924  12:05,354.5,354.5,354.4,354.5,5
20250924  12:06,354.5,354.5,354.5,354.5,2
20250924  12:07,354.55,354.55,354.1,354.1,4
20250924  12:08,353.95,354.1,353.75,354.1,12
20250924  12:09,354.3,354.35,354.25,354.25,5
20250924  12:10,354.5,354.95,354.5,354.75,5
20250924  12:11,354.8,354.8,354.8,354.8,2
20250924  12:12,354.8,354.8,354.8,354.8,0
20250924  12:13,354.7,354.7,354.7,354.7,1
20250924  12:14,354.7,354.7,354.7,354.7,0
20250924  12:15,354.75,355.0,354.45,354.45,8
20250924  12:16,354.75,354.8,354.75,354.8,2
20250924  12:17,355.05,355.05,354.65,354.65,6
20250924  12:18,354.55,354.9,354.55,354.65,11
20250924  12:19,354.65,354.65,354.55,354.55,2
20250924  12:20,354.45,354.75,354.3,354.75,8
20250924  12:21,354.6,354.6,354.55,354.55,2
20250924  12:22,354.65,355.0,354.65,354.85,9
20250924  12:23,354.85,354.85,354.85,354.85,0
20250924  12:24,354.85,354.85,354.85,354.85,0
20250924  12:25,354.85,354.85,354.85,354.85,0
20250924  12:26,354.85,354.9,354.8,354.8,4
20250924  12:27,354.9,355.0,354.9,354.9,4
20250924  12:28,355.2,355.2,355.0,355.0,8
20250924  12:29,354.9,355.3,354.9,355.2,11
20250924  12:30,355.45,355.45,354.95,355.15,16
20250924  12:31,355.15,355.15,355.15,355.15,0
20250924  12:32,354.8,355.1,354.75,354.75,9
20250924  12:33,354.7,354.7,354.7,354.7,1
20250924  12:34,354.7,354.7,354.7,354.7,0
20250924  12:35,354.4,355.35,354.4,355.35,14
20250924  12:36,355.2,355.3,355.15,355.15,4
20250924  12:37,355.15,355.4,355.15,355.4,2
20250924  12:38,355.5,355.5,355.2,355.2,5
20250924  12:39,355.1,355.25,355.1,355.2,6
20250924  12:40,355.2,355.2,355.2,355.2,0
20250924  12:41,355.1,355.15,354.9,354.9,4
20250924  12:42,355.05,355.1,355.05,355.1,6
20250924  12:43,355.2,355.45,355.2,355.45,4
20250924  12:44,355.45,355.45,354.95,355.15,12
20250924  12:45,355.0,355.35,354.95,355.35,10
20250924  12:46,355.25,355.25,355.25,355.25,1
20250924  12:47,355.15,355.5,355.15,355.4,10
20250924  12:48,355.5,355.5,355.3,355.4,12
20250924  12:49,355.3,355.3,355.3,355.3,1
20250924  12:50,355.4,355.5,355.3,355.3,9
20250924  12:51,355.15,355.15,354.9,354.95,11
20250924  12:52,355.15,355.35,355.0,355.0,9
20250924  12:53,355.0,355.05,355.0,355.05,3
20250924  12:54,354.95,355.05,354.95,355.05,5
20250924  12:55,355.0,355.05,354.85,355.05,5
20250924  12:56,355.05,355.5,355.0,355.4,11
20250924  12:57,355.4,355.4,355.4,355.4,0
20250924  12:58,355.25,355.45,355.2,355.3,6
20250924  12:59,355.35,356.75,355.35,356.75,75
20250924  13:00,356.95,357.55,356.85,357.25,34
20250924  13:01,357.15,357.25,356.95,356.95,9
20250924  13:02,357.2,357.45,356.95,357.25,21
20250924  13:03,357.45,357.55,357.15,357.4,15
20250924  13:04,357.1,357.1,356.65,356.9,26
20250924  13:05,356.8,356.85,356.5,356.85,8
20250924  13:06,356.85,357.3,356.8,357.05,20
20250924  13:07,357.05,357.05,357.05,357.05,0
20250924  13:08,356.8,356.8,356.55,356.6,22
20250924  13:09,356.6,356.6,356.6,356.6,0
20250924  13:10,356.6,356.8,356.35,356.35,42
20250924  13:11,356.3,356.8,356.2,356.55,12
20250924  13:12,356.35,356.35,356.2,356.3,10
20250924  13:13,356.5,356.75,356.5,356.55,6
20250924  13:14,356.75,356.75,356.75,356.75,1
20250924  13:15,356.9,357.35,356.75,356.95,12
20250924  13:16,356.7,356.95,356.45,356.8,17
20250924  13:17,357.25,357.25,357.1,357.1,3
20250924  13:18,357.2,357.45,357.2,357.45,10
20250924  13:19,357.5,357.5,357.0,357.0,36
20250924  13:20,356.75,356.75,356.55,356.7,9
20250924  13:21,356.8,356.8,356.65,356.8,9
20250924  13:22,356.8,356.8,356.8,356.8,0
20250924  13:23,357.4,357.55,357.3,357.35,10
20250924  13:24,356.9,357.05,356.9,357.05,5
20250924  13:25,357.15,357.2,357.15,357.2,3
20250924  13:26,357.15,357.3,357.15,357.25,9
20250924  13:27,357.35,357.45,357.35,357.45,2
20250924  13:28,357.55,357.9,357.4,357.55,20
20250924  13:29,357.35,357.4,357.35,357.4,4
20250924  13:30,357.25,357.35,357.15,357.25,6
20250925  10:15,371.5,371.7,368.1,369.5,335
20250925  10:16,369.1,369.15,367.55,368.65,92
20250925  10:17,368.15,368.8,367.75,368.65,23
20250925  10:18,368.55,368.55,367.8,367.95,5
20250925  10:19,367.75,368.75,367.55,368.75,50
20250925  10:20,368.95,370.2,368.95,370.2,39
20250925  10:21,370.25,370.45,369.65,370.15,15
20250925  10:22,370.6,370.6,370.45,370.5,14
20250925  10:23,370.85,371.05,370.5,370.5,8
20250925  10:24,370.3,370.85,370.3,370.5,22
20250925  10:25,370.55,371.25,370.4,370.85,30
20250925  10:26,370.8,371.65,370.8,370.85,61
20250925  10:27,370.75,371.7,370.75,371.2,30
20250925  10:28,371.55,371.85,371.35,371.4,41
20250925  10:29,371.45,371.8,371.35,371.35,17
20250925  10:30,371.45,371.7,371.45,371.5,13
20250925  10:31,371.75,372.35,371.5,371.6,125
20250925  10:32,371.55,371.55,371.5,371.5,2
20250925  10:33,371.7,371.7,371.35,371.55,8
20250925  10:34,371.6,371.65,371.15,371.15,21
20250925  10:35,371.0,371.0,370.05,370.05,23
20250925  10:36,370.05,370.15,369.8,369.8,83
20250925  10:37,369.8,370.15,369.75,370.1,31
20250925  10:38,370.2,370.85,370.2,370.75,18
20250925  10:39,370.7,370.75,370.65,370.75,3
20250925  10:40,370.7,370.85,370.5,370.5,10
20250925  10:41,370.3,371.7,370.3,371.15,53
20250925  10:42,371.15,371.15,371.15,371.15,0
20250925  10:43,371.4,371.9,371.4,371.85,4
20250925  10:44,371.95,372.3,371.75,372.25,18
20250925  10:45,372.35,372.5,371.9,371.9,22
20250925  10:46,371.5,372.05,371.5,372.05,13
20250925  10:47,372.0,372.05,371.7,372.0,18
20250925  10:48,371.85,371.85,371.85,371.85,2
20250925  10:49,371.85,372.1,371.85,371.9,9
20250925  10:50,371.85,371.85,371.6,371.65,6
20250925  10:51,371.7,371.7,371.7,371.7,1
20250925  10:52,371.5,371.85,371.5,371.85,2
20250925  10:53,371.8,371.95,371.35,371.65,32
20250925  10:54,371.65,372.15,371.65,372.15,7
20250925  10:55,372.05,372.3,372.05,372.2,15
20250925  10:56,372.4,373.45,372.4,372.75,38
20250925  10:57,372.6,372.6,372.4,372.4,6
20250925  10:58,372.15,372.15,372.15,372.15,1
20250925  10:59,372.15,372.45,372.0,372.0,8
20250925  11:00,371.65,371.65,371.05,371.3,24
20250925  11:01,371.05,371.05,370.0,370.0,46
20250925  11:02,370.1,370.35,370.1,370.25,6
20250925  11:03,370.15,370.15,369.65,369.65,12
20250925  11:04,370.15,370.35,369.85,370.2,8
20250925  11:05,370.35,371.15,370.35,371.15,14
20250925  11:06,370.4,370.9,370.25,370.9,8
20250925  11:07,370.75,371.1,370.75,370.85,13
20250925  11:08,371.4,371.65,371.15,371.15,8
20250925  11:09,371.2,371.2,370.8,371.1,7
20250925  11:10,371.05,371.05,371.05,371.05,1
20250925  11:11,371.05,371.05,371.05,371.05,0
20250925  11:12,371.05,371.05,371.05,371.05,0
20250925  11:13,371.05,371.05,371.05,371.05,0
20250925  11:14,370.4,370.65,370.15,370.3,24
20250925  11:15,370.2,370.55,370.2,370.45,7
20250925  11:16,370.4,370.75,370.4,370.65,6
20250925  11:17,370.65,370.85,370.5,370.5,7
20250925  11:18,370.65,370.8,370.5,370.8,6
20250925  11:19,371.0,371.0,371.0,371.0,1
20250925  11:20,370.85,371.15,370.85,371.15,2
20250925  11:21,371.2,371.45,371.2,371.45,4
20250925  11:22,371.5,371.85,371.5,371.8,13
20250925  11:23,372.0,372.0,371.95,371.95,2
20250925  11:24,371.8,372.45,371.8,372.05,26
20250925  11:25,372.1,372.7,371.8,371.8,19
20250925  11:26,372.05,372.5,371.7,372.4,14
20250925  11:27,372.25,372.55,372.25,372.55,3
20250925  11:28,372.7,372.75,372.55,372.55,7
20250925  11:29,372.6,373.05,372.6,373.0,29
20250925  11:30,373.0,373.4,373.0,373.1,13
20250925  11:31,373.1,373.65,373.1,373.2,25
20250925  11:32,373.25,373.6,373.25,373.6,4
20250925  11:33,373.75,373.75,373.4,373.4,10
20250925  11:34,373.4,373.4,372.85,373.0,10
20250925  11:35,372.7,373.0,372.7,372.7,7
20250925  11:36,372.65,372.85,372.65,372.85,2
20250925  11:37,372.65,373.45,372.65,373.35,13
20250925  11:38,373.4,373.8,373.4,373.75,28
20250925  11:39,373.95,376.35,373.95,375.8,94
20250925  11:40,375.8,376.65,375.65,376.3,160
20250925  11:41,376.25,376.3,375.6,375.75,19
20250925  11:42,375.6,375.9,375.6,375.9,4
20250925  11:43,375.8,376.8,375.8,376.8,28
20250925  11:44,376.65,378.4,376.6,377.55,79
20250925  11:45,377.55,377.75,376.7,376.7,40
20250925  11:46,377.05,377.35,377.0,377.35,21
20250925  11:47,377.25,377.3,377.1,377.15,9
20250925  11:48,377.1,377.1,376.55,376.55,10
20250925  11:49,376.45,376.45,376.1,376.1,6
20250925  11:50,376.25,376.6,376.25,376.3,10
20250925  11:51,376.3,376.65,375.85,376.5,16
20250925  11:52,376.2,376.6,376.2,376.6,5
20250925  11:53,376.75,376.75,376.4,376.7,14
20250925  11:54,376.4,376.4,375.95,375.95,12
20250925  11:55,376.15,376.15,375.7,376.0,9
20250925  11:56,375.7,375.95,375.65,375.75,10
20250925  11:57,375.8,375.8,375.35,375.35,7
20250925  11:58,375.55,376.9,375.15,375.8,46
20250925  11:59,375.6,376.15,375.55,376.1,12
20250925  12:00,375.9,375.95,375.7,375.85,10
20250925  12:01,375.5,375.5,375.1,375.1,7
20250925  12:02,375.0,375.0,374.3,374.7,26
20250925  12:03,374.75,375.3,374.45,374.55,24
20250925  12:04,374.6,374.6,373.75,374.25,19
20250925  12:05,374.05,374.25,374.0,374.25,10
20250925  12:06,374.25,374.5,374.1,374.2,43
20250925  12:07,374.15,374.45,374.0,374.2,7
20250925  12:08,374.0,374.1,373.45,373.5,27
20250925  12:09,373.4,373.6,372.75,372.85,33
20250925  12:10,372.75,372.75,371.5,371.6,61
20250925  12:11,371.9,371.9,371.85,371.85,3
20250925  12:12,371.7,371.7,370.55,370.95,25
20250925  12:13,370.9,371.1,370.65,370.7,15
20250925  12:14,370.85,371.1,370.65,370.95,18
20250925  12:15,370.9,371.4,370.75,371.35,12
20250925  12:16,371.0,371.3,370.95,370.95,7
20250925  12:17,371.25,372.5,371.0,371.85,38
20250925  12:18,371.95,372.8,371.95,372.8,42
20250925  12:19,372.8,372.8,372.2,372.2,7
20250925  12:20,372.15,372.15,372.05,372.05,2
20250925  12:21,372.0,372.65,372.0,372.65,8
20250925  12:22,372.75,372.75,372.6,372.6,2
20250925  12:23,372.6,372.65,372.45,372.55,7
20250925  12:24,372.55,373.5,372.55,373.2,21
20250925  12:25,373.45,373.7,373.3,373.55,5
20250925  12:26,373.55,373.55,373.3,373.3,6
20250925  12:27,373.15,373.15,372.2,372.2,16
20250925  12:28,372.1,372.1,371.7,371.85,11
20250925  12:29,371.95,371.95,371.7,371.7,5
20250925  12:30,371.8,371.8,371.75,371.75,3
20250925  12:31,372.05,372.05,371.25,371.7,36
20250925  12:32,372.0,372.0,372.0,372.0,1
20250925  12:33,372.15,372.15,371.95,371.95,4
20250925  12:34,372.25,372.25,372.25,372.25,1
20250925  12:35,372.3,372.3,372.0,372.25,5
20250925  12:36,372.25,372.25,372.25,372.25,0
20250925  12:37,372.2,372.2,372.2,372.2,1
20250925  12:38,372.4,372.7,372.4,372.7,4
20250925  12:39,372.75,372.75,372.75,372.75,1
20250925  12:40,372.3,372.5,372.3,372.5,2
20250925  12:41,372.55,372.65,372.55,372.65,2
20250925  12:42,372.65,372.65,372.65,372.65,0
20250925  12:43,372.65,372.95,372.6,372.9,9
20250925  12:44,373.2,373.2,372.2,372.2,25
20250925  12:45,372.1,372.1,371.6,371.75,14
20250925  12:46,371.75,371.75,371.75,371.75,0
20250925  12:47,372.0,372.0,372.0,372.0,1
20250925  12:48,372.25,372.45,372.25,372.45,3
20250925  12:49,372.5,372.5,372.3,372.35,5
20250925  12:50,372.35,372.35,372.35,372.35,0
20250925  12:51,372.35,372.35,372.35,372.35,0
20250925  12:52,372.55,372.75,372.5,372.75,9
20250925  12:53,372.75,372.75,372.75,372.75,0
20250925  12:54,372.75,372.8,371.65,371.65,55
20250925  12:55,371.25,371.25,370.4,370.4,18
20250925  12:56,370.35,370.45,369.75,370.45,43
20250925  12:57,370.25,370.5,370.15,370.4,9
20250925  12:58,370.35,370.5,370.35,370.5,3
20250925  12:59,370.2,371.3,370.2,371.3,27
20250925  13:00,371.45,371.5,371.25,371.5,10
20250925  13:01,370.8,370.8,370.55,370.55,6
20250925  13:02,370.95,371.0,370.7,371.0,14
20250925  13:03,371.3,371.3,371.2,371.25,9
20250925  13:04,371.25,371.45,371.25,371.45,3
20250925  13:05,371.15,371.15,370.8,370.9,15
20250925  13:06,371.05,371.3,371.05,371.3,2
20250925  13:07,370.85,370.85,370.85,370.85,1
20250925  13:08,370.75,371.4,370.75,371.4,5
20250925  13:09,371.3,371.3,370.95,370.95,4
20250925  13:10,370.8,370.95,370.65,370.95,6
20250925  13:11,371.25,371.35,371.25,371.35,4
20250925  13:12,371.35,371.35,371.35,371.35,0
20250925  13:13,371.1,371.65,371.1,371.65,9
20250925  13:14,371.65,371.65,371.65,371.65,0
20250925  13:15,371.45,371.45,371.45,371.45,1
20250925  13:16,371.45,371.45,371.45,371.45,1
20250925  13:17,371.45,371.45,371.45,371.45,2
20250925  13:18,371.55,371.8,371.55,371.8,17
20250925  13:19,371.8,371.8,371.8,371.8,1
20250925  13:20,371.85,371.95,371.85,371.95,2
20250925  13:21,371.7,371.7,371.2,371.2,6
20250925  13:22,371.1,371.2,371.1,371.2,2
20250925  13:23,371.1,371.15,370.85,370.85,8
20250925  13:24,370.8,370.8,367.05,367.5,221
20250925  13:25,367.45,367.55,366.55,367.3,68
20250925  13:26,368.1,368.4,367.9,368.05,28
20250925  13:27,368.3,368.35,368.2,368.2,4
20250925  13:28,368.1,368.2,368.0,368.0,4
20250925  13:29,368.2,369.05,368.2,368.9,22
20250925  13:30,368.95,369.05,368.95,369.05,4
20250926  10:15,375.0,377.7,374.9,376.5,339
20250926  10:16,376.65,377.7,376.0,377.3,81
20250926  10:17,377.25,377.4,376.35,377.15,24
20250926  10:18,376.9,377.1,376.3,376.3,31
20250926  10:19,376.7,376.9,376.45,376.45,8
20250926  10:20,376.5,376.55,376.1,376.1,15
20250926  10:21,376.1,377.25,376.1,377.25,22
20250926  10:22,377.7,379.7,377.7,378.6,118
20250926  10:23,378.75,379.3,378.65,379.3,39
20250926  10:24,379.3,379.85,379.05,379.6,24
20250926  10:25,379.75,380.15,379.65,379.7,128
20250926  10:26,379.6,379.6,378.35,378.4,19
20250926  10:27,378.7,378.7,378.35,378.45,18
20250926  10:28,378.35,378.5,377.55,378.3,14
20250926  10:29,378.5,378.65,378.4,378.4,6
20250926  10:30,378.45,378.75,378.25,378.65,25
20250926  10:31,378.65,379.65,378.65,379.65,9
20250926  10:32,379.55,380.0,379.55,380.0,13
20250926  10:33,379.9,380.35,379.85,380.35,25
20250926  10:34,380.35,380.7,380.3,380.55,30
20250926  10:35,380.75,381.0,380.75,380.85,17
20250926  10:36,380.4,380.4,379.9,380.0,39
20250926  10:37,380.1,380.1,379.95,380.1,13
20250926  10:38,380.15,380.15,379.8,379.8,10
20250926  10:39,379.8,380.5,379.8,380.35,16
20250926  10:40,380.35,380.35,380.35,380.35,0
20250926  10:41,379.95,380.0,379.95,380.0,2
20250926  10:42,380.0,380.15,380.0,380.15,9
20250926  10:43,380.05,380.05,379.7,379.7,2
20250926  10:44,379.8,379.85,379.65,379.65,3
20250926  10:45,379.75,379.85,379.5,379.85,6
20250926  10:46,379.9,380.0,379.65,379.65,8
20250926  10:47,379.55,379.7,379.15,379.7,14
20250926  10:48,379.7,379.85,379.7,379.8,10
20250926  10:49,379.9,379.9,379.4,379.4,7
20250926  10:50,379.15,379.4,379.15,379.25,8
20250926  10:51,379.2,379.25,378.7,378.7,24
20250926  10:52,378.7,378.7,378.6,378.6,3
20250926  10:53,378.55,378.65,378.55,378.65,5
20250926  10:54,378.8,378.8,378.8,378.8,2
20250926  10:55,378.55,378.55,378.25,378.35,10
20250926  10:56,378.4,378.5,378.0,378.25,13
20250926  10:57,378.45,379.1,378.4,379.1,21
20250926  10:58,379.4,379.7,379.4,379.65,24
20250926  10:59,379.65,379.65,379.2,379.2,4
20250926  11:00,379.1,379.1,379.0,379.0,2
20250926  11:01,378.6,378.65,378.6,378.6,3
20250926  11:02,378.65,378.9,378.65,378.8,7
20250926  11:03,378.7,379.25,378.45,379.25,9
20250926  11:04,379.1,379.1,379.1,379.1,1
20250926  11:05,379.35,379.35,379.2,379.2,4
20250926  11:06,379.25,379.25,379.2,379.2,2
20250926  11:07,379.2,379.2,379.2,379.2,0
20250926  11:08,379.75,379.8,379.75,379.8,2
20250926  11:09,379.6,379.6,379.35,379.5,6
20250926  11:10,379.4,379.4,379.4,379.4,1
20250926  11:11,378.95,378.95,378.95,378.95,1
20250926  11:12,379.1,379.15,378.95,379.1,5
20250926  11:13,379.1,379.1,379.1,379.1,0
20250926  11:14,378.7,379.0,378.7,379.0,2
20250926  11:15,379.1,380.1,379.1,379.85,23
20250926  11:16,379.85,379.85,379.6,379.6,3
20250926  11:17,379.5,379.55,379.5,379.55,5
20250926  11:18,379.7,379.7,379.7,379.7,1
20250926  11:19,379.85,379.85,379.85,379.85,1
20250926  11:20,380.1,380.3,380.1,380.3,4
20250926  11:21,380.3,380.3,380.3,380.3,2
20250926  11:22,380.05,380.05,379.7,379.7,5
20250926  11:23,379.75,379.75,379.75,379.75,1
20250926  11:24,379.65,379.65,379.6,379.6,2
20250926  11:25,379.6,379.6,379.35,379.35,3
20250926  11:26,379.25,379.25,379.0,379.0,3
20250926  11:27,379.1,379.95,379.1,379.7,8
20250926  11:28,379.65,379.8,379.6,379.75,6
20250926  11:29,379.45,379.45,378.25,378.55,15
20250926  11:30,378.5,378.5,378.5,378.5,3
20250926  11:31,378.5,378.5,378.5,378.5,0
20250926  11:32,378.15,378.15,377.65,377.95,4
20250926  11:33,377.5,377.5,377.5,377.5,1
20250926  11:34,377.75,377.75,377.75,377.75,1
20250926  11:35,377.8,377.8,377.15,377.15,12
20250926  11:36,377.35,377.35,377.0,377.0,14
20250926  11:37,376.9,377.2,376.7,377.2,9
20250926  11:38,377.15,377.15,377.15,377.15,1
20250926  11:39,376.95,377.15,376.7,376.7,18
20250926  11:40,376.55,376.9,375.75,376.9,48
20250926  11:41,376.95,376.95,376.95,376.95,1
20250926  11:42,377.45,377.45,377.35,377.35,3
20250926  11:43,377.5,377.75,377.2,377.75,10
20250926  11:44,377.85,377.85,376.7,376.7,14
20250926  11:45,377.0,377.0,376.5,376.95,9
20250926  11:46,376.55,376.55,376.55,376.55,2
20250926  11:47,376.4,376.4,376.35,376.35,2
20250926  11:48,376.4,376.5,376.25,376.4,11
20250926  11:49,377.0,377.0,377.0,377.0,1
20250926  11:50,376.9,376.9,376.9,376.9,1
20250926  11:51,376.9,376.9,376.9,376.9,0
20250926  11:52,376.9,376.9,376.9,376.9,0
20250926  11:53,377.0,377.0,377.0,377.0,2
20250926  11:54,377.0,377.0,376.8,376.85,7
20250926  11:55,376.85,376.85,376.85,376.85,0
20250926  11:56,377.0,377.0,377.0,377.0,1
20250926  11:57,376.9,376.9,376.9,376.9,1
20250926  11:58,376.95,377.0,376.95,377.0,3
20250926  11:59,377.1,377.6,377.1,377.6,6
20250926  12:00,377.4,377.55,377.4,377.55,4
20250926  12:01,377.6,378.1,377.6,378.1,5
20250926  12:02,377.9,377.9,377.7,377.7,2
20250926  12:03,377.7,377.7,377.7,377.7,0
20250926  12:04,377.8,378.0,377.8,378.0,3
20250926  12:05,378.0,378.0,378.0,378.0,0
20250926  12:06,378.0,378.0,378.0,378.0,0
20250926  12:07,378.0,378.0,378.0,378.0,0
20250926  12:08,377.8,377.9,377.8,377.85,4
20250926  12:09,377.75,377.75,377.7,377.75,5
20250926  12:10,377.65,377.7,377.65,377.7,3
20250926  12:11,377.7,377.95,377.7,377.8,8
20250926  12:12,377.45,377.45,377.45,377.45,4
20250926  12:13,377.55,377.55,377.55,377.55,2
20250926  12:14,378.0,378.0,378.0,378.0,3
20250926  12:15,378.15,378.15,377.45,377.45,14
20250926  12:16,377.05,377.15,376.75,377.15,13
20250926  12:17,377.7,377.7,377.7,377.7,1
20250926  12:18,377.7,377.7,377.7,377.7,0
20250926  12:19,377.85,377.85,377.85,377.85,1
20250926  12:20,377.85,378.05,377.85,377.95,3
20250926  12:21,378.05,378.6,378.05,378.6,3
20250926  12:22,378.45,378.45,378.45,378.45,1
20250926  12:23,378.45,378.45,378.45,378.45,0
20250926  12:24,378.45,378.45,378.45,378.45,0
20250926  12:25,378.05,378.05,378.05,378.05,1
20250926  12:26,378.25,378.25,378.25,378.25,1
20250926  12:27,378.0,378.0,377.85,378.0,3
20250926  12:28,377.9,377.9,377.9,377.9,1
20250926  12:29,377.9,377.9,377.9,377.9,0
20250926  12:30,377.75,377.75,377.75,377.75,2
20250926  12:31,377.7,377.7,377.55,377.55,2
20250926  12:32,377.6,377.6,377.45,377.45,2
20250926  12:33,377.45,377.45,377.45,377.45,0
20250926  12:34,377.1,377.45,377.1,377.45,3
20250926  12:35,377.65,377.65,377.4,377.4,7
20250926  12:36,377.2,377.65,376.85,377.65,7
20250926  12:37,377.6,378.05,377.45,377.85,34
20250926  12:38,378.0,378.0,377.65,377.65,4
20250926  12:39,377.65,377.65,377.65,377.65,0
20250926  12:40,377.4,377.6,377.25,377.25,8
20250926  12:41,377.35,377.75,377.3,377.45,13
20250926  12:42,377.55,377.6,377.5,377.55,7
20250926  12:43,377.7,378.55,377.7,378.55,10
20250926  12:44,378.45,378.55,378.2,378.2,8
20250926  12:45,378.35,378.7,378.35,378.7,8
20250926  12:46,378.55,378.55,378.55,378.55,1
20250926  12:47,378.7,379.0,378.7,378.95,24
20250926  12:48,379.05,380.55,379.05,380.35,62
20250926  12:49,380.3,380.3,380.1,380.25,4
20250926  12:50,380.25,380.35,380.2,380.35,8
20250926  12:51,380.55,380.55,380.3,380.3,3
20250926  12:52,379.9,379.9,379.55,379.55,4
20250926  12:53,379.4,379.7,379.1,379.35,29
20250926  12:54,379.7,380.5,379.55,380.5,26
20250926  12:55,380.6,380.7,380.05,380.3,31
20250926  12:56,380.5,380.7,380.5,380.7,4
20250926  12:57,380.7,380.7,380.6,380.6,3
20250926  12:58,380.65,380.65,380.25,380.6,7
20250926  12:59,380.6,380.6,380.6,380.6,0
20250926  13:00,380.75,381.3,380.65,381.25,40
20250926  13:01,381.35,381.4,380.95,381.1,17
20250926  13:02,380.95,381.4,380.95,381.05,13
20250926  13:03,381.05,381.45,380.9,381.25,19
20250926  13:04,381.3,381.95,381.3,381.55,21
20250926  13:05,381.6,382.2,381.6,381.95,50
20250926  13:06,382.05,382.7,381.95,382.6,31
20250926  13:07,382.75,382.9,382.4,382.4,81
20250926  13:08,382.35,382.55,382.2,382.2,15
20250926  13:09,382.3,382.3,382.0,382.0,26
20250926  13:10,381.75,382.9,381.75,382.6,15
20250926  13:11,382.9,382.95,382.85,382.9,10
20250926  13:12,382.6,382.8,382.5,382.8,13
20250926  13:13,382.7,383.0,382.35,382.95,21
20250926  13:14,383.25,383.95,383.25,383.7,31
20250926  13:15,383.95,384.0,383.55,383.75,27
20250926  13:16,383.3,383.3,382.5,382.5,19
20250926  13:17,382.55,382.55,381.7,382.4,36
20250926  13:18,382.3,382.35,381.95,382.15,6
20250926  13:19,382.55,382.55,381.15,381.4,39
20250926  13:20,381.6,382.4,381.45,382.25,21
20250926  13:21,382.3,382.3,381.9,381.9,11
20250926  13:22,381.95,382.2,381.95,382.15,15
20250926  13:23,382.5,382.5,382.3,382.45,5
20250926  13:24,382.4,382.55,382.0,382.0,9
20250926  13:25,382.15,382.15,381.4,381.85,17
20250926  13:26,382.0,382.0,381.5,381.5,9
20250926  13:27,381.65,382.15,381.65,382.0,14
20250926  13:28,381.75,381.75,381.6,381.6,5
20250926  13:29,381.95,381.95,381.95,381.95,1
20250926  13:30,381.95,381.95,381.95,381.95,0
20250929  10:15,381.05,384.0,381.05,383.95,213
20250929  10:16,383.45,384.1,383.1,383.6,27
20250929  10:17,383.6,384.8,383.45,384.7,115
20250929  10:18,384.5,384.5,383.55,383.55,13
20250929  10:19,383.55,383.55,383.2,383.25,53
20250929  10:20,383.25,383.5,383.2,383.2,9
20250929  10:21,383.25,383.5,383.1,383.35,21
20250929  10:22,383.1,383.45,383.05,383.35,42
20250929  10:23,383.35,383.55,383.05,383.55,20
20250929  10:24,383.45,383.55,382.8,382.8,76
20250929  10:25,382.95,383.0,382.8,382.95,34
20250929  10:26,383.1,383.25,383.1,383.25,5
20250929  10:27,383.25,383.25,383.0,383.05,5
20250929  10:28,383.15,383.15,382.95,383.1,3
20250929  10:29,383.2,383.2,383.15,383.15,3
20250929  10:30,383.3,385.35,383.3,385.2,73
20250929  10:31,385.35,385.9,385.0,385.9,47
20250929  10:32,385.95,387.35,385.6,387.35,116
20250929  10:33,386.55,386.55,385.6,385.6,4
20250929  10:34,385.3,385.5,384.8,385.0,15
20250929  10:35,384.5,384.5,383.05,383.3,58
20250929  10:36,383.5,383.7,383.05,383.45,47
20250929  10:37,383.25,383.35,383.05,383.05,57
20250929  10:38,383.2,383.2,382.55,383.1,63
20250929  10:39,382.9,382.9,382.6,382.6,5
20250929  10:40,382.7,382.9,382.55,382.7,32
20250929  10:41,382.6,382.6,381.1,381.45,72
20250929  10:42,381.15,383.0,381.15,383.0,34
20250929  10:43,382.95,383.0,382.35,382.6,22
20250929  10:44,382.7,382.7,382.7,382.7,1
20250929  10:45,382.9,383.6,382.85,383.45,15
20250929  10:46,383.45,383.45,383.45,383.45,0
20250929  10:47,383.35,384.5,383.35,384.25,20
20250929  10:48,384.0,384.9,384.0,384.9,7
20250929  10:49,384.75,384.95,384.5,384.95,10
20250929  10:50,385.0,385.25,384.95,385.1,10
20250929  10:51,384.95,386.8,384.8,386.05,56
20250929  10:52,386.4,386.45,386.05,386.05,6
20250929  10:53,386.1,386.1,386.0,386.0,2
20250929  10:54,385.8,385.95,385.45,385.95,5
20250929  10:55,385.9,385.9,385.9,385.9,3
20250929  10:56,385.75,385.75,385.75,385.75,1
20250929  10:57,385.75,386.15,385.75,386.15,9
20250929  10:58,385.9,385.9,385.8,385.8,2
20250929  10:59,385.9,386.4,385.9,386.4,16
20250929  11:00,386.4,386.55,386.15,386.4,8
20250929  11:01,386.15,386.15,385.35,385.45,9
20250929  11:02,385.5,385.5,385.25,385.45,4
20250929  11:03,385.45,385.5,385.35,385.5,5
20250929  11:04,385.5,385.65,385.05,385.25,35
20250929  11:05,385.55,385.9,385.55,385.7,4
20250929  11:06,385.8,385.85,385.8,385.85,4
20250929  11:07,386.3,386.3,385.8,385.8,6
20250929  11:08,385.8,385.8,385.8,385.8,0
20250929  11:09,385.55,385.55,385.55,385.55,1
20250929  11:10,385.5,385.5,385.1,385.3,11
20250929  11:11,385.2,385.25,385.1,385.1,3
20250929  11:12,385.2,385.3,384.9,385.3,6
20250929  11:13,385.35,385.35,385.3,385.3,3
20250929  11:14,385.2,385.25,385.2,385.2,7
20250929  11:15,385.15,385.2,385.15,385.15,7
20250929  11:16,385.0,385.0,384.8,385.0,6
20250929  11:17,385.0,385.0,385.0,385.0,0
20250929  11:18,385.15,385.15,384.8,384.8,4
20250929  11:19,384.8,384.8,384.8,384.8,0
20250929  11:20,385.1,385.1,385.0,385.05,3
20250929  11:21,385.3,385.65,385.3,385.65,4
20250929  11:22,385.65,385.65,385.65,385.65,1
20250929  11:23,385.55,385.65,385.55,385.65,2
20250929  11:24,385.1,386.25,385.1,385.75,26
20250929  11:25,385.95,386.0,385.55,385.55,10
20250929  11:26,385.6,385.6,385.6,385.6,1
20250929  11:27,385.55,385.55,385.45,385.45,3
20250929  11:28,385.45,385.5,385.45,385.5,2
20250929  11:29,385.45,386.2,385.45,386.2,7
20250929  11:30,386.1,386.1,385.7,385.8,4
20250929  11:31,385.65,385.7,385.65,385.7,2
20250929  11:32,385.7,385.7,385.7,385.7,1
20250929  11:33,385.8,386.3,385.8,386.25,7
20250929  11:34,386.0,386.0,385.9,385.9,3
20250929  11:35,385.85,385.85,385.7,385.7,5
20250929  11:36,385.95,386.0,385.95,386.0,4
20250929  11:37,385.85,385.85,385.85,385.85,1
20250929  11:38,385.9,385.9,385.55,385.8,7
20250929  11:39,385.5,385.5,385.2,385.3,8
20250929  11:40,385.1,385.1,384.55,384.75,12
20250929  11:41,385.55,385.55,385.55,385.55,1
20250929  11:42,385.4,385.4,385.4,385.4,1
20250929  11:43,385.1,385.2,384.55,384.75,13
20250929  11:44,384.8,385.35,384.8,385.35,5
20250929  11:45,385.4,385.4,385.4,385.4,1
20250929  11:46,385.15,385.15,385.15,385.15,1
20250929  11:47,385.05,385.05,384.8,384.8,4
20250929  11:48,385.0,385.05,384.55,384.65,12
20250929  11:49,384.65,384.85,384.55,384.85,13
20250929  11:50,384.8,385.6,384.8,385.3,27
20250929  11:51,385.25,385.45,384.65,384.65,22
20250929  11:52,384.65,384.65,384.05,384.05,20
20250929  11:53,384.2,384.2,384.2,384.2,1
20250929  11:54,384.75,384.85,384.75,384.85,2
20250929  11:55,385.2,385.2,385.2,385.2,2
20250929  11:56,385.1,385.25,385.1,385.25,2
20250929  11:57,385.3,385.3,384.9,385.25,7
20250929  11:58,385.1,385.15,385.05,385.15,3
20250929  11:59,384.9,384.9,384.9,384.9,1
20250929  12:00,385.15,385.5,385.15,385.5,7
20250929  12:01,385.45,385.45,385.2,385.3,5
20250929  12:02,385.45,387.15,385.45,386.65,70
20250929  12:03,386.8,387.9,386.75,387.7,45
20250929  12:04,387.5,387.5,387.05,387.45,5
20250929  12:05,387.2,387.8,387.05,387.45,14
20250929  12:06,387.45,387.8,387.45,387.8,10
20250929  12:07,387.5,387.5,387.2,387.3,11
20250929  12:08,387.45,387.7,387.25,387.3,11
20250929  12:09,387.15,387.55,387.0,387.55,8
20250929  12:10,387.8,388.0,387.5,387.5,50
20250929  12:11,387.2,387.2,386.65,386.65,8
20250929  12:12,386.8,386.9,386.75,386.85,8
20250929  12:13,387.15,387.15,385.5,386.15,25
20250929  12:14,386.35,386.35,386.35,386.35,1
20250929  12:15,386.55,387.15,386.55,387.05,19
20250929  12:16,387.25,388.3,387.25,388.3,44
20250929  12:17,388.05,388.05,387.2,387.35,14
20250929  12:18,387.4,387.4,386.8,386.8,2
20250929  12:19,386.65,386.8,386.65,386.8,3
20250929  12:20,386.85,386.85,386.5,386.5,3
20250929  12:21,386.35,386.85,386.35,386.75,6
20250929  12:22,386.6,386.6,386.05,386.2,9
20250929  12:23,386.05,386.05,386.05,386.05,2
20250929  12:24,386.15,386.15,385.8,385.8,5
20250929  12:25,385.65,385.75,385.55,385.75,15
20250929  12:26,385.7,385.85,385.7,385.75,4
20250929  12:27,386.45,386.45,386.45,386.45,1
20250929  12:28,386.45,386.45,385.9,385.9,13
20250929  12:29,385.9,385.9,385.9,385.9,0
20250929  12:30,385.9,385.9,385.9,385.9,0
20250929  12:31,385.85,386.1,385.85,386.0,9
20250929  12:32,386.2,386.2,386.2,386.2,2
20250929  12:33,386.0,386.0,386.0,386.0,2
20250929  12:34,386.0,386.0,386.0,386.0,0
20250929  12:35,385.85,385.85,385.15,385.25,29
20250929  12:36,385.4,385.7,385.4,385.7,5
20250929  12:37,385.65,385.65,385.35,385.35,5
20250929  12:38,385.25,385.25,384.85,384.85,16
20250929  12:39,384.7,384.7,384.15,384.2,44
20250929  12:40,384.25,384.55,384.25,384.4,8
20250929  12:41,384.35,384.7,384.35,384.7,7
20250929  12:42,384.7,385.0,384.55,385.0,17
20250929  12:43,385.2,385.5,384.95,385.05,25
20250929  12:44,385.35,385.5,385.2,385.2,4
20250929  12:45,385.5,385.5,385.5,385.5,1
20250929  12:46,385.5,385.5,385.5,385.5,0
20250929  12:47,385.6,385.6,385.6,385.6,1
20250929  12:48,385.25,385.25,384.45,384.45,10
20250929  12:49,384.45,384.5,384.45,384.45,4
20250929  12:50,384.3,384.3,383.9,384.0,54
20250929  12:51,384.0,384.0,383.35,383.6,42
20250929  12:52,384.0,384.0,383.7,383.7,5
20250929  12:53,383.35,383.65,383.05,383.05,21
20250929  12:54,383.05,383.2,382.75,382.9,13
20250929  12:55,382.75,382.85,382.55,382.85,8
20250929  12:56,382.95,383.3,382.95,383.3,11
20250929  12:57,383.0,383.0,382.9,382.9,2
20250929  12:58,382.95,383.8,382.95,383.2,49
20250929  12:59,383.0,383.0,383.0,383.0,1
20250929  13:00,382.85,383.7,382.85,383.6,7
20250929  13:01,383.5,383.85,383.1,383.85,12
20250929  13:02,384.05,384.25,384.05,384.25,5
20250929  13:03,384.1,384.35,384.1,384.35,4
20250929  13:04,384.05,384.05,383.8,383.8,8
20250929  13:05,383.45,383.65,383.45,383.6,5
20250929  13:06,383.4,383.4,383.35,383.35,5
20250929  13:07,383.4,383.4,383.4,383.4,1
20250929  13:08,383.45,383.85,383.45,383.65,6
20250929  13:09,383.5,383.65,383.2,383.2,6
20250929  13:10,383.2,383.5,383.2,383.5,6
20250929  13:11,383.5,383.5,383.5,383.5,0
20250929  13:12,383.5,383.5,383.25,383.25,7
20250929  13:13,383.25,383.25,383.25,383.25,0
20250929  13:14,383.25,383.3,383.2,383.2,3
20250929  13:15,383.2,383.2,383.05,383.05,4
20250929  13:16,383.15,383.25,382.85,382.95,8
20250929  13:17,382.95,384.0,382.95,384.0,30
20250929  13:18,384.0,384.0,383.75,383.75,5
20250929  13:19,383.75,383.75,383.75,383.75,0
20250929  13:20,383.25,383.25,383.25,383.25,1
20250929  13:21,383.2,383.45,383.15,383.25,16
20250929  13:22,383.5,383.55,383.2,383.2,10
20250929  13:23,383.5,383.5,383.3,383.3,6
20250929  13:24,383.3,383.3,383.3,383.3,0
20250929  13:25,383.3,383.3,383.3,383.3,0
20250929  13:26,383.4,383.55,383.4,383.55,2
20250929  13:27,383.2,383.2,383.1,383.1,3
20250929  13:28,383.05,383.25,383.05,383.25,3
20250929  13:29,383.25,383.6,383.25,383.5,8
20250929  13:30,383.15,383.3,383.15,383.25,5
20250930  10:15,373.2,375.4,373.0,374.45,114
20250930  10:16,374.7,374.7,372.65,372.65,29
20250930  10:17,372.95,373.45,372.95,373.1,9
20250930  10:18,373.5,373.8,372.35,372.4,21
20250930  10:19,372.7,372.7,372.0,372.35,34
20250930  10:20,372.1,372.25,371.8,372.25,12
20250930  10:21,372.3,372.3,371.95,372.05,4
20250930  10:22,371.8,372.2,371.8,371.95,9
20250930  10:23,371.9,372.1,371.4,371.65,42
20250930  10:24,371.75,371.75,370.9,371.05,78
20250930  10:25,371.3,371.55,371.05,371.3,11
20250930  10:26,371.3,371.45,371.3,371.35,7
20250930  10:27,371.55,372.3,371.55,372.15,23
20250930  10:28,372.15,372.15,371.55,371.8,16
20250930  10:29,371.55,371.75,371.55,371.7,6
20250930  10:30,371.85,371.85,371.65,371.75,11
20250930  10:31,371.8,372.5,371.75,372.4,10
20250930  10:32,372.15,372.15,371.8,371.8,6
20250930  10:33,372.0,372.5,372.0,372.45,26
20250930  10:34,372.6,372.8,372.0,372.0,23
20250930  10:35,372.0,372.0,371.65,371.9,17
20250930  10:36,371.85,371.85,371.1,371.1,9
20250930  10:37,371.4,371.4,370.95,371.0,6
20250930  10:38,370.8,370.9,370.5,370.6,24
20250930  10:39,370.7,370.85,370.55,370.55,17
20250930  10:40,370.7,371.45,370.7,371.45,17
20250930  10:41,371.85,372.3,371.2,371.35,72
20250930  10:42,371.05,371.1,370.6,371.05,25
20250930  10:43,371.05,371.8,370.9,371.75,17
20250930  10:44,371.55,371.6,371.55,371.6,5
20250930  10:45,371.65,371.85,371.4,371.5,13
20250930  10:46,371.6,371.95,371.35,371.95,11
20250930  10:47,372.1,372.3,372.0,372.15,7
20250930  10:48,372.2,372.35,372.0,372.35,8
20250930  10:49,372.6,372.6,372.5,372.5,5
20250930  10:50,372.55,372.65,372.45,372.55,14
20250930  10:51,372.7,372.95,372.55,372.7,23
20250930  10:52,372.8,373.05,372.8,373.0,32
20250930  10:53,372.9,373.2,372.5,372.5,25
20250930  10:54,372.8,372.8,372.2,372.2,16
20250930  10:55,372.2,372.25,372.0,372.15,8
20250930  10:56,372.05,372.05,372.05,372.05,1
20250930  10:57,372.25,372.25,372.1,372.1,2
20250930  10:58,372.0,372.0,372.0,372.0,2
20250930  10:59,372.05,373.15,372.05,373.15,32
20250930  11:00,373.15,373.15,373.15,373.15,0
20250930  11:01,372.8,373.35,372.75,373.15,19
20250930  11:02,373.05,373.05,372.9,372.9,5
20250930  11:03,372.9,372.9,371.6,372.2,54
20250930  11:04,372.5,372.9,372.5,372.6,8
20250930  11:05,372.6,372.9,372.5,372.8,12
20250930  11:06,373.05,373.05,372.85,372.85,9
20250930  11:07,372.9,373.0,372.9,373.0,5
20250930  11:08,372.75,372.85,372.75,372.8,3
20250930  11:09,372.85,372.9,372.6,372.6,8
20250930  11:10,372.45,372.45,372.45,372.45,1
20250930  11:11,372.8,372.8,372.7,372.7,2
20250930  11:12,372.85,372.85,372.45,372.45,3
20250930  11:13,372.45,372.55,372.4,372.45,10
20250930  11:14,372.55,372.65,372.4,372.55,26
20250930  11:15,372.4,372.4,372.15,372.15,16
20250930  11:16,372.1,372.1,371.4,371.4,22
20250930  11:17,371.4,371.9,371.4,371.8,9
20250930  11:18,371.6,371.6,371.25,371.5,32
20250930  11:19,371.4,371.4,371.35,371.35,2
20250930  11:20,371.7,371.7,371.55,371.55,3
20250930  11:21,371.45,372.05,371.45,371.95,10
20250930  11:22,372.0,372.4,371.8,371.9,29
20250930  11:23,371.65,371.9,371.65,371.75,5
20250930  11:24,371.25,371.6,371.25,371.55,10
20250930  11:25,371.45,371.55,371.45,371.55,3
20250930  11:26,371.8,372.55,371.8,372.45,18
20250930  11:27,372.25,372.25,372.0,372.0,4
20250930  11:28,372.1,372.1,372.1,372.1,1
20250930  11:29,371.95,371.95,371.95,371.95,2
20250930  11:30,371.9,372.0,371.8,371.9,6
20250930  11:31,371.85,371.85,371.85,371.85,1
20250930  11:32,372.0,372.0,371.8,371.8,7
20250930  11:33,372.15,372.5,372.15,372.45,5
20250930  11:34,372.25,372.25,372.25,372.25,1
20250930  11:35,372.3,372.45,372.3,372.45,3
20250930  11:36,372.55,372.65,372.2,372.2,7
20250930  11:37,372.25,372.25,372.25,372.25,1
20250930  11:38,372.3,372.6,372.3,372.45,4
20250930  11:39,372.35,372.65,372.3,372.65,6
20250930  11:40,372.65,372.65,372.6,372.6,3
20250930  11:41,372.7,372.85,372.5,372.55,16
20250930  11:42,372.6,372.85,372.6,372.65,15
20250930  11:43,372.5,372.5,372.25,372.25,17
20250930  11:44,372.5,372.7,372.5,372.7,5
20250930  11:45,372.5,372.5,372.5,372.5,1
20250930  11:46,372.5,372.5,372.5,372.5,0
20250930  11:47,372.55,372.55,372.15,372.15,8
20250930  11:48,372.15,372.15,372.15,372.15,1
20250930  11:49,372.3,372.35,372.3,372.35,2
20250930  11:50,372.25,372.35,371.95,372.2,22
20250930  11:51,372.0,372.0,371.25,371.3,36
20250930  11:52,371.35,371.45,371.25,371.3,9
20250930  11:53,371.45,371.75,371.45,371.75,3
20250930  11:54,371.7,371.7,371.7,371.7,1
20250930  11:55,371.7,371.85,371.7,371.85,3
20250930  11:56,372.0,372.0,372.0,372.0,1
20250930  11:57,371.85,371.85,371.85,371.85,1
20250930  11:58,372.05,372.15,372.05,372.15,2
20250930  11:59,371.85,371.85,371.55,371.55,3
20250930  12:00,371.5,371.5,371.3,371.3,6
20250930  12:01,371.35,371.75,371.35,371.75,4
20250930  12:02,371.75,371.75,371.75,371.75,0
20250930  12:03,371.65,371.65,371.6,371.6,3
20250930  12:04,371.6,371.6,371.6,371.6,0
20250930  12:05,371.65,371.65,371.65,371.65,1
20250930  12:06,371.65,372.1,371.65,372.1,4
20250930  12:07,371.95,371.95,371.8,371.8,3
20250930  12:08,371.8,371.8,371.8,371.8,0
20250930  12:09,371.9,371.9,371.85,371.9,5
20250930  12:10,372.0,372.0,371.95,371.95,2
20250930  12:11,371.85,371.85,371.85,371.85,2
20250930  12:12,371.85,371.85,371.85,371.85,0
20250930  12:13,372.05,372.3,372.05,372.3,7
20250930  12:14,372.3,372.3,372.3,372.3,0
20250930  12:15,372.3,372.3,372.3,372.3,0
20250930  12:16,372.4,372.4,372.25,372.25,2
20250930  12:17,372.25,372.25,372.25,372.25,0
20250930  12:18,372.35,372.35,372.35,372.35,1
20250930  12:19,372.1,372.1,371.8,371.8,8
20250930  12:20,371.9,371.95,371.55,371.55,6
20250930  12:21,371.5,372.05,371.5,372.05,22
20250930  12:22,372.1,372.1,371.3,371.3,9
20250930  12:23,371.3,371.3,371.3,371.3,0
20250930  12:24,371.55,371.55,371.3,371.5,7
20250930  12:25,371.5,371.5,371.5,371.5,0
20250930  12:26,371.55,371.7,371.55,371.7,2
20250930  12:27,371.7,371.7,371.7,371.7,0
20250930  12:28,371.7,371.7,371.7,371.7,0
20250930  12:29,371.8,371.8,371.8,371.8,1
20250930  12:30,371.8,371.8,371.8,371.8,0
20250930  12:31,371.65,371.65,371.65,371.65,3
20250930  12:32,372.05,372.1,372.05,372.1,3
20250930  12:33,372.1,372.1,372.1,372.1,0
20250930  12:34,372.0,372.05,372.0,372.05,6
20250930  12:35,371.85,371.85,371.85,371.85,1
20250930  12:36,371.85,371.85,371.85,371.85,1
20250930  12:37,371.85,371.85,371.85,371.85,0
20250930  12:38,372.2,372.25,372.1,372.1,3
20250930  12:39,372.35,372.35,372.35,372.35,1
20250930  12:40,372.35,372.35,372.35,372.35,2
20250930  12:41,372.25,372.45,372.25,372.45,3
20250930  12:42,372.55,372.55,372.55,372.55,1
20250930  12:43,372.65,372.7,372.3,372.5,26
20250930  12:44,372.5,372.65,372.2,372.2,15
20250930  12:45,372.2,372.25,372.1,372.1,5
20250930  12:46,372.1,372.1,372.1,372.1,0
20250930  12:47,372.2,372.4,372.2,372.4,2
20250930  12:48,372.5,372.5,372.5,372.5,1
20250930  12:49,372.6,372.6,372.4,372.4,3
20250930  12:50,372.4,372.4,372.4,372.4,0
20250930  12:51,372.4,372.4,372.4,372.4,0
20250930  12:52,372.35,372.35,372.35,372.35,1
20250930  12:53,372.4,372.4,372.4,372.4,1
20250930  12:54,372.4,372.4,372.4,372.4,0
20250930  12:55,372.55,372.55,372.55,372.55,1
20250930  12:56,372.85,372.85,372.55,372.55,21
20250930  12:57,372.45,372.45,372.45,372.45,1
20250930  12:58,372.65,373.5,372.45,373.5,28
20250930  12:59,373.85,374.15,373.6,374.15,16
20250930  13:00,374.2,374.65,374.2,374.5,18
20250930  13:01,374.5,374.55,374.35,374.35,4
20250930  13:02,374.7,375.4,374.7,375.3,25
20250930  13:03,375.25,375.45,375.05,375.25,6
20250930  13:04,375.45,375.7,375.45,375.7,12
20250930  13:05,375.85,376.0,375.55,375.95,20
20250930  13:06,375.8,375.8,375.6,375.75,8
20250930  13:07,375.6,375.6,375.3,375.35,9
20250930  13:08,375.35,375.35,375.35,375.35,1
20250930  13:09,375.0,375.0,374.75,374.9,10
20250930  13:10,374.9,374.9,374.3,374.45,8
20250930  13:11,374.2,374.5,373.6,374.5,8
20250930  13:12,374.15,374.15,374.15,374.15,1
20250930  13:13,374.2,374.2,374.2,374.2,1
20250930  13:14,374.45,374.55,374.45,374.55,3
20250930  13:15,374.55,374.55,374.55,374.55,0
20250930  13:16,374.5,374.5,374.5,374.5,1
20250930  13:17,374.5,374.5,374.5,374.5,0
20250930  13:18,373.95,373.95,373.95,373.95,1
20250930  13:19,373.75,373.8,373.75,373.8,2
20250930  13:20,373.7,373.95,373.7,373.95,3
20250930  13:21,374.05,374.05,373.95,373.95,2
20250930  13:22,374.05,374.1,374.05,374.1,4
20250930  13:23,374.25,374.25,374.2,374.2,5
20250930  13:24,374.15,374.15,374.15,374.15,1
20250930  13:25,374.2,374.2,374.2,374.2,3
20250930  13:26,374.1,374.1,374.0,374.0,3
20250930  13:27,374.0,374.0,374.0,374.0,0
20250930  13:28,373.8,374.1,373.8,374.0,5
20250930  13:29,374.05,374.05,373.3,373.4,28
20250930  13:30,373.2,373.2,372.6,372.95,7
20251001  10:15,372.35,373.35,371.2,372.0,142
20251001  10:16,371.3,372.4,371.3,372.35,15
20251001  10:17,372.35,373.05,372.35,372.65,9
20251001  10:18,372.85,373.4,372.85,373.4,34
20251001  10:19,373.3,373.45,373.05,373.05,6
20251001  10:20,373.25,373.8,373.1,373.1,14
20251001  10:21,373.25,373.35,372.9,373.2,11
20251001  10:22,373.3,373.7,373.3,373.7,3
20251001  10:23,373.9,374.65,373.7,374.65,16
20251001  10:24,374.85,375.0,374.5,374.95,12
20251001  10:25,374.95,375.0,374.55,374.55,8
20251001  10:26,374.6,374.9,374.6,374.9,7
20251001  10:27,374.75,374.75,374.75,374.75,1
20251001  10:28,374.95,375.2,374.7,374.7,7
20251001  10:29,374.8,375.05,374.8,375.05,3
20251001  10:30,375.4,375.4,374.5,374.5,11
20251001  10:31,374.4,374.55,373.95,373.95,8
20251001  10:32,374.2,374.25,373.9,374.2,14
20251001  10:33,373.95,374.1,373.9,374.1,9
20251001  10:34,374.35,374.35,374.35,374.35,1
20251001  10:35,374.35,374.35,374.35,374.35,0
20251001  10:36,374.5,374.5,374.45,374.45,2
20251001  10:37,374.6,374.8,374.6,374.8,5
20251001  10:38,374.4,374.4,374.4,374.4,2
20251001  10:39,374.5,374.5,374.45,374.45,3
20251001  10:40,374.3,374.3,374.25,374.25,4
20251001  10:41,374.35,374.55,374.15,374.15,11
20251001  10:42,374.4,374.7,374.2,374.2,10
20251001  10:43,374.4,374.4,374.35,374.35,2
20251001  10:44,374.35,374.35,374.35,374.35,1
20251001  10:45,374.15,374.15,373.75,373.75,5
20251001  10:46,373.9,373.9,373.6,373.6,8
20251001  10:47,373.7,373.9,373.7,373.7,14
20251001  10:48,373.7,373.7,373.4,373.7,4
20251001  10:49,373.7,373.7,373.7,373.7,0
20251001  10:50,373.35,373.6,373.35,373.6,6
20251001  10:51,373.6,373.6,373.6,373.6,0
20251001  10:52,373.8,373.8,373.35,373.45,14
20251001  10:53,373.4,373.6,373.35,373.35,20
20251001  10:54,373.5,374.25,373.35,373.5,29
20251001  10:55,373.6,373.6,373.6,373.6,1
20251001  10:56,373.6,373.6,373.6,373.6,0
20251001  10:57,373.6,373.7,373.55,373.55,3
20251001  10:58,373.7,373.75,373.55,373.75,10
20251001  10:59,373.8,373.8,373.5,373.5,6
20251001  11:00,373.5,373.5,373.5,373.5,0
20251001  11:01,373.7,373.7,373.65,373.65,2
20251001  11:02,373.65,373.65,373.65,373.65,2
20251001  11:03,373.7,373.7,373.7,373.7,1
20251001  11:04,373.6,373.6,373.35,373.35,8
20251001  11:05,373.35,373.5,373.35,373.5,4
20251001  11:06,373.6,373.8,373.6,373.7,3
20251001  11:07,373.6,373.75,373.55,373.75,12
20251001  11:08,373.65,373.65,373.65,373.65,2
20251001  11:09,373.8,373.9,373.75,373.85,5
20251001  11:10,373.9,373.9,373.9,373.9,1
20251001  11:11,373.85,373.85,373.85,373.85,1
20251001  11:12,373.85,373.85,373.85,373.85,0
20251001  11:13,373.75,373.75,373.75,373.75,2
20251001  11:14,373.5,373.5,373.35,373.5,4
20251001  11:15,373.35,373.5,373.35,373.4,12
20251001  11:16,373.4,373.4,372.5,372.8,24
20251001  11:17,373.3,373.3,372.95,373.0,31
20251001  11:18,372.7,372.9,372.7,372.9,4
20251001  11:19,373.0,373.0,372.85,372.9,12
20251001  11:20,372.7,372.75,372.0,372.0,21
20251001  11:21,371.9,372.6,371.9,372.6,23
20251001  11:22,372.6,373.15,372.6,373.15,6
20251001  11:23,372.85,373.1,372.85,373.1,2
20251001  11:24,372.95,372.95,372.95,372.95,1
20251001  11:25,372.9,373.15,372.9,373.15,2
20251001  11:26,373.15,373.15,373.15,373.15,0
20251001  11:27,373.2,373.5,373.2,373.5,4
20251001  11:28,373.15,373.3,373.15,373.3,3
20251001  11:29,373.25,373.25,373.25,373.25,3
20251001  11:30,373.05,373.05,373.0,373.0,2
20251001  11:31,373.05,373.1,372.75,373.05,9
20251001  11:32,373.05,373.05,373.05,373.05,0
20251001  11:33,372.75,372.75,372.65,372.65,2
20251001  11:34,372.75,372.75,372.45,372.45,9
20251001  11:35,372.5,372.5,372.5,372.5,2
20251001  11:36,372.4,372.5,372.2,372.2,4
20251001  11:37,372.1,372.15,372.1,372.15,3
20251001  11:38,372.35,372.35,372.35,372.35,1
20251001  11:39,372.25,372.25,371.85,372.1,7
20251001  11:40,372.05,372.05,372.05,372.05,1
20251001  11:41,372.0,372.2,372.0,372.2,4
20251001  11:42,372.2,372.3,371.75,371.8,21
20251001  11:43,371.8,371.8,371.8,371.8,1
20251001  11:44,371.8,371.8,371.8,371.8,1
20251001  11:45,371.7,371.85,370.9,371.1,51
20251001  11:46,371.3,371.3,370.85,370.9,17
20251001  11:47,370.65,370.75,370.65,370.65,5
20251001  11:48,370.65,370.8,369.85,370.05,96
20251001  11:49,370.1,371.15,370.1,371.05,32
20251001  11:50,371.0,371.45,371.0,371.25,20
20251001  11:51,371.25,371.25,371.05,371.05,6
20251001  11:52,371.05,371.05,371.05,371.05,0
20251001  11:53,371.05,371.05,371.05,371.05,1
20251001  11:54,371.0,371.1,371.0,371.05,3
20251001  11:55,371.05,371.05,371.05,371.05,0
20251001  11:56,371.05,371.05,371.05,371.05,0
20251001  11:57,371.05,371.05,371.05,371.05,0
20251001  11:58,370.8,370.8,370.5,370.8,4
20251001  11:59,370.85,370.85,370.85,370.85,4
20251001  12:00,370.55,370.55,368.25,368.6,167
20251001  12:01,368.55,368.7,368.3,368.3,16
20251001  12:02,368.25,368.35,368.05,368.05,22
20251001  12:03,368.2,368.3,367.8,368.05,28
20251001  12:04,367.75,368.8,367.55,368.2,57
20251001  12:05,368.3,368.65,368.3,368.3,19
20251001  12:06,368.3,368.3,368.0,368.0,10
20251001  12:07,367.85,368.1,367.85,368.0,4
20251001  12:08,367.9,367.95,367.85,367.95,6
20251001  12:09,367.55,367.75,366.6,367.1,48
20251001  12:10,367.1,368.05,367.1,367.55,63
20251001  12:11,367.55,367.55,367.4,367.5,19
20251001  12:12,367.5,367.5,367.5,367.5,0
20251001  12:13,367.45,367.75,367.45,367.75,18
20251001  12:14,367.3,367.3,367.3,367.3,6
20251001  12:15,367.3,368.55,367.3,367.7,59
20251001  12:16,368.0,370.0,368.0,369.25,73
20251001  12:17,369.2,369.3,368.95,369.3,16
20251001  12:18,368.95,368.95,368.7,368.95,6
20251001  12:19,368.5,369.25,368.45,369.25,9
20251001  12:20,368.95,369.3,368.9,369.3,17
20251001  12:21,369.05,370.0,369.05,370.0,31
20251001  12:22,369.05,369.4,369.05,369.4,2
20251001  12:23,368.9,368.9,368.9,368.9,1
20251001  12:24,369.35,369.4,369.0,369.0,10
20251001  12:25,369.3,369.3,369.3,369.3,3
20251001  12:26,369.6,369.7,369.45,369.45,10
20251001  12:27,369.45,369.45,369.45,369.45,0
20251001  12:28,369.7,369.95,368.9,368.9,19
20251001  12:29,369.2,369.65,368.75,369.65,34
20251001  12:30,369.8,370.0,369.5,370.0,10
20251001  12:31,369.8,369.8,369.65,369.65,7
20251001  12:32,369.6,369.6,369.6,369.6,1
20251001  12:33,369.6,369.6,369.6,369.6,0
20251001  12:34,369.7,369.7,369.7,369.7,2
20251001  12:35,369.9,370.1,369.8,370.1,17
20251001  12:36,370.4,370.4,370.2,370.2,5
20251001  12:37,370.2,370.2,370.2,370.2,0
20251001  12:38,370.35,370.35,370.35,370.35,2
20251001  12:39,370.35,370.35,370.35,370.35,0
20251001  12:40,370.35,370.35,370.35,370.35,0
20251001  12:41,370.35,370.35,370.35,370.35,0
20251001  12:42,370.35,370.35,370.35,370.35,0
20251001  12:43,370.5,371.25,370.5,371.25,21
20251001  12:44,371.35,371.5,371.15,371.15,23
20251001  12:45,371.65,371.65,371.3,371.3,15
20251001  12:46,371.1,371.45,371.1,371.45,4
20251001  12:47,371.45,371.45,371.45,371.45,0
20251001  12:48,371.4,371.65,371.4,371.65,10
20251001  12:49,371.9,372.0,370.95,371.1,24
20251001  12:50,371.1,371.2,371.1,371.15,6
20251001  12:51,371.5,371.9,371.35,371.6,26
20251001  12:52,371.9,371.95,371.0,371.0,20
20251001  12:53,370.8,370.8,370.75,370.75,3
20251001  12:54,370.75,370.8,370.75,370.8,2
20251001  12:55,371.0,371.15,370.8,370.8,5
20251001  12:56,370.65,371.05,370.65,371.05,2
20251001  12:57,371.05,371.05,371.05,371.05,0
20251001  12:58,371.05,371.05,371.05,371.05,0
20251001  12:59,371.05,371.05,371.05,371.05,0
20251001  13:00,371.0,371.0,370.85,370.85,6
20251001  13:01,370.7,370.7,370.5,370.65,13
20251001  13:02,370.7,370.7,370.4,370.4,4
20251001  13:03,370.4,370.4,370.0,370.2,8
20251001  13:04,370.2,370.2,370.2,370.2,0
20251001  13:05,370.15,370.15,369.5,370.0,20
20251001  13:06,369.85,370.0,369.85,370.0,3
20251001  13:07,370.0,370.0,370.0,370.0,3
20251001  13:08,370.0,370.0,370.0,370.0,0
20251001  13:09,370.0,370.0,370.0,370.0,0
20251001  13:10,369.75,369.75,369.55,369.55,3
20251001  13:11,369.4,370.0,369.4,370.0,8
20251001  13:12,370.15,370.15,369.05,369.05,17
20251001  13:13,369.45,369.65,369.4,369.65,9
20251001  13:14,370.0,370.1,370.0,370.1,5
20251001  13:15,370.15,370.65,370.15,370.55,12
20251001  13:16,370.5,370.55,370.35,370.35,5
20251001  13:17,370.35,370.35,370.35,370.35,1
20251001  13:18,370.5,371.0,370.5,370.95,25
20251001  13:19,370.95,371.15,370.8,371.15,14
20251001  13:20,371.3,371.75,371.3,371.55,6
20251001  13:21,371.7,371.7,371.7,371.7,2
20251001  13:22,371.7,373.0,371.6,371.85,25
20251001  13:23,371.9,372.45,371.9,372.45,7
20251001  13:24,372.4,373.0,372.3,372.65,28
20251001  13:25,372.4,372.75,372.4,372.75,4
20251001  13:26,373.05,373.9,373.05,373.6,13
20251001  13:27,373.5,373.5,373.4,373.5,6
20251001  13:28,373.6,373.95,373.6,373.95,8
20251001  13:29,374.0,374.25,373.95,374.05,9
20251001  13:30,374.05,374.3,373.8,373.8,10
20251002  10:15,385.25,386.2,384.25,386.15,174
20251002  10:16,386.15,386.2,384.3,384.75,33
20251002  10:17,384.2,384.7,384.0,384.0,21
20251002  10:18,384.0,384.55,383.9,384.55,10
20251002  10:19,384.75,385.4,384.75,385.25,15
20251002  10:20,385.25,385.3,384.95,384.95,10
20251002  10:21,384.9,385.05,384.8,384.8,8
20251002  10:22,385.15,385.35,385.1,385.1,9
20251002  10:23,385.1,385.4,385.05,385.25,12
20251002  10:24,384.7,384.7,383.9,384.25,10
20251002  10:25,384.4,384.4,384.0,384.0,15
20251002  10:26,384.2,384.2,383.85,384.05,11
20251002  10:27,384.1,384.1,384.1,384.1,4
20251002  10:28,384.2,384.2,383.95,383.95,5
20251002  10:29,384.1,384.35,384.1,384.35,3
20251002  10:30,384.75,384.75,384.5,384.5,4
20251002  10:31,384.65,384.65,384.2,384.35,5
20251002  10:32,384.7,384.85,384.6,384.6,7
20251002  10:33,384.6,384.6,384.6,384.6,0
20251002  10:34,384.6,384.85,384.45,384.85,9
20251002  10:35,384.85,385.1,384.65,384.65,11
20251002  10:36,384.25,384.8,384.25,384.8,7
20251002  10:37,384.9,384.9,384.7,384.8,5
20251002  10:38,384.7,384.7,384.4,384.5,8
20251002  10:39,384.55,384.55,384.55,384.55,1
20251002  10:40,384.4,384.4,384.35,384.35,3
20251002  10:41,384.05,384.05,381.75,381.8,41
20251002  10:42,382.05,382.2,380.8,381.4,24
20251002  10:43,381.75,381.75,381.45,381.45,4
20251002  10:44,381.5,381.5,381.5,381.5,1
20251002  10:45,381.45,382.15,381.45,382.15,7
20251002  10:46,382.3,382.35,381.95,381.95,30
20251002  10:47,381.85,382.05,381.85,382.05,5
20251002  10:48,382.25,382.5,382.15,382.45,6
20251002  10:49,382.8,382.95,382.8,382.9,9
20251002  10:50,382.8,382.95,382.8,382.95,4
20251002  10:51,382.55,382.6,382.55,382.6,2
20251002  10:52,382.4,382.4,382.4,382.4,1
20251002  10:53,382.55,382.65,382.5,382.55,4
20251002  10:54,382.35,382.35,382.35,382.35,1
20251002  10:55,382.15,382.4,382.15,382.4,3
20251002  10:56,381.95,382.05,381.95,382.05,6
20251002  10:57,381.5,381.95,381.5,381.95,5
20251002  10:58,382.1,382.1,381.95,381.95,2
20251002  10:59,381.75,381.85,381.75,381.85,5
20251002  11:00,381.8,381.8,381.25,381.25,14
20251002  11:01,381.25,381.25,381.25,381.25,0
20251002  11:02,381.55,381.55,381.55,381.55,1
20251002  11:03,381.75,381.75,381.6,381.75,5
20251002  11:04,381.75,381.75,381.75,381.75,0
20251002  11:05,381.5,381.5,381.5,381.5,1
20251002  11:06,381.55,381.75,381.55,381.7,4
20251002  11:07,381.85,382.05,381.85,382.05,2
20251002  11:08,382.05,382.05,382.05,382.05,0
20251002  11:09,382.2,382.2,382.2,382.2,2
20251002  11:10,381.85,381.85,381.85,381.85,1
20251002  11:11,381.85,381.85,381.85,381.85,0
20251002  11:12,381.45,381.45,381.45,381.45,1
20251002  11:13,381.4,382.15,381.15,382.15,21
20251002  11:14,381.9,382.15,381.6,381.7,30
20251002  11:15,381.05,381.4,381.05,381.4,8
20251002  11:16,381.55,381.6,381.4,381.6,4
20251002  11:17,381.5,381.7,381.5,381.7,2
20251002  11:18,381.7,382.0,381.7,381.85,6
20251002  11:19,381.85,381.85,381.85,381.85,0
20251002  11:20,381.55,381.6,381.55,381.6,2
20251002  11:21,381.7,381.7,381.7,381.7,1
20251002  11:22,381.5,381.85,381.5,381.85,2
20251002  11:23,381.85,381.85,381.85,381.85,0
20251002  11:24,381.05,381.2,381.05,381.2,5
20251002  11:25,381.05,381.05,381.05,381.05,2
20251002  11:26,381.05,381.05,380.7,380.75,11
20251002  11:27,380.75,380.85,380.5,380.85,7
20251002  11:28,380.95,380.95,380.95,380.95,1
20251002  11:29,380.95,380.95,380.8,380.8,4
20251002  11:30,380.9,380.95,380.9,380.95,3
20251002  11:31,380.8,380.8,380.8,380.8,1
20251002  11:32,380.9,381.5,380.9,381.3,15
20251002  11:33,381.45,381.8,381.4,381.55,11
20251002  11:34,381.5,381.5,381.1,381.25,12
20251002  11:35,381.2,381.2,381.2,381.2,1
20251002  11:36,381.15,381.15,381.15,381.15,2
20251002  11:37,381.0,381.0,380.85,380.9,4
20251002  11:38,380.9,380.9,380.6,380.6,63
20251002  11:39,380.65,380.8,380.55,380.8,12
20251002  11:40,380.2,380.4,380.15,380.15,8
20251002  11:41,380.35,380.65,380.35,380.65,6
20251002  11:42,380.6,380.75,380.55,380.55,9
20251002  11:43,380.4,380.4,379.65,379.65,92
20251002  11:44,379.6,380.35,379.55,379.75,17
20251002  11:45,379.75,379.75,379.75,379.75,0
20251002  11:46,379.8,379.95,379.8,379.95,6
20251002  11:47,379.95,379.95,379.95,379.95,0
20251002  11:48,380.3,380.3,379.85,379.95,4
20251002  11:49,379.8,379.95,379.8,379.95,3
20251002  11:50,379.7,379.75,379.7,379.7,6
20251002  11:51,379.55,380.1,379.55,380.1,17
20251002  11:52,380.35,380.35,380.35,380.35,1
20251002  11:53,380.55,380.6,380.55,380.6,3
20251002  11:54,380.6,380.6,379.95,379.95,6
20251002  11:55,380.1,380.1,380.1,380.1,2
20251002  11:56,379.95,379.95,379.85,379.85,3
20251002  11:57,379.8,379.8,379.55,379.55,10
20251002  11:58,379.8,379.8,379.8,379.8,2
20251002  11:59,379.55,379.55,379.3,379.4,8
20251002  12:00,379.6,379.6,378.4,378.55,23
20251002  12:01,378.7,378.7,378.7,378.7,2
20251002  12:02,378.85,378.85,378.85,378.85,2
20251002  12:03,378.75,380.05,378.75,380.0,54
20251002  12:04,380.05,380.05,380.05,380.05,1
20251002  12:05,380.05,380.05,380.05,380.05,0
20251002  12:06,380.1,380.35,380.1,380.35,5
20251002  12:07,380.45,380.75,380.35,380.35,5
20251002  12:08,380.35,380.35,380.35,380.35,0
20251002  12:09,380.8,381.1,380.6,380.6,15
20251002  12:10,380.55,380.6,380.0,380.0,9
20251002  12:11,380.15,380.3,380.15,380.3,2
20251002  12:12,380.35,380.35,379.35,379.35,19
20251002  12:13,379.75,380.0,379.75,380.0,2
20251002  12:14,380.0,380.0,380.0,380.0,0
20251002  12:15,380.0,380.25,379.5,379.5,14
20251002  12:16,379.6,379.9,379.15,379.9,13
20251002  12:17,379.85,379.85,378.75,378.75,16
20251002  12:18,378.75,378.75,378.75,378.75,0
20251002  12:19,378.85,378.85,378.85,378.85,1
20251002  12:20,378.6,378.6,378.4,378.55,3
20251002  12:21,378.2,378.25,378.05,378.25,17
20251002  12:22,378.45,378.7,378.45,378.7,7
20251002  12:23,378.7,378.7,378.7,378.7,0
20251002  12:24,378.75,378.75,378.75,378.75,1
20251002  12:25,378.6,378.9,378.6,378.9,4
20251002  12:26,378.7,378.85,378.6,378.6,5
20251002  12:27,378.45,378.45,378.45,378.45,1
20251002  12:28,378.7,378.85,378.7,378.85,5
20251002  12:29,379.1,379.15,378.9,379.1,8
20251002  12:30,379.45,379.45,379.45,379.45,2
20251002  12:31,379.15,379.15,379.15,379.15,1
20251002  12:32,379.2,379.45,379.2,379.45,4
20251002  12:33,379.45,379.45,379.45,379.45,0
20251002  12:34,379.05,379.2,379.05,379.2,2
20251002  12:35,379.35,379.5,379.3,379.3,4
20251002  12:36,379.3,379.3,379.3,379.3,0
20251002  12:37,378.9,379.0,378.9,378.9,5
20251002  12:38,378.9,378.9,378.9,378.9,1
20251002  12:39,378.6,379.1,378.6,379.1,17
20251002  12:40,379.05,379.1,379.05,379.1,2
20251002  12:41,379.2,379.55,379.2,379.5,4
20251002  12:42,379.45,379.45,379.45,379.45,1
20251002  12:43,379.8,379.95,378.9,378.9,12
20251002  12:44,378.85,379.15,378.7,379.15,12
20251002  12:45,379.15,379.15,379.15,379.15,0
20251002  12:46,379.1,379.1,379.1,379.1,1
20251002  12:47,379.1,379.1,379.1,379.1,0
20251002  12:48,379.15,379.15,379.15,379.15,1
20251002  12:49,379.45,379.45,379.45,379.45,1
20251002  12:50,379.45,379.45,379.45,379.45,0
20251002  12:51,379.7,380.0,379.7,379.95,10
20251002  12:52,379.7,379.7,379.55,379.55,6
20251002  12:53,379.5,379.55,379.5,379.55,16
20251002  12:54,379.55,379.6,379.55,379.6,3
20251002  12:55,379.5,379.65,379.5,379.65,3
20251002  12:56,379.1,379.1,378.45,378.45,15
20251002  12:57,378.6,378.6,378.6,378.6,2
20251002  12:58,378.7,378.85,378.7,378.85,2
20251002  12:59,378.8,379.3,378.8,379.3,2
20251002  13:00,379.2,379.2,378.95,378.95,3
20251002  13:01,379.0,379.15,379.0,379.15,9
20251002  13:02,379.15,379.15,379.15,379.15,0
20251002  13:03,378.75,378.75,378.75,378.75,1
20251002  13:04,378.5,378.9,378.5,378.65,31
20251002  13:05,378.55,378.55,377.45,377.7,62
20251002  13:06,377.6,377.6,376.4,376.9,48
20251002  13:07,377.05,377.05,376.8,376.8,12
20251002  13:08,376.85,377.0,376.65,377.0,7
20251002  13:09,376.95,377.35,376.9,376.9,21
20251002  13:10,376.8,376.95,376.8,376.95,5
20251002  13:11,377.55,378.15,377.55,378.1,8
20251002  13:12,378.05,378.05,377.95,377.95,4
20251002  13:13,377.95,377.95,377.95,377.95,0
20251002  13:14,378.15,378.25,377.9,377.9,6
20251002  13:15,377.9,377.9,377.65,377.65,4
20251002  13:16,377.65,377.65,377.65,377.65,0
20251002  13:17,378.25,378.25,378.25,378.25,2
20251002  13:18,378.35,378.35,378.1,378.3,5
20251002  13:19,378.2,378.2,378.2,378.2,2
20251002  13:20,378.0,378.6,378.0,378.5,8
20251002  13:21,378.0,378.15,377.3,377.3,12
20251002  13:22,377.5,377.7,377.25,377.4,22
20251002  13:23,377.45,377.45,377.05,377.05,9
20251002  13:24,377.1,377.1,376.65,376.65,6
20251002  13:25,376.5,376.75,376.45,376.55,12
20251002  13:26,376.5,376.65,376.4,376.6,16
20251002  13:27,376.5,376.75,376.4,376.5,14
20251002  13:28,376.45,376.55,376.35,376.4,8
20251002  13:29,376.55,376.55,376.5,376.5,6
20251002  13:30,376.55,376.65,376.4,376.4,23
20251003  10:15,383.25,387.2,383.25,386.45,224
20251003  10:16,386.7,386.9,386.05,386.05,41
20251003  10:17,386.15,386.15,385.15,385.15,23
20251003  10:18,385.25,385.45,384.5,385.0,21
20251003  10:19,385.15,385.15,384.5,384.7,15
20251003  10:20,385.0,385.45,385.0,385.45,10
20251003  10:21,385.3,385.4,384.9,385.2,15
20251003  10:22,385.4,386.0,385.4,385.7,14
20251003  10:23,385.85,386.1,385.65,385.7,13
20251003  10:24,385.5,385.85,385.5,385.85,5
20251003  10:25,385.75,386.65,385.5,386.45,24
20251003  10:26,386.4,387.0,386.4,386.55,22
20251003  10:27,386.45,386.45,386.15,386.15,3
20251003  10:28,386.2,386.2,385.85,386.05,11
20251003  10:29,386.15,386.15,385.9,386.0,6
20251003  10:30,385.95,386.25,385.95,386.1,8
20251003  10:31,386.1,386.4,386.1,386.3,4
20251003  10:32,386.5,387.35,386.5,386.65,52
20251003  10:33,386.55,386.9,386.55,386.6,14
20251003  10:34,386.4,386.4,386.4,386.4,1
20251003  10:35,386.35,386.35,386.1,386.15,7
20251003  10:36,386.3,386.45,386.3,386.3,3
20251003  10:37,386.25,386.3,386.2,386.2,3
20251003  10:38,386.25,386.25,386.0,386.05,5
20251003  10:39,386.15,386.15,386.1,386.1,5
20251003  10:40,386.15,386.3,385.75,386.1,18
20251003  10:41,386.2,386.2,386.2,386.2,1
20251003  10:42,386.3,386.3,386.3,386.3,1
20251003  10:43,386.1,386.1,386.0,386.0,6
20251003  10:44,386.3,386.35,386.3,386.35,15
20251003  10:45,386.75,387.1,386.75,386.85,16
20251003  10:46,386.5,386.85,386.5,386.85,4
20251003  10:47,386.6,386.6,386.45,386.45,3
20251003  10:48,386.4,386.4,386.25,386.25,9
20251003  10:49,386.3,386.45,386.0,386.45,16
20251003  10:50,386.55,387.05,386.45,386.45,19
20251003  10:51,386.45,386.45,386.2,386.2,4
20251003  10:52,386.4,386.4,386.4,386.4,1
20251003  10:53,386.3,386.3,386.3,386.3,2
20251003  10:54,386.3,386.3,386.3,386.3,0
20251003  10:55,386.3,386.3,386.3,386.3,0
20251003  10:56,386.15,386.45,386.1,386.25,8
20251003  10:57,386.5,387.05,386.5,386.8,6
20251003  10:58,387.1,387.1,386.85,387.05,14
20251003  10:59,387.1,387.35,387.1,387.25,6
20251003  11:00,387.1,388.0,387.1,387.45,74
20251003  11:01,387.35,387.35,387.35,387.35,2
20251003  11:02,387.15,387.35,387.15,387.35,2
20251003  11:03,387.35,387.45,387.3,387.45,5
20251003  11:04,386.95,387.05,386.45,386.65,13
20251003  11:05,386.8,386.8,386.45,386.45,4
20251003  11:06,386.55,386.55,385.95,386.55,13
20251003  11:07,386.55,386.55,386.55,386.55,0
20251003  11:08,386.55,386.55,386.55,386.55,0
20251003  11:09,386.6,386.65,386.35,386.45,12
20251003  11:10,386.8,387.0,386.3,386.45,18
20251003  11:11,386.3,386.35,386.15,386.15,9
20251003  11:12,386.2,386.2,386.0,386.0,8
20251003  11:13,386.0,386.0,386.0,386.0,0
20251003  11:14,386.2,386.3,386.15,386.15,4
20251003  11:15,386.0,386.0,385.95,385.95,2
20251003  11:16,385.6,385.6,385.3,385.45,12
20251003  11:17,385.45,385.45,385.45,385.45,0
20251003  11:18,385.0,385.0,384.5,384.7,9
20251003  11:19,384.45,384.45,384.4,384.45,5
20251003  11:20,384.5,384.5,384.25,384.5,8
20251003  11:21,384.6,384.95,384.6,384.95,11
20251003  11:22,384.8,384.8,384.8,384.8,2
20251003  11:23,384.6,384.6,384.6,384.6,1
20251003  11:24,384.9,384.95,384.7,384.8,8
20251003  11:25,384.8,384.8,384.8,384.8,0
20251003  11:26,384.55,384.55,384.55,384.55,1
20251003  11:27,384.35,384.35,383.7,384.0,7
20251003  11:28,384.0,384.0,384.0,384.0,0
20251003  11:29,384.2,384.25,384.2,384.25,6
20251003  11:30,384.2,384.2,384.2,384.2,4
20251003  11:31,384.15,384.15,384.15,384.15,1
20251003  11:32,384.05,384.3,384.05,384.25,3
20251003  11:33,384.05,384.05,384.05,384.05,3
20251003  11:34,384.05,384.05,384.0,384.0,4
20251003  11:35,384.25,384.25,384.25,384.25,1
20251003  11:36,384.25,384.25,384.25,384.25,1
20251003  11:37,384.35,384.35,384.35,384.35,1
20251003  11:38,384.35,384.35,384.35,384.35,0
20251003  11:39,384.25,384.25,384.1,384.1,4
20251003  11:40,384.15,384.15,384.15,384.15,2
20251003  11:41,384.05,384.35,384.0,384.35,8
20251003  11:42,384.6,384.95,384.6,384.95,5
20251003  11:43,384.75,384.75,384.15,384.15,2
20251003  11:44,384.1,384.1,384.1,384.1,1
20251003  11:45,384.15,384.25,384.15,384.2,5
20251003  11:46,384.1,384.1,384.1,384.1,2
20251003  11:47,384.2,384.35,383.05,383.05,40
20251003  11:48,383.05,384.05,383.05,383.95,39
20251003  11:49,383.85,383.85,383.85,383.85,1
20251003  11:50,383.75,383.75,383.75,383.75,1
20251003  11:51,383.25,383.4,383.25,383.4,4
20251003  11:52,383.85,383.85,383.85,383.85,1
20251003  11:53,383.75,383.75,383.75,383.75,1
20251003  11:54,384.0,384.15,384.0,384.15,3
20251003  11:55,384.35,384.35,384.15,384.15,4
20251003  11:56,384.3,384.45,384.25,384.25,5
20251003  11:57,384.5,384.5,384.3,384.35,9
20251003  11:58,384.25,384.5,384.25,384.5,4
20251003  11:59,384.7,384.85,383.6,383.6,8
20251003  12:00,383.65,383.65,383.65,383.65,1
20251003  12:01,383.45,383.45,383.25,383.25,7
20251003  12:02,383.05,383.25,383.05,383.25,2
20251003  12:03,383.5,383.6,383.4,383.4,6
20251003  12:04,383.4,383.4,383.4,383.4,0
20251003  12:05,383.4,383.4,383.4,383.4,0
20251003  12:06,383.75,383.8,383.6,383.6,3
20251003  12:07,383.95,383.95,383.95,383.95,1
20251003  12:08,383.8,383.9,383.7,383.9,4
20251003  12:09,384.0,384.0,384.0,384.0,2
20251003  12:10,384.0,384.0,383.85,383.95,7
20251003  12:11,384.05,384.05,384.05,384.05,1
20251003  12:12,384.2,384.4,384.2,384.4,4
20251003  12:13,384.4,384.4,384.4,384.4,0
20251003  12:14,384.6,384.7,384.6,384.7,2
20251003  12:15,384.5,384.5,384.45,384.5,4
20251003  12:16,384.2,384.5,384.2,384.45,4
20251003  12:17,384.55,384.65,384.55,384.65,2
20251003  12:18,384.55,384.55,383.7,383.7,29
20251003  12:19,383.9,384.2,383.8,384.2,5
20251003  12:20,384.2,384.2,384.2,384.2,0
20251003  12:21,384.2,384.2,384.2,384.2,0
20251003  12:22,384.2,384.2,384.2,384.2,0
20251003  12:23,384.2,384.2,384.2,384.2,0
20251003  12:24,384.95,385.2,384.8,384.8,9
20251003  12:25,384.9,385.0,384.8,385.0,3
20251003  12:26,385.3,385.3,385.15,385.15,2
20251003  12:27,385.2,385.2,385.2,385.2,1
20251003  12:28,385.35,385.5,385.1,385.2,7
20251003  12:29,385.2,385.2,385.2,385.2,0
20251003  12:30,385.1,385.1,384.8,384.8,9
20251003  12:31,384.9,385.0,384.7,384.7,12
20251003  12:32,384.7,384.7,384.7,384.7,0
20251003  12:33,384.5,384.5,384.15,384.15,14
20251003  12:34,384.05,384.1,383.7,383.75,19
20251003  12:35,383.65,384.05,383.55,384.0,25
20251003  12:36,384.0,384.0,384.0,384.0,0
20251003  12:37,383.6,383.6,382.7,382.7,36
20251003  12:38,382.65,383.05,382.65,383.05,9
20251003  12:39,382.7,382.7,382.55,382.7,14
20251003  12:40,382.85,383.1,382.8,383.1,6
20251003  12:41,383.1,383.8,383.1,383.35,37
20251003  12:42,383.35,383.35,383.35,383.35,0
20251003  12:43,383.35,383.35,383.35,383.35,0
20251003  12:44,383.6,383.6,383.6,383.6,1
20251003  12:45,383.7,383.7,383.65,383.65,2
20251003  12:46,383.65,383.65,383.65,383.65,0
20251003  12:47,383.65,383.65,383.65,383.65,0
20251003  12:48,383.65,383.65,383.65,383.65,0
20251003  12:49,383.75,383.75,383.5,383.5,2
20251003  12:50,383.5,383.5,383.5,383.5,0
20251003  12:51,383.5,383.5,383.5,383.5,0
20251003  12:52,383.35,383.45,383.35,383.45,3
20251003  12:53,383.85,384.15,383.85,383.95,8
20251003  12:54,383.95,383.95,383.95,383.95,0
20251003  12:55,383.35,383.35,383.35,383.35,1
20251003  12:56,383.25,383.35,383.25,383.35,2
20251003  12:57,383.35,383.8,383.35,383.8,13
20251003  12:58,383.5,383.5,383.5,383.5,1
20251003  12:59,383.6,383.85,383.5,383.85,3
20251003  13:00,384.05,384.05,384.05,384.05,1
20251003  13:01,384.3,384.3,384.15,384.15,8
20251003  13:02,384.15,384.15,384.15,384.15,0
20251003  13:03,384.5,384.75,384.2,384.3,14
20251003  13:04,384.2,384.2,383.4,383.45,25
20251003  13:05,383.6,383.65,383.5,383.5,4
20251003  13:06,383.4,383.4,383.35,383.35,3
20251003  13:07,383.35,383.35,383.35,383.35,0
20251003  13:08,383.35,383.35,383.35,383.35,0
20251003  13:09,383.2,383.2,383.2,383.2,1
20251003  13:10,383.05,383.35,383.05,383.25,3
20251003  13:11,383.45,383.45,383.2,383.2,2
20251003  13:12,383.3,383.3,383.0,383.0,7
20251003  13:13,383.0,383.0,383.0,383.0,0
20251003  13:14,383.0,383.0,383.0,383.0,0
20251003  13:15,383.0,383.0,383.0,383.0,1
20251003  13:16,382.8,382.8,382.8,382.8,3
20251003  13:17,382.7,382.7,382.7,382.7,1
20251003  13:18,382.55,382.8,382.55,382.8,6
20251003  13:19,382.75,382.75,382.75,382.75,1
20251003  13:20,382.7,382.7,382.7,382.7,1
20251003  13:21,382.8,382.8,382.8,382.8,2
20251003  13:22,382.8,382.8,382.8,382.8,0
20251003  13:23,382.9,382.9,382.8,382.8,4
20251003  13:24,382.85,383.15,382.85,383.15,11
20251003  13:25,383.2,383.3,383.2,383.2,6
20251003  13:26,383.05,383.05,383.05,383.05,1
20251003  13:27,383.05,383.05,383.05,383.05,0
20251003  13:28,383.05,383.05,383.05,383.05,0
20251003  13:29,383.05,383.35,383.05,383.35,6
20251003  13:30,383.1,383.1,383.1,383.1,1
20251006  10:15,384.9,384.9,377.5,377.5,389
20251006  10:16,378.15,381.45,377.65,381.45,124
20251006  10:17,381.55,382.35,381.25,381.45,45
20251006  10:18,381.65,381.85,380.4,380.8,37
20251006  10:19,380.8,381.75,380.8,381.75,15
20251006  10:20,381.75,382.75,381.7,382.35,35
20251006  10:21,382.6,382.65,382.25,382.25,8
20251006  10:22,382.2,383.0,381.85,382.85,76
20251006  10:23,382.9,383.0,382.65,382.8,30
20251006  10:24,383.0,384.15,382.95,383.9,56
20251006  10:25,383.95,384.8,383.95,384.8,22
20251006  10:26,384.9,384.9,383.0,383.3,33
20251006  10:27,383.0,384.0,382.75,383.35,19
20251006  10:28,383.45,384.9,383.15,384.3,65
20251006  10:29,383.8,383.95,383.5,383.95,15
20251006  10:30,383.35,383.35,383.0,383.05,5
20251006  10:31,382.9,383.75,382.9,383.75,15
20251006  10:32,383.7,383.8,383.5,383.55,8
20251006  10:33,383.5,383.7,383.45,383.45,6
20251006  10:34,383.5,383.85,383.35,383.35,18
20251006  10:35,383.3,383.4,382.9,382.9,6
20251006  10:36,382.8,382.8,382.4,382.7,34
20251006  10:37,382.65,383.35,382.65,383.35,8
20251006  10:38,383.35,383.35,383.05,383.05,4
20251006  10:39,383.3,383.45,383.3,383.35,5
20251006  10:40,383.2,383.45,383.2,383.45,6
20251006  10:41,383.5,383.7,383.5,383.55,6
20251006  10:42,383.35,383.45,383.35,383.45,2
20251006  10:43,383.2,383.7,383.2,383.5,9
20251006  10:44,383.4,383.4,382.85,382.85,6
20251006  10:45,382.95,382.95,382.5,382.8,11
20251006  10:46,382.8,382.8,382.8,382.8,0
20251006  10:47,382.6,382.8,382.5,382.8,17
20251006  10:48,383.1,383.1,382.75,382.75,8
20251006  10:49,383.0,383.5,382.95,383.35,11
20251006  10:50,383.35,384.45,383.35,384.45,17
20251006  10:51,384.25,384.35,383.6,383.8,14
20251006  10:52,383.85,383.95,383.65,383.65,4
20251006  10:53,383.65,383.65,383.65,383.65,0
20251006  10:54,383.65,383.65,383.65,383.65,0
20251006  10:55,383.6,383.6,383.6,383.6,1
20251006  10:56,383.5,383.5,383.5,383.5,1
20251006  10:57,383.7,383.9,383.7,383.9,6
20251006  10:58,383.95,384.0,383.95,384.0,4
20251006  10:59,384.2,384.5,384.05,384.15,8
20251006  11:00,384.45,384.9,383.15,383.45,84
20251006  11:01,384.1,384.1,384.1,384.1,2
20251006  11:02,384.15,384.15,383.45,383.5,32
20251006  11:03,383.65,383.95,383.65,383.9,9
20251006  11:04,383.9,383.9,383.9,383.9,0
20251006  11:05,384.0,384.15,384.0,384.15,3
20251006  11:06,384.2,384.5,384.2,384.5,3
20251006  11:07,384.4,384.5,384.1,384.1,6
20251006  11:08,384.15,384.15,383.75,383.75,7
20251006  11:09,383.95,383.95,383.95,383.95,1
20251006  11:10,383.9,383.9,383.9,383.9,1
20251006  11:11,383.85,383.85,383.85,383.85,2
20251006  11:12,383.95,384.0,383.8,383.8,5
20251006  11:13,383.95,383.95,383.9,383.9,2
20251006  11:14,384.1,384.1,384.1,384.1,1
20251006  11:15,384.2,384.2,384.05,384.05,7
20251006  11:16,383.75,383.75,383.6,383.6,6
20251006  11:17,384.0,384.15,383.9,384.0,16
20251006  11:18,384.15,384.15,384.0,384.0,6
20251006  11:19,383.75,384.2,383.75,384.05,9
20251006  11:20,384.45,385.35,384.35,385.2,31
20251006  11:21,385.45,386.3,385.45,385.65,45
20251006  11:22,385.75,386.0,385.55,386.0,8
20251006  11:23,385.7,386.15,385.7,385.9,11
20251006  11:24,385.4,385.55,384.5,384.5,25
20251006  11:25,384.9,385.05,384.7,384.7,7
20251006  11:26,384.85,385.2,384.45,384.45,15
20251006  11:27,384.45,384.45,384.45,384.45,0
20251006  11:28,384.15,384.2,384.0,384.2,9
20251006  11:29,384.05,384.45,383.75,384.35,36
20251006  11:30,384.4,385.35,384.4,385.0,31
20251006  11:31,385.1,385.1,384.55,384.55,8
20251006  11:32,384.4,385.1,384.4,385.1,6
20251006  11:33,385.15,385.15,385.15,385.15,1
20251006  11:34,385.3,385.3,385.2,385.2,4
20251006  11:35,385.2,385.2,385.2,385.2,0
20251006  11:36,385.55,385.85,385.55,385.85,2
20251006  11:37,385.7,385.7,384.7,384.9,26
20251006  11:38,384.8,384.9,384.7,384.7,6
20251006  11:39,384.8,384.8,384.8,384.8,1
20251006  11:40,384.6,384.6,384.6,384.6,1
20251006  11:41,384.6,384.6,384.6,384.6,0
20251006  11:42,384.6,384.85,384.6,384.8,8
20251006  11:43,384.9,384.9,384.9,384.9,1
20251006  11:44,384.8,385.1,384.8,385.1,4
20251006  11:45,385.1,385.1,384.9,384.9,4
20251006  11:46,385.15,385.15,385.1,385.1,2
20251006  11:47,385.5,385.7,385.5,385.7,7
20251006  11:48,385.9,386.0,384.85,384.85,17
20251006  11:49,384.85,385.05,384.8,385.05,8
20251006  11:50,385.2,385.6,385.2,385.6,4
20251006  11:51,385.55,385.55,385.45,385.45,3
20251006  11:52,385.45,385.45,385.45,385.45,0
20251006  11:53,385.3,385.85,385.3,385.8,33
20251006  11:54,385.7,385.7,385.7,385.7,1
20251006  11:55,385.9,385.95,385.9,385.95,3
20251006  11:56,385.9,386.05,385.9,386.05,3
20251006  11:57,386.05,386.05,386.05,386.05,0
20251006  11:58,386.25,386.25,386.05,386.05,8
20251006  11:59,386.45,386.45,386.45,386.45,1
20251006  12:00,386.25,386.25,386.25,386.25,1
20251006  12:01,386.45,386.45,386.2,386.2,6
20251006  12:02,386.25,386.25,386.25,386.25,1
20251006  12:03,386.15,386.15,386.15,386.15,4
20251006  12:04,386.15,386.15,386.15,386.15,1
20251006  12:05,386.35,386.5,386.25,386.25,12
20251006  12:06,386.3,386.3,386.3,386.3,2
20251006  12:07,386.25,386.25,386.25,386.25,1
20251006  12:08,386.25,386.25,386.25,386.25,0
20251006  12:09,386.45,386.45,386.45,386.45,1
20251006  12:10,386.45,386.45,386.45,386.45,0
20251006  12:11,386.5,386.5,386.3,386.5,8
20251006  12:12,386.35,386.35,386.35,386.35,3
20251006  12:13,386.1,386.1,386.05,386.05,2
20251006  12:14,386.05,386.05,385.5,385.6,8
20251006  12:15,385.95,386.15,385.85,386.0,11
20251006  12:16,385.7,385.7,385.65,385.65,3
20251006  12:17,385.5,385.5,385.4,385.45,4
20251006  12:18,385.85,385.85,385.85,385.85,2
20251006  12:19,385.75,385.75,385.75,385.75,1
20251006  12:20,385.6,385.95,385.6,385.95,2
20251006  12:21,385.95,385.95,385.95,385.95,0
20251006  12:22,385.85,386.2,385.85,386.2,8
20251006  12:23,386.35,386.5,386.35,386.5,4
20251006  12:24,386.55,386.55,386.5,386.5,4
20251006  12:25,386.5,386.5,386.5,386.5,0
20251006  12:26,386.3,386.5,386.3,386.5,5
20251006  12:27,386.3,386.55,386.1,386.55,6
20251006  12:28,386.45,387.15,386.45,387.1,53
20251006  12:29,387.05,388.05,386.9,387.65,48
20251006  12:30,387.6,387.95,387.6,387.9,7
20251006  12:31,387.9,387.9,387.9,387.9,0
20251006  12:32,387.9,387.9,387.9,387.9,0
20251006  12:33,387.6,387.8,387.6,387.8,3
20251006  12:34,387.9,388.0,387.5,387.65,7
20251006  12:35,387.65,387.65,387.65,387.65,0
20251006  12:36,387.65,387.7,387.65,387.7,2
20251006  12:37,387.65,387.7,387.65,387.7,2
20251006  12:38,387.8,387.8,387.8,387.8,2
20251006  12:39,387.9,387.9,387.8,387.8,4
20251006  12:40,387.8,387.8,387.2,387.2,7
20251006  12:41,387.2,387.2,387.05,387.05,3
20251006  12:42,387.0,387.0,386.85,386.85,2
20251006  12:43,386.8,386.8,386.65,386.65,5
20251006  12:44,386.75,386.75,386.25,386.25,4
20251006  12:45,386.3,386.35,386.2,386.3,4
20251006  12:46,386.4,386.8,386.4,386.8,2
20251006  12:47,387.15,387.15,387.15,387.15,1
20251006  12:48,387.15,387.15,387.15,387.15,0
20251006  12:49,387.15,387.15,387.1,387.1,3
20251006  12:50,387.2,387.2,387.2,387.2,2
20251006  12:51,387.2,387.2,387.2,387.2,0
20251006  12:52,387.45,387.45,387.45,387.45,1
20251006  12:53,387.75,387.75,387.55,387.55,2
20251006  12:54,387.4,387.6,387.4,387.55,4
20251006  12:55,387.75,388.0,387.7,388.0,11
20251006  12:56,388.15,388.6,388.15,388.35,12
20251006  12:57,388.5,388.7,388.5,388.65,13
20251006  12:58,388.65,388.65,388.45,388.5,19
20251006  12:59,388.7,389.3,388.7,389.05,86
20251006  13:00,389.2,389.45,389.15,389.35,21
20251006  13:01,389.35,389.5,389.3,389.35,11
20251006  13:02,389.45,389.45,389.25,389.45,13
20251006  13:03,389.4,389.45,387.45,387.45,46
20251006  13:04,387.75,388.35,387.7,388.35,24
20251006  13:05,388.55,388.65,388.4,388.6,21
20251006  13:06,388.65,388.65,388.45,388.45,3
20251006  13:07,388.35,388.35,387.8,388.05,12
20251006  13:08,388.4,388.5,387.15,387.15,63
20251006  13:09,387.05,388.3,386.95,388.05,16
20251006  13:10,388.35,388.35,388.35,388.35,2
20251006  13:11,388.45,388.45,388.2,388.45,6
20251006  13:12,388.3,388.3,388.3,388.3,1
20251006  13:13,388.35,388.35,388.35,388.35,4
20251006  13:14,388.4,388.5,388.4,388.5,4
20251006  13:15,388.55,388.65,388.45,388.55,11
20251006  13:16,388.55,388.55,388.55,388.55,2
20251006  13:17,388.6,388.6,388.25,388.25,4
20251006  13:18,388.65,388.75,388.65,388.75,2
20251006  13:19,388.8,388.8,388.3,388.3,4
20251006  13:20,388.15,388.15,388.0,388.1,5
20251006  13:21,388.1,389.15,388.1,389.15,25
20251006  13:22,389.3,389.3,389.05,389.05,3
20251006  13:23,389.15,389.95,389.0,389.8,30
20251006  13:24,389.95,389.95,389.6,389.9,3
20251006  13:25,389.9,389.9,389.75,389.75,4
20251006  13:26,389.9,389.9,389.9,389.9,2
20251006  13:27,389.8,389.8,389.5,389.6,8
20251006  13:28,389.05,389.3,388.95,389.3,9
20251006  13:29,389.0,389.05,389.0,389.05,2
20251006  13:30,389.05,389.05,388.85,388.85,4
20251007  10:15,381.6,382.3,380.95,381.3,121
20251007  10:16,380.9,380.9,379.1,379.1,77
20251007  10:17,378.8,379.0,378.5,378.8,31
20251007  10:18,378.7,379.1,378.7,379.1,9
20251007  10:19,378.9,379.3,378.55,378.55,19
20251007  10:20,378.5,378.85,378.5,378.75,9
20251007  10:21,378.55,378.8,378.55,378.8,5
20251007  10:22,378.7,378.8,378.7,378.8,5
20251007  10:23,378.6,378.6,376.5,376.85,137
20251007  10:24,376.95,377.0,376.8,376.85,11
20251007  10:25,376.9,377.0,376.8,376.8,7
20251007  10:26,376.8,376.8,375.5,376.65,53
20251007  10:27,376.65,377.0,376.45,376.45,9
20251007  10:28,376.35,376.6,376.35,376.6,3
20251007  10:29,376.95,377.25,376.95,377.0,29
20251007  10:30,377.15,377.6,377.15,377.6,10
20251007  10:31,377.6,378.05,377.6,377.75,18
20251007  10:32,377.65,378.2,377.65,378.0,17
20251007  10:33,377.8,377.9,377.5,377.65,13
20251007  10:34,377.7,377.9,377.7,377.9,3
20251007  10:35,378.15,378.75,378.15,378.45,33
20251007  10:36,378.35,378.55,378.35,378.45,7
20251007  10:37,378.1,379.0,378.1,378.75,19
20251007  10:38,379.0,379.65,379.0,379.65,17
20251007  10:39,379.65,379.7,378.9,378.9,10
20251007  10:40,378.8,378.8,378.55,378.7,6
20251007  10:41,379.25,379.3,379.25,379.3,2
20251007  10:42,379.3,379.6,379.25,379.6,7
20251007  10:43,379.3,379.3,379.1,379.1,5
20251007  10:44,378.85,378.85,378.7,378.7,6
20251007  10:45,378.7,378.9,378.5,378.65,12
20251007  10:46,378.8,379.4,378.8,379.1,4
20251007  10:47,378.95,379.3,378.7,378.7,7
20251007  10:48,378.7,378.7,378.65,378.65,2
20251007  10:49,378.8,378.85,378.65,378.85,3
20251007  10:50,378.85,379.3,378.85,379.3,9
20251007  10:51,379.3,379.8,379.2,379.8,13
20251007  10:52,379.85,379.85,379.75,379.75,2
20251007  10:53,379.45,379.5,379.1,379.5,4
20251007  10:54,379.5,379.5,379.5,379.5,0
20251007  10:55,379.25,379.35,379.15,379.35,4
20251007  10:56,379.6,379.6,379.6,379.6,1
20251007  10:57,379.75,380.05,379.75,379.85,8
20251007  10:58,379.5,379.7,379.5,379.6,3
20251007  10:59,379.6,379.6,379.6,379.6,0
20251007  11:00,379.7,379.7,379.7,379.7,2
20251007  11:01,379.5,379.75,379.4,379.5,23
20251007  11:02,379.45,379.8,379.45,379.8,5
20251007  11:03,379.6,379.6,378.85,378.85,9
20251007  11:04,378.95,378.95,378.95,378.95,1
20251007  11:05,378.65,379.25,378.5,379.15,28
20251007  11:06,379.15,379.15,379.15,379.15,0
20251007  11:07,379.3,379.35,379.1,379.1,5
20251007  11:08,378.9,378.9,378.9,378.9,1
20251007  11:09,378.65,378.9,378.65,378.75,10
20251007  11:10,378.65,378.95,378.65,378.95,3
20251007  11:11,378.55,378.65,378.55,378.65,6
20251007  11:12,378.65,378.65,378.65,378.65,1
20251007  11:13,378.6,378.7,378.6,378.7,3
20251007  11:14,378.7,378.7,378.7,378.7,0
20251007  11:15,378.5,378.85,378.5,378.85,4
20251007  11:16,378.95,378.95,378.95,378.95,1
20251007  11:17,378.8,378.8,378.45,378.45,2
20251007  11:18,378.35,378.35,378.35,378.35,1
20251007  11:19,378.6,378.95,378.4,378.9,9
20251007  11:20,378.9,378.9,378.9,378.9,0
20251007  11:21,378.7,378.7,378.7,378.7,1
20251007  11:22,378.6,378.6,378.6,378.6,2
20251007  11:23,378.6,378.6,378.6,378.6,0
20251007  11:24,378.6,378.6,378.6,378.6,0
20251007  11:25,378.5,378.5,378.4,378.5,4
20251007  11:26,378.5,378.8,378.5,378.7,3
20251007  11:27,378.65,378.65,378.45,378.45,2
20251007  11:28,378.5,378.55,378.5,378.55,2
20251007  11:29,378.55,378.55,378.55,378.55,0
20251007  11:30,378.7,378.7,378.7,378.7,1
20251007  11:31,378.9,379.05,378.7,378.7,23
20251007  11:32,378.55,378.55,378.55,378.55,1
20251007  11:33,378.65,379.05,378.65,379.0,5
20251007  11:34,378.85,379.05,378.8,378.8,6
20251007  11:35,378.8,378.8,378.8,378.8,0
20251007  11:36,378.7,378.7,378.7,378.7,1
20251007  11:37,379.05,379.05,379.05,379.05,4
20251007  11:38,379.05,379.65,379.05,379.4,6
20251007  11:39,379.4,379.45,379.4,379.45,5
20251007  11:40,379.45,379.45,379.45,379.45,0
20251007  11:41,379.65,379.65,379.5,379.5,3
20251007  11:42,379.5,379.5,379.5,379.5,1
20251007  11:43,379.5,379.55,379.5,379.55,3
20251007  11:44,379.7,379.7,379.55,379.55,10
20251007  11:45,379.55,379.55,378.9,378.9,9
20251007  11:46,378.7,378.95,378.5,378.9,6
20251007  11:47,379.0,379.05,379.0,379.05,2
20251007  11:48,379.05,379.05,379.05,379.05,2
20251007  11:49,379.2,379.2,379.0,379.0,3
20251007  11:50,378.65,378.7,378.65,378.7,2
20251007  11:51,378.7,378.7,378.7,378.7,0
20251007  11:52,378.4,378.7,378.4,378.7,5
20251007  11:53,378.5,378.7,378.5,378.7,6
20251007  11:54,378.5,378.85,378.5,378.85,8
20251007  11:55,378.6,378.6,378.45,378.45,2
20251007  11:56,378.15,378.25,378.05,378.05,10
20251007  11:57,377.8,377.9,377.8,377.8,6
20251007  11:58,377.8,377.8,377.8,377.8,0
20251007  11:59,377.95,378.05,377.95,378.05,2
20251007  12:00,377.25,377.25,377.2,377.25,6
20251007  12:01,377.3,377.5,377.3,377.4,12
20251007  12:02,377.2,377.45,376.75,377.45,9
20251007  12:03,377.45,377.65,377.3,377.65,5
20251007  12:04,377.65,377.65,377.65,377.65,0
20251007  12:05,377.65,377.65,377.65,377.65,0
20251007  12:06,377.5,377.5,377.5,377.5,1
20251007  12:07,377.4,377.45,377.25,377.45,5
20251007  12:08,377.45,377.45,377.45,377.45,0
20251007  12:09,377.6,377.6,377.6,377.6,1
20251007  12:10,377.6,377.6,377.6,377.6,0
20251007  12:11,377.35,377.35,377.35,377.35,2
20251007  12:12,377.55,377.65,377.1,377.1,5
20251007  12:13,377.25,377.25,377.2,377.25,4
20251007  12:14,377.2,377.5,377.1,377.5,6
20251007  12:15,377.35,377.35,377.3,377.3,2
20251007  12:16,377.2,377.2,377.2,377.2,2
20251007  12:17,377.2,377.2,377.2,377.2,0
20251007  12:18,377.15,377.15,376.75,376.75,8
20251007  12:19,376.75,376.75,376.05,376.1,25
20251007  12:20,376.05,376.3,375.85,375.9,30
20251007  12:21,375.9,375.9,375.9,375.9,1
20251007  12:22,376.1,376.15,376.1,376.15,3
20251007  12:23,376.3,376.55,376.3,376.55,5
20251007  12:24,376.55,377.0,376.55,377.0,6
20251007  12:25,377.0,377.0,377.0,377.0,1
20251007  12:26,376.9,377.1,376.9,377.1,4
20251007  12:27,377.2,377.2,376.95,376.95,3
20251007  12:28,376.7,376.95,376.7,376.95,6
20251007  12:29,377.0,377.1,376.95,377.1,3
20251007  12:30,377.1,377.1,377.1,377.1,0
20251007  12:31,376.75,377.1,376.75,377.1,2
20251007  12:32,376.95,377.15,376.9,377.15,4
20251007  12:33,377.1,377.1,377.1,377.1,1
20251007  12:34,377.15,377.5,377.15,377.2,28
20251007  12:35,377.1,377.1,377.1,377.1,1
20251007  12:36,377.05,377.05,377.05,377.05,2
20251007  12:37,377.05,377.05,377.05,377.05,0
20251007  12:38,377.1,377.1,377.1,377.1,2
20251007  12:39,377.1,377.25,377.1,377.2,3
20251007  12:40,377.25,377.25,377.05,377.05,2
20251007  12:41,377.15,377.2,377.15,377.2,3
20251007  12:42,377.05,377.2,377.0,377.2,19
20251007  12:43,377.15,377.3,377.0,377.3,8
20251007  12:44,377.0,377.0,377.0,377.0,1
20251007  12:45,377.15,377.15,376.8,376.8,6
20251007  12:46,376.8,376.8,376.35,376.55,7
20251007  12:47,376.55,376.55,376.3,376.45,7
20251007  12:48,376.35,376.4,376.25,376.25,8
20251007  12:49,376.25,376.25,376.25,376.25,1
20251007  12:50,376.3,376.3,376.2,376.2,2
20251007  12:51,376.4,377.15,376.4,377.15,9
20251007  12:52,377.05,377.05,377.05,377.05,1
20251007  12:53,376.7,376.7,376.7,376.7,1
20251007  12:54,376.6,376.6,376.45,376.45,12
20251007  12:55,376.65,376.65,376.45,376.45,3
20251007  12:56,376.25,376.25,376.25,376.25,2
20251007  12:57,376.25,376.95,376.25,376.9,10
20251007  12:58,376.7,376.7,376.6,376.65,4
20251007  12:59,376.35,376.35,376.35,376.35,1
20251007  13:00,376.4,376.4,376.4,376.4,2
20251007  13:01,376.15,376.45,376.15,376.45,11
20251007  13:02,376.5,376.5,376.25,376.25,5
20251007  13:03,376.5,376.5,376.25,376.25,4
20251007  13:04,376.2,376.2,375.85,375.85,19
20251007  13:05,375.8,375.8,375.5,375.7,7
20251007  13:06,375.8,375.8,375.8,375.8,2
20251007  13:07,375.7,376.35,375.7,376.35,31
20251007  13:08,376.35,376.35,375.65,375.65,15
20251007  13:09,375.65,375.65,375.2,375.4,35
20251007  13:10,375.6,375.6,375.2,375.3,35
20251007  13:11,375.35,375.6,375.2,375.45,12
20251007  13:12,375.45,375.6,375.45,375.45,23
20251007  13:13,375.3,375.45,375.3,375.35,7
20251007  13:14,375.3,375.6,375.3,375.6,7
20251007  13:15,375.75,375.85,375.75,375.85,3
20251007  13:16,376.0,376.1,375.95,376.1,6
20251007  13:17,376.05,376.15,375.85,376.1,10
20251007  13:18,376.2,376.35,375.25,375.3,42
20251007  13:19,375.45,375.5,374.75,374.8,170
20251007  13:20,374.8,375.85,374.75,375.25,11
20251007  13:21,375.4,375.7,375.25,375.7,8
20251007  13:22,375.65,375.65,375.6,375.6,2
20251007  13:23,375.65,375.65,375.3,375.3,3
20251007  13:24,375.25,375.25,375.0,375.0,11
20251007  13:25,375.25,375.25,375.25,375.25,3
20251007  13:26,375.25,375.55,375.25,375.55,2
20251007  13:27,375.4,375.6,375.4,375.6,5
20251007  13:28,375.75,375.8,375.7,375.7,5
20251007  13:29,375.5,375.8,375.5,375.8,8
20251007  13:30,375.8,376.45,375.8,376.25,8
20251008  10:15,376.85,376.85,374.3,374.45,104
20251008  10:16,375.1,376.1,374.9,375.9,21
20251008  10:17,375.75,375.75,375.0,375.1,17
20251008  10:18,375.2,375.5,375.1,375.1,16
20251008  10:19,375.1,375.3,374.8,375.3,7
20251008  10:20,375.85,375.85,375.75,375.75,5
20251008  10:21,376.05,376.05,375.65,375.7,4
20251008  10:22,375.9,375.95,375.35,375.35,4
20251008  10:23,375.6,375.6,375.5,375.5,3
20251008  10:24,375.55,375.7,375.55,375.6,5
20251008  10:25,376.0,376.1,376.0,376.1,4
20251008  10:26,376.25,376.25,376.25,376.25,1
20251008  10:27,376.1,376.1,375.6,375.85,6
20251008  10:28,376.1,376.25,375.85,375.85,8
20251008  10:29,375.85,375.85,375.85,375.85,0
20251008  10:30,375.65,375.7,375.5,375.7,4
20251008  10:31,375.9,376.0,375.9,376.0,4
20251008  10:32,376.15,376.3,376.1,376.3,21
20251008  10:33,376.1,376.15,376.1,376.15,2
20251008  10:34,376.0,376.4,376.0,376.0,27
20251008  10:35,376.05,376.4,376.05,376.25,9
20251008  10:36,376.2,376.2,376.05,376.1,6
20251008  10:37,376.15,376.15,375.75,375.75,6
20251008  10:38,375.75,375.75,375.75,375.75,0
20251008  10:39,375.55,376.4,375.55,376.3,13
20251008  10:40,376.3,376.3,376.3,376.3,1
20251008  10:41,376.3,376.3,376.3,376.3,0
20251008  10:42,376.3,376.3,375.85,375.85,9
20251008  10:43,376.1,376.25,376.1,376.2,11
20251008  10:44,376.2,376.2,376.2,376.2,0
20251008  10:45,376.2,376.2,376.2,376.2,0
20251008  10:46,376.25,376.25,376.25,376.25,1
20251008  10:47,376.45,376.5,375.85,375.85,11
20251008  10:48,375.8,375.8,375.55,375.55,9
20251008  10:49,375.45,375.45,375.0,375.05,15
20251008  10:50,375.2,375.2,374.5,374.5,13
20251008  10:51,374.7,374.7,374.55,374.55,6
20251008  10:52,374.6,374.75,374.6,374.75,3
20251008  10:53,374.75,374.75,374.75,374.75,0
20251008  10:54,374.55,374.6,374.55,374.6,3
20251008  10:55,374.6,374.6,374.5,374.5,7
20251008  10:56,374.45,374.45,374.1,374.1,9
20251008  10:57,374.15,374.25,374.0,374.25,15
20251008  10:58,374.1,374.1,374.0,374.0,2
20251008  10:59,373.95,374.25,373.95,374.25,7
20251008  11:00,374.15,374.15,374.0,374.1,7
20251008  11:01,374.1,374.3,374.0,374.3,9
20251008  11:02,374.3,374.3,374.3,374.3,1
20251008  11:03,374.2,374.55,374.2,374.55,5
20251008  11:04,374.6,374.6,374.5,374.5,2
20251008  11:05,374.9,374.9,374.9,374.9,1
20251008  11:06,374.95,375.05,374.75,374.9,9
20251008  11:07,375.1,375.1,375.1,375.1,1
20251008  11:08,375.3,375.3,374.95,374.95,5
20251008  11:09,374.9,374.9,374.9,374.9,3
20251008  11:10,375.15,375.4,375.15,375.4,3
20251008  11:11,375.4,375.4,375.4,375.4,0
20251008  11:12,376.25,376.5,376.25,376.35,19
20251008  11:13,376.35,376.5,376.25,376.25,7
20251008  11:14,376.45,376.55,376.35,376.35,6
20251008  11:15,376.3,376.4,376.3,376.4,4
20251008  11:16,376.6,377.05,376.6,377.0,24
20251008  11:17,376.8,376.8,376.45,376.45,10
20251008  11:18,376.6,376.6,376.55,376.55,3
20251008  11:19,376.7,376.7,376.7,376.7,1
20251008  11:20,376.7,376.7,376.7,376.7,0
20251008  11:21,376.9,377.1,376.85,377.1,20
20251008  11:22,377.0,377.25,377.0,377.25,7
20251008  11:23,377.0,377.0,375.8,375.9,71
20251008  11:24,375.95,375.95,375.8,375.8,2
20251008  11:25,375.95,375.95,375.95,375.95,1
20251008  11:26,375.95,375.95,375.95,375.95,0
20251008  11:27,375.95,375.95,375.95,375.95,0
20251008  11:28,376.15,376.15,376.15,376.15,1
20251008  11:29,376.15,376.15,376.15,376.15,0
20251008  11:30,375.9,376.05,375.8,376.05,7
20251008  11:31,376.05,376.9,376.05,376.9,7
20251008  11:32,376.75,376.75,376.65,376.65,2
20251008  11:33,376.9,377.25,376.9,377.25,16
20251008  11:34,377.3,377.45,377.3,377.45,20
20251008  11:35,377.55,378.0,377.25,377.25,22
20251008  11:36,377.45,377.45,376.4,376.65,33
20251008  11:37,376.6,376.95,376.55,376.9,13
20251008  11:38,376.95,377.45,376.95,377.45,4
20251008  11:39,377.5,377.5,377.1,377.1,5
20251008  11:40,377.1,377.1,377.0,377.0,6
20251008  11:41,376.9,376.9,376.9,376.9,1
20251008  11:42,377.1,377.1,377.1,377.1,1
20251008  11:43,376.9,377.15,376.9,377.05,7
20251008  11:44,377.2,377.25,377.2,377.25,3
20251008  11:45,377.2,377.85,377.2,377.75,43
20251008  11:46,377.8,377.8,377.3,377.3,5
20251008  11:47,377.2,377.25,377.2,377.25,2
20251008  11:48,377.25,377.25,377.15,377.2,4
20251008  11:49,377.15,377.3,377.1,377.3,3
20251008  11:50,377.4,377.65,377.4,377.65,3
20251008  11:51,377.55,377.55,377.5,377.55,3
20251008  11:52,377.75,378.25,377.75,378.1,10
20251008  11:53,378.15,378.35,378.0,378.15,10
20251008  11:54,378.15,378.15,378.15,378.15,4
20251008  11:55,378.3,378.3,377.25,377.6,21
20251008  11:56,377.4,377.5,377.4,377.4,4
20251008  11:57,377.75,377.8,377.75,377.8,3
20251008  11:58,377.75,377.75,377.6,377.6,2
20251008  11:59,377.6,377.6,377.6,377.6,0
20251008  12:00,377.65,377.85,377.65,377.85,6
20251008  12:01,377.9,378.3,377.9,378.25,17
20251008  12:02,378.1,378.1,377.95,378.1,5
20251008  12:03,378.2,378.3,378.2,378.3,3
20251008  12:04,378.3,378.3,378.3,378.3,1
20251008  12:05,378.2,378.2,378.15,378.2,4
20251008  12:06,378.25,378.3,378.1,378.15,8
20251008  12:07,378.3,378.6,377.6,377.6,43
20251008  12:08,377.7,377.85,377.5,377.5,12
20251008  12:09,377.75,377.75,377.75,377.75,1
20251008  12:10,377.9,378.0,377.6,377.6,6
20251008  12:11,377.1,377.1,377.1,377.1,1
20251008  12:12,377.25,377.55,377.25,377.55,14
20251008  12:13,377.65,378.05,377.65,378.0,24
20251008  12:14,378.0,378.0,378.0,378.0,0
20251008  12:15,378.0,378.0,378.0,378.0,0
20251008  12:16,378.05,378.05,377.7,377.7,4
20251008  12:17,377.55,377.55,377.55,377.55,1
20251008  12:18,377.4,377.4,377.4,377.4,1
20251008  12:19,377.25,377.3,377.25,377.3,3
20251008  12:20,377.1,377.85,377.0,377.85,27
20251008  12:21,377.95,378.25,377.85,377.85,15
20251008  12:22,377.75,377.75,377.75,377.75,3
20251008  12:23,377.75,377.75,377.75,377.75,0
20251008  12:24,377.65,377.85,377.65,377.85,3
20251008  12:25,377.85,377.85,377.85,377.85,0
20251008  12:26,377.95,378.05,377.95,377.95,24
20251008  12:27,377.95,377.95,377.95,377.95,0
20251008  12:28,377.7,377.7,377.7,377.7,1
20251008  12:29,377.6,377.6,377.6,377.6,1
20251008  12:30,377.8,377.8,377.6,377.6,3
20251008  12:31,377.6,377.6,377.6,377.6,0
20251008  12:32,377.7,377.7,377.45,377.45,9
20251008  12:33,377.3,377.3,377.1,377.1,3
20251008  12:34,377.1,377.1,377.1,377.1,0
20251008  12:35,377.1,377.1,377.1,377.1,0
20251008  12:36,377.1,377.1,377.1,377.1,0
20251008  12:37,377.5,377.5,377.5,377.5,1
20251008  12:38,377.5,377.5,377.5,377.5,1
20251008  12:39,377.5,377.5,377.5,377.5,3
20251008  12:40,377.5,377.5,377.5,377.5,0
20251008  12:41,377.15,377.15,377.15,377.15,1
20251008  12:42,377.15,377.15,377.15,377.15,0
20251008  12:43,377.0,377.35,376.9,377.3,22
20251008  12:44,377.55,377.55,377.55,377.55,1
20251008  12:45,377.75,377.75,377.7,377.7,2
20251008  12:46,377.45,377.45,377.35,377.35,4
20251008  12:47,377.55,377.7,377.25,377.25,20
20251008  12:48,377.05,377.05,376.3,376.55,22
20251008  12:49,376.5,376.5,376.45,376.5,3
20251008  12:50,376.55,376.55,376.55,376.55,2
20251008  12:51,376.5,376.5,376.5,376.5,2
20251008  12:52,376.65,376.85,376.6,376.65,6
20251008  12:53,376.8,376.8,376.7,376.8,3
20251008  12:54,376.8,376.8,376.8,376.8,0
20251008  12:55,376.8,376.8,376.8,376.8,0
20251008  12:56,376.8,376.8,376.8,376.8,0
20251008  12:57,376.8,376.8,376.8,376.8,0
20251008  12:58,376.9,376.9,376.85,376.9,3
20251008  12:59,376.7,376.7,376.6,376.6,5
20251008  13:00,376.55,376.55,376.55,376.55,1
20251008  13:01,376.75,376.8,376.7,376.8,4
20251008  13:02,376.95,376.95,376.95,376.95,1
20251008  13:03,376.95,376.95,376.95,376.95,0
20251008  13:04,376.65,376.65,376.65,376.65,2
20251008  13:05,376.65,376.65,376.65,376.65,0
20251008  13:06,376.65,376.65,376.65,376.65,0
20251008  13:07,376.7,376.9,376.7,376.9,4
20251008  13:08,376.9,376.9,376.9,376.9,1
20251008  13:09,377.0,377.25,377.0,377.25,2
20251008  13:10,377.25,377.25,377.25,377.25,1
20251008  13:11,377.25,377.25,377.25,377.25,0
20251008  13:12,377.25,377.25,377.25,377.25,0
20251008  13:13,377.3,377.3,377.1,377.2,9
20251008  13:14,377.35,377.35,377.35,377.35,1
20251008  13:15,377.35,377.35,377.35,377.35,1
20251008  13:16,377.15,377.35,376.95,377.2,24
20251008  13:17,377.2,377.2,377.2,377.2,0
20251008  13:18,377.1,377.1,377.1,377.1,1
20251008  13:19,377.5,377.5,377.5,377.5,2
20251008  13:20,377.8,378.45,377.8,378.45,24
20251008  13:21,378.5,379.45,378.5,379.4,37
20251008  13:22,379.5,379.85,379.4,379.85,31
20251008  13:23,379.8,380.2,379.5,379.7,51
20251008  13:24,379.6,379.75,379.35,379.4,9
20251008  13:25,379.25,379.5,379.1,379.3,25
20251008  13:26,379.45,379.6,379.25,379.6,9
20251008  13:27,379.5,380.0,379.5,380.0,5
20251008  13:28,380.15,381.1,379.95,381.05,73
20251008  13:29,381.0,381.3,380.55,381.3,83
20251008  13:30,381.25,382.2,381.25,381.85,117
20251009  10:15,385.5,386.0,384.2,385.0,194
20251009  10:16,385.3,385.75,385.0,385.1,14
20251009  10:17,385.25,385.65,385.2,385.45,17
20251009  10:18,385.65,386.0,385.4,385.55,49
20251009  10:19,385.55,385.65,385.4,385.4,8
20251009  10:20,385.4,385.95,385.4,385.95,11
20251009  10:21,385.85,385.9,385.65,385.85,10
20251009  10:22,385.95,386.0,385.7,385.7,41
20251009  10:23,385.55,385.7,385.4,385.7,11
20251009  10:24,385.9,386.75,385.9,386.1,67
20251009  10:25,386.4,386.45,386.4,386.45,3
20251009  10:26,386.3,386.3,385.55,385.55,13
20251009  10:27,385.75,386.05,385.75,385.85,5
20251009  10:28,385.65,385.65,384.55,384.6,32
20251009  10:29,384.7,384.7,384.05,384.4,18
20251009  10:30,384.8,384.8,384.4,384.4,7
20251009  10:31,384.5,384.8,384.25,384.8,6
20251009  10:32,384.65,385.2,384.6,384.9,9
20251009  10:33,385.2,385.2,385.15,385.2,4
20251009  10:34,385.3,385.3,384.85,384.85,6
20251009  10:35,384.75,384.8,384.6,384.6,5
20251009  10:36,384.55,385.35,384.55,385.3,7
20251009  10:37,385.1,385.1,384.6,384.6,5
20251009  10:38,384.55,384.8,384.55,384.8,3
20251009  10:39,384.65,384.8,384.5,384.8,9
20251009  10:40,384.6,384.7,384.45,384.5,7
20251009  10:41,384.4,384.55,384.4,384.55,2
20251009  10:42,384.55,384.55,384.55,384.55,0
20251009  10:43,384.8,384.85,384.75,384.85,6
20251009  10:44,384.85,384.85,384.85,384.85,0
20251009  10:45,384.95,384.95,384.8,384.8,3
20251009  10:46,384.9,384.9,384.9,384.9,1
20251009  10:47,384.95,385.0,384.7,384.7,16
20251009  10:48,384.9,384.9,384.9,384.9,1
20251009  10:49,384.8,384.8,384.55,384.55,4
20251009  10:50,384.6,384.8,384.35,384.8,10
20251009  10:51,384.75,384.75,384.75,384.75,1
20251009  10:52,384.95,385.0,384.8,384.8,3
20251009  10:53,384.8,384.8,384.8,384.8,0
20251009  10:54,384.75,384.9,384.75,384.9,2
20251009  10:55,384.9,384.9,384.9,384.9,0
20251009  10:56,384.9,384.9,384.9,384.9,0
20251009  10:57,384.9,384.9,384.9,384.9,3
20251009  10:58,384.7,384.7,384.6,384.6,4
20251009  10:59,384.6,384.6,384.6,384.6,0
20251009  11:00,385.0,385.45,385.0,385.45,11
20251009  11:01,385.65,385.95,385.55,385.95,17
20251009  11:02,386.0,386.85,385.95,386.85,37
20251009  11:03,386.9,387.45,386.8,386.85,56
20251009  11:04,386.75,386.75,386.75,386.75,2
20251009  11:05,386.8,387.15,386.8,386.85,15
20251009  11:06,386.85,386.9,386.85,386.9,2
20251009  11:07,386.9,386.9,386.9,386.9,0
20251009  11:08,386.75,386.75,386.75,386.75,1
20251009  11:09,386.9,387.05,386.9,386.95,4
20251009  11:10,386.9,387.35,386.9,387.2,19
20251009  11:11,387.05,387.05,387.0,387.0,7
20251009  11:12,387.2,387.95,387.2,387.4,40
20251009  11:13,387.35,387.5,387.1,387.1,8
20251009  11:14,387.25,387.35,387.25,387.35,3
20251009  11:15,387.0,387.1,386.8,387.1,8
20251009  11:16,386.95,386.95,386.8,386.8,3
20251009  11:17,386.85,386.85,386.6,386.6,4
20251009  11:18,386.8,386.95,386.8,386.95,2
20251009  11:19,386.95,387.2,386.95,387.2,2
20251009  11:20,387.2,387.2,387.2,387.2,0
20251009  11:21,386.9,386.9,386.9,386.9,1
20251009  11:22,386.85,386.85,386.0,386.15,31
20251009  11:23,386.25,386.25,385.7,385.85,9
20251009  11:24,385.7,385.7,385.65,385.7,3
20251009  11:25,385.75,385.75,385.55,385.65,7
20251009  11:26,385.25,385.55,385.15,385.2,10
20251009  11:27,385.2,385.2,385.2,385.2,0
20251009  11:28,385.5,385.5,385.5,385.5,3
20251009  11:29,385.65,385.65,385.65,385.65,1
20251009  11:30,385.7,385.7,385.7,385.7,2
20251009  11:31,385.5,385.5,384.7,384.8,16
20251009  11:32,384.8,385.0,384.5,384.6,40
20251009  11:33,384.55,384.6,384.5,384.5,4
20251009  11:34,384.25,384.25,383.85,384.25,31
20251009  11:35,384.25,384.9,384.25,384.9,11
20251009  11:36,385.05,385.05,385.05,385.05,1
20251009  11:37,384.9,385.0,384.9,385.0,2
20251009  11:38,385.15,385.15,385.15,385.15,1
20251009  11:39,385.15,385.15,385.15,385.15,0
20251009  11:40,385.15,385.15,385.15,385.15,0
20251009  11:41,385.5,385.5,385.5,385.5,1
20251009  11:42,385.2,385.2,384.6,384.8,16
20251009  11:43,385.0,385.0,384.9,385.0,4
20251009  11:44,384.85,384.85,383.8,383.8,64
20251009  11:45,383.65,383.9,383.6,383.9,7
20251009  11:46,384.0,384.15,383.75,384.0,7
20251009  11:47,384.0,384.0,383.8,383.8,11
20251009  11:48,383.9,383.9,383.35,383.35,8
20251009  11:49,383.35,383.35,383.35,383.35,0
20251009  11:50,383.3,383.4,383.05,383.4,12
20251009  11:51,383.5,383.55,383.5,383.55,4
20251009  11:52,383.6,383.6,383.2,383.2,14
20251009  11:53,383.6,383.7,383.55,383.7,6
20251009  11:54,383.8,384.0,383.8,384.0,7
20251009  11:55,383.9,383.9,383.75,383.9,9
20251009  11:56,383.8,383.8,383.3,383.4,12
20251009  11:57,383.35,383.4,383.2,383.2,12
20251009  11:58,383.05,383.2,382.6,382.6,19
20251009  11:59,382.6,382.6,382.4,382.45,29
20251009  12:00,382.45,382.45,382.45,382.45,0
20251009  12:01,382.6,382.85,382.6,382.85,5
20251009  12:02,383.0,383.0,382.95,382.95,2
20251009  12:03,383.0,383.0,383.0,383.0,1
20251009  12:04,382.8,382.8,382.8,382.8,3
20251009  12:05,382.8,382.8,382.8,382.8,0
20251009  12:06,382.8,382.8,382.8,382.8,0
20251009  12:07,383.15,383.15,383.15,383.15,2
20251009  12:08,383.15,383.15,383.15,383.15,0
20251009  12:09,383.15,383.15,383.15,383.15,0
20251009  12:10,383.15,383.15,383.15,383.15,0
20251009  12:11,383.15,383.15,383.15,383.15,0
20251009  12:12,383.15,383.15,383.15,383.15,0
20251009  12:13,383.15,383.15,383.15,383.15,0
20251009  12:14,383.6,383.75,383.6,383.75,2
20251009  12:15,383.85,384.1,383.85,384.1,2
20251009  12:16,384.4,384.5,384.3,384.5,6
20251009  12:17,384.5,384.7,384.5,384.5,4
20251009  12:18,384.5,384.5,384.5,384.5,0
20251009  12:19,384.5,384.5,384.5,384.5,1
20251009  12:20,384.35,384.35,384.35,384.35,1
20251009  12:21,384.4,384.4,384.4,384.4,2
20251009  12:22,384.4,384.4,384.4,384.4,0
20251009  12:23,384.55,384.6,384.55,384.6,3
20251009  12:24,384.65,384.75,384.65,384.75,2
20251009  12:25,384.75,384.75,384.75,384.75,0
20251009  12:26,384.75,384.75,384.75,384.75,0
20251009  12:27,384.5,384.5,384.5,384.5,1
20251009  12:28,384.55,384.55,384.3,384.3,2
20251009  12:29,384.3,384.3,384.3,384.3,0
20251009  12:30,384.3,384.3,384.3,384.3,0
20251009  12:31,384.3,384.3,384.3,384.3,0
20251009  12:32,384.3,384.3,384.3,384.3,0
20251009  12:33,384.3,384.3,384.3,384.3,0
20251009  12:34,384.2,384.75,384.2,384.75,13
20251009  12:35,384.75,384.75,384.75,384.75,0
20251009  12:36,384.75,384.75,384.75,384.75,0
20251009  12:37,384.7,384.95,384.7,384.95,3
20251009  12:38,384.9,384.9,384.8,384.8,3
20251009  12:39,384.7,384.8,384.7,384.8,2
20251009  12:40,384.95,384.95,384.95,384.95,5
20251009  12:41,384.95,384.95,384.95,384.95,0
20251009  12:42,385.0,385.25,385.0,385.05,13
20251009  12:43,385.05,385.05,385.05,385.05,0
20251009  12:44,385.05,385.05,385.05,385.05,0
20251009  12:45,385.05,385.05,385.05,385.05,0
20251009  12:46,385.55,385.75,385.45,385.45,6
20251009  12:47,385.45,385.45,385.45,385.45,0
20251009  12:48,385.45,385.45,385.45,385.45,0
20251009  12:49,385.4,385.4,385.4,385.4,1
20251009  12:50,385.25,385.25,385.25,385.25,1
20251009  12:51,385.05,385.05,385.05,385.05,1
20251009  12:52,384.95,384.95,384.7,384.85,3
20251009  12:53,384.85,384.85,384.85,384.85,0
20251009  12:54,384.7,385.1,384.7,384.75,9
20251009  12:55,384.8,384.8,384.7,384.7,3
20251009  12:56,384.4,384.4,384.3,384.3,2
20251009  12:57,384.3,384.3,384.3,384.3,0
20251009  12:58,384.3,384.3,384.3,384.3,0
20251009  12:59,384.2,384.2,384.2,384.2,1
20251009  13:00,384.05,384.05,383.85,383.85,4
20251009  13:01,384.4,384.4,384.0,384.0,8
20251009  13:02,383.7,383.8,383.7,383.8,2
20251009  13:03,383.8,383.8,383.8,383.8,1
20251009  13:04,383.65,383.65,383.65,383.65,2
20251009  13:05,383.65,383.65,383.65,383.65,0
20251009  13:06,383.95,383.95,383.95,383.95,3
20251009  13:07,384.1,384.1,384.05,384.1,3
20251009  13:08,384.25,384.25,384.25,384.25,1
20251009  13:09,384.25,384.25,384.25,384.25,0
20251009  13:10,384.55,384.55,384.55,384.55,1
20251009  13:11,384.55,384.55,384.55,384.55,0
20251009  13:12,384.55,384.55,384.55,384.55,0
20251009  13:13,384.55,384.55,384.0,384.0,2
20251009  13:14,384.0,384.0,384.0,384.0,1
20251009  13:15,384.0,384.0,384.0,384.0,0
20251009  13:16,384.0,384.0,384.0,384.0,0
20251009  13:17,384.0,384.0,384.0,384.0,0
20251009  13:18,384.0,384.0,384.0,384.0,0
20251009  13:19,383.9,384.0,383.9,383.9,4
20251009  13:20,383.95,383.95,383.95,383.95,2
20251009  13:21,384.0,384.1,384.0,384.1,3
20251009  13:22,383.9,383.9,383.7,383.7,3
20251009  13:23,383.6,383.6,383.6,383.6,1
20251009  13:24,383.6,383.6,383.6,383.6,0
20251009  13:25,383.7,383.7,383.7,383.7,1
20251009  13:26,383.7,383.7,383.7,383.7,0
20251009  13:27,383.55,383.55,383.55,383.55,1
20251009  13:28,383.4,383.4,383.3,383.3,3
20251009  13:29,383.35,383.6,383.35,383.5,3
20251009  13:30,384.0,384.0,383.7,383.7,9
20251010  10:15,376.8,378.85,375.15,378.85,221
20251010  10:16,378.2,378.9,378.05,378.15,87
20251010  10:17,378.15,378.15,377.05,377.35,25
20251010  10:18,377.35,377.4,376.5,377.15,20
20251010  10:19,377.25,377.3,376.9,376.95,7
20251010  10:20,376.8,377.5,376.75,377.5,9
20251010  10:21,377.6,377.75,377.5,377.7,7
20251010  10:22,377.5,377.5,377.2,377.2,5
20251010  10:23,377.0,377.0,377.0,377.0,1
20251010  10:24,377.35,377.7,377.35,377.7,4
20251010  10:25,377.6,377.6,377.55,377.55,2
20251010  10:26,377.65,377.8,377.35,377.8,23
20251010  10:27,377.65,378.05,377.25,377.25,24
20251010  10:28,377.05,377.4,377.05,377.4,5
20251010  10:29,377.3,377.3,377.25,377.25,5
20251010  10:30,377.25,377.25,377.25,377.25,0
20251010  10:31,377.2,377.2,377.0,377.1,7
20251010  10:32,377.7,377.75,377.7,377.75,2
20251010  10:33,377.75,378.1,377.6,378.1,38
20251010  10:34,378.4,378.6,378.4,378.5,9
20251010  10:35,378.35,378.5,378.05,378.1,8
20251010  10:36,378.15,378.2,378.15,378.2,7
20251010  10:37,378.35,378.4,377.6,377.75,21
20251010  10:38,377.8,377.8,377.8,377.8,3
20251010  10:39,377.75,378.05,377.75,377.9,17
20251010  10:40,377.85,377.85,377.35,377.35,22
20251010  10:41,377.6,377.7,377.6,377.7,2
20251010  10:42,377.55,377.6,377.5,377.6,5
20251010  10:43,377.8,377.8,377.55,377.55,7
20251010  10:44,377.55,377.55,377.55,377.55,0
20251010  10:45,377.75,377.75,377.75,377.75,1
20251010  10:46,377.8,378.15,377.7,378.1,21
20251010  10:47,378.15,378.15,377.9,377.9,12
20251010  10:48,377.9,377.9,377.9,377.9,0
20251010  10:49,377.9,377.9,377.9,377.9,0
20251010  10:50,377.6,377.6,377.6,377.6,1
20251010  10:51,377.4,377.6,377.4,377.6,2
20251010  10:52,377.45,377.45,377.45,377.45,1
20251010  10:53,377.35,377.35,377.3,377.3,2
20251010  10:54,377.3,377.3,377.3,377.3,0
20251010  10:55,377.2,377.2,377.1,377.1,3
20251010  10:56,377.1,377.1,377.1,377.1,1
20251010  10:57,377.1,377.35,377.1,377.35,5
20251010  10:58,377.5,377.8,377.5,377.8,6
20251010  10:59,377.8,377.8,377.6,377.7,17
20251010  11:00,377.6,377.8,377.6,377.65,17
20251010  11:01,377.6,377.8,377.6,377.8,9
20251010  11:02,377.8,377.8,377.55,377.65,7
20251010  11:03,377.6,377.75,377.55,377.75,9
20251010  11:04,377.75,377.75,377.75,377.75,0
20251010  11:05,377.75,377.75,377.65,377.65,3
20251010  11:06,377.65,377.65,377.65,377.65,0
20251010  11:07,377.7,377.7,377.55,377.55,4
20251010  11:08,377.65,377.8,377.65,377.8,2
20251010  11:09,377.7,377.7,377.55,377.55,5
20251010  11:10,377.5,377.5,377.5,377.5,1
20251010  11:11,377.8,378.25,377.7,378.25,38
20251010  11:12,378.3,378.5,378.25,378.5,8
20251010  11:13,378.4,378.5,378.4,378.5,2
20251010  11:14,378.55,378.9,378.55,378.9,6
20251010  11:15,378.85,379.95,378.85,379.6,43
20251010  11:16,379.55,379.55,379.5,379.5,3
20251010  11:17,379.35,379.5,379.3,379.4,22
20251010  11:18,379.35,379.65,379.35,379.55,5
20251010  11:19,379.55,379.55,379.55,379.55,0
20251010  11:20,379.55,379.55,379.55,379.55,0
20251010  11:21,379.4,379.4,379.2,379.2,4
20251010  11:22,379.1,379.45,379.1,379.25,4
20251010  11:23,379.25,379.25,379.15,379.15,2
20251010  11:24,379.2,379.2,379.2,379.2,1
20251010  11:25,379.2,379.2,379.2,379.2,0
20251010  11:26,379.1,379.3,378.85,379.1,14
20251010  11:27,379.2,379.35,379.2,379.2,5
20251010  11:28,379.25,379.25,379.25,379.25,1
20251010  11:29,379.45,379.75,379.35,379.75,4
20251010  11:30,379.3,379.3,379.15,379.15,5
20251010  11:31,379.1,379.45,378.95,379.45,10
20251010  11:32,379.6,379.85,379.6,379.85,7
20251010  11:33,379.85,379.9,379.85,379.9,3
20251010  11:34,379.9,379.9,379.9,379.9,0
20251010  11:35,379.9,380.2,379.8,379.8,22
20251010  11:36,379.95,380.25,379.95,380.25,8
20251010  11:37,380.3,380.3,380.1,380.1,4
20251010  11:38,380.1,380.1,380.1,380.1,2
20251010  11:39,380.1,380.1,380.1,380.1,0
20251010  11:40,380.0,380.0,379.8,379.8,4
20251010  11:41,379.8,379.85,379.7,379.85,3
20251010  11:42,379.7,379.7,379.7,379.7,1
20251010  11:43,379.65,379.65,379.65,379.65,1
20251010  11:44,379.65,379.65,379.65,379.65,0
20251010  11:45,379.8,379.8,379.65,379.65,4
20251010  11:46,379.85,379.9,379.85,379.9,2
20251010  11:47,379.9,379.9,379.9,379.9,0
20251010  11:48,379.7,379.7,379.7,379.7,4
20251010  11:49,379.8,379.8,379.8,379.8,1
20251010  11:50,379.65,379.65,379.65,379.65,1
20251010  11:51,379.65,379.65,379.65,379.65,0
20251010  11:52,379.65,379.65,379.65,379.65,0
20251010  11:53,379.65,379.65,379.65,379.65,0
20251010  11:54,379.65,379.65,379.65,379.65,2
20251010  11:55,379.65,379.65,379.65,379.65,0
20251010  11:56,379.75,379.75,379.5,379.55,5
20251010  11:57,379.6,379.6,379.6,379.6,2
20251010  11:58,379.6,379.6,379.6,379.6,0
20251010  11:59,379.75,379.9,379.75,379.9,2
20251010  12:00,380.0,380.0,380.0,380.0,1
20251010  12:01,380.05,380.05,380.0,380.0,2
20251010  12:02,379.85,379.85,379.8,379.8,2
20251010  12:03,379.8,379.8,379.8,379.8,0
20251010  12:04,379.8,379.8,379.8,379.8,0
20251010  12:05,379.8,379.8,379.75,379.75,2
20251010  12:06,379.75,379.75,379.75,379.75,0
20251010  12:07,379.6,379.85,379.6,379.8,15
20251010  12:08,379.8,379.85,379.6,379.6,12
20251010  12:09,379.8,379.8,379.25,379.25,16
20251010  12:10,379.15,379.15,378.0,378.65,24
20251010  12:11,378.85,379.2,378.45,378.75,14
20251010  12:12,378.9,378.95,378.9,378.95,3
20251010  12:13,378.95,378.95,378.95,378.95,0
20251010  12:14,379.25,379.25,379.25,379.25,1
20251010  12:15,378.95,378.95,378.95,378.95,1
20251010  12:16,378.95,378.95,378.95,378.95,0
20251010  12:17,378.95,378.95,378.95,378.95,0
20251010  12:18,379.1,379.1,379.1,379.1,1
20251010  12:19,379.1,379.1,379.1,379.1,0
20251010  12:20,379.1,379.1,379.1,379.1,0
20251010  12:21,379.25,379.25,379.25,379.25,1
20251010  12:22,379.25,379.25,379.25,379.25,0
20251010  12:23,379.25,379.25,379.25,379.25,0
20251010  12:24,378.9,378.95,378.85,378.85,5
20251010  12:25,378.75,378.75,378.7,378.7,2
20251010  12:26,378.6,378.6,378.4,378.4,2
20251010  12:27,378.5,378.6,378.5,378.6,3
20251010  12:28,378.6,378.6,378.6,378.6,0
20251010  12:29,378.6,378.6,378.6,378.6,0
20251010  12:30,378.7,378.8,378.7,378.8,3
20251010  12:31,378.8,378.8,378.8,378.8,0
20251010  12:32,378.8,378.8,378.8,378.8,0
20251010  12:33,378.8,378.8,378.8,378.8,0
20251010  12:34,378.8,378.8,378.8,378.8,0
20251010  12:35,378.8,378.8,378.8,378.8,1
20251010  12:36,378.8,378.8,378.75,378.75,2
20251010  12:37,378.6,378.6,378.15,378.4,11
20251010  12:38,378.4,379.5,378.3,379.5,27
20251010  12:39,379.6,379.6,379.0,379.2,17
20251010  12:40,379.2,379.2,379.2,379.2,0
20251010  12:41,378.95,378.95,378.9,378.9,2
20251010  12:42,378.9,378.9,378.9,378.9,0
20251010  12:43,378.9,378.9,378.9,378.9,0
20251010  12:44,378.85,379.0,378.85,379.0,3
20251010  12:45,378.85,378.9,378.85,378.9,3
20251010  12:46,378.75,378.75,378.75,378.75,1
20251010  12:47,378.75,378.75,378.75,378.75,2
20251010  12:48,378.75,378.75,378.75,378.75,0
20251010  12:49,378.8,378.8,378.55,378.55,4
20251010  12:50,378.55,378.55,378.55,378.55,0
20251010  12:51,378.55,378.55,378.55,378.55,0
20251010  12:52,378.8,378.8,378.8,378.8,1
20251010  12:53,379.1,379.1,379.1,379.1,1
20251010  12:54,379.35,379.35,378.9,379.15,15
20251010  12:55,379.3,379.3,379.1,379.1,3
20251010  12:56,379.05,379.1,377.65,377.65,27
20251010  12:57,377.65,377.85,377.3,377.8,31
20251010  12:58,377.9,378.7,377.9,378.5,15
20251010  12:59,378.65,378.95,378.65,378.95,14
20251010  13:00,378.95,379.6,378.95,379.3,17
20251010  13:01,379.15,379.15,379.15,379.15,2
20251010  13:02,379.25,379.3,378.9,378.9,6
20251010  13:03,378.9,378.9,378.9,378.9,0
20251010  13:04,378.9,378.9,378.8,378.8,3
20251010  13:05,378.8,378.8,378.8,378.8,0
20251010  13:06,378.8,378.8,378.8,378.8,0
20251010  13:07,379.0,379.0,379.0,379.0,1
20251010  13:08,379.0,379.0,379.0,379.0,0
20251010  13:09,379.0,379.25,379.0,379.0,8
20251010  13:10,379.1,379.1,379.1,379.1,2
20251010  13:11,379.05,379.05,379.05,379.05,1
20251010  13:12,379.05,379.05,379.05,379.05,0
20251010  13:13,379.5,379.65,379.5,379.65,7
20251010  13:14,379.7,379.7,379.7,379.7,1
20251010  13:15,379.75,379.75,379.55,379.55,4
20251010  13:16,379.55,379.55,379.55,379.55,0
20251010  13:17,379.6,379.6,379.55,379.6,6
20251010  13:18,379.7,380.25,379.7,380.1,18
20251010  13:19,380.1,380.1,380.1,380.1,1
20251010  13:20,380.2,380.2,380.05,380.05,5
20251010  13:21,380.05,380.05,380.05,380.05,0
20251010  13:22,380.0,380.05,380.0,380.05,3
20251010  13:23,379.8,379.9,379.65,379.9,4
20251010  13:24,379.7,379.75,379.7,379.75,3
20251010  13:25,379.65,379.75,379.65,379.75,8
20251010  13:26,379.55,379.55,379.3,379.3,5
20251010  13:27,379.3,379.3,379.3,379.3,0
20251010  13:28,379.3,379.3,379.3,379.3,0
20251010  13:29,379.35,379.35,379.05,379.05,2
20251010  13:30,378.7,378.7,378.7,378.7,1
20251013  10:15,373.2,376.65,373.2,375.75,188
20251013  10:16,375.8,376.95,375.7,376.75,72
20251013  10:17,376.9,377.95,376.9,377.95,43
20251013  10:18,377.95,378.0,377.0,377.25,42
20251013  10:19,377.3,378.0,376.95,377.3,16
20251013  10:20,377.45,377.65,377.3,377.4,8
20251013  10:21,377.4,377.4,377.4,377.4,0
20251013  10:22,377.7,378.4,377.55,378.4,61
20251013  10:23,378.5,378.95,378.5,378.6,25
20251013  10:24,378.95,378.95,378.35,378.35,8
20251013  10:25,378.15,378.15,377.65,377.75,13
20251013  10:26,378.0,378.2,377.85,378.1,7
20251013  10:27,378.15,378.75,377.8,378.65,23
20251013  10:28,378.65,378.7,378.5,378.5,6
20251013  10:29,378.45,378.95,378.45,378.95,24
20251013  10:30,378.7,379.0,378.65,378.85,23
20251013  10:31,378.6,378.6,377.85,377.85,14
20251013  10:32,377.95,377.95,377.55,377.9,20
20251013  10:33,378.05,378.25,378.05,378.05,7
20251013  10:34,378.15,378.15,378.15,378.15,2
20251013  10:35,378.5,379.0,378.45,379.0,40
20251013  10:36,379.2,379.3,378.6,379.3,25
20251013  10:37,379.3,379.3,378.9,378.9,4
20251013  10:38,378.75,378.75,378.25,378.25,13
20251013  10:39,378.0,378.0,378.0,378.0,2
20251013  10:40,378.35,378.35,378.35,378.35,1
20251013  10:41,377.95,378.05,377.9,378.05,3
20251013  10:42,378.05,378.05,378.05,378.05,0
20251013  10:43,378.0,378.2,378.0,378.05,7
20251013  10:44,378.05,378.05,378.05,378.05,0
20251013  10:45,378.0,378.5,378.0,378.45,19
20251013  10:46,378.4,378.4,378.0,378.4,16
20251013  10:47,378.3,378.3,378.3,378.3,1
20251013  10:48,378.2,378.35,378.0,378.35,7
20251013  10:49,378.35,378.35,378.35,378.35,1
20251013  10:50,378.35,378.35,378.35,378.35,0
20251013  10:51,378.2,378.45,378.2,378.25,21
20251013  10:52,378.25,378.5,377.8,377.9,33
20251013  10:53,377.9,377.95,377.9,377.95,2
20251013  10:54,377.95,377.95,377.95,377.95,0
20251013  10:55,378.45,378.45,378.45,378.45,2
20251013  10:56,378.4,378.65,378.4,378.6,7
20251013  10:57,378.6,378.6,378.35,378.45,9
20251013  10:58,378.4,379.0,378.4,379.0,18
20251013  10:59,379.3,379.35,379.2,379.3,6
20251013  11:00,379.2,379.6,378.9,378.9,44
20251013  11:01,378.65,378.65,378.45,378.45,2
20251013  11:02,378.8,378.8,378.8,378.8,2
20251013  11:03,378.85,379.0,378.85,378.85,3
20251013  11:04,378.85,378.85,378.85,378.85,0
20251013  11:05,378.85,378.85,378.85,378.85,0
20251013  11:06,378.65,378.65,378.55,378.55,3
20251013  11:07,378.45,378.45,378.45,378.45,1
20251013  11:08,378.45,378.45,378.45,378.45,1
20251013  11:09,378.55,378.55,378.55,378.55,1
20251013  11:10,378.65,378.65,378.25,378.25,4
20251013  11:11,378.25,378.25,378.25,378.25,0
20251013  11:12,377.8,377.9,377.8,377.9,11
20251013  11:13,377.8,378.1,377.8,378.1,24
20251013  11:14,377.8,377.8,377.6,377.7,14
20251013  11:15,377.55,377.55,377.25,377.45,13
20251013  11:16,377.7,377.9,377.7,377.75,4
20251013  11:17,377.7,377.7,377.7,377.7,1
20251013  11:18,377.8,377.8,377.6,377.65,4
20251013  11:19,377.55,377.55,377.5,377.5,4
20251013  11:20,377.45,377.45,377.45,377.45,1
20251013  11:21,377.5,377.5,377.35,377.35,4
20251013  11:22,377.35,377.35,377.35,377.35,0
20251013  11:23,377.55,377.55,377.55,377.55,1
20251013  11:24,377.25,377.25,376.5,376.85,52
20251013  11:25,377.05,377.25,377.05,377.2,7
20251013  11:26,376.8,376.8,376.8,376.8,1
20251013  11:27,376.8,376.85,376.8,376.85,2
20251013  11:28,376.6,376.6,376.4,376.5,7
20251013  11:29,376.35,376.4,376.2,376.4,5
20251013  11:30,376.1,376.1,376.1,376.1,1
20251013  11:31,376.1,376.6,375.95,376.6,8
20251013  11:32,376.6,376.7,376.6,376.7,2
20251013  11:33,376.7,376.7,376.7,376.7,0
20251013  11:34,376.6,376.6,376.45,376.45,3
20251013  11:35,376.45,376.45,376.45,376.45,1
20251013  11:36,376.4,376.7,376.4,376.7,4
20251013  11:37,376.6,376.6,376.2,376.45,13
20251013  11:38,376.65,376.65,376.65,376.65,1
20251013  11:39,376.65,376.65,376.65,376.65,1
20251013  11:40,376.55,376.55,376.55,376.55,1
20251013  11:41,376.5,376.5,376.5,376.5,1
20251013  11:42,376.5,376.5,376.5,376.5,0
20251013  11:43,376.6,376.65,376.6,376.65,2
20251013  11:44,376.85,376.85,376.65,376.65,2
20251013  11:45,376.65,376.65,376.65,376.65,0
20251013  11:46,377.0,377.0,377.0,377.0,4
20251013  11:47,377.05,377.05,376.95,377.05,3
20251013  11:48,377.05,377.05,377.05,377.05,0
20251013  11:49,377.05,377.05,377.05,377.05,0
20251013  11:50,377.0,377.0,377.0,377.0,1
20251013  11:51,377.1,377.5,377.1,377.45,5
20251013  11:52,377.45,377.45,377.15,377.15,12
20251013  11:53,377.15,377.15,377.15,377.15,0
20251013  11:54,377.15,377.15,377.15,377.15,0
20251013  11:55,377.15,377.15,377.15,377.15,0
20251013  11:56,377.15,377.15,377.15,377.15,0
20251013  11:57,377.15,377.15,377.15,377.15,0
20251013  11:58,377.4,377.5,377.4,377.5,3
20251013  11:59,377.5,377.5,377.5,377.5,0
20251013  12:00,377.45,377.45,377.45,377.45,1
20251013  12:01,377.45,377.45,377.45,377.45,0
20251013  12:02,377.45,377.45,377.45,377.45,0
20251013  12:03,377.65,377.65,377.65,377.65,2
20251013  12:04,377.8,377.8,377.8,377.8,1
20251013  12:05,377.9,378.05,377.9,378.0,5
20251013  12:06,378.0,378.0,378.0,378.0,0
20251013  12:07,378.15,378.15,377.85,377.95,13
20251013  12:08,378.3,378.3,378.3,378.3,1
20251013  12:09,378.5,379.2,378.5,379.1,25
20251013  12:10,379.35,379.6,379.3,379.6,20
20251013  12:11,379.45,379.7,379.35,379.6,13
20251013  12:12,379.95,380.0,379.8,379.8,6
20251013  12:13,380.0,381.75,380.0,381.0,121
20251013  12:14,381.25,381.25,380.7,380.7,15
20251013  12:15,380.6,381.3,380.55,381.3,50
20251013  12:16,381.5,381.85,380.8,380.8,27
20251013  12:17,380.85,381.0,380.55,380.55,11
20251013  12:18,380.5,380.5,380.5,380.5,5
20251013  12:19,380.3,380.3,380.15,380.15,3
20251013  12:20,380.45,380.75,380.45,380.75,10
20251013  12:21,380.45,380.45,380.3,380.3,6
20251013  12:22,380.1,380.4,380.1,380.15,8
20251013  12:23,380.1,380.1,379.8,379.8,7
20251013  12:24,380.05,380.35,380.05,380.35,11
20251013  12:25,380.5,380.5,380.5,380.5,1
20251013  12:26,380.5,380.5,380.5,380.5,0
20251013  12:27,380.55,380.65,380.55,380.65,2
20251013  12:28,380.7,380.75,380.7,380.75,2
20251013  12:29,380.55,380.65,380.55,380.65,3
20251013  12:30,380.7,380.7,380.7,380.7,2
20251013  12:31,380.7,380.7,380.7,380.7,0
20251013  12:32,380.8,380.85,380.8,380.85,2
20251013  12:33,380.85,380.85,380.85,380.85,0
20251013  12:34,380.9,382.25,380.9,382.25,43
20251013  12:35,382.25,382.6,381.75,382.05,55
20251013  12:36,382.25,382.5,382.25,382.25,8
20251013  12:37,382.35,382.35,382.05,382.15,7
20251013  12:38,382.25,382.25,381.1,381.3,17
20251013  12:39,381.3,381.3,381.1,381.1,9
20251013  12:40,381.1,381.2,381.1,381.15,6
20251013  12:41,381.25,381.45,381.25,381.45,2
20251013  12:42,381.65,381.65,381.65,381.65,1
20251013  12:43,381.75,381.75,381.55,381.55,2
20251013  12:44,381.55,381.55,381.55,381.55,0
20251013  12:45,381.5,381.5,381.1,381.2,12
20251013  12:46,381.25,381.3,381.05,381.3,6
20251013  12:47,381.2,381.5,381.15,381.5,16
20251013  12:48,381.75,382.95,381.7,382.95,49
20251013  12:49,382.95,383.0,382.65,382.65,25
20251013  12:50,383.0,383.45,383.0,383.2,45
20251013  12:51,383.2,383.2,383.2,383.2,0
20251013  12:52,383.2,383.2,382.55,383.0,14
20251013  12:53,382.9,383.3,382.9,383.3,10
20251013  12:54,383.25,383.3,383.25,383.3,6
20251013  12:55,383.05,383.05,382.4,382.4,7
20251013  12:56,382.6,382.6,382.15,382.15,4
20251013  12:57,382.05,382.4,382.0,382.25,7
20251013  12:58,382.1,382.2,382.1,382.2,3
20251013  12:59,382.2,382.2,382.2,382.2,0
20251013  13:00,381.95,383.3,381.95,382.55,54
20251013  13:01,382.8,382.85,382.75,382.75,6
20251013  13:02,382.75,383.1,382.75,382.95,7
20251013  13:03,383.2,384.2,383.2,383.8,71
20251013  13:04,383.65,383.85,383.6,383.7,12
20251013  13:05,383.5,383.5,383.35,383.35,5
20251013  13:06,383.25,383.25,383.05,383.05,8
20251013  13:07,382.95,383.05,382.8,382.8,7
20251013  13:08,382.85,382.85,382.45,382.5,8
20251013  13:09,382.7,382.7,382.7,382.7,2
20251013  13:10,382.8,383.05,382.8,383.05,2
20251013  13:11,383.35,383.45,383.05,383.15,13
20251013  13:12,383.1,383.25,383.05,383.25,4
20251013  13:13,383.4,383.4,383.4,383.4,1
20251013  13:14,383.4,383.6,383.4,383.55,3
20251013  13:15,383.7,384.05,383.7,383.95,18
20251013  13:16,383.9,384.05,383.75,383.75,9
20251013  13:17,383.7,383.7,383.65,383.65,3
20251013  13:18,383.95,384.0,383.95,384.0,2
20251013  13:19,383.9,383.9,383.9,383.9,2
20251013  13:20,383.95,383.95,383.95,383.95,1
20251013  13:21,384.0,384.0,383.2,383.35,16
20251013  13:22,383.4,383.4,383.0,383.0,4
20251013  13:23,383.2,383.2,383.2,383.2,1
20251013  13:24,383.3,383.35,383.05,383.05,17
20251013  13:25,383.05,383.3,383.05,383.3,6
20251013  13:26,383.3,383.3,382.55,383.15,66
20251013  13:27,383.2,383.5,383.2,383.4,7
20251013  13:28,383.45,383.6,383.45,383.6,6
20251013  13:29,383.4,383.4,383.25,383.25,3
20251013  13:30,383.3,383.3,383.3,383.3,2
20251014  10:15,383.35,384.2,382.45,382.65,142
20251014  10:16,382.9,383.3,382.6,382.6,60
20251014  10:17,382.6,382.6,381.4,381.75,48
20251014  10:18,381.6,382.35,381.5,382.2,29
20251014  10:19,382.05,383.0,381.95,382.95,38
20251014  10:20,382.6,383.95,382.6,383.6,32
20251014  10:21,383.35,384.2,383.15,383.8,34
20251014  10:22,383.8,383.8,383.8,383.8,1
20251014  10:23,383.5,383.6,383.05,383.6,11
20251014  10:24,383.4,383.4,383.35,383.4,3
20251014  10:25,383.25,383.3,382.9,382.9,11
20251014  10:26,383.0,383.0,383.0,383.0,2
20251014  10:27,383.1,383.15,382.65,382.65,9
20251014  10:28,382.35,382.4,382.15,382.15,16
20251014  10:29,382.25,382.25,381.65,381.65,6
20251014  10:30,381.8,382.15,381.8,382.15,4
20251014  10:31,381.95,381.95,381.6,381.6,9
20251014  10:32,381.45,381.7,381.45,381.7,9
20251014  10:33,381.7,381.7,381.7,381.7,0
20251014  10:34,381.6,381.6,381.6,381.6,1
20251014  10:35,382.25,382.25,382.1,382.1,4
20251014  10:36,382.1,382.1,382.1,382.1,0
20251014  10:37,382.3,382.75,382.3,382.65,10
20251014  10:38,382.5,382.75,382.3,382.75,14
20251014  10:39,382.7,383.6,382.7,383.25,18
20251014  10:40,383.3,383.3,382.85,382.85,62
20251014  10:41,382.85,382.9,382.55,382.55,4
20251014  10:42,382.8,382.8,382.8,382.8,1
20251014  10:43,382.85,382.85,382.85,382.85,1
20251014  10:44,382.8,382.9,382.65,382.65,5
20251014  10:45,382.8,383.1,382.8,383.1,2
20251014  10:46,383.1,383.1,383.1,383.1,0
20251014  10:47,383.1,383.1,383.1,383.1,0
20251014  10:48,383.55,383.55,382.95,382.95,5
20251014  10:49,382.65,382.95,382.65,382.95,2
20251014  10:50,383.45,383.55,383.1,383.1,5
20251014  10:51,383.05,383.05,383.05,383.05,2
20251014  10:52,383.45,383.45,383.15,383.3,6
20251014  10:53,383.45,383.55,383.45,383.55,2
20251014  10:54,383.75,383.75,383.4,383.65,4
20251014  10:55,383.6,383.6,383.45,383.55,3
20251014  10:56,383.55,383.55,383.55,383.55,2
20251014  10:57,383.6,383.65,383.6,383.65,3
20251014  10:58,383.65,383.65,383.65,383.65,0
20251014  10:59,383.7,383.7,383.7,383.7,1
20251014  11:00,383.75,385.0,383.75,384.9,25
20251014  11:01,384.95,385.45,384.95,385.4,47
20251014  11:02,385.5,385.8,385.35,385.8,10
20251014  11:03,385.75,385.75,385.75,385.75,1
20251014  11:04,385.7,385.9,385.65,385.65,5
20251014  11:05,385.75,386.2,385.75,385.95,28
20251014  11:06,386.3,386.3,385.95,385.95,4
20251014  11:07,385.8,385.8,385.8,385.8,1
20251014  11:08,385.8,385.8,385.8,385.8,0
20251014  11:09,385.75,385.75,385.6,385.6,2
20251014  11:10,385.65,385.65,385.6,385.6,2
20251014  11:11,385.5,385.5,385.45,385.45,8
20251014  11:12,385.4,385.4,385.25,385.25,5
20251014  11:13,385.25,385.25,385.25,385.25,0
20251014  11:14,385.15,385.15,384.5,384.5,25
20251014  11:15,384.7,384.7,384.3,384.3,13
20251014  11:16,383.95,384.0,383.95,384.0,3
20251014  11:17,384.0,384.0,384.0,384.0,0
20251014  11:18,384.0,384.0,384.0,384.0,0
20251014  11:19,384.05,384.3,384.05,384.3,14
20251014  11:20,384.3,384.3,384.3,384.3,0
20251014  11:21,384.3,384.3,384.3,384.3,0
20251014  11:22,384.65,384.65,384.65,384.65,1
20251014  11:23,384.6,384.6,384.5,384.5,2
20251014  11:24,384.5,384.5,384.5,384.5,0
20251014  11:25,384.5,384.5,384.5,384.5,0
20251014  11:26,384.5,384.5,384.25,384.25,4
20251014  11:27,384.25,384.25,384.25,384.25,0
20251014  11:28,384.25,384.25,384.25,384.25,1
20251014  11:29,384.25,384.25,384.25,384.25,0
20251014  11:30,384.5,384.5,384.3,384.35,16
20251014  11:31,384.1,384.1,383.9,384.05,11
20251014  11:32,384.05,384.05,384.05,384.05,0
20251014  11:33,384.05,384.05,384.05,384.05,0
20251014  11:34,384.05,384.05,384.05,384.05,0
20251014  11:35,383.65,383.65,383.65,383.65,1
20251014  11:36,383.55,383.75,383.55,383.6,4
20251014  11:37,383.6,383.6,383.6,383.6,0
20251014  11:38,383.8,383.8,383.8,383.8,1
20251014  11:39,383.9,384.15,383.8,383.8,8
20251014  11:40,383.8,383.8,383.8,383.8,0
20251014  11:41,384.0,384.1,384.0,384.1,2
20251014  11:42,384.1,384.1,384.1,384.1,0
20251014  11:43,384.35,384.35,384.35,384.35,1
20251014  11:44,384.35,384.35,384.35,384.35,0
20251014  11:45,384.35,384.35,384.35,384.35,0
20251014  11:46,384.2,384.2,384.05,384.05,2
20251014  11:47,383.85,384.05,383.85,384.05,6
20251014  11:48,383.85,383.85,383.45,383.85,13
20251014  11:49,383.9,383.9,383.9,383.9,1
20251014  11:50,383.6,383.6,383.6,383.6,2
20251014  11:51,383.6,383.6,383.6,383.6,0
20251014  11:52,383.85,383.95,383.8,383.95,6
20251014  11:53,383.7,383.95,383.7,383.95,5
20251014  11:54,383.95,383.95,383.95,383.95,0
20251014  11:55,383.95,383.95,383.95,383.95,0
20251014  11:56,383.95,383.95,383.95,383.95,0
20251014  11:57,383.95,383.95,383.95,383.95,0
20251014  11:58,383.95,383.95,383.95,383.95,0
20251014  11:59,384.25,384.25,384.25,384.25,1
20251014  12:00,384.25,384.6,384.25,384.6,2
20251014  12:01,384.8,384.85,384.8,384.8,3
20251014  12:02,385.0,385.0,384.7,384.85,4
20251014  12:03,384.9,384.95,384.9,384.9,3
20251014  12:04,385.05,385.2,385.0,385.0,10
20251014  12:05,384.75,384.75,384.55,384.55,3
20251014  12:06,384.45,384.55,384.45,384.55,2
20251014  12:07,384.55,384.55,384.55,384.55,2
20251014  12:08,384.55,384.55,384.55,384.55,0
20251014  12:09,384.55,384.55,384.55,384.55,0
20251014  12:10,384.55,384.55,384.55,384.55,0
20251014  12:11,384.55,384.55,384.55,384.55,0
20251014  12:12,384.7,385.2,384.7,385.2,7
20251014  12:13,385.45,385.55,385.35,385.35,9
20251014  12:14,385.35,385.35,385.35,385.35,0
20251014  12:15,385.05,385.05,385.05,385.05,1
20251014  12:16,385.05,385.05,385.05,385.05,0
20251014  12:17,385.2,385.2,385.2,385.2,1
20251014  12:18,384.75,385.35,384.75,385.35,3
20251014  12:19,385.55,385.55,385.2,385.2,7
20251014  12:20,385.2,385.2,385.2,385.2,0
20251014  12:21,385.25,385.45,385.25,385.45,3
20251014  12:22,385.45,385.45,385.45,385.45,0
20251014  12:23,385.0,385.0,385.0,385.0,2
20251014  12:24,385.1,385.1,385.0,385.0,3
20251014  12:25,385.15,385.15,385.0,385.0,4
20251014  12:26,385.15,385.4,385.15,385.4,4
20251014  12:27,385.4,385.4,385.4,385.4,0
20251014  12:28,385.4,385.4,385.4,385.4,0
20251014  12:29,385.4,385.4,385.4,385.4,0
20251014  12:30,385.4,385.4,385.4,385.4,0
20251014  12:31,385.0,385.0,384.6,384.6,5
20251014  12:32,384.45,384.45,384.4,384.4,2
20251014  12:33,384.4,384.4,384.4,384.4,0
20251014  12:34,385.25,385.4,384.95,385.1,16
20251014  12:35,385.3,385.5,385.15,385.5,8
20251014  12:36,385.55,385.8,385.55,385.6,10
20251014  12:37,385.55,385.55,385.55,385.55,2
20251014  12:38,385.85,386.0,385.75,386.0,23
20251014  12:39,386.1,386.6,385.95,386.6,13
20251014  12:40,386.7,389.4,386.7,388.55,248
20251014  12:41,388.7,388.7,388.15,388.15,33
20251014  12:42,388.4,388.4,388.25,388.4,6
20251014  12:43,388.3,388.6,388.3,388.35,7
20251014  12:44,388.55,388.9,388.35,388.9,11
20251014  12:45,389.2,389.8,389.1,389.7,58
20251014  12:46,389.85,394.45,389.8,393.1,356
20251014  12:47,393.1,393.65,392.95,393.3,47
20251014  12:48,393.15,394.2,393.15,393.6,57
20251014  12:49,394.0,394.95,393.95,394.7,62
20251014  12:50,394.5,395.55,394.25,395.55,109
20251014  12:51,395.5,396.45,395.45,396.15,69
20251014  12:52,396.6,397.4,395.9,397.3,55
20251014  12:53,396.95,397.65,396.0,396.3,70
20251014  12:54,396.15,396.35,393.95,394.75,91
20251014  12:55,395.1,395.45,393.75,393.85,39
20251014  12:56,394.85,395.8,394.45,395.8,21
20251014  12:57,395.45,396.85,395.4,396.4,24
20251014  12:58,396.8,396.9,395.35,395.4,30
20251014  12:59,395.45,395.45,394.85,395.05,29
20251014  13:00,395.45,397.35,395.45,397.1,99
20251014  13:01,397.35,397.4,395.9,396.2,99
20251014  13:02,396.0,396.0,395.55,395.55,14
20251014  13:03,396.0,396.05,395.2,395.35,17
20251014  13:04,395.0,395.0,393.9,394.7,61
20251014  13:05,394.85,394.85,394.65,394.8,18
20251014  13:06,394.55,394.95,394.5,394.5,29
20251014  13:07,394.55,394.7,394.35,394.7,18
20251014  13:08,395.0,395.05,394.75,394.95,13
20251014  13:09,395.35,395.65,395.35,395.65,3
20251014  13:10,396.0,397.0,395.85,396.85,27
20251014  13:11,396.95,397.2,396.3,396.8,22
20251014  13:12,396.65,397.3,396.6,397.05,8
20251014  13:13,397.1,397.3,396.95,397.2,21
20251014  13:14,397.2,397.4,396.3,396.4,63
20251014  13:15,396.5,398.5,396.5,398.5,61
20251014  13:16,398.7,398.8,398.2,398.5,27
20251014  13:17,398.55,399.75,398.55,399.6,71
20251014  13:18,399.7,399.7,397.65,397.65,34
20251014  13:19,397.35,397.95,397.25,397.55,29
20251014  13:20,397.8,397.8,396.4,397.1,31
20251014  13:21,397.0,397.25,396.85,396.9,14
20251014  13:22,396.8,397.0,396.2,396.5,28
20251014  13:23,396.6,396.6,396.4,396.6,7
20251014  13:24,396.6,397.0,396.6,396.95,14
20251014  13:25,396.75,397.0,396.6,396.75,9
20251014  13:26,396.9,397.1,396.8,397.05,7
20251014  13:27,397.4,397.4,397.05,397.15,9
20251014  13:28,397.35,397.65,397.2,397.65,14
20251014  13:29,397.4,397.85,397.4,397.45,17
20251014  13:30,397.5,398.25,397.5,398.2,13
20251015  10:15,399.7,400.55,398.5,400.3,136
20251015  10:16,400.5,401.15,400.4,400.4,50
20251015  10:17,400.4,402.35,400.35,402.1,45
20251015  10:18,402.5,402.5,401.65,401.65,18
20251015  10:19,401.5,402.15,401.45,401.75,9
20251015  10:20,401.4,402.4,401.35,402.35,18
20251015  10:21,402.5,403.35,402.5,403.35,16
20251015  10:22,403.35,403.35,403.35,403.35,0
20251015  10:23,403.15,403.2,402.75,402.75,9
20251015  10:24,402.5,402.5,401.05,401.1,22
20251015  10:25,401.35,401.4,401.0,401.35,25
20251015  10:26,401.7,402.15,401.7,401.7,20
20251015  10:27,401.8,401.95,401.6,401.85,11
20251015  10:28,402.0,402.1,401.8,402.1,11
20251015  10:29,402.1,402.1,402.0,402.0,4
20251015  10:30,402.0,402.35,401.45,402.35,27
20251015  10:31,402.5,403.1,402.25,402.7,11
20251015  10:32,402.85,402.85,402.8,402.85,3
20251015  10:33,403.15,403.25,403.1,403.25,16
20251015  10:34,403.25,403.25,402.95,403.15,15
20251015  10:35,403.35,403.35,403.15,403.15,11
20251015  10:36,403.05,403.4,403.05,403.4,6
20251015  10:37,403.45,403.65,403.2,403.2,18
20251015  10:38,403.0,403.5,403.0,403.5,6
20251015  10:39,403.7,404.65,403.7,404.55,26
20251015  10:40,404.45,404.65,403.85,404.1,17
20251015  10:41,404.25,404.4,404.25,404.35,3
20251015  10:42,404.55,407.0,404.55,405.65,86
20251015  10:43,405.9,406.8,405.75,406.35,55
20251015  10:44,406.3,406.3,405.1,405.35,31
20251015  10:45,405.55,405.55,405.25,405.25,6
20251015  10:46,404.75,404.75,404.6,404.6,3
20251015  10:47,404.4,404.4,404.15,404.2,5
20251015  10:48,404.05,404.35,404.05,404.3,8
20251015  10:49,404.2,404.2,404.2,404.2,13
20251015  10:50,404.2,405.4,404.2,405.35,23
20251015  10:51,405.35,405.35,405.35,405.35,0
20251015  10:52,405.45,405.45,405.05,405.05,9
20251015  10:53,405.0,405.0,404.9,404.9,3
20251015  10:54,405.0,405.1,404.9,404.9,4
20251015  10:55,404.9,404.9,404.9,404.9,0
20251015  10:56,404.6,405.4,404.3,404.75,21
20251015  10:57,404.65,404.7,404.3,404.7,8
20251015  10:58,404.85,405.0,404.85,405.0,2
20251015  10:59,405.05,405.9,405.05,405.9,14
20251015  11:00,406.05,406.05,405.9,405.9,10
20251015  11:01,405.75,405.75,405.35,405.5,6
20251015  11:02,405.55,405.8,405.5,405.8,6
20251015  11:03,406.0,406.6,406.0,406.6,17
20251015  11:04,406.4,407.15,406.4,406.7,113
20251015  11:05,406.7,406.7,406.4,406.4,6
20251015  11:06,406.25,406.25,406.0,406.05,29
20251015  11:07,406.0,406.15,406.0,406.15,2
20251015  11:08,406.15,406.15,405.6,405.8,17
20251015  11:09,405.65,406.1,405.65,405.8,3
20251015  11:10,406.15,406.55,406.05,406.05,7
20251015  11:11,406.0,406.0,405.8,405.8,9
20251015  11:12,405.75,405.75,405.75,405.75,1
20251015  11:13,405.75,405.75,405.75,405.75,0
20251015  11:14,405.8,406.15,405.8,405.9,4
20251015  11:15,406.1,406.1,406.0,406.0,4
20251015  11:16,406.0,406.0,406.0,406.0,0
20251015  11:17,405.7,406.0,405.7,406.0,3
20251015  11:18,405.55,406.1,405.55,406.1,7
20251015  11:19,405.9,405.9,405.55,405.55,8
20251015  11:20,405.55,405.55,405.25,405.25,8
20251015  11:21,405.65,405.65,405.6,405.6,3
20251015  11:22,405.75,405.75,405.75,405.75,1
20251015  11:23,405.7,405.7,405.25,405.4,3
20251015  11:24,405.15,405.55,405.1,405.55,7
20251015  11:25,405.5,406.5,405.5,406.25,25
20251015  11:26,405.8,405.8,405.05,405.3,56
20251015  11:27,405.15,405.6,404.7,405.1,18
20251015  11:28,405.1,405.2,405.1,405.2,3
20251015  11:29,405.2,405.2,405.15,405.15,2
20251015  11:30,405.3,405.45,405.2,405.2,14
20251015  11:31,404.9,404.9,404.55,404.55,32
20251015  11:32,404.55,404.55,403.55,403.55,24
20251015  11:33,403.65,404.75,403.65,404.4,10
20251015  11:34,404.6,404.6,403.8,403.8,11
20251015  11:35,403.6,404.0,403.6,403.95,3
20251015  11:36,403.6,404.05,403.6,403.7,3
20251015  11:37,404.0,404.0,404.0,404.0,1
20251015  11:38,403.8,403.9,403.8,403.9,2
20251015  11:39,403.95,403.95,403.55,403.9,18
20251015  11:40,403.65,403.65,403.65,403.65,1
20251015  11:41,403.55,403.75,403.55,403.75,6
20251015  11:42,403.55,403.7,403.3,403.7,11
20251015  11:43,403.85,403.85,403.35,403.35,4
20251015  11:44,403.45,403.55,403.3,403.55,16
20251015  11:45,403.4,403.6,403.4,403.4,6
20251015  11:46,403.75,404.55,403.75,404.5,14
20251015  11:47,404.35,404.35,404.05,404.05,2
20251015  11:48,404.05,404.05,404.05,404.05,0
20251015  11:49,403.75,403.75,403.3,403.3,10
20251015  11:50,403.65,403.65,403.4,403.4,5
20251015  11:51,403.35,403.35,403.35,403.35,4
20251015  11:52,403.75,403.75,403.75,403.75,1
20251015  11:53,403.75,403.75,403.75,403.75,0
20251015  11:54,403.55,404.2,403.55,404.2,8
20251015  11:55,404.5,404.95,404.5,404.95,4
20251015  11:56,405.0,405.15,405.0,405.1,7
20251015  11:57,405.1,405.1,405.1,405.1,0
20251015  11:58,405.15,405.45,405.15,405.45,6
20251015  11:59,405.55,405.65,405.5,405.65,4
20251015  12:00,405.7,406.45,405.7,406.45,14
20251015  12:01,406.35,407.0,406.35,406.7,49
20251015  12:02,407.0,407.0,406.65,406.95,22
20251015  12:03,406.7,407.0,406.7,406.85,22
20251015  12:04,407.0,407.0,406.6,406.6,9
20251015  12:05,406.5,406.65,406.45,406.65,4
20251015  12:06,406.5,406.5,406.2,406.2,7
20251015  12:07,406.45,406.5,406.05,406.5,9
20251015  12:08,406.45,406.75,406.45,406.75,3
20251015  12:09,406.5,406.5,406.4,406.4,2
20251015  12:10,406.45,406.45,406.4,406.4,2
20251015  12:11,406.35,406.35,406.35,406.35,1
20251015  12:12,406.7,406.7,406.7,406.7,1
20251015  12:13,406.55,406.75,406.55,406.55,6
20251015  12:14,406.55,406.55,406.55,406.55,2
20251015  12:15,406.5,406.7,406.5,406.7,7
20251015  12:16,406.45,406.7,406.45,406.7,3
20251015  12:17,406.7,406.7,406.45,406.45,4
20251015  12:18,406.5,406.55,406.3,406.3,7
20251015  12:19,406.3,406.3,406.3,406.3,0
20251015  12:20,406.05,406.05,406.0,406.05,3
20251015  12:21,406.05,406.05,406.05,406.05,0
20251015  12:22,406.05,406.35,406.05,406.35,4
20251015  12:23,406.45,406.45,406.45,406.45,1
20251015  12:24,406.4,406.4,406.25,406.25,6
20251015  12:25,406.1,406.15,406.1,406.15,3
20251015  12:26,406.4,406.9,406.4,406.85,8
20251015  12:27,406.95,406.95,406.9,406.9,4
20251015  12:28,406.9,406.9,406.65,406.65,6
20251015  12:29,406.65,406.65,406.1,406.25,15
20251015  12:30,406.25,406.25,406.25,406.25,0
20251015  12:31,406.85,407.0,406.85,407.0,12
20251015  12:32,407.0,407.0,406.55,406.55,20
20251015  12:33,406.6,407.0,406.6,406.75,3
20251015  12:34,407.0,407.0,406.7,406.7,4
20251015  12:35,406.85,407.9,406.85,407.9,34
20251015  12:36,407.8,408.45,407.8,408.0,52
20251015  12:37,407.85,408.2,407.6,407.6,14
20251015  12:38,408.1,408.2,407.85,408.2,4
20251015  12:39,408.4,408.5,407.35,407.5,57
20251015  12:40,407.9,408.35,407.45,408.35,18
20251015  12:41,408.7,409.0,408.5,408.5,29
20251015  12:42,408.75,409.0,408.65,409.0,4
20251015  12:43,409.1,409.65,409.1,409.55,15
20251015  12:44,409.2,409.7,409.2,409.2,15
20251015  12:45,409.2,410.65,408.55,408.55,191
20251015  12:46,409.1,409.15,409.1,409.15,3
20251015  12:47,409.4,409.5,409.0,409.0,20
20251015  12:48,409.0,409.2,409.0,409.2,2
20251015  12:49,408.8,409.35,408.8,409.35,9
20251015  12:50,409.25,410.1,409.25,410.1,9
20251015  12:51,410.1,410.65,410.1,410.15,23
20251015  12:52,410.15,410.85,410.15,410.85,14
20251015  12:53,410.6,410.6,410.3,410.4,9
20251015  12:54,410.15,410.6,410.0,410.0,23
20251015  12:55,410.45,410.6,410.35,410.5,11
20251015  12:56,410.4,411.0,410.4,410.75,88
20251015  12:57,410.75,411.0,410.65,411.0,14
20251015  12:58,410.95,411.15,410.95,411.15,8
20251015  12:59,411.3,412.0,411.1,411.35,60
20251015  13:00,411.85,412.15,411.6,412.0,44
20251015  13:01,412.15,412.5,411.85,412.25,54
20251015  13:02,412.4,413.4,411.35,411.35,103
20251015  13:03,410.95,412.15,410.95,412.15,29
20251015  13:04,411.9,412.2,411.5,411.7,36
20251015  13:05,411.7,412.35,411.5,412.35,9
20251015  13:06,412.2,412.35,411.85,411.85,16
20251015  13:07,411.7,411.7,411.6,411.6,5
20251015  13:08,411.55,411.55,411.5,411.5,3
20251015  13:09,411.45,412.45,410.6,410.65,49
20251015  13:10,410.8,410.95,410.65,410.7,6
20251015  13:11,410.85,411.45,410.85,410.95,21
20251015  13:12,410.95,411.45,410.9,411.45,6
20251015  13:13,411.3,411.85,411.25,411.55,9
20251015  13:14,411.6,411.9,411.6,411.9,8
20251015  13:15,411.8,412.15,411.65,412.1,22
20251015  13:16,411.65,412.15,410.8,411.05,66
20251015  13:17,410.75,411.0,410.45,411.0,18
20251015  13:18,411.0,411.9,411.0,411.9,12
20251015  13:19,411.8,411.8,411.65,411.65,2
20251015  13:20,411.55,411.85,411.55,411.85,3
20251015  13:21,411.7,412.45,411.55,412.45,21
20251015  13:22,412.5,412.5,412.15,412.4,4
20251015  13:23,412.35,412.45,411.6,411.7,6
20251015  13:24,411.6,411.9,411.6,411.6,5
20251015  13:25,411.6,411.6,411.6,411.6,1
20251015  13:26,411.5,411.7,411.25,411.7,9
20251015  13:27,411.35,412.05,411.35,412.05,5
20251015  13:28,412.05,412.05,411.75,411.85,9
20251015  13:29,411.35,411.45,411.3,411.45,4
20251015  13:30,411.45,411.75,411.45,411.75,5
20251016  10:15,388.85,388.85,385.75,388.0,405
20251016  10:16,386.9,389.9,386.9,389.8,71
20251016  10:17,389.75,391.3,389.6,391.25,112
20251016  10:18,391.1,391.25,390.25,390.75,23
20251016  10:19,391.0,391.45,391.0,391.3,49
20251016  10:20,391.45,391.45,390.15,390.15,23
20251016  10:21,390.1,390.25,389.8,389.85,13
20251016  10:22,389.6,389.65,389.15,389.15,9
20251016  10:23,389.35,389.5,388.3,388.3,18
20251016  10:24,388.2,388.55,387.75,388.45,9
20251016  10:25,388.35,388.35,387.9,387.9,7
20251016  10:26,387.9,388.5,387.9,387.95,54
20251016  10:27,388.3,388.4,387.6,388.4,44
20251016  10:28,388.75,390.25,388.75,390.25,17
20251016  10:29,390.25,390.3,390.0,390.05,7
20251016  10:30,390.45,390.6,390.3,390.6,34
20251016  10:31,390.6,390.6,389.9,389.9,20
20251016  10:32,390.1,391.85,390.1,391.55,34
20251016  10:33,391.45,392.55,391.45,391.7,36
20251016  10:34,391.5,391.5,391.0,391.0,13
20251016  10:35,390.7,390.7,390.55,390.6,3
20251016  10:36,391.05,391.95,391.05,391.8,15
20251016  10:37,391.55,391.55,391.15,391.25,8
20251016  10:38,391.0,391.45,390.9,391.1,14
20251016  10:39,390.8,390.9,390.8,390.8,7
20251016  10:40,391.3,391.3,391.15,391.3,3
20251016  10:41,391.45,391.9,390.8,390.8,24
20251016  10:42,390.65,390.65,390.5,390.5,7
20251016  10:43,390.65,391.05,390.25,391.05,13
20251016  10:44,391.05,391.05,391.05,391.05,0
20251016  10:45,391.25,391.25,391.1,391.1,4
20251016  10:46,391.1,391.1,391.05,391.05,2
20251016  10:47,391.35,391.65,391.15,391.35,14
20251016  10:48,391.35,391.35,391.35,391.35,0
20251016  10:49,391.85,391.9,391.3,391.3,6
20251016  10:50,391.4,391.4,391.4,391.4,1
20251016  10:51,391.45,391.45,391.45,391.45,1
20251016  10:52,391.8,391.8,391.55,391.55,2
20251016  10:53,391.6,392.4,391.6,391.95,41
20251016  10:54,391.8,391.85,391.8,391.85,4
20251016  10:55,391.8,391.8,391.8,391.8,1
20251016  10:56,392.1,392.9,392.1,392.75,20
20251016  10:57,392.4,392.4,392.0,392.15,34
20251016  10:58,392.15,392.15,392.15,392.15,0
20251016  10:59,392.2,392.3,392.05,392.05,4
20251016  11:00,391.85,391.85,390.35,390.35,15
20251016  11:01,390.35,390.85,390.05,390.85,29
20251016  11:02,390.9,390.9,390.05,390.05,7
20251016  11:03,390.05,390.05,389.75,389.85,9
20251016  11:04,389.85,390.15,389.65,390.15,11
20251016  11:05,390.15,390.15,389.95,390.0,7
20251016  11:06,389.85,389.85,389.65,389.85,6
20251016  11:07,389.8,389.85,389.05,389.35,13
20251016  11:08,389.5,389.5,389.5,389.5,1
20251016  11:09,389.5,390.2,389.5,390.2,9
20251016  11:10,389.95,390.05,389.95,389.95,3
20251016  11:11,389.85,390.1,389.8,390.0,39
20251016  11:12,390.0,390.0,390.0,390.0,0
20251016  11:13,390.35,390.7,390.35,390.7,3
20251016  11:14,390.2,390.45,390.2,390.45,6
20251016  11:15,390.1,390.35,390.1,390.35,3
20251016  11:16,390.3,390.3,390.05,390.15,5
20251016  11:17,389.95,389.95,389.95,389.95,1
20251016  11:18,389.95,389.95,389.95,389.95,0
20251016  11:19,390.1,390.35,390.1,390.2,5
20251016  11:20,390.15,390.2,390.1,390.2,3
20251016  11:21,390.15,390.15,389.6,389.6,4
20251016  11:22,389.95,390.6,389.85,389.85,19
20251016  11:23,390.1,390.1,390.1,390.1,1
20251016  11:24,390.6,390.6,390.2,390.25,10
20251016  11:25,390.25,390.25,390.25,390.25,1
20251016  11:26,390.6,390.6,390.6,390.6,1
20251016  11:27,390.7,390.85,390.65,390.65,7
20251016  11:28,390.65,391.85,390.45,391.6,32
20251016  11:29,391.4,391.55,391.35,391.35,8
20251016  11:30,391.55,391.55,391.35,391.35,3
20251016  11:31,391.35,391.6,391.0,391.6,17
20251016  11:32,391.85,391.95,391.6,391.6,8
20251016  11:33,391.8,392.05,391.8,392.05,5
20251016  11:34,392.0,392.0,391.9,391.9,2
20251016  11:35,391.9,392.35,391.9,392.05,3
20251016  11:36,392.35,392.85,392.35,392.85,3
20251016  11:37,393.05,393.1,392.85,393.0,12
20251016  11:38,393.0,393.0,393.0,393.0,0
20251016  11:39,392.9,393.2,392.9,393.2,3
20251016  11:40,393.4,393.4,392.95,393.05,18
20251016  11:41,393.15,393.45,393.0,393.45,11
20251016  11:42,393.6,393.6,393.3,393.35,7
20251016  11:43,393.35,393.7,393.35,393.6,7
20251016  11:44,394.0,394.25,394.0,394.0,10
20251016  11:45,393.85,393.85,393.6,393.6,4
20251016  11:46,393.55,393.55,393.55,393.55,1
20251016  11:47,393.8,393.8,393.8,393.8,1
20251016  11:48,394.0,394.0,393.3,393.45,11
20251016  11:49,393.6,393.65,393.5,393.65,4
20251016  11:50,393.4,393.4,393.0,393.3,8
20251016  11:51,393.65,393.65,393.2,393.2,4
20251016  11:52,393.0,393.1,392.8,393.1,13
20251016  11:53,392.8,392.8,392.35,392.35,2
20251016  11:54,392.35,392.35,392.35,392.35,1
20251016  11:55,392.4,392.8,392.35,392.6,7
20251016  11:56,393.05,393.25,393.05,393.1,4
20251016  11:57,393.1,393.15,392.9,393.15,3
20251016  11:58,393.15,393.15,393.15,393.15,1
20251016  11:59,393.4,393.4,393.05,393.25,8
20251016  12:00,393.3,393.6,393.3,393.6,6
20251016  12:01,393.45,393.45,393.45,393.45,1
20251016  12:02,393.45,393.45,393.45,393.45,0
20251016  12:03,393.7,393.7,393.7,393.7,1
20251016  12:04,393.6,393.6,393.6,393.6,2
20251016  12:05,394.0,394.0,393.75,393.75,4
20251016  12:06,393.7,393.85,393.7,393.85,2
20251016  12:07,393.65,393.65,393.65,393.65,1
20251016  12:08,393.5,393.5,393.0,393.0,2
20251016  12:09,392.95,392.95,392.95,392.95,1
20251016  12:10,393.05,393.05,393.05,393.05,1
20251016  12:11,392.85,392.85,392.85,392.85,1
20251016  12:12,393.0,393.5,393.0,393.5,2
20251016  12:13,393.65,393.65,393.3,393.3,2
20251016  12:14,393.1,393.35,393.1,393.35,2
20251016  12:15,393.2,393.25,393.2,393.25,5
20251016  12:16,393.05,393.05,392.95,392.95,2
20251016  12:17,392.95,392.95,392.95,392.95,0
20251016  12:18,393.15,393.35,393.15,393.35,5
20251016  12:19,393.65,393.65,393.35,393.35,2
20251016  12:20,393.35,393.35,393.35,393.35,0
20251016  12:21,393.15,393.15,392.9,392.9,3
20251016  12:22,393.35,393.35,393.35,393.35,1
20251016  12:23,393.35,393.4,393.3,393.4,7
20251016  12:24,393.55,393.55,393.3,393.3,2
20251016  12:25,393.4,393.4,393.35,393.35,3
20251016  12:26,393.35,393.35,393.3,393.35,4
20251016  12:27,393.35,393.35,393.35,393.35,1
20251016  12:28,393.35,393.35,393.35,393.35,0
20251016  12:29,393.3,393.65,393.3,393.65,8
20251016  12:30,393.55,393.55,392.7,392.8,9
20251016  12:31,392.65,392.65,392.6,392.65,3
20251016  12:32,392.95,392.95,392.9,392.9,2
20251016  12:33,392.8,392.8,392.8,392.8,1
20251016  12:34,392.6,393.4,392.6,393.4,4
20251016  12:35,393.4,393.4,393.4,393.4,1
20251016  12:36,393.65,393.75,393.35,393.35,5
20251016  12:37,393.35,393.35,393.35,393.35,1
20251016  12:38,393.25,393.25,393.25,393.25,1
20251016  12:39,393.6,393.6,393.25,393.25,5
20251016  12:40,393.25,393.25,393.25,393.25,1
20251016  12:41,393.15,393.95,392.95,393.5,27
20251016  12:42,393.35,393.35,393.35,393.35,1
20251016  12:43,393.35,393.35,393.35,393.35,0
20251016  12:44,393.35,393.35,393.35,393.35,0
20251016  12:45,393.25,393.55,393.2,393.55,9
20251016  12:46,393.55,393.55,393.55,393.55,0
20251016  12:47,393.45,393.45,393.45,393.45,1
20251016  12:48,393.4,393.4,393.4,393.4,1
20251016  12:49,393.15,393.15,393.05,393.05,2
20251016  12:50,393.3,393.3,393.3,393.3,1
20251016  12:51,393.3,393.3,393.3,393.3,0
20251016  12:52,393.3,393.3,393.3,393.3,0
20251016  12:53,393.25,393.25,393.25,393.25,1
20251016  12:54,393.4,393.65,393.4,393.65,2
20251016  12:55,393.45,393.55,393.4,393.55,9
20251016  12:56,393.35,393.7,393.35,393.7,4
20251016  12:57,393.7,393.7,393.7,393.7,0
20251016  12:58,393.85,393.85,393.6,393.6,5
20251016  12:59,393.6,393.6,393.45,393.45,3
20251016  13:00,393.5,393.6,393.5,393.6,4
20251016  13:01,393.5,393.5,393.4,393.4,2
20251016  13:02,393.85,394.65,393.85,394.35,33
20251016  13:03,394.5,394.5,394.2,394.2,9
20251016  13:04,394.15,395.15,394.15,394.65,34
20251016  13:05,395.15,395.2,394.95,394.95,6
20251016  13:06,395.1,395.3,394.8,394.8,20
20251016  13:07,394.8,395.3,394.65,395.05,10
20251016  13:08,395.05,395.05,395.05,395.05,1
20251016  13:09,395.3,395.3,395.05,395.05,2
20251016  13:10,395.0,395.8,394.9,395.45,44
20251016  13:11,395.4,395.55,395.4,395.55,15
20251016  13:12,395.05,395.05,395.05,395.05,1
20251016  13:13,395.0,395.55,394.95,395.4,37
20251016  13:14,395.4,395.4,395.4,395.4,0
20251016  13:15,395.5,395.5,395.5,395.5,1
20251016  13:16,395.5,395.5,395.5,395.5,1
20251016  13:17,395.65,395.75,395.65,395.75,9
20251016  13:18,395.6,395.8,395.55,395.8,6
20251016  13:19,395.8,396.3,395.8,396.1,19
20251016  13:20,396.35,396.45,395.9,395.9,23
20251016  13:21,396.15,396.15,396.15,396.15,1
20251016  13:22,396.15,396.8,396.15,396.6,24
20251016  13:23,396.7,396.75,396.5,396.5,7
20251016  13:24,396.8,396.8,396.4,396.4,15
20251016  13:25,396.6,398.25,396.6,397.7,52
20251016  13:26,397.8,398.15,397.35,397.35,21
20251016  13:27,397.3,397.3,397.05,397.15,4
20251016  13:28,397.3,397.4,397.3,397.4,2
20251016  13:29,397.2,397.2,396.9,397.1,13
20251016  13:30,397.25,397.35,397.25,397.35,3
20251017  10:15,392.95,394.0,391.8,393.35,112
20251017  10:16,393.2,393.7,392.7,393.1,17
20251017  10:17,392.75,392.75,391.35,391.45,15
20251017  10:18,391.25,391.8,390.65,391.4,79
20251017  10:19,391.3,391.7,391.3,391.45,11
20251017  10:20,391.7,391.7,391.5,391.5,3
20251017  10:21,391.35,391.85,391.05,391.85,15
20251017  10:22,391.6,391.9,391.6,391.85,3
20251017  10:23,391.65,392.1,391.6,391.85,8
20251017  10:24,391.6,391.6,391.55,391.55,3
20251017  10:25,391.85,392.4,391.65,391.65,10
20251017  10:26,391.2,391.45,390.95,390.95,9
20251017  10:27,390.8,391.2,390.55,390.95,30
20251017  10:28,390.8,391.45,390.75,391.3,13
20251017  10:29,391.45,392.0,391.45,392.0,17
20251017  10:30,392.1,392.6,392.1,392.1,9
20251017  10:31,391.9,391.9,391.85,391.85,2
20251017  10:32,391.8,391.95,391.8,391.95,5
20251017  10:33,391.95,391.95,391.95,391.95,0
20251017  10:34,392.25,392.25,392.25,392.25,1
20251017  10:35,392.3,392.3,392.25,392.25,3
20251017  10:36,392.0,392.75,392.0,392.75,7
20251017  10:37,392.4,392.6,392.1,392.6,11
20251017  10:38,392.8,393.9,392.8,393.4,36
20251017  10:39,393.25,393.25,393.05,393.05,4
20251017  10:40,392.15,392.7,392.15,392.7,4
20251017  10:41,392.8,392.8,391.9,392.05,18
20251017  10:42,392.3,393.0,392.3,393.0,18
20251017  10:43,392.7,393.3,392.35,393.3,31
20251017  10:44,393.65,395.1,393.65,394.3,22
20251017  10:45,394.1,394.35,394.1,394.35,2
20251017  10:46,394.35,394.45,394.2,394.2,4
20251017  10:47,394.3,395.15,394.3,394.8,16
20251017  10:48,394.75,395.1,394.75,395.1,4
20251017  10:49,395.1,395.4,394.9,395.2,14
20251017  10:50,395.5,396.5,395.5,396.5,39
20251017  10:51,396.8,397.0,396.4,396.6,14
20251017  10:52,396.35,396.35,396.35,396.35,1
20251017  10:53,396.4,396.45,395.9,395.95,50
20251017  10:54,395.9,396.3,395.9,396.3,12
20251017  10:55,396.2,396.2,396.2,396.2,2
20251017  10:56,396.35,396.35,396.35,396.35,1
20251017  10:57,396.5,396.95,396.25,396.65,16
20251017  10:58,396.95,396.95,395.8,395.8,36
20251017  10:59,395.85,395.85,395.75,395.75,13
20251017  11:00,395.8,395.8,395.35,395.35,11
20251017  11:01,395.35,395.35,395.35,395.35,0
20251017  11:02,395.0,395.25,394.95,394.95,3
20251017  11:03,394.95,395.05,394.8,395.05,4
20251017  11:04,394.9,395.3,394.9,395.3,3
20251017  11:05,395.7,395.7,395.7,395.7,2
20251017  11:06,395.45,395.45,395.4,395.4,2
20251017  11:07,395.65,395.65,395.65,395.65,1
20251017  11:08,395.4,395.4,395.4,395.4,3
20251017  11:09,395.4,395.4,395.4,395.4,0
20251017  11:10,395.2,395.2,394.8,394.8,3
20251017  11:11,394.65,394.8,394.45,394.45,10
20251017  11:12,394.65,394.65,394.65,394.65,1
20251017  11:13,394.7,394.85,394.7,394.85,4
20251017  11:14,394.85,394.85,394.85,394.85,0
20251017  11:15,394.7,394.85,394.7,394.85,2
20251017  11:16,395.25,395.25,395.25,395.25,1
20251017  11:17,395.6,395.65,394.5,394.5,10
20251017  11:18,394.7,394.7,394.5,394.5,4
20251017  11:19,394.5,394.6,394.5,394.6,2
20251017  11:20,394.2,394.35,394.05,394.35,7
20251017  11:21,394.05,394.25,394.05,394.25,6
20251017  11:22,394.55,394.65,394.35,394.35,8
20251017  11:23,394.4,394.4,394.4,394.4,2
20251017  11:24,394.05,394.15,394.05,394.1,6
20251017  11:25,394.05,394.5,394.05,394.5,4
20251017  11:26,394.35,394.35,394.3,394.3,2
20251017  11:27,394.45,394.65,393.65,393.65,13
20251017  11:28,393.75,393.75,393.2,393.2,7
20251017  11:29,393.05,393.05,392.25,392.95,28
20251017  11:30,393.0,393.0,392.85,392.85,5
20251017  11:31,392.6,393.25,392.6,393.25,4
20251017  11:32,393.25,393.7,393.25,393.7,5
20251017  11:33,393.75,393.75,393.35,393.5,5
20251017  11:34,393.15,393.2,393.0,393.0,4
20251017  11:35,393.0,393.0,393.0,393.0,0
20251017  11:36,392.9,393.1,392.9,393.1,15
20251017  11:37,393.15,393.35,393.15,393.35,24
20251017  11:38,392.9,392.9,392.85,392.9,10
20251017  11:39,393.35,394.2,393.35,393.45,28
20251017  11:40,393.5,393.5,393.5,393.5,1
20251017  11:41,393.5,393.5,393.5,393.5,0
20251017  11:42,393.5,393.5,393.5,393.5,0
20251017  11:43,393.5,393.5,393.5,393.5,0
20251017  11:44,393.55,393.55,393.4,393.4,3
20251017  11:45,393.45,393.45,393.45,393.45,2
20251017  11:46,393.6,394.35,393.6,394.2,5
20251017  11:47,394.35,394.4,394.35,394.4,2
20251017  11:48,394.3,394.3,394.3,394.3,1
20251017  11:49,394.15,394.15,393.85,393.9,4
20251017  11:50,393.85,393.85,393.85,393.85,1
20251017  11:51,393.85,394.0,392.95,392.95,12
20251017  11:52,392.95,392.95,392.95,392.95,0
20251017  11:53,392.95,392.95,392.95,392.95,0
20251017  11:54,392.95,392.95,392.95,392.95,0
20251017  11:55,393.05,393.05,393.05,393.05,1
20251017  11:56,392.9,392.9,392.9,392.9,1
20251017  11:57,392.9,392.9,392.9,392.9,0
20251017  11:58,393.15,393.15,393.15,393.15,1
20251017  11:59,393.45,393.65,393.45,393.65,4
20251017  12:00,393.4,393.45,393.3,393.3,5
20251017  12:01,393.3,393.3,393.3,393.3,0
20251017  12:02,393.3,393.3,393.3,393.3,0
20251017  12:03,393.35,393.35,393.35,393.35,1
20251017  12:04,393.95,393.95,393.4,393.4,3
20251017  12:05,393.55,393.55,393.55,393.55,1
20251017  12:06,393.55,393.55,393.55,393.55,0
20251017  12:07,393.55,393.55,393.55,393.55,0
20251017  12:08,393.5,393.5,393.0,393.0,3
20251017  12:09,393.0,393.0,393.0,393.0,0
20251017  12:10,393.0,393.0,393.0,393.0,0
20251017  12:11,393.15,393.15,393.15,393.15,1
20251017  12:12,393.05,393.25,393.05,393.25,3
20251017  12:13,393.75,393.8,393.45,393.45,13
20251017  12:14,393.45,393.45,393.45,393.45,0
20251017  12:15,393.45,393.45,393.45,393.45,0
20251017  12:16,393.3,393.3,393.05,393.05,2
20251017  12:17,393.05,393.05,393.05,393.05,0
20251017  12:18,393.05,393.05,393.05,393.05,0
20251017  12:19,393.05,393.05,393.05,393.05,0
20251017  12:20,393.25,393.25,393.15,393.15,3
20251017  12:21,393.0,393.0,392.55,392.55,3
20251017  12:22,392.55,392.55,392.55,392.55,0
20251017  12:23,392.45,392.7,392.45,392.7,4
20251017  12:24,392.85,392.9,392.75,392.75,5
20251017  12:25,392.85,392.85,392.7,392.7,2
20251017  12:26,392.65,392.65,392.25,392.25,8
20251017  12:27,392.25,392.6,392.25,392.6,4
20251017  12:28,392.6,392.6,392.6,392.6,0
20251017  12:29,392.45,392.45,392.45,392.45,1
20251017  12:30,392.75,392.75,392.75,392.75,1
20251017  12:31,392.75,392.75,392.75,392.75,0
20251017  12:32,392.85,392.9,392.55,392.55,5
20251017  12:33,392.4,392.6,392.05,392.6,25
20251017  12:34,392.3,392.3,392.3,392.3,1
20251017  12:35,392.4,392.4,392.05,392.35,3
20251017  12:36,392.4,392.4,392.15,392.15,3
20251017  12:37,392.15,392.15,392.15,392.15,0
20251017  12:38,392.4,392.4,392.4,392.4,1
20251017  12:39,392.2,392.25,392.2,392.25,2
20251017  12:40,392.25,392.25,392.25,392.25,0
20251017  12:41,392.5,392.5,392.5,392.5,1
20251017  12:42,392.3,392.3,392.05,392.05,4
20251017  12:43,392.05,392.05,390.7,390.7,63
20251017  12:44,390.8,390.8,390.25,390.3,16
20251017  12:45,390.5,391.15,390.5,391.15,7
20251017  12:46,391.15,391.15,391.15,391.15,0
20251017  12:47,390.9,390.9,390.25,390.25,12
20251017  12:48,390.4,390.5,390.4,390.5,3
20251017  12:49,390.85,390.85,390.5,390.5,3
20251017  12:50,390.65,390.65,390.65,390.65,1
20251017  12:51,390.6,390.85,390.6,390.85,2
20251017  12:52,390.8,390.8,390.7,390.7,2
20251017  12:53,390.7,390.7,390.7,390.7,0
20251017  12:54,390.6,390.6,390.6,390.6,1
20251017  12:55,390.6,390.6,390.6,390.6,0
20251017  12:56,390.7,390.7,390.55,390.55,2
20251017  12:57,390.9,391.35,390.9,391.1,14
20251017  12:58,390.8,390.8,390.8,390.8,2
20251017  12:59,390.95,391.15,390.9,390.9,15
20251017  13:00,390.4,390.4,390.25,390.25,2
20251017  13:01,390.25,391.6,390.25,391.35,21
20251017  13:02,391.6,391.75,391.6,391.6,6
20251017  13:03,391.7,391.7,391.55,391.55,4
20251017  13:04,391.45,391.5,391.2,391.5,7
20251017  13:05,391.55,391.55,391.45,391.45,2
20251017  13:06,391.3,391.3,391.3,391.3,1
20251017  13:07,391.45,392.1,391.45,391.8,26
20251017  13:08,391.7,391.7,391.7,391.7,1
20251017  13:09,391.7,391.7,391.7,391.7,0
20251017  13:10,392.6,392.6,392.4,392.4,2
20251017  13:11,392.4,392.4,392.4,392.4,0
20251017  13:12,392.55,392.9,392.55,392.7,5
20251017  13:13,393.5,393.85,393.25,393.25,11
20251017  13:14,393.05,393.5,392.95,393.5,6
20251017  13:15,393.8,394.05,393.55,393.55,13
20251017  13:16,393.55,393.55,393.55,393.55,0
20251017  13:17,393.95,394.0,393.75,393.95,6
20251017  13:18,394.05,394.05,394.05,394.05,2
20251017  13:19,393.75,393.95,393.15,393.95,12
20251017  13:20,393.85,393.9,393.85,393.9,3
20251017  13:21,393.75,393.95,393.55,393.55,13
20251017  13:22,393.45,393.45,393.45,393.45,1
20251017  13:23,393.45,393.45,393.45,393.45,2
20251017  13:24,393.65,393.75,393.65,393.75,2
20251017  13:25,393.4,393.5,393.15,393.5,4
20251017  13:26,393.5,393.5,393.5,393.5,0
20251017  13:27,393.4,393.4,393.4,393.4,3
20251017  13:28,393.75,393.75,393.45,393.45,3
20251017  13:29,393.95,394.25,393.95,394.25,13
20251017  13:30,394.25,394.25,394.25,394.25,0
20251020  10:15,401.3,408.0,401.3,407.0,418
20251020  10:16,406.95,407.95,406.3,407.2,118
20251020  10:17,407.45,408.1,406.0,406.65,68
20251020  10:18,406.95,408.0,406.6,407.95,37
20251020  10:19,408.0,408.25,407.25,407.45,28
20251020  10:20,408.1,408.4,407.5,408.4,12
20251020  10:21,408.3,409.55,408.3,409.15,48
20251020  10:22,409.0,409.85,409.0,409.85,9
20251020  10:23,409.8,410.05,407.75,408.1,38
20251020  10:24,408.2,408.8,407.8,408.75,23
20251020  10:25,408.55,409.35,408.45,409.35,21
20251020  10:26,409.2,409.65,409.05,409.3,20
20251020  10:27,409.15,409.45,408.15,408.6,29
20251020  10:28,408.8,408.95,408.2,408.4,8
20251020  10:29,408.2,408.2,407.75,407.95,5
20251020  10:30,408.0,409.05,408.0,408.75,15
20251020  10:31,409.0,409.0,408.25,408.25,23
20251020  10:32,408.0,408.2,406.95,407.25,71
20251020  10:33,407.2,407.45,407.15,407.15,15
20251020  10:34,407.45,407.5,407.35,407.35,4
20251020  10:35,407.3,407.5,406.95,407.0,55
20251020  10:36,407.0,407.25,406.95,406.95,15
20251020  10:37,406.95,406.95,406.0,406.05,39
20251020  10:38,406.4,406.6,406.4,406.45,4
20251020  10:39,406.35,406.45,406.35,406.45,2
20251020  10:40,406.5,407.0,406.5,406.95,9
20251020  10:41,407.1,407.15,406.75,406.75,11
20251020  10:42,406.95,408.6,406.95,408.4,37
20251020  10:43,408.15,408.45,408.0,408.0,9
20251020  10:44,407.75,407.75,407.3,407.3,5
20251020  10:45,407.3,407.45,407.2,407.2,10
20251020  10:46,407.45,407.45,407.45,407.45,1
20251020  10:47,407.4,407.65,407.4,407.65,2
20251020  10:48,407.4,408.35,407.4,408.35,8
20251020  10:49,408.7,408.7,407.85,407.85,13
20251020  10:50,408.1,408.1,407.85,408.0,3
20251020  10:51,408.0,408.4,408.0,408.4,3
20251020  10:52,408.4,408.5,408.4,408.5,3
20251020  10:53,408.4,408.4,408.4,408.4,1
20251020  10:54,408.6,408.6,408.45,408.5,6
20251020  10:55,408.6,408.7,408.45,408.6,6
20251020  10:56,408.55,408.6,408.55,408.6,4
20251020  10:57,408.35,408.35,408.3,408.35,4
20251020  10:58,408.55,408.55,408.55,408.55,1
20251020  10:59,408.35,408.35,408.0,408.0,9
20251020  11:00,407.8,409.25,407.5,408.0,57
20251020  11:01,408.4,408.45,408.1,408.45,3
20251020  11:02,408.3,408.3,407.75,407.75,7
20251020  11:03,408.2,408.55,408.2,408.2,8
20251020  11:04,408.35,408.5,408.35,408.45,3
20251020  11:05,407.8,407.8,407.8,407.8,1
20251020  11:06,407.45,407.45,407.35,407.35,4
20251020  11:07,407.6,407.6,407.6,407.6,1
20251020  11:08,407.6,407.6,407.6,407.6,0
20251020  11:09,407.1,407.1,407.05,407.05,3
20251020  11:10,407.25,407.35,406.9,406.9,13
20251020  11:11,406.9,407.15,406.65,406.65,17
20251020  11:12,406.4,406.75,406.4,406.75,12
20251020  11:13,406.75,406.75,406.75,406.75,2
20251020  11:14,406.55,406.55,406.55,406.55,2
20251020  11:15,406.4,406.4,406.15,406.15,2
20251020  11:16,406.1,406.2,406.05,406.2,4
20251020  11:17,406.3,407.35,406.3,407.2,18
20251020  11:18,407.15,408.4,407.1,408.4,15
20251020  11:19,408.25,408.25,407.65,408.05,20
20251020  11:20,408.35,408.55,408.3,408.55,8
20251020  11:21,408.75,408.9,408.75,408.9,19
20251020  11:22,409.0,409.4,408.95,409.25,16
20251020  11:23,409.15,409.15,408.9,408.9,8
20251020  11:24,408.85,408.9,408.65,408.65,6
20251020  11:25,408.6,408.85,408.6,408.85,10
20251020  11:26,408.95,409.3,408.95,409.25,7
20251020  11:27,409.0,409.0,409.0,409.0,3
20251020  11:28,409.0,409.0,408.9,408.9,2
20251020  11:29,408.4,408.4,408.0,408.0,5
20251020  11:30,407.85,407.85,407.55,407.85,15
20251020  11:31,407.85,407.85,406.75,407.3,23
20251020  11:32,406.95,407.0,406.95,407.0,4
20251020  11:33,407.0,407.0,406.8,406.8,2
20251020  11:34,407.05,407.05,406.65,406.9,5
20251020  11:35,406.9,406.9,406.9,406.9,1
20251020  11:36,406.7,406.85,406.0,406.5,16
20251020  11:37,406.85,406.85,406.85,406.85,3
20251020  11:38,406.95,406.95,406.75,406.8,5
20251020  11:39,406.6,406.6,406.0,406.0,25
20251020  11:40,406.0,406.0,405.8,405.95,9
20251020  11:41,406.35,406.9,406.35,406.9,6
20251020  11:42,406.7,406.75,406.7,406.75,3
20251020  11:43,406.75,406.75,406.75,406.75,0
20251020  11:44,406.75,406.95,406.05,406.95,9
20251020  11:45,406.8,406.8,406.8,406.8,2
20251020  11:46,406.45,406.5,406.45,406.5,2
20251020  11:47,406.05,406.35,405.8,406.35,18
20251020  11:48,406.5,407.8,406.5,407.3,15
20251020  11:49,407.35,407.35,407.05,407.1,9
20251020  11:50,407.3,407.4,407.3,407.4,2
20251020  11:51,407.35,407.35,407.35,407.35,1
20251020  11:52,407.25,407.25,407.1,407.1,5
20251020  11:53,407.1,407.1,407.1,407.1,0
20251020  11:54,407.1,407.1,407.1,407.1,0
20251020  11:55,407.1,407.1,407.1,407.1,0
20251020  11:56,407.1,407.1,407.1,407.1,0
20251020  11:57,407.35,407.7,407.35,407.7,10
20251020  11:58,408.0,408.0,408.0,408.0,1
20251020  11:59,407.8,408.25,407.6,408.25,16
20251020  12:00,408.25,408.85,408.25,408.85,3
20251020  12:01,408.6,408.7,407.6,407.6,18
20251020  12:02,407.35,407.95,407.25,407.25,34
20251020  12:03,407.15,407.75,407.0,407.5,22
20251020  12:04,407.65,407.7,407.65,407.7,2
20251020  12:05,407.95,408.45,407.95,408.45,4
20251020  12:06,408.45,408.45,408.45,408.45,0
20251020  12:07,408.45,408.45,408.45,408.45,0
20251020  12:08,408.1,408.1,407.75,407.75,4
20251020  12:09,407.85,408.55,407.85,408.2,6
20251020  12:10,408.3,409.1,408.3,409.1,17
20251020  12:11,409.3,409.4,409.2,409.25,9
20251020  12:12,409.4,409.7,409.05,409.05,51
20251020  12:13,408.65,409.05,408.65,409.05,7
20251020  12:14,409.05,409.05,409.0,409.0,4
20251020  12:15,409.15,409.2,409.15,409.2,5
20251020  12:16,409.1,409.15,408.9,409.15,15
20251020  12:17,409.05,409.05,408.6,408.75,24
20251020  12:18,408.7,408.95,408.6,408.9,9
20251020  12:19,409.0,409.0,409.0,409.0,1
20251020  12:20,409.05,409.3,409.05,409.3,6
20251020  12:21,409.5,409.6,409.1,409.1,8
20251020  12:22,409.2,409.2,409.1,409.1,4
20251020  12:23,409.1,409.1,409.1,409.1,0
20251020  12:24,409.0,409.05,408.55,408.55,9
20251020  12:25,408.3,408.6,407.9,408.15,13
20251020  12:26,408.4,408.4,408.3,408.3,5
20251020  12:27,408.4,408.4,408.4,408.4,1
20251020  12:28,408.5,408.5,408.45,408.45,5
20251020  12:29,408.45,408.45,408.45,408.45,0
20251020  12:30,408.75,409.1,408.6,408.6,19
20251020  12:31,408.95,408.95,408.75,408.75,3
20251020  12:32,408.65,408.65,408.5,408.5,2
20251020  12:33,408.6,408.6,408.6,408.6,1
20251020  12:34,408.85,408.85,408.85,408.85,3
20251020  12:35,408.75,408.75,408.5,408.65,6
20251020  12:36,408.35,408.35,408.15,408.2,8
20251020  12:37,408.45,408.55,408.1,408.1,5
20251020  12:38,407.45,407.9,407.3,407.9,8
20251020  12:39,408.0,408.5,407.95,408.5,10
20251020  12:40,408.4,409.1,408.4,409.1,9
20251020  12:41,409.2,409.5,409.2,409.5,14
20251020  12:42,409.4,409.4,409.3,409.3,7
20251020  12:43,409.3,409.3,409.3,409.3,0
20251020  12:44,409.5,409.6,409.4,409.6,5
20251020  12:45,409.65,409.85,409.1,409.1,34
20251020  12:46,408.9,409.0,408.8,408.8,4
20251020  12:47,408.8,409.3,408.7,409.3,10
20251020  12:48,409.5,409.7,409.35,409.4,9
20251020  12:49,409.15,409.55,409.15,409.4,6
20251020  12:50,409.5,409.85,409.35,409.35,32
20251020  12:51,409.35,409.35,408.7,408.7,6
20251020  12:52,408.55,408.55,408.55,408.55,1
20251020  12:53,408.65,408.65,408.65,408.65,1
20251020  12:54,408.8,408.85,408.75,408.8,7
20251020  12:55,408.95,408.95,408.95,408.95,1
20251020  12:56,408.0,408.0,407.9,407.9,3
20251020  12:57,407.7,407.7,407.7,407.7,3
20251020  12:58,407.5,407.5,407.45,407.5,3
20251020  12:59,407.5,407.9,407.3,407.9,13
20251020  13:00,408.0,408.2,407.65,408.2,31
20251020  13:01,407.95,407.95,407.95,407.95,1
20251020  13:02,408.2,408.25,408.2,408.25,2
20251020  13:03,408.35,408.55,408.25,408.4,6
20251020  13:04,408.7,408.7,408.55,408.55,2
20251020  13:05,408.5,408.5,408.5,408.5,1
20251020  13:06,408.05,408.2,408.0,408.2,7
20251020  13:07,408.2,408.2,408.2,408.2,1
20251020  13:08,408.0,408.25,407.8,408.25,5
20251020  13:09,408.3,408.3,408.2,408.2,3
20251020  13:10,408.0,409.2,407.95,408.65,34
20251020  13:11,408.85,408.85,408.8,408.8,2
20251020  13:12,408.85,408.85,408.85,408.85,1
20251020  13:13,408.7,408.7,408.7,408.7,1
20251020  13:14,408.95,408.95,408.75,408.75,4
20251020  13:15,408.6,408.6,408.35,408.35,3
20251020  13:16,408.35,408.35,408.35,408.35,0
20251020  13:17,408.35,408.35,408.35,408.35,0
20251020  13:18,408.35,408.35,408.35,408.35,0
20251020  13:19,408.55,409.1,408.5,408.85,12
20251020  13:20,408.85,408.85,408.85,408.85,0
20251020  13:21,409.15,409.45,408.8,409.05,67
20251020  13:22,409.1,409.15,408.95,409.05,11
20251020  13:23,409.05,409.05,409.05,409.05,0
20251020  13:24,409.05,409.3,409.05,409.3,10
20251020  13:25,409.05,409.35,409.05,409.35,6
20251020  13:26,409.4,409.65,409.1,409.35,10
20251020  13:27,409.1,409.1,408.95,409.1,3
20251020  13:28,409.1,409.1,409.1,409.1,0
20251020  13:29,409.05,409.45,408.95,408.95,11
20251020  13:30,408.75,408.75,408.7,408.7,10
20251021  10:15,404.2,404.2,402.7,403.3,99
20251021  10:16,404.0,404.6,403.5,404.35,23
20251021  10:17,404.45,404.45,404.1,404.1,4
20251021  10:18,404.55,404.8,404.0,404.0,12
20251021  10:19,403.4,403.45,403.2,403.35,12
20251021  10:20,403.4,403.65,403.4,403.5,8
20251021  10:21,403.7,403.7,403.25,403.5,11
20251021  10:22,403.35,403.35,402.2,402.2,25
20251021  10:23,402.4,403.7,402.4,403.55,15
20251021  10:24,403.6,403.75,403.45,403.7,7
20251021  10:25,403.75,403.75,403.6,403.6,2
20251021  10:26,403.55,403.6,403.25,403.6,6
20251021  10:27,403.9,404.1,403.85,404.05,7
20251021  10:28,404.3,404.55,404.05,404.05,13
20251021  10:29,404.3,404.8,404.3,404.75,7
20251021  10:30,405.0,405.5,405.0,405.5,5
20251021  10:31,405.4,405.7,405.4,405.55,10
20251021  10:32,405.35,405.35,404.35,404.5,16
20251021  10:33,404.5,405.1,404.5,404.95,10
20251021  10:34,404.9,406.3,404.9,406.3,38
20251021  10:35,406.0,406.25,405.6,405.85,27
20251021  10:36,405.65,405.65,405.1,405.3,8
20251021  10:37,405.2,405.45,405.2,405.3,12
20251021  10:38,406.0,406.0,405.9,405.9,5
20251021  10:39,406.2,406.2,405.95,405.95,2
20251021  10:40,406.4,406.55,406.35,406.55,10
20251021  10:41,406.8,406.85,406.45,406.75,16
20251021  10:42,406.7,406.7,406.45,406.45,17
20251021  10:43,406.55,406.55,406.45,406.45,3
20251021  10:44,406.5,406.5,406.25,406.25,4
20251021  10:45,406.5,406.5,406.5,406.5,1
20251021  10:46,406.5,406.5,406.5,406.5,1
20251021  10:47,406.3,406.3,406.2,406.2,2
20251021  10:48,406.2,406.35,406.2,406.25,3
20251021  10:49,406.25,406.25,406.25,406.25,0
20251021  10:50,406.25,406.3,405.9,405.9,8
20251021  10:51,405.9,405.9,405.9,405.9,0
20251021  10:52,405.75,405.75,405.75,405.75,1
20251021  10:53,405.9,405.9,405.9,405.9,1
20251021  10:54,406.05,406.2,405.85,405.85,5
20251021  10:55,405.85,405.85,405.85,405.85,0
20251021  10:56,406.25,406.55,406.25,406.5,8
20251021  10:57,406.6,406.6,405.8,405.8,8
20251021  10:58,405.65,405.8,405.2,405.45,16
20251021  10:59,405.45,405.45,405.45,405.45,0
20251021  11:00,405.9,405.9,405.9,405.9,1
20251021  11:01,406.3,406.3,406.3,406.3,2
20251021  11:02,406.05,406.05,406.05,406.05,1
20251021  11:03,406.05,406.05,406.05,406.05,0
20251021  11:04,406.1,406.35,406.1,406.25,4
20251021  11:05,406.0,406.0,405.9,405.9,4
20251021  11:06,405.65,405.8,405.65,405.75,4
20251021  11:07,405.65,405.75,405.65,405.75,2
20251021  11:08,405.75,405.75,405.75,405.75,0
20251021  11:09,405.75,405.75,405.75,405.75,0
20251021  11:10,405.8,405.9,405.8,405.9,4
20251021  11:11,405.9,405.9,405.9,405.9,0
20251021  11:12,406.0,406.2,405.9,405.9,4
20251021  11:13,405.8,406.05,405.55,405.75,40
20251021  11:14,405.75,405.75,404.7,404.7,71
20251021  11:15,404.7,404.7,404.7,404.7,0
20251021  11:16,404.95,405.25,404.95,405.15,9
20251021  11:17,405.5,405.5,405.2,405.4,6
20251021  11:18,405.4,405.4,405.4,405.4,0
20251021  11:19,405.2,405.5,405.0,405.35,41
20251021  11:20,405.6,405.65,405.6,405.65,4
20251021  11:21,405.7,406.15,405.7,406.1,14
20251021  11:22,406.1,406.1,405.75,405.75,4
20251021  11:23,405.6,405.75,405.6,405.7,10
20251021  11:24,405.7,405.7,405.7,405.7,0
20251021  11:25,405.7,405.7,405.7,405.7,0
20251021  11:26,405.9,405.9,405.85,405.85,3
20251021  11:27,405.85,405.85,405.85,405.85,0
20251021  11:28,405.85,405.85,405.85,405.85,0
20251021  11:29,405.85,405.85,405.85,405.85,0
20251021  11:30,405.85,405.85,405.75,405.75,2
20251021  11:31,405.45,405.45,405.45,405.45,1
20251021  11:32,405.35,405.35,405.35,405.35,2
20251021  11:33,405.6,405.6,405.6,405.6,1
20251021  11:34,405.5,405.5,405.45,405.45,2
20251021  11:35,405.25,405.25,405.25,405.25,2
20251021  11:36,405.25,405.25,405.25,405.25,0
20251021  11:37,405.45,405.45,405.45,405.45,1
20251021  11:38,405.8,405.9,405.8,405.9,3
20251021  11:39,405.95,405.95,405.95,405.95,1
20251021  11:40,405.95,405.95,405.95,405.95,0
20251021  11:41,405.95,405.95,405.95,405.95,0
20251021  11:42,406.3,406.6,406.2,406.35,34
20251021  11:43,406.3,406.45,406.3,406.4,5
20251021  11:44,406.4,406.65,406.2,406.6,17
20251021  11:45,406.65,406.85,405.6,405.6,36
20251021  11:46,405.85,406.1,405.85,406.1,3
20251021  11:47,406.1,406.1,406.1,406.1,1
20251021  11:48,406.1,406.1,406.1,406.1,0
20251021  11:49,406.1,406.1,406.1,406.1,0
20251021  11:50,406.25,406.25,406.25,406.25,3
20251021  11:51,406.6,406.85,406.55,406.85,22
20251021  11:52,406.7,406.85,406.7,406.85,2
20251021  11:53,406.75,406.75,406.75,406.75,1
20251021  11:54,407.0,407.1,407.0,407.05,13
20251021  11:55,407.1,407.15,407.1,407.15,2
20251021  11:56,407.0,407.0,407.0,407.0,1
20251021  11:57,407.15,407.15,406.55,406.55,9
20251021  11:58,407.15,407.15,407.15,407.15,1
20251021  11:59,407.05,407.05,406.9,406.9,2
20251021  12:00,406.9,406.9,406.9,406.9,0
20251021  12:01,407.25,407.45,407.25,407.45,13
20251021  12:02,407.2,407.2,407.2,407.2,1
20251021  12:03,407.45,407.45,406.85,406.85,32
20251021  12:04,406.85,406.85,406.85,406.85,0
20251021  12:05,407.05,407.2,407.0,407.15,12
20251021  12:06,407.15,407.15,407.15,407.15,0
20251021  12:07,407.05,407.25,406.95,407.2,11
20251021  12:08,407.15,407.15,407.15,407.15,1
20251021  12:09,407.05,407.05,407.05,407.05,1
20251021  12:10,406.85,406.85,406.85,406.85,1
20251021  12:11,406.5,406.5,406.35,406.45,4
20251021  12:12,406.45,406.65,406.35,406.35,8
20251021  12:13,406.35,406.7,406.25,406.7,8
20251021  12:14,406.85,407.05,406.75,407.05,23
20251021  12:15,406.65,406.65,406.65,406.65,1
20251021  12:16,406.4,406.4,406.4,406.4,1
20251021  12:17,406.4,406.4,406.4,406.4,0
20251021  12:18,406.4,406.4,406.4,406.4,0
20251021  12:19,406.25,406.35,406.25,406.35,4
20251021  12:20,406.35,406.35,406.35,406.35,0
20251021  12:21,406.35,406.35,406.35,406.35,0
20251021  12:22,406.35,406.35,406.35,406.35,0
20251021  12:23,406.05,406.05,405.8,405.8,3
20251021  12:24,405.6,405.75,405.5,405.7,32
20251021  12:25,405.7,405.7,405.7,405.7,0
20251021  12:26,405.7,406.4,405.55,406.4,17
20251021  12:27,406.45,406.45,406.45,406.45,1
20251021  12:28,406.55,406.85,406.55,406.85,2
20251021  12:29,407.1,407.1,407.0,407.0,2
20251021  12:30,407.0,407.0,407.0,407.0,0
20251021  12:31,407.0,407.0,407.0,407.0,0
20251021  12:32,407.05,407.1,407.05,407.1,2
20251021  12:33,407.1,407.1,407.1,407.1,0
20251021  12:34,407.1,407.1,407.1,407.1,0
20251021  12:35,406.85,406.85,406.8,406.85,3
20251021  12:36,406.6,406.6,406.6,406.6,2
20251021  12:37,406.65,406.65,406.65,406.65,1
20251021  12:38,406.65,406.65,406.65,406.65,0
20251021  12:39,406.65,406.65,406.65,406.65,0
20251021  12:40,406.6,406.6,406.6,406.6,2
20251021  12:41,406.6,406.6,406.6,406.6,0
20251021  12:42,406.5,406.5,406.5,406.5,2
20251021  12:43,406.85,407.1,406.55,406.55,21
20251021  12:44,406.45,406.45,406.15,406.25,6
20251021  12:45,406.2,406.2,405.65,405.9,18
20251021  12:46,406.0,406.15,406.0,406.15,2
20251021  12:47,406.3,406.3,406.3,406.3,1
20251021  12:48,406.55,406.8,406.55,406.8,4
20251021  12:49,406.35,406.35,406.35,406.35,1
20251021  12:50,406.5,406.6,406.5,406.6,2
20251021  12:51,406.45,406.45,406.45,406.45,2
20251021  12:52,406.4,406.4,406.35,406.35,3
20251021  12:53,406.35,406.35,406.35,406.35,0
20251021  12:54,406.35,406.35,406.35,406.35,0
20251021  12:55,406.35,406.35,406.35,406.35,0
20251021  12:56,406.35,406.45,406.35,406.45,3
20251021  12:57,406.75,406.75,406.75,406.75,1
20251021  12:58,406.75,406.75,406.75,406.75,1
20251021  12:59,406.7,406.7,406.7,406.7,1
20251021  13:00,406.9,406.9,406.85,406.85,3
20251021  13:01,406.85,406.85,406.85,406.85,0
20251021  13:02,407.0,407.0,407.0,407.0,1
20251021  13:03,407.3,408.5,407.3,408.2,52
20251021  13:04,408.05,409.45,408.05,409.3,47
20251021  13:05,409.1,409.3,409.0,409.3,11
20251021  13:06,409.5,409.6,408.6,408.8,38
20251021  13:07,408.65,408.65,408.65,408.65,1
20251021  13:08,408.85,408.85,408.75,408.75,4
20251021  13:09,408.6,408.7,408.6,408.6,10
20251021  13:10,408.4,408.45,408.15,408.2,12
20251021  13:11,408.0,408.6,408.0,408.5,13
20251021  13:12,408.5,408.8,408.05,408.7,20
20251021  13:13,409.0,409.3,409.0,409.3,17
20251021  13:14,409.45,409.65,409.45,409.65,8
20251021  13:15,409.35,409.65,409.35,409.65,7
20251021  13:16,409.7,411.0,409.7,410.85,153
20251021  13:17,410.95,411.55,410.8,411.2,64
20251021  13:18,411.0,411.15,410.75,410.95,27
20251021  13:19,411.1,411.1,410.05,410.9,41
20251021  13:20,410.9,410.95,410.0,410.8,63
20251021  13:21,410.5,410.5,410.5,410.5,2
20251021  13:22,410.6,410.85,410.4,410.4,8
20251021  13:23,410.25,410.25,410.2,410.2,2
20251021  13:24,410.2,410.2,410.2,410.2,1
20251021  13:25,410.0,410.0,409.65,409.95,10
20251021  13:26,409.75,410.15,409.75,410.15,6
20251021  13:27,410.3,410.7,410.3,410.7,10
20251021  13:28,410.6,411.05,410.6,411.0,10
20251021  13:29,410.85,410.95,410.85,410.95,4
20251021  13:30,411.05,411.5,410.9,411.35,50
20251022  10:15,416.0,417.9,416.0,417.7,227
20251022  10:16,417.6,417.85,416.25,417.75,82
20251022  10:17,417.8,419.85,417.8,418.45,186
20251022  10:18,418.0,418.95,418.0,418.7,13
20251022  10:19,418.35,418.6,417.5,417.65,28
20251022  10:20,417.65,419.7,417.65,419.7,20
20251022  10:21,419.4,419.65,418.55,418.65,19
20251022  10:22,419.1,419.3,418.95,418.95,6
20251022  10:23,418.6,419.0,418.45,419.0,7
20251022  10:24,418.8,418.8,418.25,418.25,7
20251022  10:25,418.35,418.6,418.35,418.6,5
20251022  10:26,418.5,419.0,418.5,419.0,18
20251022  10:27,419.2,419.4,418.7,419.4,15
20251022  10:28,419.25,419.5,419.25,419.45,10
20251022  10:29,419.6,420.45,419.6,420.3,54
20251022  10:30,420.4,420.65,419.95,420.2,15
20251022  10:31,420.4,420.4,420.2,420.2,6
20251022  10:32,420.25,420.35,420.15,420.25,8
20251022  10:33,420.2,420.2,419.85,419.85,8
20251022  10:34,419.75,419.75,419.4,419.65,13
20251022  10:35,419.65,419.65,419.15,419.45,10
20251022  10:36,419.3,419.3,418.5,418.75,12
20251022  10:37,418.8,419.85,418.8,419.85,19
20251022  10:38,419.9,419.9,419.4,419.6,8
20251022  10:39,419.8,419.8,419.8,419.8,1
20251022  10:40,419.15,419.15,418.75,419.1,12
20251022  10:41,419.15,419.15,418.9,419.0,6
20251022  10:42,418.85,418.85,418.6,418.7,6
20251022  10:43,418.6,418.65,418.3,418.3,21
20251022  10:44,418.2,418.65,418.15,418.5,21
20251022  10:45,418.9,419.2,418.9,419.2,9
20251022  10:46,418.8,419.1,418.8,419.05,5
20251022  10:47,419.15,420.5,419.15,420.5,20
20251022  10:48,420.55,421.35,420.4,421.25,43
20251022  10:49,420.9,421.55,420.9,421.55,20
20251022  10:50,421.4,421.6,421.4,421.6,6
20251022  10:51,421.8,422.25,421.55,422.25,55
20251022  10:52,422.25,422.95,422.25,422.65,37
20251022  10:53,422.8,427.0,422.8,424.9,322
20251022  10:54,424.55,424.7,424.2,424.65,22
20251022  10:55,424.95,425.0,424.55,424.95,19
20251022  10:56,425.1,425.1,424.4,424.6,28
20251022  10:57,424.55,424.6,424.35,424.35,8
20251022  10:58,424.0,425.1,424.0,425.1,22
20251022  10:59,425.25,425.25,424.4,424.4,11
20251022  11:00,424.15,424.5,423.9,424.5,14
20251022  11:01,424.0,424.0,419.0,420.1,215
20251022  11:02,420.0,421.2,418.5,419.9,81
20251022  11:03,419.4,420.6,418.5,420.55,170
20251022  11:04,419.95,420.25,419.75,419.8,13
20251022  11:05,420.45,420.45,420.15,420.15,2
20251022  11:06,419.85,419.85,419.2,419.45,19
20251022  11:07,419.7,419.85,419.1,419.3,20
20251022  11:08,419.35,419.6,419.3,419.6,13
20251022  11:09,419.45,421.65,419.45,420.2,68
20251022  11:10,420.65,420.8,420.45,420.8,10
20251022  11:11,420.95,421.2,420.8,420.8,11
20251022  11:12,420.75,420.75,420.3,420.65,6
20251022  11:13,420.85,420.85,420.8,420.8,2
20251022  11:14,420.95,422.15,420.95,422.1,16
20251022  11:15,422.15,422.15,422.05,422.05,4
20251022  11:16,421.85,422.2,421.85,421.85,8
20251022  11:17,421.7,422.4,421.7,422.0,6
20251022  11:18,422.25,422.65,421.25,421.5,71
20251022  11:19,421.35,421.8,421.0,421.45,49
20251022  11:20,421.85,421.85,421.6,421.6,25
20251022  11:21,422.25,422.35,422.2,422.25,4
20251022  11:22,422.25,422.35,421.8,421.8,7
20251022  11:23,421.6,422.1,421.6,422.1,16
20251022  11:24,422.2,422.2,422.0,422.0,6
20251022  11:25,422.5,422.6,422.5,422.6,6
20251022  11:26,422.6,422.65,422.4,422.65,11
20251022  11:27,422.75,423.0,422.4,422.4,14
20251022  11:28,422.8,422.85,422.55,422.55,5
20251022  11:29,422.45,422.45,422.4,422.4,2
20251022  11:30,422.15,422.15,417.45,418.4,157
20251022  11:31,418.8,419.3,418.1,419.0,18
20251022  11:32,419.1,420.2,418.85,419.9,21
20251022  11:33,420.15,420.15,419.65,419.75,8
20251022  11:34,419.55,419.55,419.55,419.55,1
20251022  11:35,419.5,419.95,419.5,419.55,12
20251022  11:36,419.55,419.55,419.55,419.55,0
20251022  11:37,420.0,420.2,419.15,419.15,18
20251022  11:38,419.25,419.3,418.7,419.15,20
20251022  11:39,419.5,419.5,419.0,419.0,3
20251022  11:40,419.0,419.0,419.0,419.0,0
20251022  11:41,419.35,419.6,419.35,419.6,3
20251022  11:42,419.8,419.8,419.35,419.35,6
20251022  11:43,418.95,418.95,418.75,418.75,2
20251022  11:44,418.65,418.8,418.1,418.6,19
20251022  11:45,418.6,418.6,418.6,418.6,0
20251022  11:46,418.6,418.6,418.6,418.6,0
20251022  11:47,419.25,419.6,419.25,419.6,7
20251022  11:48,419.05,419.05,419.0,419.0,2
20251022  11:49,418.85,418.85,418.35,418.35,7
20251022  11:50,418.65,418.65,418.3,418.3,3
20251022  11:51,418.05,418.05,417.5,417.8,13
20251022  11:52,417.75,418.1,417.75,418.1,7
20251022  11:53,417.55,417.7,417.55,417.65,3
20251022  11:54,417.7,417.8,417.5,417.8,7
20251022  11:55,417.85,417.85,417.85,417.85,1
20251022  11:56,417.95,418.1,417.5,417.8,18
20251022  11:57,417.8,417.8,417.4,417.55,11
20251022  11:58,417.6,417.85,417.4,417.75,28
20251022  11:59,417.95,418.6,417.75,418.35,20
20251022  12:00,418.65,419.0,418.4,418.4,11
20251022  12:01,418.4,418.9,418.3,418.3,10
20251022  12:02,418.4,418.45,418.1,418.1,6
20251022  12:03,418.1,418.1,418.1,418.1,0
20251022  12:04,418.5,418.5,418.5,418.5,1
20251022  12:05,418.8,418.9,418.65,418.85,11
20251022  12:06,418.85,418.85,418.85,418.85,0
20251022  12:07,418.8,418.9,418.55,418.55,12
20251022  12:08,418.9,418.9,418.75,418.75,6
20251022  12:09,419.0,419.3,419.0,419.3,5
20251022  12:10,419.65,420.8,419.65,420.55,23
20251022  12:11,420.65,421.25,420.55,420.55,27
20251022  12:12,420.2,421.8,420.2,421.5,64
20251022  12:13,421.65,421.65,420.85,420.85,2
20251022  12:14,421.0,422.3,420.8,422.1,65
20251022  12:15,422.05,422.3,421.6,422.0,87
20251022  12:16,421.6,421.65,421.6,421.65,8
20251022  12:17,421.65,421.65,421.65,421.65,0
20251022  12:18,421.3,421.3,420.8,420.8,3
20251022  12:19,420.8,420.8,420.8,420.8,0
20251022  12:20,421.1,421.1,421.1,421.1,1
20251022  12:21,421.25,421.25,421.25,421.25,1
20251022  12:22,421.6,421.6,421.25,421.25,6
20251022  12:23,421.4,421.6,421.4,421.6,14
20251022  12:24,421.65,421.65,421.45,421.45,10
20251022  12:25,421.35,421.35,421.3,421.3,4
20251022  12:26,421.25,421.7,421.25,421.65,23
20251022  12:27,421.55,421.9,421.55,421.8,4
20251022  12:28,421.9,422.35,421.9,422.35,4
20251022  12:29,422.35,422.35,422.0,422.0,5
20251022  12:30,422.1,422.85,422.1,422.8,8
20251022  12:31,422.5,422.5,422.05,422.05,10
20251022  12:32,422.05,422.25,422.05,422.15,9
20251022  12:33,422.05,422.05,421.75,421.75,5
20251022  12:34,421.95,421.95,421.3,421.55,13
20251022  12:35,421.2,421.3,421.2,421.2,7
20251022  12:36,421.35,421.55,421.2,421.2,10
20251022  12:37,421.05,421.05,420.2,420.35,26
20251022  12:38,420.25,420.35,420.25,420.35,3
20251022  12:39,420.35,420.35,420.1,420.15,7
20251022  12:40,420.3,421.0,420.25,420.25,6
20251022  12:41,420.4,420.4,420.4,420.4,1
20251022  12:42,420.25,420.25,420.25,420.25,1
20251022  12:43,420.8,420.8,420.8,420.8,1
20251022  12:44,421.0,421.0,421.0,421.0,1
20251022  12:45,421.0,421.0,421.0,421.0,0
20251022  12:46,421.0,421.0,421.0,421.0,0
20251022  12:47,421.0,421.0,421.0,421.0,0
20251022  12:48,421.0,421.0,421.0,421.0,0
20251022  12:49,421.3,421.55,420.8,420.8,6
20251022  12:50,421.05,421.2,420.85,420.9,5
20251022  12:51,420.95,421.15,420.95,421.15,3
20251022  12:52,421.35,421.5,421.35,421.5,7
20251022  12:53,420.6,420.6,420.6,420.6,1
20251022  12:54,420.05,420.05,419.7,419.7,6
20251022  12:55,419.45,419.8,419.45,419.55,7
20251022  12:56,419.6,419.9,419.6,419.9,4
20251022  12:57,420.15,420.45,420.15,420.45,14
20251022  12:58,420.4,420.4,419.1,419.1,7
20251022  12:59,418.7,419.0,418.7,418.9,20
20251022  13:00,419.1,419.75,419.1,419.75,12
20251022  13:01,419.7,420.35,419.7,420.35,28
20251022  13:02,420.6,421.45,420.6,421.45,18
20251022  13:03,421.4,421.4,421.4,421.4,3
20251022  13:04,421.6,421.75,421.3,421.35,27
20251022  13:05,421.5,421.5,421.05,421.05,6
20251022  13:06,421.35,421.6,421.1,421.1,7
20251022  13:07,421.3,421.3,421.0,421.0,12
20251022  13:08,421.0,421.1,421.0,421.1,2
20251022  13:09,421.15,421.45,421.15,421.45,10
20251022  13:10,421.45,421.45,421.4,421.4,2
20251022  13:11,421.2,421.3,421.2,421.3,2
20251022  13:12,421.25,421.25,420.1,420.5,20
20251022  13:13,420.55,420.65,420.15,420.15,11
20251022  13:14,420.0,420.4,419.75,419.8,28
20251022  13:15,419.75,420.0,419.6,420.0,5
20251022  13:16,419.75,419.75,419.7,419.7,4
20251022  13:17,419.7,419.7,419.2,419.2,14
20251022  13:18,419.05,419.35,418.8,418.8,26
20251022  13:19,419.25,419.6,418.5,418.5,32
20251022  13:20,418.15,418.15,417.65,417.65,25
20251022  13:21,418.15,418.55,418.15,418.4,4
20251022  13:22,418.7,418.7,417.8,417.8,25
20251022  13:23,417.85,418.0,417.85,418.0,3
20251022  13:24,418.15,418.6,418.15,418.6,5
20251022  13:25,418.25,418.25,418.25,418.25,2
20251022  13:26,418.25,418.25,418.25,418.25,0
20251022  13:27,418.25,418.25,417.85,417.85,4
20251022  13:28,418.2,418.5,417.95,418.5,4
20251022  13:29,418.45,419.0,418.45,419.0,5
20251022  13:30,418.75,419.0,418.75,419.0,2
20251023  10:15,422.9,423.0,418.0,418.65,188
20251023  10:16,418.9,419.95,418.7,418.7,33
20251023  10:17,418.9,420.2,418.9,419.0,32
20251023  10:18,419.5,420.5,419.5,420.0,21
20251023  10:19,420.4,420.6,420.15,420.55,9
20251023  10:20,420.6,421.25,420.4,421.25,15
20251023  10:21,421.4,421.8,420.8,421.8,19
20251023  10:22,422.0,423.0,422.0,423.0,15
20251023  10:23,422.85,423.85,422.6,423.0,35
20251023  10:24,422.95,423.1,422.0,422.55,24
20251023  10:25,422.0,423.0,421.25,423.0,29
20251023  10:26,423.05,423.75,422.95,423.75,7
20251023  10:27,423.9,424.4,423.8,424.05,42
20251023  10:28,424.3,424.4,424.3,424.35,11
20251023  10:29,424.45,424.65,423.5,423.5,13
20251023  10:30,423.5,423.5,423.15,423.15,6
20251023  10:31,422.8,422.8,421.8,422.05,12
20251023  10:32,422.3,423.55,422.3,423.55,3
20251023  10:33,423.55,423.55,423.55,423.55,0
20251023  10:34,423.25,423.45,422.9,423.45,19
20251023  10:35,423.45,423.45,423.45,423.45,0
20251023  10:36,423.1,423.1,422.05,422.05,5
20251023  10:37,422.05,422.05,422.05,422.05,0
20251023  10:38,422.05,422.05,422.05,422.05,0
20251023  10:39,422.05,422.05,422.05,422.05,0
20251023  10:40,422.2,422.2,422.2,422.2,1
20251023  10:41,423.05,423.2,423.05,423.15,4
20251023  10:42,423.45,423.45,423.45,423.45,2
20251023  10:43,423.65,423.75,423.6,423.75,12
20251023  10:44,423.55,424.25,423.55,424.25,5
20251023  10:45,424.3,424.3,423.9,423.9,9
20251023  10:46,423.85,423.85,423.7,423.7,2
20251023  10:47,423.4,423.4,422.0,422.35,41
20251023  10:48,422.1,422.15,421.65,421.65,5
20251023  10:49,421.35,422.25,421.35,422.25,2
20251023  10:50,422.5,422.6,422.35,422.35,6
20251023  10:51,422.45,422.45,421.55,421.55,9
20251023  10:52,422.15,422.15,422.15,422.15,3
20251023  10:53,421.9,421.95,421.9,421.95,2
20251023  10:54,422.0,422.0,421.6,421.6,8
20251023  10:55,421.7,422.1,421.7,422.1,7
20251023  10:56,422.15,422.15,422.15,422.15,1
20251023  10:57,422.35,422.35,422.35,422.35,1
20251023  10:58,422.5,422.5,422.0,422.0,9
20251023  10:59,422.0,422.0,422.0,422.0,0
20251023  11:00,422.25,422.5,422.25,422.5,10
20251023  11:01,422.25,422.25,422.25,422.25,1
20251023  11:02,422.5,422.5,422.5,422.5,2
20251023  11:03,423.0,423.0,422.4,422.4,16
20251023  11:04,422.1,422.25,422.1,422.25,2
20251023  11:05,422.25,422.25,422.25,422.25,0
20251023  11:06,422.45,422.9,422.45,422.9,6
20251023  11:07,422.85,422.85,422.85,422.85,1
20251023  11:08,423.2,423.2,423.2,423.2,1
20251023  11:09,423.2,423.2,423.2,423.2,0
20251023  11:10,423.05,423.05,423.05,423.05,3
20251023  11:11,422.8,424.5,422.7,423.95,26
20251023  11:12,423.9,424.15,423.9,424.15,3
20251023  11:13,423.8,423.8,423.6,423.7,5
20251023  11:14,423.5,423.9,423.5,423.9,3
20251023  11:15,423.55,424.1,423.55,423.95,4
20251023  11:16,424.0,424.0,423.8,424.0,7
20251023  11:17,424.0,424.0,424.0,424.0,0
20251023  11:18,423.8,424.0,423.6,423.7,4
20251023  11:19,423.7,423.7,423.7,423.7,0
20251023  11:20,423.95,423.95,423.95,423.95,1
20251023  11:21,423.95,424.0,423.25,423.25,18
20251023  11:22,423.3,423.55,423.05,423.45,9
20251023  11:23,423.45,423.45,423.45,423.45,0
20251023  11:24,423.8,423.8,423.8,423.8,2
20251023  11:25,423.55,423.55,422.9,423.1,15
20251023  11:26,423.4,423.4,423.4,423.4,1
20251023  11:27,423.4,423.4,423.4,423.4,0
20251023  11:28,423.05,423.6,423.05,423.6,9
20251023  11:29,423.6,423.6,423.6,423.6,0
20251023  11:30,423.15,423.3,423.15,423.3,2
20251023  11:31,423.3,423.5,423.3,423.5,2
20251023  11:32,423.3,423.3,423.3,423.3,1
20251023  11:33,423.3,423.3,423.3,423.3,0
20251023  11:34,423.35,423.35,423.35,423.35,1
20251023  11:35,422.95,423.35,422.95,423.35,2
20251023  11:36,423.4,424.0,423.4,423.95,20
20251023  11:37,423.8,423.8,423.45,423.45,4
20251023  11:38,423.75,423.9,423.75,423.9,2
20251023  11:39,424.25,424.3,424.1,424.1,12
20251023  11:40,424.4,424.4,424.4,424.4,1
20251023  11:41,424.25,424.25,424.2,424.2,11
20251023  11:42,424.2,424.2,424.2,424.2,1
20251023  11:43,424.2,424.2,424.2,424.2,0
20251023  11:44,423.45,423.8,423.45,423.8,4
20251023  11:45,423.85,424.25,423.85,424.25,3
20251023  11:46,423.95,424.1,423.85,423.9,6
20251023  11:47,423.9,424.0,423.9,424.0,11
20251023  11:48,424.35,424.45,424.35,424.45,3
20251023  11:49,424.45,424.45,424.45,424.45,0
20251023  11:50,424.4,424.45,424.2,424.2,7
20251023  11:51,424.0,424.0,423.85,423.85,5
20251023  11:52,424.35,424.35,424.35,424.35,1
20251023  11:53,424.35,424.35,424.35,424.35,0
20251023  11:54,424.25,424.5,424.25,424.5,2
20251023  11:55,424.55,424.7,424.35,424.35,15
20251023  11:56,424.55,424.55,423.9,423.9,5
20251023  11:57,423.9,423.9,423.15,423.15,9
20251023  11:58,423.2,423.6,423.2,423.6,2
20251023  11:59,423.45,423.65,423.45,423.5,4
20251023  12:00,423.3,423.3,421.45,421.45,38
20251023  12:01,421.5,421.7,421.5,421.7,2
20251023  12:02,421.65,422.2,421.65,422.2,3
20251023  12:03,422.25,423.0,422.25,422.75,15
20251023  12:04,422.45,422.55,422.45,422.55,2
20251023  12:05,422.55,422.55,422.55,422.55,0
20251023  12:06,422.75,422.95,422.75,422.95,4
20251023  12:07,422.95,423.0,422.95,423.0,2
20251023  12:08,422.75,422.75,422.75,422.75,1
20251023  12:09,422.4,422.65,422.2,422.2,6
20251023  12:10,422.5,422.5,422.5,422.5,1
20251023  12:11,422.5,422.5,422.5,422.5,0
20251023  12:12,422.5,422.8,422.5,422.8,2
20251023  12:13,422.45,422.55,422.45,422.45,3
20251023  12:14,422.6,422.75,422.6,422.75,3
20251023  12:15,422.4,422.4,422.05,422.05,3
20251023  12:16,422.45,422.45,422.45,422.45,1
20251023  12:17,422.45,422.45,422.45,422.45,0
20251023  12:18,421.9,422.05,421.8,422.05,3
20251023  12:19,422.05,422.65,422.05,422.65,4
20251023  12:20,422.65,422.65,422.4,422.4,4
20251023  12:21,422.7,423.3,422.7,423.0,13
20251023  12:22,423.0,423.4,423.0,423.05,5
20251023  12:23,423.05,423.05,423.05,423.05,0
20251023  12:24,423.2,423.2,423.2,423.2,1
20251023  12:25,423.2,423.2,423.2,423.2,0
20251023  12:26,423.25,423.25,423.25,423.25,1
20251023  12:27,423.25,423.25,423.25,423.25,0
20251023  12:28,423.25,423.25,423.25,423.25,1
20251023  12:29,422.9,422.9,422.9,422.9,1
20251023  12:30,423.05,423.05,423.05,423.05,1
20251023  12:31,423.05,423.05,423.05,423.05,0
20251023  12:32,423.05,423.05,423.05,423.05,1
20251023  12:33,423.05,423.05,423.05,423.05,0
20251023  12:34,422.65,423.15,422.65,423.15,2
20251023  12:35,423.5,423.7,423.5,423.7,5
20251023  12:36,423.8,423.8,423.8,423.8,1
20251023  12:37,423.6,423.6,423.6,423.6,1
20251023  12:38,423.85,424.0,423.55,423.55,5
20251023  12:39,423.55,423.55,423.55,423.55,0
20251023  12:40,423.4,423.9,423.4,423.9,13
20251023  12:41,423.6,423.6,423.6,423.6,2
20251023  12:42,423.75,423.75,423.75,423.75,1
20251023  12:43,423.75,423.75,423.75,423.75,0
20251023  12:44,423.75,423.75,423.75,423.75,1
20251023  12:45,423.75,423.75,423.75,423.75,0
20251023  12:46,423.75,423.75,423.75,423.75,1
20251023  12:47,423.4,423.4,423.4,423.4,1
20251023  12:48,423.7,423.7,423.7,423.7,1
20251023  12:49,423.8,423.85,423.25,423.25,5
20251023  12:50,423.5,423.7,423.5,423.7,2
20251023  12:51,423.55,423.55,423.5,423.5,2
20251023  12:52,423.95,423.95,423.95,423.95,1
20251023  12:53,424.0,424.0,424.0,424.0,1
20251023  12:54,424.05,424.05,424.05,424.05,1
20251023  12:55,424.1,424.2,424.1,424.2,3
20251023  12:56,424.05,424.05,423.65,424.05,5
20251023  12:57,424.1,424.1,423.75,423.85,6
20251023  12:58,423.75,424.0,423.75,424.0,4
20251023  12:59,424.0,424.0,424.0,424.0,0
20251023  13:00,423.75,423.75,423.75,423.75,1
20251023  13:01,423.75,423.75,423.75,423.75,0
20251023  13:02,423.55,424.0,423.55,423.8,8
20251023  13:03,423.8,423.8,423.8,423.8,0
20251023  13:04,424.0,424.4,424.0,424.3,13
20251023  13:05,424.1,424.35,424.0,424.0,3
20251023  13:06,423.85,423.85,423.85,423.85,2
20251023  13:07,423.85,423.85,423.85,423.85,0
20251023  13:08,423.7,424.1,423.7,423.8,5
20251023  13:09,423.55,423.55,423.55,423.55,2
20251023  13:10,423.8,423.8,423.8,423.8,1
20251023  13:11,423.95,423.95,423.95,423.95,1
20251023  13:12,423.7,423.95,423.7,423.95,2
20251023  13:13,423.3,423.3,423.3,423.3,1
20251023  13:14,423.6,423.6,423.6,423.6,1
20251023  13:15,423.05,423.05,423.05,423.05,1
20251023  13:16,423.5,423.5,423.5,423.5,1
20251023  13:17,423.5,423.5,423.5,423.5,0
20251023  13:18,423.5,423.95,423.5,423.6,4
20251023  13:19,423.55,423.55,423.5,423.5,4
20251023  13:20,423.9,423.9,422.7,422.8,62
20251023  13:21,422.8,423.0,422.6,423.0,7
20251023  13:22,423.4,423.4,423.35,423.35,2
20251023  13:23,423.2,423.2,423.0,423.0,7
20251023  13:24,422.85,423.0,422.85,423.0,3
20251023  13:25,423.0,423.0,423.0,423.0,0
20251023  13:26,422.85,423.65,422.85,423.4,12
20251023  13:27,423.3,423.45,423.2,423.45,14
20251023  13:28,423.8,424.05,423.55,423.8,7
20251023  13:29,424.1,424.1,423.2,423.85,13
20251023  13:30,424.0,424.55,424.0,424.55,9
20251024  10:15,411.05,411.35,409.2,410.15,161
20251024  10:16,409.95,411.95,409.95,411.75,45
20251024  10:17,411.45,411.75,411.1,411.75,22
20251024  10:18,411.95,412.7,411.5,411.5,25
20251024  10:19,411.0,411.45,410.65,410.9,28
20251024  10:20,411.05,411.8,411.05,411.45,16
20251024  10:21,410.95,411.4,410.75,411.15,13
20251024  10:22,411.2,411.25,410.4,410.55,17
20251024  10:23,410.5,411.3,410.5,411.3,17
20251024  10:24,411.15,412.4,411.15,412.25,21
20251024  10:25,412.5,412.6,411.45,411.65,12
20251024  10:26,411.7,411.9,411.7,411.9,7
20251024  10:27,412.35,412.5,412.3,412.3,10
20251024  10:28,412.3,412.3,412.3,412.3,0
20251024  10:29,412.1,412.1,412.1,412.1,5
20251024  10:30,411.7,411.8,411.7,411.7,3
20251024  10:31,411.6,411.65,411.05,411.1,6
20251024  10:32,410.9,410.9,409.7,409.9,7
20251024  10:33,409.8,409.8,409.25,409.4,13
20251024  10:34,409.15,409.35,408.6,409.25,41
20251024  10:35,409.2,409.3,408.9,408.95,8
20251024  10:36,408.95,408.95,408.95,408.95,0
20251024  10:37,409.5,409.65,409.5,409.65,3
20251024  10:38,409.6,410.0,409.45,410.0,13
20251024  10:39,409.95,410.5,409.95,410.5,8
20251024  10:40,410.6,410.65,410.6,410.65,8
20251024  10:41,410.75,411.4,410.75,411.2,14
20251024  10:42,410.95,411.05,410.95,411.05,2
20251024  10:43,411.45,411.6,411.45,411.45,4
20251024  10:44,411.45,411.45,411.45,411.45,0
20251024  10:45,411.45,411.6,411.2,411.25,12
20251024  10:46,411.1,411.1,411.1,411.1,2
20251024  10:47,411.05,411.05,410.7,410.9,10
20251024  10:48,410.85,411.4,410.45,411.4,21
20251024  10:49,411.55,411.55,411.35,411.35,2
20251024  10:50,411.7,412.15,411.7,411.8,15
20251024  10:51,411.8,412.0,411.65,411.7,6
20251024  10:52,411.7,411.7,411.55,411.55,3
20251024  10:53,411.85,411.95,411.85,411.95,3
20251024  10:54,411.6,411.85,411.6,411.85,3
20251024  10:55,412.05,412.05,411.9,411.9,2
20251024  10:56,412.0,412.15,412.0,412.15,5
20251024  10:57,412.15,412.45,412.15,412.45,8
20251024  10:58,412.1,412.75,412.1,412.75,22
20251024  10:59,412.8,413.55,412.6,413.45,31
20251024  11:00,413.05,413.2,412.4,413.2,11
20251024  11:01,413.2,413.2,413.2,413.2,1
20251024  11:02,413.05,413.2,412.8,412.95,5
20251024  11:03,413.25,413.4,413.25,413.4,4
20251024  11:04,413.45,413.6,413.2,413.2,27
20251024  11:05,413.2,413.45,413.1,413.45,5
20251024  11:06,413.65,413.65,413.55,413.55,2
20251024  11:07,413.8,414.3,413.8,414.15,23
20251024  11:08,413.9,413.9,413.05,413.05,9
20251024  11:09,413.3,413.55,413.3,413.55,6
20251024  11:10,413.45,413.6,413.3,413.6,3
20251024  11:11,413.4,413.4,413.35,413.35,2
20251024  11:12,413.35,413.35,413.35,413.35,0
20251024  11:13,413.05,413.05,413.05,413.05,1
20251024  11:14,413.3,413.3,412.2,412.45,10
20251024  11:15,412.3,412.55,412.3,412.55,4
20251024  11:16,412.55,412.55,412.55,412.55,0
20251024  11:17,413.1,413.1,413.1,413.1,1
20251024  11:18,413.25,413.25,413.25,413.25,1
20251024  11:19,412.8,412.8,412.8,412.8,1
20251024  11:20,412.95,412.95,411.75,411.95,59
20251024  11:21,411.95,412.0,411.8,411.8,9
20251024  11:22,412.05,412.05,411.8,411.8,5
20251024  11:23,411.6,411.9,411.6,411.9,3
20251024  11:24,411.9,411.9,411.9,411.9,0
20251024  11:25,411.65,411.65,411.05,411.05,7
20251024  11:26,411.1,411.45,411.1,411.45,2
20251024  11:27,411.45,411.45,411.45,411.45,0
20251024  11:28,411.9,411.9,411.9,411.9,5
20251024  11:29,411.8,411.9,411.8,411.9,3
20251024  11:30,411.7,412.25,411.7,412.25,2
20251024  11:31,412.1,412.1,412.0,412.0,3
20251024  11:32,412.0,412.0,412.0,412.0,0
20251024  11:33,412.15,412.15,412.15,412.15,1
20251024  11:34,412.2,412.2,412.2,412.2,3
20251024  11:35,412.35,412.35,411.75,411.75,14
20251024  11:36,411.8,412.35,411.8,411.95,24
20251024  11:37,411.9,411.9,411.9,411.9,1
20251024  11:38,412.05,412.1,411.85,411.85,3
20251024  11:39,411.9,411.9,411.85,411.85,3
20251024  11:40,411.95,411.95,411.75,411.75,5
20251024  11:41,412.3,412.3,411.85,411.95,13
20251024  11:42,412.25,412.4,412.25,412.4,3
20251024  11:43,412.05,412.05,411.85,411.85,3
20251024  11:44,411.95,412.0,411.9,411.9,4
20251024  11:45,412.1,412.15,412.1,412.15,3
20251024  11:46,412.1,412.1,411.7,411.7,6
20251024  11:47,411.7,411.7,411.7,411.7,0
20251024  11:48,411.7,411.7,411.7,411.7,0
20251024  11:49,411.85,411.9,411.55,411.85,13
20251024  11:50,411.9,411.9,411.9,411.9,1
20251024  11:51,411.7,411.7,411.7,411.7,1
20251024  11:52,411.95,411.95,411.65,411.65,6
20251024  11:53,411.85,411.85,411.55,411.85,7
20251024  11:54,412.25,412.25,412.25,412.25,2
20251024  11:55,412.1,412.15,412.1,412.15,2
20251024  11:56,411.8,411.8,411.8,411.8,1
20251024  11:57,411.8,411.8,411.8,411.8,0
20251024  11:58,411.8,411.8,411.8,411.8,1
20251024  11:59,411.9,411.9,411.7,411.7,2
20251024  12:00,411.9,411.9,411.75,411.8,5
20251024  12:01,412.05,412.05,411.65,411.65,6
20251024  12:02,411.65,411.65,411.65,411.65,0
20251024  12:03,411.65,411.65,411.65,411.65,0
20251024  12:04,411.85,411.85,411.8,411.8,2
20251024  12:05,411.8,411.8,411.8,411.8,0
20251024  12:06,411.8,411.8,411.8,411.8,0
20251024  12:07,411.8,411.8,411.8,411.8,0
20251024  12:08,411.65,411.65,411.65,411.65,1
20251024  12:09,411.65,411.65,411.65,411.65,0
20251024  12:10,411.85,412.1,411.85,412.1,2
20251024  12:11,412.25,412.25,412.2,412.25,3
20251024  12:12,412.25,412.25,412.25,412.25,0
20251024  12:13,412.3,412.6,412.25,412.6,7
20251024  12:14,412.75,412.75,412.2,412.2,4
20251024  12:15,412.2,412.2,412.2,412.2,0
20251024  12:16,412.35,412.35,412.35,412.35,1
20251024  12:17,412.35,412.5,412.35,412.5,4
20251024  12:18,412.25,412.25,412.25,412.25,1
20251024  12:19,412.25,412.25,412.25,412.25,0
20251024  12:20,412.25,412.25,412.25,412.25,0
20251024  12:21,412.05,412.05,412.05,412.05,1
20251024  12:22,412.05,412.05,412.05,412.05,0
20251024  12:23,412.25,412.35,412.25,412.35,3
20251024  12:24,412.25,412.25,411.9,411.9,5
20251024  12:25,411.7,411.95,411.7,411.95,3
20251024  12:26,412.0,412.0,411.5,411.85,13
20251024  12:27,412.15,412.15,412.15,412.15,1
20251024  12:28,412.15,412.15,412.15,412.15,0
20251024  12:29,412.25,412.25,412.25,412.25,2
20251024  12:30,412.25,412.25,412.25,412.25,0
20251024  12:31,412.1,412.4,412.1,412.25,8
20251024  12:32,412.5,412.7,412.45,412.5,19
20251024  12:33,412.55,413.0,412.55,413.0,16
20251024  12:34,413.05,413.05,412.45,412.45,11
20251024  12:35,412.75,413.8,412.55,413.8,21
20251024  12:36,413.7,413.9,413.2,413.2,6
20251024  12:37,413.0,413.0,412.8,412.8,5
20251024  12:38,412.8,412.8,412.8,412.8,0
20251024  12:39,412.35,412.55,412.35,412.55,4
20251024  12:40,412.45,412.6,412.35,412.55,8
20251024  12:41,412.45,412.8,412.45,412.8,2
20251024  12:42,412.8,412.8,412.8,412.8,0
20251024  12:43,412.5,412.5,412.35,412.35,3
20251024  12:44,412.7,412.8,412.7,412.8,4
20251024  12:45,412.8,412.8,412.8,412.8,0
20251024  12:46,412.75,412.75,412.75,412.75,1
20251024  12:47,412.65,412.65,412.5,412.5,2
20251024  12:48,412.5,412.5,412.5,412.5,0
20251024  12:49,411.9,412.0,411.9,411.9,4
20251024  12:50,412.25,412.25,412.25,412.25,1
20251024  12:51,412.25,412.25,412.25,412.25,0
20251024  12:52,412.4,412.4,412.4,412.4,1
20251024  12:53,412.3,412.3,412.3,412.3,1
20251024  12:54,412.2,412.5,412.2,412.5,6
20251024  12:55,412.5,413.4,412.5,413.1,25
20251024  12:56,413.15,413.15,412.6,412.8,10
20251024  12:57,413.1,413.15,413.1,413.15,2
20251024  12:58,413.2,413.2,413.05,413.05,2
20251024  12:59,413.25,413.25,412.6,412.75,15
20251024  13:00,412.55,412.55,412.35,412.35,5
20251024  13:01,412.45,412.65,412.45,412.6,9
20251024  13:02,412.55,412.85,412.55,412.85,5
20251024  13:03,412.85,412.85,412.85,412.85,0
20251024  13:04,412.6,412.6,412.6,412.6,3
20251024  13:05,412.3,412.4,412.2,412.4,8
20251024  13:06,412.4,412.4,412.4,412.4,0
20251024  13:07,412.2,412.2,412.2,412.2,1
20251024  13:08,412.3,412.3,411.5,411.75,14
20251024  13:09,412.25,412.55,412.25,412.55,6
20251024  13:10,412.5,412.7,412.5,412.7,4
20251024  13:11,412.7,412.7,412.5,412.5,3
20251024  13:12,412.55,412.55,412.55,412.55,2
20251024  13:13,412.75,412.75,412.5,412.55,5
20251024  13:14,412.55,412.55,412.25,412.25,4
20251024  13:15,412.2,412.45,412.2,412.45,4
20251024  13:16,412.35,412.35,412.35,412.35,1
20251024  13:17,412.1,412.1,412.05,412.05,2
20251024  13:18,411.7,411.7,411.55,411.55,4
20251024  13:19,411.5,411.5,411.2,411.2,6
20251024  13:20,411.3,411.3,410.5,410.85,18
20251024  13:21,410.95,410.95,410.95,410.95,2
20251024  13:22,411.0,411.35,411.0,411.2,5
20251024  13:23,411.2,411.5,411.05,411.5,4
20251024  13:24,411.65,412.0,411.65,412.0,2
20251024  13:25,411.9,411.9,411.85,411.85,3
20251024  13:26,411.65,411.65,410.7,410.7,14
20251024  13:27,410.7,410.8,409.8,409.8,18
20251024  13:28,410.0,410.15,409.8,410.1,13
20251024  13:29,410.5,412.9,410.45,411.4,45
20251024  13:30,411.45,411.45,410.55,410.85,31
20251027  10:15,397.0,397.0,392.45,395.0,841
20251027  10:16,394.6,396.55,394.2,395.4,141
20251027  10:17,395.55,397.05,395.55,397.05,45
20251027  10:18,397.2,399.2,396.8,397.85,88
20251027  10:19,398.35,398.45,397.2,397.75,61
20251027  10:20,398.0,398.05,396.5,396.8,113
20251027  10:21,396.5,396.65,395.4,395.4,24
20251027  10:22,395.8,395.95,394.0,394.0,37
20251027  10:23,394.3,394.6,394.2,394.5,23
20251027  10:24,394.4,394.9,394.25,394.5,8
20251027  10:25,394.45,394.7,394.25,394.6,12
20251027  10:26,394.65,394.85,394.3,394.55,6
20251027  10:27,394.3,394.65,393.9,394.65,24
20251027  10:28,394.65,394.7,394.15,394.65,16
20251027  10:29,394.5,395.95,394.5,395.3,121
20251027  10:30,395.75,396.8,395.3,396.65,33
20251027  10:31,397.1,397.1,396.35,397.0,10
20251027  10:32,396.2,397.4,396.2,397.4,8
20251027  10:33,397.25,397.25,396.65,396.65,11
20251027  10:34,397.1,397.1,396.45,396.45,9
20251027  10:35,396.7,396.7,396.6,396.65,3
20251027  10:36,396.7,396.7,396.2,396.2,4
20251027  10:37,396.55,396.6,396.4,396.4,3
20251027  10:38,396.75,397.4,396.75,397.3,14
20251027  10:39,397.5,398.55,397.5,398.05,20
20251027  10:40,397.75,397.95,397.6,397.6,10
20251027  10:41,397.5,398.05,397.5,397.75,8
20251027  10:42,397.9,398.2,397.75,397.75,14
20251027  10:43,397.85,398.0,397.4,398.0,19
20251027  10:44,397.8,398.25,397.4,397.45,10
20251027  10:45,397.45,397.45,397.45,397.45,2
20251027  10:46,397.7,397.7,397.7,397.7,2
20251027  10:47,397.7,398.0,397.7,398.0,8
20251027  10:48,398.1,398.3,398.0,398.15,11
20251027  10:49,398.05,398.05,397.85,398.05,3
20251027  10:50,397.8,398.4,397.65,397.65,18
20251027  10:51,397.7,398.15,397.7,398.15,2
20251027  10:52,397.9,398.4,397.9,398.4,5
20251027  10:53,398.7,398.7,398.4,398.4,2
20251027  10:54,398.2,398.2,397.7,397.9,7
20251027  10:55,398.0,398.0,397.95,397.95,2
20251027  10:56,398.25,398.25,398.05,398.1,3
20251027  10:57,398.4,398.4,398.1,398.3,6
20251027  10:58,398.7,398.7,398.55,398.55,2
20251027  10:59,398.55,398.55,397.7,397.7,6
20251027  11:00,397.6,397.95,397.55,397.8,13
20251027  11:01,397.4,397.5,397.0,397.0,15
20251027  11:02,397.65,397.65,397.5,397.6,3
20251027  11:03,397.85,397.9,397.1,397.1,14
20251027  11:04,397.5,397.5,397.2,397.2,3
20251027  11:05,397.15,397.95,397.15,397.5,11
20251027  11:06,397.8,397.8,397.8,397.8,1
20251027  11:07,397.35,397.7,397.25,397.45,15
20251027  11:08,397.4,397.4,397.05,397.35,7
20251027  11:09,397.1,397.4,397.1,397.35,3
20251027  11:10,397.35,397.35,396.65,396.65,8
20251027  11:11,396.95,397.15,396.5,397.05,24
20251027  11:12,397.05,397.05,396.95,396.95,3
20251027  11:13,396.75,397.2,396.75,397.0,6
20251027  11:14,397.3,397.3,397.0,397.25,4
20251027  11:15,397.15,397.15,397.15,397.15,1
20251027  11:16,397.45,397.45,397.0,397.0,3
20251027  11:17,396.95,396.95,396.25,396.25,5
20251027  11:18,396.65,396.85,396.4,396.4,4
20251027  11:19,396.3,396.3,395.8,395.8,9
20251027  11:20,395.85,396.35,395.85,396.35,4
20251027  11:21,396.1,396.1,395.9,395.9,2
20251027  11:22,396.0,396.4,396.0,396.4,5
20251027  11:23,396.6,396.95,396.6,396.95,3
20251027  11:24,397.0,397.0,397.0,397.0,1
20251027  11:25,397.3,397.3,397.0,397.0,3
20251027  11:26,397.35,397.35,396.95,396.95,5
20251027  11:27,397.1,397.1,397.1,397.1,1
20251027  11:28,397.35,397.35,397.35,397.35,1
20251027  11:29,397.15,397.15,396.6,396.6,2
20251027  11:30,396.8,397.0,396.8,396.8,6
20251027  11:31,396.95,397.0,396.95,397.0,2
20251027  11:32,397.0,397.0,396.8,396.8,2
20251027  11:33,397.15,397.15,397.15,397.15,1
20251027  11:34,396.8,397.0,396.7,396.85,10
20251027  11:35,396.9,397.0,396.9,397.0,2
20251027  11:36,397.15,397.5,396.95,397.5,5
20251027  11:37,397.95,398.0,397.45,397.45,14
20251027  11:38,397.45,397.45,397.4,397.4,2
20251027  11:39,397.6,397.95,397.6,397.95,8
20251027  11:40,397.75,397.95,397.55,397.85,10
20251027  11:41,398.0,398.15,397.8,397.8,7
20251027  11:42,397.75,398.2,397.55,398.2,9
20251027  11:43,398.2,398.2,398.2,398.2,1
20251027  11:44,397.8,397.95,397.75,397.95,3
20251027  11:45,398.0,398.1,398.0,398.1,2
20251027  11:46,398.4,398.45,398.4,398.45,3
20251027  11:47,398.5,398.65,398.1,398.25,11
20251027  11:48,398.25,398.4,397.95,397.95,3
20251027  11:49,398.0,398.0,398.0,398.0,1
20251027  11:50,397.75,398.0,397.7,397.7,14
20251027  11:51,397.95,398.35,397.65,397.65,9
20251027  11:52,397.7,397.7,397.7,397.7,1
20251027  11:53,397.5,397.65,397.5,397.65,2
20251027  11:54,397.8,398.2,397.8,398.2,4
20251027  11:55,398.2,398.2,398.05,398.05,2
20251027  11:56,398.15,398.15,398.15,398.15,2
20251027  11:57,397.9,397.95,397.85,397.95,3
20251027  11:58,398.45,398.45,398.35,398.45,6
20251027  11:59,398.25,398.65,398.25,398.4,3
20251027  12:00,398.7,398.75,398.45,398.45,3
20251027  12:01,398.0,398.4,398.0,398.4,2
20251027  12:02,398.0,398.2,398.0,398.2,3
20251027  12:03,398.25,398.25,398.1,398.1,3
20251027  12:04,398.05,398.05,397.45,397.45,6
20251027  12:05,397.75,397.75,397.4,397.55,3
20251027  12:06,397.45,397.7,397.35,397.5,5
20251027  12:07,397.45,397.65,397.45,397.65,2
20251027  12:08,397.6,397.75,397.6,397.75,2
20251027  12:09,397.85,397.85,397.85,397.85,1
20251027  12:10,397.85,397.85,397.85,397.85,0
20251027  12:11,397.85,397.85,397.85,397.85,0
20251027  12:12,397.85,397.85,397.85,397.85,0
20251027  12:13,397.95,397.95,397.9,397.9,5
20251027  12:14,397.35,397.9,397.35,397.9,9
20251027  12:15,397.8,397.95,397.3,397.65,12
20251027  12:16,397.2,397.2,397.2,397.2,3
20251027  12:17,397.35,397.65,397.35,397.55,6
20251027  12:18,397.75,397.75,397.6,397.75,5
20251027  12:19,397.75,397.8,397.75,397.8,3
20251027  12:20,397.7,397.7,397.65,397.65,2
20251027  12:21,397.2,397.2,396.8,396.8,10
20251027  12:22,397.1,397.1,396.5,396.5,2
20251027  12:23,396.3,396.3,396.0,396.0,6
20251027  12:24,396.25,396.25,396.05,396.05,4
20251027  12:25,395.9,395.9,395.65,395.65,18
20251027  12:26,395.6,396.25,395.45,396.15,14
20251027  12:27,396.25,396.25,395.9,395.9,7
20251027  12:28,396.05,396.9,396.05,396.4,22
20251027  12:29,396.4,396.4,396.4,396.4,0
20251027  12:30,396.2,396.25,395.9,395.9,16
20251027  12:31,395.6,395.9,395.6,395.75,6
20251027  12:32,395.8,396.25,395.8,396.25,17
20251027  12:33,395.9,395.9,395.9,395.9,1
20251027  12:34,396.0,396.35,396.0,396.3,5
20251027  12:35,396.1,396.3,396.1,396.3,2
20251027  12:36,396.3,396.3,395.6,395.75,6
20251027  12:37,395.75,395.75,395.75,395.75,0
20251027  12:38,395.8,396.05,395.7,395.75,11
20251027  12:39,395.5,395.55,395.2,395.55,13
20251027  12:40,395.5,395.5,395.15,395.15,7
20251027  12:41,395.25,395.8,395.2,395.8,6
20251027  12:42,395.55,395.7,395.55,395.65,5
20251027  12:43,395.85,396.0,395.85,396.0,4
20251027  12:44,396.05,396.15,395.9,396.15,4
20251027  12:45,396.05,396.05,396.0,396.0,2
20251027  12:46,395.95,396.0,395.95,396.0,2
20251027  12:47,396.15,396.2,395.65,395.65,10
20251027  12:48,395.4,395.75,395.4,395.75,8
20251027  12:49,395.95,395.95,395.95,395.95,1
20251027  12:50,395.8,395.8,395.75,395.75,2
20251027  12:51,395.45,395.7,395.45,395.65,7
20251027  12:52,395.8,396.25,395.8,396.15,23
20251027  12:53,396.2,396.3,395.6,395.6,16
20251027  12:54,395.25,395.25,394.7,394.8,55
20251027  12:55,394.95,395.1,394.95,395.1,10
20251027  12:56,395.2,395.65,395.2,395.65,6
20251027  12:57,395.55,395.55,395.45,395.45,4
20251027  12:58,395.45,395.45,395.45,395.45,0
20251027  12:59,395.35,395.35,395.0,395.0,7
20251027  13:00,394.85,395.0,394.2,394.6,52
20251027  13:01,394.7,395.1,394.6,394.6,20
20251027  13:02,394.75,395.15,394.75,395.15,9
20251027  13:03,395.8,397.7,395.8,397.35,19
20251027  13:04,397.4,397.4,397.0,397.0,12
20251027  13:05,397.15,397.25,397.15,397.25,3
20251027  13:06,397.15,397.55,397.0,397.25,10
20251027  13:07,397.25,397.25,397.25,397.25,0
20251027  13:08,397.75,397.8,397.35,397.6,20
20251027  13:09,397.65,397.85,397.65,397.85,6
20251027  13:10,397.6,397.6,396.85,397.05,22
20251027  13:11,396.75,396.9,396.4,396.4,18
20251027  13:12,396.2,396.2,395.95,395.95,6
20251027  13:13,395.75,395.85,395.5,395.85,10
20251027  13:14,395.9,396.4,395.9,396.25,12
20251027  13:15,396.55,396.75,396.55,396.7,3
20251027  13:16,396.7,396.7,396.7,396.7,1
20251027  13:17,397.25,397.7,397.25,397.35,7
20251027  13:18,397.25,397.25,397.0,397.0,6
20251027  13:19,396.6,397.1,396.6,397.1,10
20251027  13:20,397.1,397.2,396.9,396.9,14
20251027  13:21,397.1,397.2,397.0,397.0,8
20251027  13:22,396.9,398.3,396.9,398.3,88
20251027  13:23,398.1,398.6,398.0,398.6,9
20251027  13:24,398.6,398.6,398.6,398.6,1
20251027  13:25,398.7,399.05,398.45,399.05,46
20251027  13:26,399.0,399.65,398.9,399.55,18
20251027  13:27,399.35,399.35,398.9,399.05,14
20251027  13:28,399.0,399.6,398.85,399.55,48
20251027  13:29,399.65,399.75,398.95,399.1,43
20251027  13:30,399.05,399.05,397.75,397.85,43
20251028  10:15,390.0,390.15,387.1,387.95,249
20251028  10:16,387.65,388.0,387.55,387.65,16
20251028  10:17,387.55,387.6,386.75,386.9,48
20251028  10:18,387.0,387.9,387.0,387.7,50
20251028  10:19,388.0,388.75,386.85,386.9,52
20251028  10:20,387.0,387.85,386.95,387.85,29
20251028  10:21,388.05,388.7,387.75,388.3,27
20251028  10:22,388.3,388.65,388.0,388.1,12
20251028  10:23,387.85,388.4,387.85,387.85,29
20251028  10:24,388.0,388.25,388.0,388.25,5
20251028  10:25,388.4,388.4,388.25,388.35,7
20251028  10:26,388.35,388.5,388.35,388.35,5
20251028  10:27,388.2,388.2,387.4,387.4,7
20251028  10:28,387.4,388.0,387.4,388.0,6
20251028  10:29,388.1,388.55,388.05,388.55,7
20251028  10:30,388.85,390.5,388.85,389.75,74
20251028  10:31,389.5,389.65,388.95,389.35,23
20251028  10:32,389.3,389.55,389.3,389.45,12
20251028  10:33,389.25,389.65,389.25,389.6,7
20251028  10:34,389.7,389.7,389.3,389.3,2
20251028  10:35,389.45,389.55,389.45,389.55,16
20251028  10:36,389.75,390.8,389.75,390.8,37
20251028  10:37,390.7,390.85,390.55,390.65,14
20251028  10:38,390.6,391.1,390.6,390.9,27
20251028  10:39,390.9,390.9,390.1,390.1,7
20251028  10:40,390.15,390.7,390.1,390.1,15
20251028  10:41,390.1,390.4,390.1,390.15,4
20251028  10:42,390.05,390.05,389.9,389.9,3
20251028  10:43,390.0,390.0,388.7,388.75,71
20251028  10:44,388.7,389.1,388.7,389.1,4
20251028  10:45,388.95,389.85,388.8,389.85,10
20251028  10:46,389.45,389.95,389.45,389.55,7
20251028  10:47,389.55,389.55,389.55,389.55,0
20251028  10:48,389.65,389.65,389.15,389.5,8
20251028  10:49,389.55,389.9,389.55,389.9,2
20251028  10:50,389.35,389.4,389.35,389.35,5
20251028  10:51,389.55,390.0,389.55,390.0,4
20251028  10:52,390.1,390.9,390.1,390.55,19
20251028  10:53,390.95,390.95,390.45,390.85,5
20251028  10:54,390.65,390.7,390.35,390.45,10
20251028  10:55,390.3,390.3,389.65,390.0,8
20251028  10:56,389.75,389.75,389.75,389.75,7
20251028  10:57,389.8,389.85,389.5,389.5,9
20251028  10:58,389.75,390.1,389.6,389.75,12
20251028  10:59,389.7,389.7,389.65,389.65,2
20251028  11:00,389.65,389.65,389.65,389.65,0
20251028  11:01,389.9,389.9,389.6,389.6,7
20251028  11:02,389.45,389.55,389.35,389.35,3
20251028  11:03,389.65,389.65,389.15,389.45,4
20251028  11:04,389.7,390.05,389.7,389.8,13
20251028  11:05,389.8,389.9,389.6,389.9,15
20251028  11:06,389.7,389.8,389.65,389.8,3
20251028  11:07,389.65,390.2,389.55,389.95,22
20251028  11:08,389.95,389.95,389.95,389.95,1
20251028  11:09,389.55,389.95,389.25,389.7,18
20251028  11:10,389.4,389.7,389.4,389.7,11
20251028  11:11,389.85,390.05,389.75,390.05,10
20251028  11:12,390.4,390.4,389.75,389.75,7
20251028  11:13,390.05,390.2,390.0,390.0,4
20251028  11:14,390.05,390.05,389.9,389.9,7
20251028  11:15,389.9,389.9,389.9,389.9,0
20251028  11:16,389.65,389.75,389.65,389.65,4
20251028  11:17,389.6,389.9,389.6,389.9,5
20251028  11:18,389.85,389.85,389.85,389.85,2
20251028  11:19,389.85,390.05,389.8,389.8,8
20251028  11:20,389.7,389.7,389.7,389.7,1
20251028  11:21,389.3,389.3,389.3,389.3,1
20251028  11:22,389.0,389.0,388.9,388.95,3
20251028  11:23,389.15,389.15,388.95,388.95,6
20251028  11:24,388.9,388.9,388.3,388.7,25
20251028  11:25,388.55,388.8,388.5,388.6,9
20251028  11:26,388.95,389.1,388.85,389.1,7
20251028  11:27,389.3,389.3,389.3,389.3,1
20251028  11:28,389.6,389.6,389.45,389.5,9
20251028  11:29,389.4,389.6,389.3,389.55,8
20251028  11:30,389.6,389.7,389.55,389.55,8
20251028  11:31,389.75,390.05,389.45,389.45,13
20251028  11:32,389.45,389.6,389.45,389.55,4
20251028  11:33,389.45,389.85,389.45,389.65,6
20251028  11:34,389.6,389.7,389.45,389.45,7
20251028  11:35,389.5,389.55,388.25,389.0,38
20251028  11:36,389.0,389.0,389.0,389.0,0
20251028  11:37,388.6,388.6,388.45,388.5,5
20251028  11:38,388.65,388.65,388.65,388.65,1
20251028  11:39,388.6,388.6,388.6,388.6,1
20251028  11:40,388.6,388.65,388.45,388.45,10
20251028  11:41,388.75,388.9,388.75,388.75,7
20251028  11:42,388.6,388.6,388.15,388.15,3
20251028  11:43,388.15,388.15,387.7,387.8,29
20251028  11:44,387.45,388.05,387.45,387.75,17
20251028  11:45,387.4,387.45,387.25,387.4,7
20251028  11:46,387.35,387.35,386.75,387.15,21
20251028  11:47,386.85,387.0,386.8,387.0,5
20251028  11:48,387.0,387.0,386.1,386.1,27
20251028  11:49,386.1,386.4,386.05,386.4,7
20251028  11:50,386.35,386.35,386.25,386.3,4
20251028  11:51,386.3,386.7,386.3,386.7,11
20251028  11:52,386.85,386.9,386.8,386.8,3
20251028  11:53,386.85,386.85,386.6,386.7,4
20251028  11:54,386.5,386.7,386.5,386.7,3
20251028  11:55,386.65,386.65,386.25,386.25,4
20251028  11:56,386.25,386.25,385.05,385.1,128
20251028  11:57,385.3,385.35,385.15,385.3,11
20251028  11:58,385.35,385.4,383.8,384.05,395
20251028  11:59,384.2,384.3,383.8,384.3,32
20251028  12:00,384.0,384.4,384.0,384.05,12
20251028  12:01,384.0,384.15,383.65,383.65,22
20251028  12:02,383.65,384.8,383.6,384.8,36
20251028  12:03,384.65,385.9,384.6,385.25,32
20251028  12:04,385.0,385.0,384.35,384.35,26
20251028  12:05,384.3,384.3,384.0,384.0,23
20251028  12:06,384.0,384.1,383.95,384.0,7
20251028  12:07,383.75,383.75,383.35,383.6,9
20251028  12:08,383.55,383.65,383.35,383.6,16
20251028  12:09,383.65,384.75,383.65,384.1,43
20251028  12:10,383.85,384.2,383.85,384.15,5
20251028  12:11,384.15,384.3,384.1,384.3,10
20251028  12:12,384.5,384.5,384.35,384.35,2
20251028  12:13,384.45,384.55,384.0,384.2,15
20251028  12:14,384.2,384.7,384.2,384.7,18
20251028  12:15,384.6,384.6,384.45,384.45,4
20251028  12:16,384.45,385.35,384.45,385.35,45
20251028  12:17,385.1,385.65,385.0,385.45,31
20251028  12:18,385.05,385.65,385.05,385.65,8
20251028  12:19,385.65,386.75,385.65,386.65,41
20251028  12:20,386.65,387.1,386.65,386.8,26
20251028  12:21,386.6,387.9,386.45,387.9,56
20251028  12:22,387.7,387.7,387.3,387.5,13
20251028  12:23,387.05,387.05,386.15,386.35,9
20251028  12:24,386.1,386.15,385.9,386.15,8
20251028  12:25,386.0,386.0,386.0,386.0,1
20251028  12:26,386.05,386.25,386.05,386.25,6
20251028  12:27,386.25,386.75,385.85,386.65,19
20251028  12:28,386.85,386.85,386.5,386.5,4
20251028  12:29,386.65,386.8,386.5,386.55,6
20251028  12:30,386.55,386.85,386.55,386.85,2
20251028  12:31,386.7,386.7,386.55,386.55,3
20251028  12:32,386.85,386.85,386.85,386.85,1
20251028  12:33,387.05,387.5,387.05,387.1,5
20251028  12:34,387.05,387.45,386.95,387.2,14
20251028  12:35,387.2,387.2,387.0,387.0,2
20251028  12:36,387.2,387.25,386.95,387.25,5
20251028  12:37,387.35,387.55,387.35,387.5,8
20251028  12:38,387.55,387.8,387.45,387.8,17
20251028  12:39,387.7,387.85,387.55,387.55,5
20251028  12:40,387.6,387.8,387.5,387.6,44
20251028  12:41,387.65,387.7,387.3,387.45,14
20251028  12:42,387.55,388.35,387.55,388.35,36
20251028  12:43,388.1,388.1,387.95,387.95,2
20251028  12:44,388.0,388.2,388.0,388.1,6
20251028  12:45,388.4,389.25,388.4,388.65,166
20251028  12:46,388.3,388.45,387.75,387.75,8
20251028  12:47,387.65,387.95,387.6,387.65,7
20251028  12:48,387.85,387.9,387.55,387.65,6
20251028  12:49,387.9,387.9,387.45,387.45,4
20251028  12:50,387.45,387.45,386.85,387.1,16
20251028  12:51,387.15,387.5,386.3,386.3,18
20251028  12:52,386.2,386.55,386.05,386.3,20
20251028  12:53,386.4,386.45,386.35,386.35,5
20251028  12:54,386.1,386.1,386.05,386.05,14
20251028  12:55,385.75,385.75,385.5,385.5,12
20251028  12:56,385.1,385.45,385.0,385.25,22
20251028  12:57,385.0,385.1,384.85,384.85,11
20251028  12:58,384.95,385.0,384.9,385.0,37
20251028  12:59,384.5,384.75,384.45,384.45,21
20251028  13:00,384.45,384.8,384.05,384.4,40
20251028  13:01,384.45,384.75,384.25,384.6,32
20251028  13:02,384.6,384.8,384.15,384.5,28
20251028  13:03,384.7,385.2,384.5,385.2,17
20251028  13:04,385.3,385.45,384.85,385.05,21
20251028  13:05,385.0,385.6,384.7,385.4,30
20251028  13:06,385.4,385.55,385.05,385.05,10
20251028  13:07,384.9,385.85,384.9,385.55,23
20251028  13:08,385.4,385.6,385.15,385.6,21
20251028  13:09,385.65,385.65,384.85,385.05,35
20251028  13:10,384.75,384.9,384.6,384.6,17
20251028  13:11,384.8,385.8,384.8,385.1,23
20251028  13:12,384.95,385.3,384.8,384.8,18
20251028  13:13,384.8,384.8,384.2,384.45,16
20251028  13:14,384.2,384.55,384.05,384.45,25
20251028  13:15,384.4,384.45,384.05,384.1,18
20251028  13:16,384.05,384.2,383.75,383.85,39
20251028  13:17,383.8,384.75,383.6,384.1,42
20251028  13:18,384.05,384.4,384.05,384.1,25
20251028  13:19,384.2,384.2,383.95,383.95,10
20251028  13:20,384.15,385.15,384.15,384.6,68
20251028  13:21,384.6,384.6,384.05,384.05,10
20251028  13:22,384.4,384.4,383.5,383.65,28
20251028  13:23,383.5,383.5,382.55,382.55,90
20251028  13:24,382.55,382.8,382.2,382.75,34
20251028  13:25,382.75,383.55,382.75,383.35,55
20251028  13:26,383.1,383.55,382.85,382.85,35
20251028  13:27,382.85,382.85,382.45,382.8,55
20251028  13:28,382.5,382.65,381.15,381.8,81
20251028  13:29,381.4,381.6,380.45,380.45,153
20251028  13:30,380.8,381.05,380.4,381.0,39
20251029  10:15,390.85,392.4,390.4,391.5,96
20251029  10:16,391.55,392.45,391.35,391.5,29
20251029  10:17,391.6,392.15,391.5,391.8,17
20251029  10:18,391.5,391.6,391.0,391.6,20
20251029  10:19,391.45,391.45,391.05,391.3,11
20251029  10:20,391.1,391.1,390.3,390.3,14
20251029  10:21,390.05,390.55,389.6,389.6,20
20251029  10:22,389.6,389.85,389.6,389.75,14
20251029  10:23,389.4,390.0,389.35,390.0,16
20251029  10:24,390.05,390.25,390.05,390.25,7
20251029  10:25,390.15,390.35,389.9,389.95,23
20251029  10:26,389.85,390.0,389.7,389.7,6
20251029  10:27,389.75,389.75,389.5,389.5,2
20251029  10:28,389.5,389.7,389.5,389.7,5
20251029  10:29,389.75,389.8,389.6,389.6,5
20251029  10:30,389.65,389.65,389.05,389.2,17
20251029  10:31,389.6,390.0,389.25,389.45,22
20251029  10:32,389.2,389.4,389.15,389.15,6
20251029  10:33,389.15,389.2,389.05,389.05,4
20251029  10:34,389.05,389.05,388.05,388.85,19
20251029  10:35,388.75,388.75,388.05,388.35,23
20251029  10:36,388.45,388.45,387.05,387.55,54
20251029  10:37,387.35,387.75,387.2,387.5,17
20251029  10:38,387.45,387.8,387.35,387.8,9
20251029  10:39,387.8,387.8,387.8,387.8,0
20251029  10:40,387.8,387.8,387.8,387.8,3
20251029  10:41,387.8,387.8,387.45,387.5,6
20251029  10:42,387.45,387.8,387.45,387.8,6
20251029  10:43,387.65,387.75,387.65,387.75,3
20251029  10:44,387.5,387.85,387.45,387.65,11
20251029  10:45,387.7,387.7,387.7,387.7,1
20251029  10:46,387.85,387.85,387.75,387.8,6
20251029  10:47,387.8,388.2,387.8,388.2,11
20251029  10:48,388.35,388.35,388.35,388.35,1
20251029  10:49,388.4,388.4,388.3,388.3,2
20251029  10:50,388.3,388.3,387.9,388.0,6
20251029  10:51,387.7,387.7,387.7,387.7,1
20251029  10:52,387.55,387.7,387.55,387.7,2
20251029  10:53,387.85,387.85,387.85,387.85,2
20251029  10:54,387.85,387.85,387.85,387.85,0
20251029  10:55,388.05,388.3,388.05,388.3,3
20251029  10:56,388.7,388.75,388.65,388.75,4
20251029  10:57,388.55,388.55,388.55,388.55,2
20251029  10:58,388.55,388.65,388.3,388.4,15
20251029  10:59,388.4,388.4,388.4,388.4,0
20251029  11:00,388.15,388.15,388.05,388.05,8
20251029  11:01,387.8,388.5,387.8,388.5,5
20251029  11:02,388.6,388.6,388.3,388.4,10
20251029  11:03,388.55,388.65,388.35,388.65,7
20251029  11:04,388.8,389.0,388.8,389.0,7
20251029  11:05,389.0,389.0,389.0,389.0,0
20251029  11:06,389.1,389.1,388.6,388.6,6
20251029  11:07,388.8,388.8,388.65,388.65,2
20251029  11:08,388.6,388.6,388.6,388.6,1
20251029  11:09,388.6,388.6,388.6,388.6,1
20251029  11:10,388.6,388.85,388.6,388.85,3
20251029  11:11,388.75,388.75,388.75,388.75,1
20251029  11:12,388.6,388.6,388.3,388.35,10
20251029  11:13,388.2,388.25,388.2,388.25,2
20251029  11:14,388.35,388.35,388.35,388.35,1
20251029  11:15,388.4,388.4,388.4,388.4,1
20251029  11:16,388.05,388.05,387.05,387.15,48
20251029  11:17,387.25,387.45,386.5,386.75,44
20251029  11:18,386.7,386.7,386.7,386.7,1
20251029  11:19,386.65,386.9,386.6,386.9,5
20251029  11:20,386.9,386.9,386.9,386.9,0
20251029  11:21,386.9,386.9,386.6,386.65,3
20251029  11:22,386.65,386.65,386.65,386.65,4
20251029  11:23,386.8,387.65,386.75,387.65,15
20251029  11:24,387.85,388.0,387.45,387.45,10
20251029  11:25,387.5,387.6,387.5,387.6,2
20251029  11:26,388.25,388.25,388.25,388.25,1
20251029  11:27,388.4,389.0,388.4,388.7,6
20251029  11:28,388.7,389.0,388.7,389.0,5
20251029  11:29,389.0,389.0,389.0,389.0,0
20251029  11:30,389.25,389.25,389.25,389.25,1
20251029  11:31,389.35,389.8,389.3,389.8,4
20251029  11:32,389.75,389.75,389.5,389.5,6
20251029  11:33,389.35,389.35,389.35,389.35,2
20251029  11:34,389.55,389.85,389.4,389.4,31
20251029  11:35,389.0,389.0,388.65,388.65,7
20251029  11:36,388.9,388.9,388.9,388.9,1
20251029  11:37,388.6,388.6,388.2,388.2,5
20251029  11:38,388.45,388.45,386.85,386.85,20
20251029  11:39,386.9,388.05,386.9,388.05,9
20251029  11:40,388.2,388.35,388.2,388.2,9
20251029  11:41,387.75,387.75,387.2,387.2,2
20251029  11:42,387.1,387.1,387.05,387.05,2
20251029  11:43,387.6,387.65,387.6,387.65,2
20251029  11:44,387.35,387.55,387.35,387.55,3
20251029  11:45,387.55,387.55,387.55,387.55,0
20251029  11:46,387.7,387.7,386.95,386.95,4
20251029  11:47,387.4,387.4,387.4,387.4,1
20251029  11:48,387.05,387.05,387.05,387.05,1
20251029  11:49,386.8,386.9,386.8,386.9,2
20251029  11:50,387.1,387.1,386.5,386.5,16
20251029  11:51,386.75,386.85,386.6,386.85,15
20251029  11:52,387.15,387.15,387.15,387.15,1
20251029  11:53,387.15,387.15,387.15,387.15,1
20251029  11:54,387.15,387.15,387.15,387.15,0
20251029  11:55,387.15,387.15,387.15,387.15,0
20251029  11:56,387.0,387.0,387.0,387.0,2
20251029  11:57,387.0,387.0,387.0,387.0,0
20251029  11:58,387.15,387.15,387.0,387.05,5
20251029  11:59,387.65,388.0,387.45,388.0,5
20251029  12:00,388.0,388.0,388.0,388.0,0
20251029  12:01,388.0,388.0,388.0,388.0,1
20251029  12:02,387.9,387.9,387.85,387.85,4
20251029  12:03,387.85,387.9,387.85,387.9,3
20251029  12:04,387.9,387.9,387.9,387.9,0
20251029  12:05,387.9,387.9,387.9,387.9,0
20251029  12:06,387.95,388.4,387.95,388.0,8
20251029  12:07,388.3,388.5,388.3,388.5,7
20251029  12:08,388.5,388.5,388.5,388.5,0
20251029  12:09,388.5,388.5,388.4,388.4,3
20251029  12:10,388.6,388.95,388.6,388.95,5
20251029  12:11,388.95,388.95,388.95,388.95,0
20251029  12:12,388.5,388.5,388.5,388.5,1
20251029  12:13,388.6,388.6,388.6,388.6,1
20251029  12:14,388.6,388.6,388.55,388.55,3
20251029  12:15,388.1,388.1,388.1,388.1,1
20251029  12:16,388.25,388.25,388.25,388.25,2
20251029  12:17,388.4,388.4,388.05,388.05,2
20251029  12:18,388.05,388.05,388.05,388.05,0
20251029  12:19,387.25,387.5,387.25,387.5,2
20251029  12:20,387.15,387.15,387.15,387.15,1
20251029  12:21,387.0,387.3,387.0,387.3,4
20251029  12:22,387.3,387.3,387.3,387.3,0
20251029  12:23,387.3,387.3,387.3,387.3,0
20251029  12:24,387.05,387.05,387.05,387.05,1
20251029  12:25,387.05,387.2,387.05,387.15,6
20251029  12:26,387.1,387.2,387.05,387.05,6
20251029  12:27,387.0,387.35,386.95,387.2,20
20251029  12:28,387.1,387.4,387.1,387.25,5
20251029  12:29,387.7,387.7,387.7,387.7,1
20251029  12:30,387.7,387.7,387.7,387.7,0
20251029  12:31,387.65,387.65,387.65,387.65,2
20251029  12:32,387.65,387.65,387.65,387.65,0
20251029  12:33,387.65,387.65,387.65,387.65,0
20251029  12:34,387.55,387.55,387.4,387.4,2
20251029  12:35,387.3,387.3,387.05,387.05,8
20251029  12:36,387.25,387.25,387.15,387.15,2
20251029  12:37,387.05,387.05,386.6,386.6,9
20251029  12:38,386.6,386.6,386.5,386.5,3
20251029  12:39,386.75,386.9,386.75,386.9,11
20251029  12:40,386.75,386.75,386.05,386.05,13
20251029  12:41,386.2,386.3,386.05,386.3,10
20251029  12:42,386.45,386.75,386.45,386.65,19
20251029  12:43,386.7,386.95,386.65,386.85,12
20251029  12:44,386.35,386.35,386.05,386.05,4
20251029  12:45,386.15,386.2,385.25,385.4,35
20251029  12:46,385.65,385.65,385.65,385.65,1
20251029  12:47,385.45,385.45,385.2,385.2,4
20251029  12:48,385.15,385.25,385.05,385.05,28
20251029  12:49,385.35,385.35,385.2,385.2,6
20251029  12:50,385.1,385.1,384.0,384.75,55
20251029  12:51,384.55,384.7,384.2,384.2,12
20251029  12:52,384.3,384.55,384.3,384.5,12
20251029  12:53,384.55,384.55,384.0,384.1,5
20251029  12:54,384.2,385.0,384.0,385.0,30
20251029  12:55,385.3,385.3,385.0,385.0,2
20251029  12:56,385.2,385.85,385.2,385.8,18
20251029  12:57,386.0,386.3,386.0,386.0,3
20251029  12:58,386.15,386.15,385.15,385.15,10
20251029  12:59,385.15,385.15,385.15,385.15,2
20251029  13:00,385.1,386.25,385.1,386.25,20
20251029  13:01,386.3,386.35,385.7,385.7,13
20251029  13:02,385.65,385.65,385.45,385.65,10
20251029  13:03,385.45,385.55,384.4,384.4,23
20251029  13:04,384.0,384.6,384.0,384.2,19
20251029  13:05,383.9,384.2,383.85,383.95,14
20251029  13:06,383.8,383.85,383.15,383.2,87
20251029  13:07,383.45,383.75,382.75,383.45,77
20251029  13:08,383.3,383.3,383.1,383.1,3
20251029  13:09,383.2,383.35,383.15,383.35,14
20251029  13:10,383.25,383.25,382.9,382.9,10
20251029  13:11,382.9,383.15,382.9,383.15,16
20251029  13:12,383.15,383.35,383.0,383.15,17
20251029  13:13,383.1,383.1,382.95,382.95,3
20251029  13:14,382.95,384.35,382.95,384.35,35
20251029  13:15,384.2,384.2,383.9,383.9,3
20251029  13:16,384.0,384.0,383.55,383.85,8
20251029  13:17,383.65,383.8,383.55,383.55,5
20251029  13:18,383.55,383.55,383.15,383.2,47
20251029  13:19,383.25,383.35,383.15,383.15,19
20251029  13:20,383.1,383.3,382.85,382.85,72
20251029  13:21,382.85,383.7,382.85,383.7,7
20251029  13:22,383.65,383.8,383.65,383.8,5
20251029  13:23,383.5,383.5,383.0,383.0,18
20251029  13:24,383.05,383.35,383.0,383.35,7
20251029  13:25,383.05,383.1,383.0,383.1,19
20251029  13:26,382.95,383.1,382.5,382.95,96
20251029  13:27,382.95,382.95,382.15,382.15,13
20251029  13:28,382.35,382.5,382.2,382.4,16
20251029  13:29,382.45,383.2,382.45,383.15,15
20251029  13:30,383.15,383.3,382.9,382.9,22
20251030  10:15,394.7,394.7,392.5,393.75,187
20251030  10:16,393.45,393.45,391.8,393.0,68
20251030  10:17,393.2,393.2,392.05,392.05,35
20251030  10:18,392.05,393.1,392.05,393.05,21
20251030  10:19,392.75,393.25,392.7,393.0,11
20251030  10:20,392.85,392.85,392.4,392.4,14
20251030  10:21,392.15,392.4,392.05,392.05,4
20251030  10:22,391.95,391.95,391.3,391.45,11
20251030  10:23,391.2,391.95,391.2,391.95,8
20251030  10:24,392.1,392.45,392.05,392.45,7
20251030  10:25,391.95,392.05,391.95,392.05,2
20251030  10:26,391.95,391.95,391.8,391.8,2
20251030  10:27,391.7,391.7,391.5,391.5,4
20251030  10:28,391.55,391.8,390.85,391.2,21
20251030  10:29,391.2,391.35,391.15,391.15,5
20251030  10:30,391.0,391.0,389.4,389.5,63
20251030  10:31,389.55,389.6,389.2,389.6,18
20251030  10:32,389.2,389.65,389.2,389.45,3
20251030  10:33,389.7,389.9,389.7,389.75,7
20251030  10:34,389.7,390.1,389.6,390.1,8
20251030  10:35,390.25,390.75,390.0,390.35,10
20251030  10:36,390.1,390.1,390.1,390.1,1
20251030  10:37,390.1,390.65,390.0,390.35,47
20251030  10:38,390.45,390.85,390.25,390.85,7
20251030  10:39,390.1,390.15,390.0,390.15,5
20251030  10:40,390.05,390.25,390.0,390.25,10
20251030  10:41,390.05,390.2,390.0,390.1,13
20251030  10:42,390.15,390.2,390.05,390.2,4
20251030  10:43,390.1,390.3,390.1,390.3,6
20251030  10:44,390.0,390.1,390.0,390.1,6
20251030  10:45,390.25,390.25,389.95,389.95,3
20251030  10:46,390.35,390.7,390.35,390.6,8
20251030  10:47,390.55,390.75,390.55,390.6,11
20251030  10:48,390.6,390.6,390.35,390.35,5
20251030  10:49,390.15,390.65,390.15,390.65,3
20251030  10:50,390.7,391.15,390.7,391.15,9
20251030  10:51,391.0,391.0,390.5,390.5,6
20251030  10:52,390.6,390.6,390.6,390.6,1
20251030  10:53,389.95,390.9,389.95,390.9,11
20251030  10:54,391.0,391.3,391.0,391.1,9
20251030  10:55,391.1,391.3,390.4,390.4,12
20251030  10:56,390.7,390.7,390.7,390.7,1
20251030  10:57,390.85,390.85,390.7,390.7,2
20251030  10:58,390.5,390.65,390.5,390.65,2
20251030  10:59,390.5,390.7,390.3,390.3,5
20251030  11:00,390.45,390.7,390.35,390.35,9
20251030  11:01,390.3,390.3,390.25,390.25,2
20251030  11:02,390.2,390.4,390.0,390.4,19
20251030  11:03,390.75,390.75,390.75,390.75,2
20251030  11:04,390.4,390.4,390.0,390.25,17
20251030  11:05,390.05,390.2,390.0,390.2,17
20251030  11:06,390.2,390.55,390.1,390.1,10
20251030  11:07,390.05,390.05,389.15,389.15,43
20251030  11:08,389.45,389.7,389.45,389.6,9
20251030  11:09,389.55,389.55,389.3,389.3,2
20251030  11:10,389.2,389.65,389.15,389.65,7
20251030  11:11,389.65,389.65,389.65,389.65,1
20251030  11:12,389.95,389.95,389.95,389.95,1
20251030  11:13,390.2,390.2,390.2,390.2,1
20251030  11:14,390.1,390.1,390.1,390.1,2
20251030  11:15,390.1,390.1,389.95,389.95,2
20251030  11:16,389.95,389.95,389.95,389.95,0
20251030  11:17,389.5,389.5,389.5,389.5,1
20251030  11:18,389.15,389.15,389.15,389.15,1
20251030  11:19,389.4,389.5,389.15,389.5,4
20251030  11:20,389.3,389.3,389.3,389.3,2
20251030  11:21,389.05,389.35,388.85,389.35,28
20251030  11:22,389.45,389.9,389.45,389.9,9
20251030  11:23,389.95,390.0,389.9,390.0,3
20251030  11:24,389.95,389.95,389.95,389.95,1
20251030  11:25,390.35,390.8,390.3,390.3,8
20251030  11:26,390.3,390.35,390.25,390.35,5
20251030  11:27,390.35,390.35,390.35,390.35,0
20251030  11:28,390.5,390.5,390.5,390.5,1
20251030  11:29,390.05,390.2,390.05,390.15,5
20251030  11:30,390.1,390.1,390.1,390.1,1
20251030  11:31,390.2,390.4,390.2,390.4,2
20251030  11:32,390.4,390.4,390.15,390.15,5
20251030  11:33,390.05,390.05,390.05,390.05,1
20251030  11:34,390.05,390.05,390.05,390.05,0
20251030  11:35,389.8,389.8,389.7,389.7,2
20251030  11:36,389.75,389.95,389.75,389.95,2
20251030  11:37,389.65,389.9,389.65,389.9,3
20251030  11:38,389.6,389.6,389.25,389.25,3
20251030  11:39,389.45,389.45,389.45,389.45,1
20251030  11:40,389.1,389.2,389.1,389.15,4
20251030  11:41,388.9,389.55,388.85,389.55,34
20251030  11:42,389.5,389.5,389.5,389.5,3
20251030  11:43,389.5,389.5,389.5,389.5,0
20251030  11:44,389.2,389.2,389.2,389.2,1
20251030  11:45,389.45,389.45,389.3,389.3,2
20251030  11:46,389.55,389.65,389.5,389.5,4
20251030  11:47,389.2,389.2,389.15,389.15,2
20251030  11:48,388.7,388.95,388.6,388.65,16
20251030  11:49,388.7,388.7,388.7,388.7,1
20251030  11:50,388.6,388.8,388.6,388.8,5
20251030  11:51,388.75,388.75,388.7,388.7,3
20251030  11:52,389.0,389.0,389.0,389.0,1
20251030  11:53,388.7,388.7,388.7,388.7,3
20251030  11:54,388.9,388.9,388.65,388.65,3
20251030  11:55,388.65,388.65,388.65,388.65,0
20251030  11:56,388.65,388.9,388.65,388.9,2
20251030  11:57,388.75,388.8,388.65,388.65,4
20251030  11:58,388.95,388.95,388.95,388.95,1
20251030  11:59,388.9,389.25,388.9,389.25,5
20251030  12:00,389.25,389.25,389.25,389.25,0
20251030  12:01,389.25,389.25,389.25,389.25,0
20251030  12:02,389.2,389.2,389.2,389.2,2
20251030  12:03,389.2,389.2,389.2,389.2,0
20251030  12:04,388.95,388.95,388.75,388.75,7
20251030  12:05,388.9,388.9,388.9,388.9,1
20251030  12:06,388.9,388.9,388.9,388.9,0
20251030  12:07,388.9,388.9,388.9,388.9,0
20251030  12:08,388.75,388.75,388.75,388.75,1
20251030  12:09,388.6,388.6,388.6,388.6,1
20251030  12:10,388.6,388.6,388.6,388.6,0
20251030  12:11,388.6,388.6,388.6,388.6,0
20251030  12:12,388.85,389.05,388.85,389.05,2
20251030  12:13,388.7,388.9,388.6,388.6,13
20251030  12:14,388.6,388.7,387.9,388.0,28
20251030  12:15,388.3,388.3,387.9,388.1,12
20251030  12:16,388.2,388.2,388.2,388.2,1
20251030  12:17,388.2,388.2,388.2,388.2,1
20251030  12:18,388.2,388.25,388.0,388.0,6
20251030  12:19,388.25,388.55,388.15,388.55,4
20251030  12:20,388.4,388.45,388.25,388.45,5
20251030  12:21,388.4,388.75,388.4,388.75,7
20251030  12:22,388.95,388.95,388.95,388.95,1
20251030  12:23,388.85,389.5,388.85,389.5,30
20251030  12:24,389.25,389.75,389.25,389.55,27
20251030  12:25,389.3,389.35,389.3,389.35,2
20251030  12:26,388.4,388.5,388.4,388.5,3
20251030  12:27,388.5,388.5,388.5,388.5,1
20251030  12:28,388.35,388.45,388.35,388.45,3
20251030  12:29,388.3,388.3,388.3,388.3,1
20251030  12:30,388.55,388.9,388.5,388.9,10
20251030  12:31,388.95,388.95,388.15,388.15,6
20251030  12:32,387.95,388.25,387.8,387.85,14
20251030  12:33,388.15,388.15,387.95,388.0,4
20251030  12:34,388.4,388.65,388.4,388.65,6
20251030  12:35,388.1,388.1,388.1,388.1,1
20251030  12:36,388.0,388.55,388.0,388.55,7
20251030  12:37,388.6,388.6,388.15,388.15,2
20251030  12:38,388.4,388.4,388.4,388.4,1
20251030  12:39,388.65,388.65,388.65,388.65,1
20251030  12:40,388.55,388.65,388.45,388.65,3
20251030  12:41,388.7,388.85,388.7,388.85,4
20251030  12:42,389.0,389.5,389.0,389.35,12
20251030  12:43,389.3,389.3,389.3,389.3,1
20251030  12:44,389.5,389.65,389.5,389.65,7
20251030  12:45,389.75,390.6,389.75,390.6,11
20251030  12:46,390.35,390.35,390.15,390.3,4
20251030  12:47,390.2,390.3,389.55,389.55,15
20251030  12:48,389.95,389.95,389.95,389.95,2
20251030  12:49,390.2,390.2,389.7,389.7,9
20251030  12:50,389.95,390.1,388.95,388.95,24
20251030  12:51,388.65,388.65,388.3,388.3,5
20251030  12:52,388.55,388.7,388.3,388.3,9
20251030  12:53,388.15,388.45,388.05,388.05,10
20251030  12:54,388.25,388.7,388.2,388.45,20
20251030  12:55,388.5,388.95,388.5,388.85,8
20251030  12:56,388.6,388.75,388.4,388.75,4
20251030  12:57,388.75,388.75,388.75,388.75,0
20251030  12:58,388.75,388.75,388.75,388.75,0
20251030  12:59,388.15,388.15,387.55,387.55,23
20251030  13:00,387.55,387.55,385.9,386.25,57
20251030  13:01,386.15,386.15,385.0,385.0,80
20251030  13:02,385.0,385.6,384.7,385.2,68
20251030  13:03,385.15,385.25,384.35,384.35,44
20251030  13:04,384.5,385.1,384.15,385.1,25
20251030  13:05,385.0,385.45,385.0,385.15,25
20251030  13:06,384.9,385.4,384.6,385.4,14
20251030  13:07,385.1,385.3,384.9,385.3,20
20251030  13:08,385.35,385.7,385.35,385.6,16
20251030  13:09,385.45,386.05,385.45,386.05,23
20251030  13:10,385.8,385.8,385.2,385.2,6
20251030  13:11,385.0,385.25,385.0,385.2,5
20251030  13:12,385.2,385.3,384.95,385.3,14
20251030  13:13,385.25,385.7,385.25,385.6,18
20251030  13:14,385.5,386.15,385.5,386.15,7
20251030  13:15,386.2,386.55,386.05,386.3,16
20251030  13:16,386.35,386.8,386.3,386.45,38
20251030  13:17,386.75,386.75,386.65,386.65,2
20251030  13:18,386.5,386.6,386.1,386.1,7
20251030  13:19,385.85,386.35,385.85,386.35,7
20251030  13:20,386.4,386.45,386.2,386.25,6
20251030  13:21,385.95,386.3,385.8,386.3,9
20251030  13:22,386.15,386.15,385.3,385.3,24
20251030  13:23,385.5,385.75,385.25,385.75,10
20251030  13:24,385.4,385.5,385.4,385.5,7
20251030  13:25,385.6,385.7,385.05,385.4,13
20251030  13:26,385.35,385.35,385.15,385.3,9
20251030  13:27,385.25,385.25,384.7,384.95,10
20251030  13:28,385.0,385.1,384.95,385.1,9
20251030  13:29,385.2,385.5,385.2,385.25,7
20251030  13:30,385.5,385.5,385.0,385.1,33
20251031  10:15,393.55,393.75,392.7,393.3,58
20251031  10:16,393.0,393.8,393.0,393.8,33
20251031  10:17,393.75,393.75,392.75,392.75,28
20251031  10:18,392.85,393.0,392.4,392.8,6
20251031  10:19,392.95,393.0,392.7,393.0,7
20251031  10:20,393.1,393.5,393.1,393.15,20
20251031  10:21,393.0,393.0,392.5,392.9,12
20251031  10:22,392.85,392.85,392.85,392.85,1
20251031  10:23,392.8,393.2,392.7,393.2,4
20251031  10:24,393.3,393.7,393.3,393.35,12
20251031  10:25,393.45,393.65,393.25,393.55,9
20251031  10:26,393.55,393.7,393.4,393.65,10
20251031  10:27,393.75,395.7,393.75,395.25,215
20251031  10:28,395.4,395.55,395.25,395.25,12
20251031  10:29,395.45,395.45,395.05,395.15,5
20251031  10:30,395.05,396.6,395.0,396.15,28
20251031  10:31,396.1,396.55,396.1,396.4,15
20251031  10:32,396.2,396.2,395.55,395.55,12
20251031  10:33,395.4,395.85,395.25,395.6,10
20251031  10:34,395.5,395.5,395.35,395.4,4
20251031  10:35,395.25,395.45,395.15,395.15,5
20251031  10:36,395.4,396.2,395.4,396.2,10
20251031  10:37,395.9,395.9,395.5,395.5,6
20251031  10:38,395.05,395.05,394.35,394.4,14
20251031  10:39,394.1,394.55,394.05,394.05,15
20251031  10:40,394.1,394.35,394.1,394.35,2
20251031  10:41,394.85,395.05,394.85,395.05,16
20251031  10:42,395.1,395.2,394.95,394.95,7
20251031  10:43,394.8,394.8,394.6,394.6,3
20251031  10:44,395.15,395.25,395.15,395.25,2
20251031  10:45,395.15,395.15,394.85,394.85,2
20251031  10:46,394.55,394.55,394.55,394.55,2
20251031  10:47,394.65,394.65,394.65,394.65,3
20251031  10:48,394.65,394.65,394.65,394.65,0
20251031  10:49,394.6,394.75,394.5,394.75,3
20251031  10:50,394.35,394.45,394.35,394.45,2
20251031  10:51,394.45,394.45,394.45,394.45,0
20251031  10:52,394.75,394.85,394.75,394.85,4
20251031  10:53,395.0,395.3,394.9,395.3,7
20251031  10:54,395.3,395.3,395.3,395.3,1
20251031  10:55,395.2,395.3,395.05,395.05,6
20251031  10:56,394.8,394.8,394.5,394.5,2
20251031  10:57,394.4,394.4,394.4,394.4,1
20251031  10:58,394.65,395.05,394.65,395.05,3
20251031  10:59,394.85,394.85,394.3,394.3,3
20251031  11:00,394.25,394.25,393.15,393.8,42
20251031  11:01,393.55,393.55,393.55,393.55,1
20251031  11:02,393.85,393.85,393.85,393.85,1
20251031  11:03,393.85,393.85,393.85,393.85,0
20251031  11:04,393.55,393.55,393.55,393.55,1
20251031  11:05,393.65,393.65,392.95,393.35,11
20251031  11:06,393.05,393.2,393.05,393.2,3
20251031  11:07,393.45,393.45,393.4,393.4,3
20251031  11:08,393.65,393.65,393.65,393.65,1
20251031  11:09,393.65,393.75,393.25,393.25,11
20251031  11:10,393.2,393.25,393.0,393.0,18
20251031  11:11,393.25,393.25,392.85,393.0,4
20251031  11:12,393.1,393.1,393.1,393.1,1
20251031  11:13,393.1,393.1,393.1,393.1,0
20251031  11:14,393.25,393.45,393.05,393.45,6
20251031  11:15,393.3,393.3,393.05,393.05,5
20251031  11:16,393.35,393.35,393.25,393.25,3
20251031  11:17,392.95,392.95,392.95,392.95,1
20251031  11:18,392.55,392.75,392.15,392.35,31
20251031  11:19,392.35,392.4,391.7,392.0,24
20251031  11:20,392.2,392.25,391.9,392.15,6
20251031  11:21,392.35,392.4,392.35,392.4,2
20251031  11:22,392.3,392.4,392.1,392.4,16
20251031  11:23,392.7,392.7,392.7,392.7,2
20251031  11:24,392.45,392.8,392.45,392.8,4
20251031  11:25,392.7,392.85,392.7,392.85,2
20251031  11:26,392.65,392.65,392.65,392.65,1
20251031  11:27,392.65,392.7,392.65,392.7,2
20251031  11:28,392.75,392.75,392.75,392.75,2
20251031  11:29,392.45,392.45,392.45,392.45,1
20251031  11:30,392.8,393.0,392.8,392.8,5
20251031  11:31,392.85,392.85,392.85,392.85,1
20251031  11:32,393.15,394.35,392.85,394.0,73
20251031  11:33,393.95,393.95,393.85,393.85,3
20251031  11:34,393.85,393.85,392.95,392.95,17
20251031  11:35,393.25,393.4,393.25,393.4,5
20251031  11:36,393.4,393.4,393.4,393.4,0
20251031  11:37,393.4,393.4,393.4,393.4,0
20251031  11:38,394.0,394.3,394.0,394.3,3
20251031  11:39,394.05,394.05,394.0,394.0,4
20251031  11:40,394.0,394.0,394.0,394.0,0
20251031  11:41,394.25,394.25,394.25,394.25,1
20251031  11:42,393.75,393.75,393.75,393.75,1
20251031  11:43,393.75,393.75,393.75,393.75,0
20251031  11:44,393.75,393.75,393.75,393.75,0
20251031  11:45,393.75,393.75,393.75,393.75,0
20251031  11:46,393.75,393.75,393.75,393.75,0
20251031  11:47,393.75,393.75,393.75,393.75,0
20251031  11:48,393.75,393.75,393.75,393.75,0
20251031  11:49,393.55,393.55,393.55,393.55,1
20251031  11:50,393.7,394.0,393.7,394.0,3
20251031  11:51,394.3,394.3,393.95,393.95,6
20251031  11:52,393.95,393.95,393.95,393.95,0
20251031  11:53,393.9,393.9,393.9,393.9,2
20251031  11:54,393.9,393.9,393.9,393.9,0
20251031  11:55,394.15,394.15,394.15,394.15,1
20251031  11:56,394.15,394.15,394.15,394.15,0
20251031  11:57,394.15,394.15,394.15,394.15,0
20251031  11:58,394.15,394.15,394.15,394.15,0
20251031  11:59,393.85,393.85,393.85,393.85,2
20251031  12:00,393.85,393.85,393.85,393.85,0
20251031  12:01,393.85,393.85,393.85,393.85,0
20251031  12:02,394.05,394.05,393.85,393.85,3
20251031  12:03,393.95,394.0,393.8,393.8,8
20251031  12:04,393.8,393.8,393.8,393.8,0
20251031  12:05,393.8,393.8,393.8,393.8,0
20251031  12:06,394.0,394.45,394.0,394.45,6
20251031  12:07,394.6,394.65,394.6,394.65,3
20251031  12:08,394.6,394.6,394.55,394.55,3
20251031  12:09,394.55,394.55,394.55,394.55,0
20251031  12:10,394.75,395.3,394.75,395.3,33
20251031  12:11,395.2,396.0,395.2,395.7,24
20251031  12:12,395.2,395.2,395.15,395.15,3
20251031  12:13,395.0,395.0,394.85,395.0,3
20251031  12:14,395.5,395.5,395.2,395.35,4
20251031  12:15,395.25,395.25,394.9,394.9,3
20251031  12:16,395.0,395.0,395.0,395.0,1
20251031  12:17,394.85,394.85,394.75,394.85,9
20251031  12:18,394.8,395.05,394.8,395.05,6
20251031  12:19,395.0,395.0,394.65,394.65,4
20251031  12:20,394.7,394.7,394.5,394.5,3
20251031  12:21,394.5,394.5,394.5,394.5,0
20251031  12:22,394.25,394.25,393.95,393.95,15
20251031  12:23,394.25,394.25,394.25,394.25,1
20251031  12:24,394.15,394.15,394.15,394.15,2
20251031  12:25,394.25,394.25,394.25,394.25,1
20251031  12:26,394.05,394.05,393.95,393.95,3
20251031  12:27,393.65,393.65,393.1,393.1,4
20251031  12:28,393.2,393.25,393.15,393.15,5
20251031  12:29,393.35,393.35,393.25,393.25,3
20251031  12:30,393.25,393.25,393.25,393.25,0
20251031  12:31,393.25,393.25,393.15,393.15,2
20251031  12:32,393.0,393.0,392.8,393.0,6
20251031  12:33,393.05,393.2,393.05,393.2,2
20251031  12:34,393.2,393.2,393.2,393.2,2
20251031  12:35,393.2,393.2,393.2,393.2,0
20251031  12:36,393.05,393.05,393.05,393.05,2
20251031  12:37,392.9,393.0,392.8,392.8,3
20251031  12:38,392.4,392.4,391.85,391.85,26
20251031  12:39,391.75,391.9,390.45,391.05,60
20251031  12:40,390.7,390.95,390.35,390.35,24
20251031  12:41,390.5,390.5,390.5,390.5,1
20251031  12:42,390.5,390.65,390.35,390.65,3
20251031  12:43,390.5,390.5,390.5,390.5,1
20251031  12:44,390.5,390.5,390.1,390.35,10
20251031  12:45,390.3,390.75,390.3,390.7,14
20251031  12:46,390.8,390.8,390.6,390.8,9
20251031  12:47,390.9,391.15,390.75,390.8,22
20251031  12:48,391.1,391.1,391.1,391.1,2
20251031  12:49,391.2,391.2,390.7,390.7,6
20251031  12:50,390.4,390.4,390.1,390.35,6
20251031  12:51,390.4,390.4,389.5,389.6,13
20251031  12:52,389.6,389.8,388.8,388.8,52
20251031  12:53,389.15,389.45,389.15,389.45,5
20251031  12:54,389.3,389.45,389.3,389.45,2
20251031  12:55,389.35,389.35,389.15,389.15,5
20251031  12:56,388.9,389.05,388.75,389.05,14
20251031  12:57,388.8,389.45,388.65,389.3,20
20251031  12:58,389.8,389.8,389.8,389.8,2
20251031  12:59,389.75,389.75,389.35,389.35,8
20251031  13:00,389.4,389.75,388.9,389.2,31
20251031  13:01,389.25,389.25,388.5,388.7,16
20251031  13:02,388.65,388.7,388.25,388.25,19
20251031  13:03,388.45,389.0,388.45,389.0,13
20251031  13:04,389.0,389.25,388.3,388.8,18
20251031  13:05,388.85,389.4,388.85,389.1,9
20251031  13:06,389.15,389.4,389.15,389.25,7
20251031  13:07,389.25,389.25,389.15,389.15,2
20251031  13:08,389.1,389.4,389.0,389.2,9
20251031  13:09,389.0,389.4,388.95,389.25,13
20251031  13:10,389.35,389.35,389.35,389.35,1
20251031  13:11,389.95,389.95,389.25,389.25,6
20251031  13:12,389.4,389.7,389.4,389.6,4
20251031  13:13,389.75,389.95,389.7,389.85,8
20251031  13:14,389.6,390.0,389.5,390.0,13
20251031  13:15,390.3,391.05,390.1,390.1,25
20251031  13:16,389.95,389.95,389.95,389.95,2
20251031  13:17,389.65,389.85,389.55,389.55,7
20251031  13:18,389.6,389.75,389.6,389.75,4
20251031  13:19,389.6,390.45,389.6,390.1,23
20251031  13:20,389.85,389.85,389.55,389.55,6
20251031  13:21,389.75,390.0,389.75,389.85,5
20251031  13:22,389.7,389.7,389.3,389.3,3
20251031  13:23,389.25,389.35,389.1,389.1,9
20251031  13:24,388.9,388.9,388.9,388.9,2
20251031  13:25,389.05,389.15,388.95,389.1,9
20251031  13:26,389.0,389.0,388.75,388.75,8
20251031  13:27,388.6,388.7,388.45,388.65,7
20251031  13:28,388.9,388.9,388.5,388.5,5
20251031  13:29,388.35,388.35,387.95,388.25,17
20251031  13:30,388.5,388.5,388.3,388.45,8
20251103  10:15,392.75,395.8,392.75,395.7,130
20251103  10:16,395.95,398.15,395.95,397.75,83
20251103  10:17,397.95,397.95,397.0,397.15,19
20251103  10:18,397.45,397.9,397.15,397.15,45
20251103  10:19,397.4,397.6,397.05,397.4,21
20251103  10:20,397.55,397.95,397.55,397.8,21
20251103  10:21,397.95,398.1,397.3,397.9,38
20251103  10:22,397.9,401.15,397.9,400.75,153
20251103  10:23,400.95,401.5,400.5,401.5,35
20251103  10:24,401.3,401.5,400.05,400.3,39
20251103  10:25,400.1,400.6,399.4,400.5,49
20251103  10:26,400.2,400.3,400.0,400.3,15
20251103  10:27,400.35,400.35,399.9,400.2,10
20251103  10:28,400.45,400.45,399.0,399.25,12
20251103  10:29,399.05,399.35,398.4,399.35,29
20251103  10:30,399.4,399.75,399.1,399.3,14
20251103  10:31,398.7,398.7,398.6,398.6,3
20251103  10:32,398.95,398.95,398.95,398.95,1
20251103  10:33,398.6,399.2,398.6,399.2,4
20251103  10:34,399.05,399.05,398.9,398.9,2
20251103  10:35,399.15,399.15,399.1,399.1,2
20251103  10:36,399.2,399.45,399.05,399.05,8
20251103  10:37,399.05,399.15,399.05,399.15,3
20251103  10:38,399.35,399.35,398.55,398.95,23
20251103  10:39,399.1,399.95,399.1,399.5,41
20251103  10:40,399.65,399.75,399.4,399.4,17
20251103  10:41,399.2,399.2,399.2,399.2,1
20251103  10:42,399.25,399.25,398.95,399.0,6
20251103  10:43,398.95,399.0,398.9,399.0,4
20251103  10:44,398.65,398.8,398.5,398.8,5
20251103  10:45,399.0,399.0,398.25,398.25,18
20251103  10:46,398.3,398.75,398.3,398.7,7
20251103  10:47,398.7,398.8,398.4,398.45,7
20251103  10:48,398.6,398.75,397.8,397.8,10
20251103  10:49,397.55,397.8,397.55,397.75,9
20251103  10:50,397.5,397.5,397.35,397.35,2
20251103  10:51,397.6,397.6,397.6,397.6,1
20251103  10:52,397.35,397.8,397.15,397.5,13
20251103  10:53,397.0,397.0,396.2,396.2,10
20251103  10:54,396.45,396.6,396.4,396.6,4
20251103  10:55,396.55,396.8,396.55,396.8,3
20251103  10:56,397.05,397.5,397.05,397.5,6
20251103  10:57,397.25,397.5,397.25,397.5,3
20251103  10:58,397.2,397.2,397.05,397.05,3
20251103  10:59,397.25,397.3,397.15,397.15,3
20251103  11:00,397.25,397.25,396.8,396.9,24
20251103  11:01,397.2,397.2,397.2,397.2,1
20251103  11:02,396.9,396.9,396.7,396.7,7
20251103  11:03,397.0,397.1,397.0,397.1,5
20251103  11:04,397.35,398.5,397.35,398.5,30
20251103  11:05,398.25,398.45,398.05,398.05,14
20251103  11:06,398.0,398.0,397.95,397.95,3
20251103  11:07,397.85,398.6,397.85,398.45,9
20251103  11:08,398.45,398.45,398.45,398.45,0
20251103  11:09,398.55,398.85,398.55,398.85,7
20251103  11:10,398.65,398.8,398.65,398.8,3
20251103  11:11,398.95,399.0,398.95,399.0,2
20251103  11:12,399.05,399.25,399.05,399.1,8
20251103  11:13,398.55,398.75,398.55,398.75,7
20251103  11:14,399.05,399.05,398.8,398.8,2
20251103  11:15,399.1,399.15,399.1,399.15,2
20251103  11:16,399.15,399.15,399.05,399.05,4
20251103  11:17,399.25,399.25,398.55,398.6,13
20251103  11:18,398.75,398.75,398.75,398.75,1
20251103  11:19,398.9,398.9,398.8,398.8,2
20251103  11:20,398.85,398.9,398.75,398.75,5
20251103  11:21,398.75,398.75,398.75,398.75,1
20251103  11:22,398.4,398.4,398.1,398.1,15
20251103  11:23,397.95,397.95,397.9,397.95,7
20251103  11:24,397.95,398.3,397.95,398.3,5
20251103  11:25,398.45,398.45,398.4,398.4,2
20251103  11:26,398.65,398.65,398.65,398.65,1
20251103  11:27,398.5,398.5,398.5,398.5,1
20251103  11:28,398.5,398.5,398.5,398.5,0
20251103  11:29,398.6,398.75,398.6,398.75,5
20251103  11:30,398.9,399.35,398.9,399.2,12
20251103  11:31,399.2,399.2,399.2,399.2,0
20251103  11:32,399.2,399.2,398.85,398.85,3
20251103  11:33,399.0,399.65,399.0,399.65,12
20251103  11:34,399.75,400.0,399.6,399.65,34
20251103  11:35,399.55,399.55,399.5,399.55,4
20251103  11:36,399.5,399.65,399.5,399.65,3
20251103  11:37,399.7,400.0,399.65,400.0,8
20251103  11:38,400.0,400.0,400.0,400.0,1
20251103  11:39,400.0,400.2,400.0,400.15,9
20251103  11:40,400.0,400.0,399.95,399.95,4
20251103  11:41,399.7,399.7,399.7,399.7,1
20251103  11:42,399.85,400.0,399.85,399.95,4
20251103  11:43,400.3,400.9,400.3,400.9,40
20251103  11:44,400.95,401.1,400.6,400.65,15
20251103  11:45,400.6,400.7,400.05,400.05,10
20251103  11:46,400.05,400.05,400.05,400.05,0
20251103  11:47,400.05,400.05,400.05,400.05,0
20251103  11:48,400.0,400.0,400.0,400.0,2
20251103  11:49,399.95,399.95,399.75,399.8,3
20251103  11:50,399.8,399.8,399.8,399.8,1
20251103  11:51,400.1,400.1,399.65,399.7,4
20251103  11:52,399.95,399.95,399.55,399.65,12
20251103  11:53,399.5,399.5,399.1,399.15,9
20251103  11:54,399.0,399.15,398.15,398.15,7
20251103  11:55,398.2,398.4,398.2,398.4,3
20251103  11:56,398.4,398.4,398.4,398.4,1
20251103  11:57,398.7,398.7,398.4,398.45,5
20251103  11:58,398.5,398.6,398.5,398.6,3
20251103  11:59,398.45,398.45,398.45,398.45,1
20251103  12:00,398.35,398.35,397.7,397.85,25
20251103  12:01,398.0,398.0,397.7,397.75,8
20251103  12:02,397.6,397.6,397.4,397.45,4
20251103  12:03,397.6,397.75,397.05,397.4,9
20251103  12:04,397.15,397.15,397.15,397.15,2
20251103  12:05,397.4,397.85,397.4,397.85,4
20251103  12:06,398.05,398.05,397.8,397.8,3
20251103  12:07,397.85,397.95,397.75,397.75,6
20251103  12:08,397.75,397.75,397.75,397.75,0
20251103  12:09,397.8,397.8,397.8,397.8,2
20251103  12:10,398.1,398.65,397.8,397.8,16
20251103  12:11,398.05,398.05,397.85,397.95,6
20251103  12:12,397.95,397.95,397.95,397.95,0
20251103  12:13,397.7,397.7,397.25,397.25,3
20251103  12:14,397.3,397.3,397.1,397.1,3
20251103  12:15,397.1,397.2,397.05,397.05,6
20251103  12:16,397.05,397.1,396.6,396.8,16
20251103  12:17,396.75,396.75,396.75,396.75,1
20251103  12:18,397.5,397.5,397.5,397.5,1
20251103  12:19,397.4,397.4,397.2,397.2,3
20251103  12:20,397.2,397.2,397.2,397.2,0
20251103  12:21,396.9,396.95,396.6,396.6,10
20251103  12:22,396.9,396.9,396.9,396.9,1
20251103  12:23,397.25,397.25,397.2,397.2,4
20251103  12:24,397.0,397.0,397.0,397.0,1
20251103  12:25,397.05,397.05,396.6,396.6,2
20251103  12:26,396.5,396.7,396.5,396.6,9
20251103  12:27,396.65,396.75,396.65,396.75,2
20251103  12:28,396.75,396.75,396.75,396.75,0
20251103  12:29,396.85,396.9,396.85,396.85,5
20251103  12:30,397.05,397.1,397.0,397.1,4
20251103  12:31,397.1,397.1,397.1,397.1,0
20251103  12:32,397.25,397.35,397.25,397.35,2
20251103  12:33,397.55,397.7,397.55,397.7,4
20251103  12:34,397.75,397.75,397.5,397.5,15
20251103  12:35,397.5,397.5,397.5,397.5,0
20251103  12:36,397.5,397.5,397.5,397.5,0
20251103  12:37,397.55,397.55,397.55,397.55,1
20251103  12:38,397.4,397.4,397.4,397.4,3
20251103  12:39,397.1,397.1,397.1,397.1,1
20251103  12:40,397.0,397.0,397.0,397.0,1
20251103  12:41,396.95,397.05,396.95,396.95,3
20251103  12:42,396.7,396.85,396.55,396.85,11
20251103  12:43,396.85,396.85,396.85,396.85,0
20251103  12:44,396.7,396.95,396.7,396.9,5
20251103  12:45,396.95,396.95,396.8,396.85,4
20251103  12:46,396.7,396.7,396.05,396.3,16
20251103  12:47,396.6,396.8,396.6,396.8,2
20251103  12:48,396.9,396.9,396.9,396.9,1
20251103  12:49,396.95,396.95,396.75,396.75,3
20251103  12:50,396.55,396.75,396.55,396.75,4
20251103  12:51,396.75,396.75,396.75,396.75,1
20251103  12:52,396.9,396.9,396.3,396.3,12
20251103  12:53,396.5,396.5,396.5,396.5,3
20251103  12:54,396.4,396.6,396.4,396.6,6
20251103  12:55,396.75,396.75,396.75,396.75,1
20251103  12:56,396.6,396.6,396.35,396.35,3
20251103  12:57,396.3,396.3,396.05,396.05,11
20251103  12:58,396.1,396.2,396.1,396.2,4
20251103  12:59,396.35,396.65,396.35,396.65,4
20251103  13:00,396.8,397.2,396.8,397.2,4
20251103  13:01,397.2,397.8,397.2,397.8,4
20251103  13:02,397.55,397.6,397.4,397.6,7
20251103  13:03,397.6,397.6,397.6,397.6,0
20251103  13:04,397.6,397.65,397.6,397.65,5
20251103  13:05,398.0,398.0,398.0,398.0,1
20251103  13:06,398.2,398.2,398.2,398.2,1
20251103  13:07,398.2,398.2,398.2,398.2,0
20251103  13:08,398.0,398.0,397.95,397.95,2
20251103  13:09,397.95,398.1,397.95,398.1,2
20251103  13:10,398.05,398.3,398.05,398.25,14
20251103  13:11,398.25,398.25,398.25,398.25,0
20251103  13:12,398.25,398.25,398.25,398.25,0
20251103  13:13,398.55,398.75,398.55,398.75,5
20251103  13:14,398.7,398.75,398.55,398.7,4
20251103  13:15,398.55,398.65,398.35,398.35,13
20251103  13:16,398.55,398.55,398.5,398.5,2
20251103  13:17,398.3,398.3,398.3,398.3,1
20251103  13:18,398.3,398.75,398.3,398.75,23
20251103  13:19,398.6,398.6,398.45,398.45,4
20251103  13:20,398.45,398.45,398.45,398.45,1
20251103  13:21,398.45,398.45,398.45,398.45,0
20251103  13:22,398.6,399.0,398.6,399.0,8
20251103  13:23,399.2,399.2,398.6,398.8,11
20251103  13:24,399.45,399.8,399.45,399.8,9
20251103  13:25,399.9,399.9,399.15,399.85,30
20251103  13:26,399.9,400.0,399.65,399.9,20
20251103  13:27,399.95,400.35,399.9,399.95,40
20251103  13:28,399.8,399.8,399.2,399.2,11
20251103  13:29,399.0,399.35,398.75,399.35,6
20251103  13:30,399.3,399.3,399.05,399.05,4
20251104  10:15,408.05,411.25,407.4,407.45,115
20251104  10:16,408.5,408.5,407.45,408.2,22
20251104  10:17,408.05,410.1,408.05,409.7,37
20251104  10:18,410.1,411.05,410.1,410.65,28
20251104  10:19,410.2,410.4,409.75,409.75,10
20251104  10:20,409.85,410.65,409.85,410.65,17
20251104  10:21,410.85,411.75,410.85,411.6,26
20251104  10:22,411.6,412.35,411.45,412.25,31
20251104  10:23,411.85,411.85,410.75,410.75,14
20251104  10:24,410.55,410.55,410.5,410.5,2
20251104  10:25,410.35,411.0,410.35,410.95,14
20251104  10:26,410.9,410.9,409.4,409.4,59
20251104  10:27,409.2,410.15,409.2,409.75,6
20251104  10:28,409.65,409.85,409.35,409.35,6
20251104  10:29,409.15,409.15,408.6,408.6,14
20251104  10:30,408.8,409.15,408.1,409.0,23
20251104  10:31,409.2,409.45,409.1,409.1,9
20251104  10:32,409.4,410.3,409.4,409.8,73
20251104  10:33,409.8,410.3,409.8,410.25,8
20251104  10:34,410.3,410.9,410.15,410.9,34
20251104  10:35,410.85,411.55,410.85,411.05,13
20251104  10:36,410.8,411.55,410.45,410.5,59
20251104  10:37,411.4,411.4,411.25,411.25,2
20251104  10:38,411.45,411.55,411.3,411.3,10
20251104  10:39,410.7,410.7,410.7,410.7,1
20251104  10:40,410.45,411.4,410.4,411.05,10
20251104  10:41,411.15,412.05,411.15,411.75,26
20251104  10:42,411.75,411.75,411.75,411.75,0
20251104  10:43,412.05,412.05,411.45,411.7,20
20251104  10:44,411.35,411.55,411.15,411.15,7
20251104  10:45,411.65,411.65,410.95,410.95,12
20251104  10:46,410.85,411.9,410.85,411.9,11
20251104  10:47,411.9,411.9,411.65,411.7,11
20251104  10:48,412.0,412.1,411.8,412.1,19
20251104  10:49,412.35,412.5,412.15,412.15,24
20251104  10:50,411.95,412.1,411.75,411.75,4
20251104  10:51,412.1,412.25,411.65,411.9,27
20251104  10:52,412.05,412.05,411.75,411.75,3
20251104  10:53,411.95,411.95,411.45,411.45,3
20251104  10:54,411.85,411.9,411.85,411.9,2
20251104  10:55,412.3,412.3,411.65,411.65,3
20251104  10:56,411.85,412.0,411.65,412.0,4
20251104  10:57,412.05,412.05,411.35,411.35,6
20251104  10:58,411.65,411.65,411.6,411.6,2
20251104  10:59,411.9,411.9,411.9,411.9,1
20251104  11:00,412.0,412.25,411.9,411.95,48
20251104  11:01,412.0,412.0,412.0,412.0,1
20251104  11:02,411.9,411.9,411.9,411.9,1
20251104  11:03,411.65,411.65,411.35,411.5,11
20251104  11:04,411.35,411.35,410.7,411.0,31
20251104  11:05,411.25,411.75,411.25,411.75,13
20251104  11:06,411.9,412.05,411.75,411.75,11
20251104  11:07,412.1,412.1,411.55,411.55,6
20251104  11:08,411.65,411.9,411.5,411.55,6
20251104  11:09,411.75,411.9,411.75,411.75,3
20251104  11:10,411.9,412.75,411.9,412.75,24
20251104  11:11,412.95,413.1,412.95,413.0,10
20251104  11:12,413.1,413.75,413.1,413.6,14
20251104  11:13,413.5,413.6,413.35,413.35,15
20251104  11:14,413.05,413.05,413.05,413.05,3
20251104  11:15,413.2,413.2,413.2,413.2,2
20251104  11:16,412.95,413.25,412.8,413.25,14
20251104  11:17,413.15,413.15,413.15,413.15,2
20251104  11:18,413.2,413.3,413.15,413.15,5
20251104  11:19,412.9,413.35,412.8,412.8,12
20251104  11:20,412.7,412.7,412.4,412.45,7
20251104  11:21,412.75,413.2,412.75,413.2,5
20251104  11:22,413.2,413.25,413.2,413.25,11
20251104  11:23,413.15,413.15,412.55,412.95,6
20251104  11:24,413.0,413.0,412.3,412.3,5
20251104  11:25,412.7,412.95,412.65,412.95,8
20251104  11:26,412.8,413.1,412.8,413.1,5
20251104  11:27,413.2,413.2,413.2,413.2,1
20251104  11:28,413.05,413.05,412.85,412.85,4
20251104  11:29,413.0,413.0,413.0,413.0,1
20251104  11:30,413.0,413.25,413.0,413.25,3
20251104  11:31,413.4,413.9,413.35,413.85,9
20251104  11:32,413.95,414.6,413.95,414.2,52
20251104  11:33,413.95,414.0,413.7,413.7,6
20251104  11:34,413.6,413.9,413.55,413.9,6
20251104  11:35,413.7,413.7,413.55,413.7,7
20251104  11:36,413.6,414.15,413.45,414.15,31
20251104  11:37,413.7,413.7,413.7,413.7,1
20251104  11:38,413.9,414.0,413.9,414.0,3
20251104  11:39,413.8,413.95,413.7,413.95,11
20251104  11:40,414.1,414.15,414.1,414.15,2
20251104  11:41,414.0,414.25,414.0,414.25,4
20251104  11:42,414.35,414.4,414.0,414.25,13
20251104  11:43,414.45,415.25,414.45,415.2,44
20251104  11:44,415.3,415.45,415.25,415.35,18
20251104  11:45,415.0,415.0,414.8,415.0,7
20251104  11:46,414.75,414.75,414.75,414.75,1
20251104  11:47,414.75,414.75,414.75,414.75,0
20251104  11:48,415.1,415.2,415.0,415.05,4
20251104  11:49,415.1,415.2,415.0,415.15,16
20251104  11:50,415.05,415.2,414.9,415.1,49
20251104  11:51,414.9,415.15,414.9,415.15,9
20251104  11:52,415.0,415.05,414.9,414.9,8
20251104  11:53,414.65,414.9,414.55,414.75,11
20251104  11:54,414.3,414.75,414.25,414.7,8
20251104  11:55,414.8,414.8,414.8,414.8,1
20251104  11:56,414.8,415.0,414.8,415.0,5
20251104  11:57,414.9,415.05,414.9,415.05,2
20251104  11:58,414.95,415.15,414.95,415.0,7
20251104  11:59,414.9,415.2,414.9,415.1,12
20251104  12:00,415.2,415.2,414.8,414.85,19
20251104  12:01,415.05,415.1,414.95,415.1,5
20251104  12:02,414.95,414.95,414.85,414.85,3
20251104  12:03,414.5,414.5,414.25,414.45,5
20251104  12:04,414.5,414.55,414.4,414.55,3
20251104  12:05,414.35,414.35,413.65,413.7,11
20251104  12:06,413.85,413.85,413.65,413.85,17
20251104  12:07,413.85,413.85,413.85,413.85,0
20251104  12:08,413.85,413.85,413.85,413.85,1
20251104  12:09,413.6,413.6,413.6,413.6,4
20251104  12:10,413.7,413.75,413.7,413.75,2
20251104  12:11,413.9,414.05,413.9,414.05,4
20251104  12:12,414.05,414.05,414.05,414.05,0
20251104  12:13,414.05,414.05,414.05,414.05,0
20251104  12:14,414.85,414.9,414.85,414.9,3
20251104  12:15,415.05,415.3,415.05,415.3,6
20251104  12:16,415.3,415.45,415.1,415.2,7
20251104  12:17,415.3,415.3,415.05,415.05,9
20251104  12:18,414.85,414.85,414.8,414.8,7
20251104  12:19,414.75,414.75,414.75,414.75,2
20251104  12:20,415.05,415.05,414.85,415.05,4
20251104  12:21,415.15,415.6,415.15,415.5,16
20251104  12:22,415.4,415.4,415.4,415.4,1
20251104  12:23,414.95,415.2,414.9,415.2,3
20251104  12:24,414.9,414.9,414.3,414.6,6
20251104  12:25,414.7,414.7,414.7,414.7,1
20251104  12:26,414.65,414.65,414.65,414.65,1
20251104  12:27,415.0,415.35,415.0,415.05,9
20251104  12:28,414.7,414.7,414.7,414.7,2
20251104  12:29,414.65,414.65,414.65,414.65,1
20251104  12:30,414.9,415.3,414.9,414.95,6
20251104  12:31,415.25,415.25,415.25,415.25,1
20251104  12:32,415.0,415.0,414.7,414.7,5
20251104  12:33,414.7,414.7,414.7,414.7,0
20251104  12:34,414.3,414.3,414.05,414.05,5
20251104  12:35,414.3,414.6,414.3,414.6,6
20251104  12:36,414.85,414.85,414.85,414.85,1
20251104  12:37,415.35,415.35,415.0,415.0,4
20251104  12:38,415.0,415.0,415.0,415.0,0
20251104  12:39,415.3,415.3,415.05,415.05,3
20251104  12:40,415.4,415.4,415.0,415.0,16
20251104  12:41,414.5,414.5,414.3,414.3,10
20251104  12:42,414.0,414.0,414.0,414.0,1
20251104  12:43,413.9,413.95,413.55,413.55,16
20251104  12:44,413.7,413.7,413.1,413.1,16
20251104  12:45,413.2,413.6,412.8,412.8,7
20251104  12:46,413.2,413.4,413.2,413.4,2
20251104  12:47,413.4,413.4,413.4,413.4,0
20251104  12:48,413.4,413.4,413.4,413.4,0
20251104  12:49,413.4,413.4,413.4,413.4,0
20251104  12:50,414.0,414.0,413.2,413.2,6
20251104  12:51,413.2,413.2,413.2,413.2,0
20251104  12:52,413.45,414.1,413.45,413.6,16
20251104  12:53,413.85,413.85,413.05,413.05,11
20251104  12:54,412.95,412.95,412.15,412.35,32
20251104  12:55,412.5,412.65,412.5,412.65,12
20251104  12:56,412.5,412.65,412.4,412.6,8
20251104  12:57,412.85,412.85,412.7,412.7,3
20251104  12:58,412.7,412.7,412.6,412.6,5
20251104  12:59,412.8,413.1,412.5,412.9,16
20251104  13:00,412.85,412.95,412.55,412.7,11
20251104  13:01,412.6,412.8,412.45,412.45,7
20251104  13:02,412.25,412.25,412.1,412.1,3
20251104  13:03,412.25,412.25,410.9,410.9,28
20251104  13:04,410.85,411.05,410.75,411.0,11
20251104  13:05,411.15,411.55,410.9,411.1,11
20251104  13:06,411.15,411.25,411.15,411.25,3
20251104  13:07,410.9,410.9,410.9,410.9,2
20251104  13:08,411.0,411.05,411.0,411.05,5
20251104  13:09,410.85,411.2,410.8,411.2,9
20251104  13:10,411.25,411.4,411.25,411.4,3
20251104  13:11,411.1,411.45,410.9,411.25,8
20251104  13:12,411.2,411.35,411.2,411.2,5
20251104  13:13,411.35,411.4,411.1,411.35,11
20251104  13:14,411.2,411.55,411.2,411.45,7
20251104  13:15,411.2,411.25,411.0,411.25,26
20251104  13:16,411.45,412.0,411.25,412.0,6
20251104  13:17,412.15,412.55,412.0,412.25,13
20251104  13:18,412.25,412.75,412.25,412.75,8
20251104  13:19,412.75,412.75,411.3,411.85,21
20251104  13:20,412.15,412.15,412.15,412.15,1
20251104  13:21,411.8,412.1,411.8,412.1,3
20251104  13:22,412.1,412.2,412.1,412.2,2
20251104  13:23,412.2,412.2,412.2,412.2,0
20251104  13:24,411.95,412.05,411.95,412.05,5
20251104  13:25,412.05,412.05,412.05,412.05,0
20251104  13:26,411.5,411.6,411.2,411.6,7
20251104  13:27,411.45,411.45,411.45,411.45,1
20251104  13:28,411.35,411.5,411.0,411.5,16
20251104  13:29,411.2,411.45,411.2,411.45,3
20251104  13:30,411.1,411.3,411.1,411.3,5
20251105  10:15,403.35,404.9,403.0,403.55,73
20251105  10:16,403.45,404.35,403.35,404.15,8
20251105  10:17,404.35,404.85,403.85,404.85,19
20251105  10:18,404.85,405.4,404.65,404.65,13
20251105  10:19,404.05,404.3,404.05,404.3,3
20251105  10:20,404.35,404.4,404.15,404.4,5
20251105  10:21,404.55,405.65,404.4,405.4,20
20251105  10:22,405.35,405.45,405.15,405.45,9
20251105  10:23,405.5,406.5,405.45,406.35,21
20251105  10:24,406.55,407.0,406.35,406.75,38
20251105  10:25,406.65,406.85,406.65,406.65,4
20251105  10:26,406.5,406.5,406.5,406.5,2
20251105  10:27,406.2,406.2,406.2,406.2,1
20251105  10:28,406.45,407.15,406.45,407.15,10
20251105  10:29,407.0,407.0,406.7,406.7,3
20251105  10:30,406.4,406.65,406.25,406.45,14
20251105  10:31,406.65,406.65,406.4,406.4,14
20251105  10:32,406.9,407.0,406.65,407.0,15
20251105  10:33,407.05,407.05,406.6,406.6,9
20251105  10:34,406.8,406.8,406.55,406.55,2
20251105  10:35,406.55,406.55,405.75,405.75,6
20251105  10:36,405.95,406.2,405.95,406.2,2
20251105  10:37,406.3,406.3,406.1,406.1,3
20251105  10:38,405.95,405.95,405.45,405.45,8
20251105  10:39,405.45,406.0,405.35,406.0,4
20251105  10:40,406.1,406.25,406.1,406.25,2
20251105  10:41,405.85,406.15,405.8,405.8,6
20251105  10:42,406.25,406.25,405.75,405.75,2
20251105  10:43,405.75,405.75,405.75,405.75,0
20251105  10:44,405.6,405.6,405.2,405.55,8
20251105  10:45,405.6,406.4,405.6,406.3,24
20251105  10:46,406.35,406.55,406.25,406.25,5
20251105  10:47,406.55,406.55,406.0,406.0,5
20251105  10:48,406.35,406.95,406.35,406.75,10
20251105  10:49,406.7,406.95,406.45,406.95,6
20251105  10:50,407.05,407.05,406.9,407.0,6
20251105  10:51,407.05,407.05,406.85,406.85,2
20251105  10:52,406.95,406.95,406.45,406.45,11
20251105  10:53,406.6,406.6,406.6,406.6,2
20251105  10:54,406.7,407.0,406.7,407.0,2
20251105  10:55,406.8,406.9,406.8,406.9,3
20251105  10:56,406.5,406.5,406.4,406.4,4
20251105  10:57,406.1,406.1,406.1,406.1,1
20251105  10:58,406.25,406.25,406.25,406.25,1
20251105  10:59,406.4,406.4,406.4,406.4,2
20251105  11:00,406.85,407.25,406.85,407.05,16
20251105  11:01,406.95,406.95,406.95,406.95,1
20251105  11:02,406.85,406.85,406.65,406.75,15
20251105  11:03,406.65,406.7,406.5,406.5,3
20251105  11:04,406.75,407.3,406.75,407.0,4
20251105  11:05,406.95,406.95,406.6,406.65,9
20251105  11:06,406.75,407.05,406.75,407.05,3
20251105  11:07,406.95,407.2,406.95,407.05,3
20251105  11:08,407.15,407.45,407.15,407.45,7
20251105  11:09,407.1,407.1,407.1,407.1,1
20251105  11:10,406.9,407.2,406.9,407.2,3
20251105  11:11,406.85,407.0,406.65,406.65,4
20251105  11:12,406.55,406.95,406.55,406.85,3
20251105  11:13,406.6,406.6,406.6,406.6,1
20251105  11:14,406.15,406.8,406.15,406.8,4
20251105  11:15,406.4,406.9,405.9,406.1,14
20251105  11:16,405.85,405.9,404.95,404.95,8
20251105  11:17,405.2,405.2,404.8,404.8,2
20251105  11:18,404.9,405.45,404.75,405.45,6
20251105  11:19,405.6,405.6,405.5,405.5,5
20251105  11:20,405.45,405.45,405.45,405.45,1
20251105  11:21,405.45,405.45,405.45,405.45,1
20251105  11:22,405.7,405.9,405.7,405.9,3
20251105  11:23,405.65,405.65,405.35,405.55,5
20251105  11:24,406.0,406.05,405.75,406.05,4
20251105  11:25,405.85,405.85,405.85,405.85,1
20251105  11:26,405.75,405.95,405.75,405.95,2
20251105  11:27,405.95,405.95,405.95,405.95,0
20251105  11:28,405.65,405.95,405.6,405.6,9
20251105  11:29,405.4,405.85,405.3,405.85,4
20251105  11:30,405.55,405.9,405.5,405.5,4
20251105  11:31,405.5,405.5,405.5,405.5,0
20251105  11:32,405.7,405.7,405.15,405.15,3
20251105  11:33,405.15,405.15,405.15,405.15,0
20251105  11:34,405.65,405.65,405.65,405.65,1
20251105  11:35,406.1,406.3,406.1,406.3,3
20251105  11:36,406.4,406.4,406.0,406.0,6
20251105  11:37,406.4,406.4,406.4,406.4,2
20251105  11:38,406.25,406.45,406.25,406.45,2
20251105  11:39,406.5,406.65,406.45,406.45,3
20251105  11:40,406.65,406.65,406.65,406.65,1
20251105  11:41,406.35,406.35,406.25,406.25,2
20251105  11:42,405.95,406.15,405.95,406.15,2
20251105  11:43,405.75,405.75,405.7,405.75,5
20251105  11:44,405.75,406.0,405.7,405.95,7
20251105  11:45,405.45,405.45,405.45,405.45,1
20251105  11:46,406.3,406.35,406.3,406.35,2
20251105  11:47,406.15,407.25,406.05,407.1,33
20251105  11:48,407.25,407.9,407.25,407.6,19
20251105  11:49,407.6,407.6,407.5,407.5,2
20251105  11:50,407.25,407.4,407.1,407.1,5
20251105  11:51,407.05,407.45,407.0,407.05,7
20251105  11:52,407.45,407.8,407.45,407.8,4
20251105  11:53,407.95,408.0,407.95,408.0,4
20251105  11:54,407.9,408.05,407.65,407.95,11
20251105  11:55,407.85,408.05,407.8,407.9,8
20251105  11:56,407.9,408.0,407.9,407.9,4
20251105  11:57,408.0,408.05,408.0,408.05,6
20251105  11:58,408.05,408.9,408.0,408.2,31
20251105  11:59,408.1,408.1,408.1,408.1,1
20251105  12:00,408.2,408.2,408.2,408.2,3
20251105  12:01,408.3,408.3,407.7,407.7,12
20251105  12:02,407.5,408.0,407.5,407.95,8
20251105  12:03,407.95,408.0,407.95,408.0,2
20251105  12:04,408.0,408.0,408.0,408.0,1
20251105  12:05,407.75,408.35,407.75,408.35,3
20251105  12:06,408.5,408.75,408.5,408.75,4
20251105  12:07,408.65,408.65,408.65,408.65,1
20251105  12:08,408.9,408.9,408.5,408.5,14
20251105  12:09,408.5,408.5,408.5,408.5,0
20251105  12:10,409.1,409.15,409.1,409.15,3
20251105  12:11,408.95,408.95,408.75,408.75,2
20251105  12:12,408.55,408.6,408.4,408.6,3
20251105  12:13,408.6,408.6,408.6,408.6,0
20251105  12:14,408.1,408.35,408.1,408.15,4
20251105  12:15,408.15,408.15,408.15,408.15,0
20251105  12:16,408.2,408.75,408.2,408.75,3
20251105  12:17,408.75,408.75,408.75,408.75,0
20251105  12:18,409.15,409.5,408.95,408.95,19
20251105  12:19,409.15,409.9,409.15,409.9,9
20251105  12:20,410.0,410.0,409.6,410.0,14
20251105  12:21,410.0,410.0,409.65,409.85,7
20251105  12:22,409.95,409.95,409.95,409.95,1
20251105  12:23,409.75,409.8,409.75,409.8,4
20251105  12:24,409.8,409.8,409.5,409.5,4
20251105  12:25,409.4,409.4,409.2,409.2,4
20251105  12:26,409.2,409.2,407.75,408.05,19
20251105  12:27,408.05,408.05,408.05,408.05,0
20251105  12:28,408.5,408.6,408.4,408.4,4
20251105  12:29,408.25,408.25,407.9,407.9,5
20251105  12:30,408.0,408.65,408.0,408.65,7
20251105  12:31,408.95,409.6,408.95,409.6,6
20251105  12:32,409.0,409.05,408.95,409.05,4
20251105  12:33,409.05,409.05,409.0,409.0,3
20251105  12:34,408.65,408.65,408.6,408.65,3
20251105  12:35,408.4,408.4,407.3,407.8,39
20251105  12:36,408.05,408.1,407.55,407.55,6
20251105  12:37,407.4,407.4,406.5,407.0,18
20251105  12:38,406.8,407.05,406.45,407.05,3
20251105  12:39,407.05,407.35,407.0,407.05,5
20251105  12:40,407.45,408.0,407.45,408.0,8
20251105  12:41,408.0,408.0,408.0,408.0,0
20251105  12:42,406.95,407.45,406.95,407.45,3
20251105  12:43,407.6,407.6,407.6,407.6,2
20251105  12:44,407.95,407.95,407.9,407.9,2
20251105  12:45,407.95,408.0,407.95,408.0,2
20251105  12:46,408.1,408.1,408.1,408.1,1
20251105  12:47,407.7,407.8,407.5,407.8,12
20251105  12:48,407.45,408.1,407.45,408.0,7
20251105  12:49,407.5,407.5,407.25,407.25,6
20251105  12:50,407.35,407.6,407.35,407.6,2
20251105  12:51,407.8,407.8,407.8,407.8,1
20251105  12:52,408.1,408.1,408.1,408.1,1
20251105  12:53,407.7,408.0,407.7,407.75,6
20251105  12:54,408.25,408.25,408.25,408.25,2
20251105  12:55,408.1,408.4,408.1,408.35,8
20251105  12:56,408.15,408.15,407.9,407.9,2
20251105  12:57,407.9,408.2,407.8,407.8,5
20251105  12:58,407.4,407.45,407.4,407.4,6
20251105  12:59,407.6,407.8,407.6,407.8,3
20251105  13:00,407.6,407.6,407.6,407.6,4
20251105  13:01,407.25,408.4,406.45,408.4,27
20251105  13:02,408.3,408.3,407.85,407.85,5
20251105  13:03,408.3,408.9,408.3,408.9,3
20251105  13:04,408.95,409.2,408.75,409.0,17
20251105  13:05,408.85,409.5,408.85,409.4,8
20251105  13:06,409.5,409.7,409.3,409.55,12
20251105  13:07,409.6,409.85,409.55,409.85,6
20251105  13:08,409.95,410.05,409.85,409.85,18
20251105  13:09,409.7,410.25,409.55,409.55,34
20251105  13:10,409.5,409.5,408.9,408.9,13
20251105  13:11,409.15,409.15,409.15,409.15,1
20251105  13:12,409.5,409.7,409.3,409.35,9
20251105  13:13,409.25,409.45,409.25,409.45,4
20251105  13:14,409.05,409.05,408.6,408.9,6
20251105  13:15,408.6,409.0,408.4,408.9,10
20251105  13:16,408.7,408.8,408.7,408.8,2
20251105  13:17,408.5,408.5,408.3,408.5,3
20251105  13:18,408.65,408.65,408.65,408.65,1
20251105  13:19,408.6,408.7,408.6,408.7,2
20251105  13:20,408.7,408.7,408.7,408.7,0
20251105  13:21,408.6,408.65,408.55,408.65,3
20251105  13:22,408.65,408.65,408.65,408.65,0
20251105  13:23,408.65,408.65,407.95,408.4,9
20251105  13:24,407.95,407.95,407.85,407.85,3
20251105  13:25,407.8,408.1,407.8,408.0,4
20251105  13:26,408.0,408.0,408.0,408.0,0
20251105  13:27,408.15,408.15,407.95,408.0,5
20251105  13:28,408.0,408.0,408.0,408.0,0
20251105  13:29,407.7,407.7,407.45,407.6,8
20251105  13:30,407.65,407.65,407.15,407.4,10
20251106  10:15,415.5,416.25,411.5,414.1,145
20251106  10:16,414.45,415.2,414.45,414.75,12
20251106  10:17,414.8,414.8,413.2,413.2,28
20251106  10:18,412.75,412.75,410.55,410.9,63
20251106  10:19,410.65,411.9,410.55,411.45,33
20251106  10:20,411.45,413.85,411.45,412.3,36
20251106  10:21,412.85,413.4,412.85,413.15,17
20251106  10:22,413.25,413.25,412.0,412.0,7
20251106  10:23,411.9,412.2,411.9,412.2,7
20251106  10:24,412.25,412.35,412.25,412.35,3
20251106  10:25,413.5,413.65,413.45,413.6,8
20251106  10:26,413.65,413.65,413.05,413.6,8
20251106  10:27,413.55,413.9,413.45,413.45,10
20251106  10:28,413.55,413.65,412.85,412.85,6
20251106  10:29,412.75,412.8,412.75,412.8,3
20251106  10:30,412.6,412.8,412.1,412.55,13
20251106  10:31,412.55,412.9,412.55,412.9,5
20251106  10:32,412.65,413.05,412.65,412.85,7
20251106  10:33,412.85,412.85,412.85,412.85,0
20251106  10:34,412.15,412.25,411.85,412.25,14
20251106  10:35,412.35,412.55,412.15,412.15,18
20251106  10:36,412.3,412.3,412.0,412.0,4
20251106  10:37,412.35,412.35,412.35,412.35,1
20251106  10:38,412.0,412.25,411.95,411.95,6
20251106  10:39,411.75,411.9,411.7,411.9,8
20251106  10:40,411.85,411.85,411.4,411.4,8
20251106  10:41,411.35,411.4,411.0,411.15,12
20251106  10:42,411.45,411.5,411.3,411.3,3
20251106  10:43,411.0,411.0,410.85,410.9,9
20251106  10:44,410.8,410.95,410.8,410.95,4
20251106  10:45,410.9,410.9,410.7,410.8,5
20251106  10:46,410.75,411.25,410.75,411.0,7
20251106  10:47,411.1,411.9,411.05,411.85,23
20251106  10:48,412.1,412.4,412.0,412.2,13
20251106  10:49,412.2,412.2,412.2,412.2,1
20251106  10:50,412.15,412.15,412.15,412.15,1
20251106  10:51,412.25,412.3,412.05,412.05,16
20251106  10:52,412.0,412.1,411.85,411.85,7
20251106  10:53,411.85,411.85,411.85,411.85,1
20251106  10:54,412.15,412.15,412.0,412.0,2
20251106  10:55,411.85,411.85,411.5,411.8,4
20251106  10:56,411.75,411.75,411.75,411.75,1
20251106  10:57,411.95,411.95,411.75,411.75,3
20251106  10:58,411.9,411.9,411.9,411.9,2
20251106  10:59,411.9,411.9,411.9,411.9,0
20251106  11:00,412.25,412.5,412.1,412.1,6
20251106  11:01,412.4,412.4,411.75,411.8,9
20251106  11:02,411.65,412.05,411.35,412.05,29
20251106  11:03,412.15,412.2,411.6,411.75,54
20251106  11:04,411.5,412.05,411.25,412.05,23
20251106  11:05,412.0,412.0,412.0,412.0,1
20251106  11:06,411.85,411.9,411.85,411.9,2
20251106  11:07,412.05,412.05,412.05,412.05,1
20251106  11:08,411.5,411.5,411.3,411.45,5
20251106  11:09,411.6,411.6,411.6,411.6,1
20251106  11:10,411.1,411.2,411.1,411.2,2
20251106  11:11,411.35,411.35,411.35,411.35,1
20251106  11:12,411.1,411.15,411.05,411.05,3
20251106  11:13,411.25,411.25,410.55,410.95,102
20251106  11:14,410.85,411.05,410.75,410.8,6
20251106  11:15,410.7,411.1,410.6,410.8,9
20251106  11:16,411.05,411.1,410.55,410.55,15
20251106  11:17,410.75,410.8,410.05,410.6,46
20251106  11:18,410.55,410.55,410.25,410.35,6
20251106  11:19,410.35,410.35,410.35,410.35,1
20251106  11:20,410.2,410.2,409.7,409.7,31
20251106  11:21,409.9,410.2,409.85,410.05,23
20251106  11:22,409.9,409.9,409.65,409.65,7
20251106  11:23,409.8,409.85,408.15,408.6,64
20251106  11:24,408.55,408.9,408.5,408.9,7
20251106  11:25,408.9,409.2,408.8,409.15,14
20251106  11:26,409.3,409.3,409.15,409.3,4
20251106  11:27,409.35,409.35,409.3,409.3,2
20251106  11:28,409.25,409.4,409.25,409.4,7
20251106  11:29,409.45,409.45,409.2,409.2,3
20251106  11:30,408.95,408.95,408.95,408.95,5
20251106  11:31,409.25,409.3,409.0,409.0,11
20251106  11:32,409.15,409.25,409.05,409.25,7
20251106  11:33,409.2,409.2,409.15,409.15,3
20251106  11:34,409.15,409.15,408.4,408.6,15
20251106  11:35,408.4,409.0,408.4,409.0,9
20251106  11:36,408.95,409.05,408.95,409.05,6
20251106  11:37,409.15,409.15,409.0,409.0,2
20251106  11:38,409.1,409.1,409.1,409.1,1
20251106  11:39,408.95,409.0,408.75,409.0,7
20251106  11:40,409.25,409.75,409.25,409.35,39
20251106  11:41,409.5,409.9,409.5,409.85,3
20251106  11:42,410.0,410.0,409.7,409.95,12
20251106  11:43,409.85,409.85,409.25,409.25,13
20251106  11:44,409.3,409.5,409.3,409.5,2
20251106  11:45,409.45,409.45,409.0,409.05,13
20251106  11:46,408.9,408.9,408.5,408.6,11
20251106  11:47,408.95,408.95,408.4,408.7,14
20251106  11:48,408.7,408.7,408.55,408.55,2
20251106  11:49,408.9,408.9,407.95,408.0,24
20251106  11:50,408.15,408.35,407.95,408.0,26
20251106  11:51,408.3,408.3,407.9,407.95,16
20251106  11:52,408.05,408.25,407.85,408.25,7
20251106  11:53,408.45,408.5,408.45,408.5,3
20251106  11:54,408.45,408.45,408.4,408.4,2
20251106  11:55,408.55,408.7,408.55,408.7,3
20251106  11:56,408.9,408.9,408.2,408.6,19
20251106  11:57,408.75,408.85,408.55,408.55,10
20251106  11:58,408.55,408.55,408.55,408.55,0
20251106  11:59,409.0,409.0,408.65,408.85,5
20251106  12:00,408.7,408.7,407.7,407.7,18
20251106  12:01,407.85,408.45,407.55,408.45,16
20251106  12:02,408.1,408.1,408.0,408.1,7
20251106  12:03,407.85,408.15,407.85,408.15,7
20251106  12:04,408.15,408.15,408.1,408.1,3
20251106  12:05,408.0,408.65,408.0,408.4,29
20251106  12:06,408.6,408.85,408.6,408.8,7
20251106  12:07,408.8,408.85,408.4,408.4,3
20251106  12:08,408.3,408.75,408.3,408.75,7
20251106  12:09,408.75,408.8,408.5,408.5,5
20251106  12:10,408.6,408.65,408.45,408.45,6
20251106  12:11,408.9,408.9,408.9,408.9,1
20251106  12:12,408.75,408.75,408.6,408.75,6
20251106  12:13,408.65,408.65,408.5,408.5,2
20251106  12:14,408.3,408.4,408.3,408.4,2
20251106  12:15,408.4,408.7,408.35,408.7,4
20251106  12:16,408.5,408.5,408.5,408.5,2
20251106  12:17,408.5,408.8,408.5,408.8,6
20251106  12:18,408.45,408.55,408.2,408.55,8
20251106  12:19,408.8,408.95,408.75,408.95,11
20251106  12:20,408.8,408.8,408.5,408.5,13
20251106  12:21,408.65,409.25,408.65,409.25,22
20251106  12:22,409.15,409.15,409.05,409.1,6
20251106  12:23,409.0,409.5,409.0,409.2,31
20251106  12:24,409.2,409.2,409.2,409.2,0
20251106  12:25,409.15,409.2,408.7,408.7,8
20251106  12:26,408.95,408.95,408.75,408.75,2
20251106  12:27,408.9,408.9,408.9,408.9,1
20251106  12:28,408.4,408.55,408.35,408.4,4
20251106  12:29,408.7,408.7,408.5,408.5,5
20251106  12:30,408.3,408.5,408.3,408.5,3
20251106  12:31,408.3,408.55,408.2,408.2,4
20251106  12:32,408.2,408.2,408.2,408.2,0
20251106  12:33,408.3,408.3,407.95,408.2,11
20251106  12:34,408.2,408.4,408.2,408.4,3
20251106  12:35,408.5,408.5,408.5,408.5,2
20251106  12:36,408.7,408.7,408.7,408.7,1
20251106  12:37,408.4,408.55,408.25,408.25,4
20251106  12:38,408.05,408.05,408.0,408.0,2
20251106  12:39,408.2,408.2,407.95,408.0,19
20251106  12:40,407.8,407.85,407.75,407.8,4
20251106  12:41,407.8,409.15,407.75,408.5,28
20251106  12:42,408.5,408.5,408.5,408.5,0
20251106  12:43,408.6,408.6,408.4,408.4,4
20251106  12:44,408.3,408.3,408.3,408.3,1
20251106  12:45,408.4,408.4,408.3,408.3,5
20251106  12:46,408.5,408.55,408.4,408.4,4
20251106  12:47,408.4,408.4,408.4,408.4,0
20251106  12:48,408.55,408.7,408.25,408.5,9
20251106  12:49,408.2,408.2,408.0,408.0,3
20251106  12:50,408.35,408.6,408.35,408.6,4
20251106  12:51,408.1,408.1,408.1,408.1,2
20251106  12:52,408.05,408.4,408.05,408.4,7
20251106  12:53,408.25,408.25,408.25,408.25,1
20251106  12:54,408.2,408.25,408.2,408.25,2
20251106  12:55,408.25,408.25,408.25,408.25,0
20251106  12:56,408.55,408.55,408.3,408.45,3
20251106  12:57,408.2,408.2,408.2,408.2,1
20251106  12:58,408.2,408.3,408.2,408.3,4
20251106  12:59,407.95,407.95,407.3,407.4,27
20251106  13:00,407.55,407.65,407.5,407.5,13
20251106  13:01,407.3,407.4,407.1,407.4,12
20251106  13:02,407.6,407.6,407.6,407.6,2
20251106  13:03,407.9,407.9,407.85,407.85,3
20251106  13:04,407.9,408.15,407.9,408.15,18
20251106  13:05,408.0,408.4,408.0,408.4,6
20251106  13:06,408.7,408.7,408.55,408.55,2
20251106  13:07,408.45,408.45,408.3,408.3,7
20251106  13:08,408.4,408.45,408.3,408.45,4
20251106  13:09,408.45,408.6,408.45,408.45,5
20251106  13:10,408.55,408.55,408.2,408.2,4
20251106  13:11,408.45,408.45,408.15,408.35,5
20251106  13:12,408.5,408.5,408.5,408.5,1
20251106  13:13,408.5,408.5,408.5,408.5,0
20251106  13:14,408.7,408.7,408.4,408.65,9
20251106  13:15,408.85,408.85,408.7,408.85,4
20251106  13:16,408.9,408.9,408.6,408.85,4
20251106  13:17,408.65,409.0,408.65,409.0,7
20251106  13:18,408.95,409.05,408.85,408.85,5
20251106  13:19,408.7,408.7,408.4,408.5,9
20251106  13:20,408.5,408.6,408.5,408.6,2
20251106  13:21,408.5,408.9,408.5,408.9,8
20251106  13:22,408.85,408.85,408.85,408.85,1
20251106  13:23,408.95,408.95,408.25,408.25,18
20251106  13:24,408.3,408.6,408.3,408.55,6
20251106  13:25,408.2,408.2,408.2,408.2,1
20251106  13:26,408.3,408.3,408.3,408.3,2
20251106  13:27,408.05,408.05,407.3,407.7,13
20251106  13:28,407.45,407.55,406.8,407.1,14
20251106  13:29,407.05,407.05,406.6,406.75,13
20251106  13:30,406.7,406.85,406.45,406.45,16
20251107  10:15,399.05,399.75,397.3,398.65,147
20251107  10:16,398.35,399.15,398.0,398.0,42
20251107  10:17,398.2,398.75,398.0,398.75,18
20251107  10:18,398.6,398.6,398.0,398.0,9
20251107  10:19,398.0,398.3,397.95,398.1,13
20251107  10:20,398.4,398.75,398.4,398.6,23
20251107  10:21,398.4,398.4,397.9,398.25,12
20251107  10:22,397.9,397.95,397.25,397.25,24
20251107  10:23,397.35,397.35,397.35,397.35,2
20251107  10:24,397.15,397.3,397.15,397.3,5
20251107  10:25,397.6,397.6,397.55,397.55,2
20251107  10:26,397.5,397.55,397.35,397.35,6
20251107  10:27,397.45,397.6,397.45,397.6,2
20251107  10:28,398.0,398.0,398.0,398.0,1
20251107  10:29,397.95,398.0,397.9,397.9,8
20251107  10:30,397.95,397.95,397.7,397.7,2
20251107  10:31,397.75,398.0,397.75,397.85,10
20251107  10:32,398.1,398.4,397.95,398.3,22
20251107  10:33,398.4,398.4,397.4,397.4,14
20251107  10:34,397.75,397.75,397.75,397.75,3
20251107  10:35,397.85,397.85,397.2,397.2,9
20251107  10:36,397.35,397.35,395.85,395.95,39
20251107  10:37,395.85,396.25,395.75,395.75,27
20251107  10:38,395.65,396.25,395.65,396.15,29
20251107  10:39,395.9,395.95,394.9,395.0,47
20251107  10:40,394.65,394.7,394.55,394.55,14
20251107  10:41,394.7,394.8,394.1,394.1,16
20251107  10:42,394.05,394.3,393.85,394.3,27
20251107  10:43,394.75,394.95,394.75,394.95,2
20251107  10:44,394.75,395.2,394.75,394.95,20
20251107  10:45,395.1,395.35,395.1,395.35,10
20251107  10:46,395.35,395.4,395.35,395.4,2
20251107  10:47,395.25,396.4,395.2,396.0,49
20251107  10:48,395.4,395.65,395.2,395.2,6
20251107  10:49,395.1,395.1,394.45,394.45,8
20251107  10:50,394.7,394.7,394.35,394.6,15
20251107  10:51,394.25,394.25,393.85,393.85,5
20251107  10:52,393.75,393.95,393.65,393.95,10
20251107  10:53,394.1,394.65,393.95,394.65,7
20251107  10:54,394.25,394.25,394.15,394.15,3
20251107  10:55,394.3,394.3,394.05,394.15,6
20251107  10:56,394.1,394.15,394.0,394.05,6
20251107  10:57,394.3,394.75,394.3,394.75,3
20251107  10:58,394.8,395.0,394.8,395.0,3
20251107  10:59,395.15,395.6,395.15,395.6,17
20251107  11:00,395.6,395.6,395.35,395.35,22
20251107  11:01,395.4,396.05,395.4,396.05,31
20251107  11:02,395.9,395.95,395.6,395.6,6
20251107  11:03,395.65,395.75,395.65,395.75,3
20251107  11:04,395.65,395.8,395.35,395.75,13
20251107  11:05,395.35,395.85,395.25,395.55,39
20251107  11:06,395.45,395.5,395.25,395.25,13
20251107  11:07,395.2,395.4,394.95,395.4,13
20251107  11:08,395.15,395.45,395.15,395.45,2
20251107  11:09,394.95,394.95,394.95,394.95,1
20251107  11:10,395.3,396.05,395.3,396.05,11
20251107  11:11,396.05,396.05,395.85,395.95,3
20251107  11:12,395.6,395.85,395.6,395.85,4
20251107  11:13,395.8,397.5,395.8,397.5,26
20251107  11:14,397.2,397.25,396.95,397.0,9
20251107  11:15,396.75,396.75,396.35,396.65,4
20251107  11:16,396.65,396.7,396.65,396.7,4
20251107  11:17,396.75,396.95,396.75,396.95,9
20251107  11:18,396.8,397.35,396.8,397.25,14
20251107  11:19,397.35,397.9,397.35,397.8,12
20251107  11:20,397.9,397.9,397.85,397.85,4
20251107  11:21,397.75,397.75,397.4,397.4,3
20251107  11:22,397.4,397.4,397.4,397.4,0
20251107  11:23,397.3,397.3,397.3,397.3,1
20251107  11:24,397.4,397.65,397.3,397.3,5
20251107  11:25,397.35,397.65,397.35,397.65,3
20251107  11:26,397.35,397.35,397.35,397.35,1
20251107  11:27,397.35,397.35,397.35,397.35,0
20251107  11:28,397.35,397.35,397.35,397.35,0
20251107  11:29,397.6,397.65,397.45,397.65,5
20251107  11:30,397.5,397.9,397.5,397.9,5
20251107  11:31,397.95,398.2,397.7,398.2,12
20251107  11:32,398.05,398.25,397.7,398.0,13
20251107  11:33,398.2,398.2,398.2,398.2,1
20251107  11:34,398.35,398.35,398.2,398.2,6
20251107  11:35,398.35,398.55,398.2,398.45,23
20251107  11:36,398.2,398.25,398.2,398.25,2
20251107  11:37,398.1,398.1,398.0,398.0,2
20251107  11:38,398.3,398.5,398.3,398.5,3
20251107  11:39,398.5,398.5,398.3,398.3,2
20251107  11:40,398.2,398.2,398.1,398.1,2
20251107  11:41,398.1,398.1,398.1,398.1,0
20251107  11:42,397.55,397.55,397.4,397.4,2
20251107  11:43,397.35,397.35,397.35,397.35,1
20251107  11:44,397.7,397.8,397.7,397.8,3
20251107  11:45,398.05,398.05,398.05,398.05,1
20251107  11:46,397.85,397.85,397.55,397.8,5
20251107  11:47,397.8,397.8,397.8,397.8,0
20251107  11:48,397.7,397.7,397.7,397.7,1
20251107  11:49,398.0,398.1,398.0,398.1,3
20251107  11:50,398.05,398.3,398.05,398.3,5
20251107  11:51,398.4,398.4,398.4,398.4,1
20251107  11:52,398.55,398.55,398.25,398.5,7
20251107  11:53,398.55,398.75,398.35,398.5,37
20251107  11:54,398.55,398.55,398.55,398.55,1
20251107  11:55,398.35,398.65,398.35,398.5,5
20251107  11:56,398.4,398.55,398.4,398.55,5
20251107  11:57,398.35,398.35,398.3,398.3,3
20251107  11:58,398.2,398.35,398.2,398.35,3
20251107  11:59,398.4,398.65,398.4,398.5,4
20251107  12:00,398.35,398.35,398.25,398.25,4
20251107  12:01,398.35,398.35,398.15,398.15,2
20251107  12:02,398.15,398.15,398.15,398.15,0
20251107  12:03,398.15,398.15,398.15,398.15,0
20251107  12:04,398.15,398.15,398.15,398.15,0
20251107  12:05,398.15,398.15,398.15,398.15,0
20251107  12:06,398.35,398.35,398.35,398.35,2
20251107  12:07,398.4,398.4,398.4,398.4,4
20251107  12:08,398.4,398.4,398.4,398.4,0
20251107  12:09,398.55,398.55,398.55,398.55,2
20251107  12:10,398.6,398.6,398.5,398.5,2
20251107  12:11,398.4,398.5,398.4,398.5,2
20251107  12:12,398.5,398.6,398.45,398.45,11
20251107  12:13,398.45,398.45,398.45,398.45,0
20251107  12:14,398.45,398.45,398.45,398.45,0
20251107  12:15,398.15,398.15,398.15,398.15,1
20251107  12:16,397.8,397.8,397.8,397.8,1
20251107  12:17,397.8,397.8,397.8,397.8,0
20251107  12:18,397.1,397.1,396.75,396.9,17
20251107  12:19,397.1,397.1,397.1,397.1,1
20251107  12:20,397.7,397.7,397.6,397.7,5
20251107  12:21,397.7,397.7,397.7,397.7,0
20251107  12:22,398.0,398.95,398.0,398.75,22
20251107  12:23,398.45,398.45,398.25,398.25,4
20251107  12:24,398.25,398.25,398.25,398.25,0
20251107  12:25,398.3,398.3,398.3,398.3,2
20251107  12:26,398.3,398.3,398.3,398.3,1
20251107  12:27,398.3,398.3,398.05,398.15,5
20251107  12:28,398.3,398.4,398.3,398.4,2
20251107  12:29,398.15,398.15,397.8,397.9,4
20251107  12:30,397.9,397.9,397.9,397.9,0
20251107  12:31,397.45,397.45,397.45,397.45,1
20251107  12:32,397.4,397.4,397.4,397.4,1
20251107  12:33,397.05,397.05,397.05,397.05,1
20251107  12:34,396.9,396.9,396.9,396.9,1
20251107  12:35,396.9,397.1,396.9,397.1,4
20251107  12:36,396.4,396.55,396.25,396.55,8
20251107  12:37,396.45,396.45,396.3,396.3,8
20251107  12:38,396.6,397.05,396.6,396.9,21
20251107  12:39,396.6,396.8,396.45,396.5,9
20251107  12:40,396.3,396.45,396.0,396.45,19
20251107  12:41,396.4,396.45,396.05,396.1,9
20251107  12:42,395.95,395.95,395.95,395.95,1
20251107  12:43,396.05,396.05,395.7,395.7,6
20251107  12:44,395.55,395.85,395.55,395.6,3
20251107  12:45,395.6,395.6,395.6,395.6,1
20251107  12:46,395.9,395.9,395.9,395.9,1
20251107  12:47,395.9,396.15,395.9,396.05,4
20251107  12:48,396.05,396.05,396.05,396.05,1
20251107  12:49,396.6,397.05,396.6,397.05,3
20251107  12:50,397.45,397.65,397.0,397.65,9
20251107  12:51,397.85,397.85,397.8,397.8,3
20251107  12:52,397.8,397.8,397.8,397.8,0
20251107  12:53,397.95,398.55,397.9,398.55,11
20251107  12:54,398.5,398.9,398.5,398.9,6
20251107  12:55,398.75,398.95,398.75,398.95,15
20251107  12:56,398.5,398.5,398.4,398.4,3
20251107  12:57,398.6,398.6,398.6,398.6,3
20251107  12:58,398.6,398.65,398.6,398.65,2
20251107  12:59,398.65,398.65,398.65,398.65,0
20251107  13:00,398.95,398.95,398.95,398.95,2
20251107  13:01,398.95,398.95,398.55,398.55,2
20251107  13:02,398.3,398.3,397.55,397.7,18
20251107  13:03,397.95,397.95,397.95,397.95,1
20251107  13:04,398.05,398.05,398.05,398.05,1
20251107  13:05,398.0,398.0,398.0,398.0,1
20251107  13:06,398.35,398.95,398.35,398.95,15
20251107  13:07,398.65,399.75,398.65,399.2,22
20251107  13:08,399.2,399.2,399.2,399.2,0
20251107  13:09,399.3,399.3,399.2,399.2,2
20251107  13:10,399.35,400.25,399.35,400.05,49
20251107  13:11,400.3,400.85,400.2,400.55,56
20251107  13:12,400.55,400.6,400.5,400.5,10
20251107  13:13,400.7,401.8,400.7,401.5,91
20251107  13:14,401.35,401.65,400.9,401.65,9
20251107  13:15,402.0,402.2,401.7,401.7,25
20251107  13:16,401.3,401.3,401.3,401.3,1
20251107  13:17,401.3,401.4,401.2,401.4,3
20251107  13:18,401.25,401.25,400.6,400.6,4
20251107  13:19,400.5,400.75,400.3,400.6,11
20251107  13:20,400.7,400.7,400.3,400.3,3
20251107  13:21,400.35,400.55,400.3,400.35,11
20251107  13:22,400.55,400.55,400.55,400.55,1
20251107  13:23,400.45,400.6,400.45,400.6,3
20251107  13:24,400.7,400.8,400.45,400.45,7
20251107  13:25,400.65,400.65,400.6,400.6,5
20251107  13:26,400.65,400.9,400.65,400.9,2
20251107  13:27,400.65,400.75,400.5,400.7,8
20251107  13:28,400.75,400.75,400.75,400.75,1
20251107  13:29,400.75,400.75,400.75,400.75,0
20251107  13:30,400.75,400.75,400.3,400.55,7
20251110  10:15,408.3,411.1,408.25,410.75,115
20251110  10:16,411.45,412.8,411.0,412.4,55
20251110  10:17,412.3,412.55,411.85,412.25,14
20251110  10:18,412.25,412.25,411.45,411.45,10
20251110  10:19,411.3,411.3,410.45,410.8,24
20251110  10:20,410.9,410.9,410.6,410.6,6
20251110  10:21,410.15,410.35,410.0,410.35,12
20251110  10:22,410.65,411.6,410.65,411.05,12
20251110  10:23,411.25,411.45,411.25,411.45,4
20251110  10:24,411.1,411.15,411.1,411.15,3
20251110  10:25,411.35,411.6,411.35,411.6,8
20251110  10:26,411.1,411.3,410.95,410.95,12
20251110  10:27,410.2,410.9,410.2,410.9,4
20251110  10:28,410.75,410.75,410.75,410.75,1
20251110  10:29,411.1,411.1,411.1,411.1,2
20251110  10:30,411.45,411.65,411.1,411.35,9
20251110  10:31,411.35,411.35,411.35,411.35,1
20251110  10:32,411.4,411.4,411.4,411.4,2
20251110  10:33,411.2,411.2,410.75,411.05,8
20251110  10:34,411.05,411.05,411.05,411.05,0
20251110  10:35,411.0,411.0,411.0,411.0,1
20251110  10:36,411.0,411.0,411.0,411.0,0
20251110  10:37,411.25,411.25,411.25,411.25,16
20251110  10:38,411.0,411.35,411.0,411.25,15
20251110  10:39,411.35,411.55,411.35,411.55,5
20251110  10:40,411.6,411.6,411.0,411.05,14
20251110  10:41,410.8,411.05,410.7,410.7,11
20251110  10:42,410.7,410.7,410.7,410.7,0
20251110  10:43,411.65,411.75,411.65,411.75,2
20251110  10:44,411.8,411.8,411.65,411.65,2
20251110  10:45,412.0,412.35,412.0,412.15,3
20251110  10:46,412.15,412.15,412.15,412.15,0
20251110  10:47,412.15,412.7,412.15,412.7,32
20251110  10:48,412.4,412.4,411.5,411.5,7
20251110  10:49,411.9,411.95,411.9,411.95,2
20251110  10:50,411.8,411.8,411.8,411.8,2
20251110  10:51,411.9,411.9,411.9,411.9,1
20251110  10:52,411.9,411.9,411.9,411.9,0
20251110  10:53,411.25,411.25,411.25,411.25,2
20251110  10:54,411.25,411.25,411.25,411.25,2
20251110  10:55,411.55,411.55,411.5,411.5,9
20251110  10:56,411.55,411.7,411.55,411.7,2
20251110  10:57,411.7,411.7,411.7,411.7,0
20251110  10:58,411.5,411.5,411.45,411.45,2
20251110  10:59,412.1,412.5,412.1,412.5,5
20251110  11:00,412.5,414.05,412.5,414.05,34
20251110  11:01,414.2,414.2,413.9,414.0,6
20251110  11:02,413.7,413.7,413.7,413.7,1
20251110  11:03,413.5,413.5,413.5,413.5,1
20251110  11:04,413.65,413.65,413.65,413.65,1
20251110  11:05,413.65,413.95,413.65,413.65,14
20251110  11:06,413.6,414.4,413.6,414.05,10
20251110  11:07,413.65,413.65,413.5,413.5,2
20251110  11:08,413.3,413.35,413.0,413.35,7
20251110  11:09,413.35,413.35,413.35,413.35,2
20251110  11:10,413.65,413.65,413.65,413.65,1
20251110  11:11,414.0,414.15,414.0,414.1,4
20251110  11:12,414.25,414.6,414.25,414.6,2
20251110  11:13,414.85,415.55,414.65,415.5,37
20251110  11:14,414.85,414.85,414.85,414.85,1
20251110  11:15,414.7,414.75,414.65,414.65,5
20251110  11:16,414.65,414.65,414.65,414.65,0
20251110  11:17,414.95,414.95,414.3,414.3,7
20251110  11:18,414.3,414.35,413.9,413.9,9
20251110  11:19,414.1,414.1,414.1,414.1,1
20251110  11:20,414.1,414.1,414.1,414.1,1
20251110  11:21,414.4,414.5,414.4,414.5,8
20251110  11:22,414.5,414.5,414.5,414.5,0
20251110  11:23,414.85,414.85,414.85,414.85,1
20251110  11:24,414.85,414.85,414.85,414.85,0
20251110  11:25,414.3,414.3,414.3,414.3,3
20251110  11:26,414.65,414.65,414.65,414.65,1
20251110  11:27,414.65,414.65,414.6,414.6,3
20251110  11:28,414.55,414.55,414.55,414.55,1
20251110  11:29,414.6,414.6,414.6,414.6,2
20251110  11:30,414.7,414.7,414.7,414.7,1
20251110  11:31,414.7,414.7,414.7,414.7,0
20251110  11:32,414.65,415.05,414.65,415.05,2
20251110  11:33,414.75,414.9,414.75,414.9,2
20251110  11:34,414.6,414.6,414.6,414.6,1
20251110  11:35,414.4,414.5,414.4,414.5,3
20251110  11:36,414.55,414.55,414.55,414.55,1
20251110  11:37,414.6,414.6,414.6,414.6,1
20251110  11:38,414.65,414.65,414.3,414.3,6
20251110  11:39,414.7,414.85,414.4,414.85,6
20251110  11:40,414.85,414.85,414.85,414.85,0
20251110  11:41,414.75,414.75,414.75,414.75,1
20251110  11:42,414.8,414.8,414.35,414.35,4
20251110  11:43,414.35,414.35,414.35,414.35,0
20251110  11:44,414.3,414.3,414.3,414.3,1
20251110  11:45,414.3,414.3,414.3,414.3,0
20251110  11:46,414.7,414.7,414.7,414.7,1
20251110  11:47,414.7,414.9,414.7,414.9,2
20251110  11:48,414.9,414.9,414.9,414.9,0
20251110  11:49,414.7,414.7,414.7,414.7,4
20251110  11:50,414.55,414.55,414.55,414.55,7
20251110  11:51,414.55,414.55,414.55,414.55,1
20251110  11:52,414.55,414.55,414.55,414.55,0
20251110  11:53,414.3,414.35,414.1,414.1,5
20251110  11:54,414.3,414.3,414.3,414.3,2
20251110  11:55,414.0,414.0,414.0,414.0,1
20251110  11:56,414.05,414.75,413.8,414.45,7
20251110  11:57,414.4,414.4,414.4,414.4,1
20251110  11:58,414.4,414.55,414.4,414.55,2
20251110  11:59,414.55,414.55,414.55,414.55,0
20251110  12:00,414.55,414.55,414.55,414.55,0
20251110  12:01,414.55,414.55,413.85,413.95,8
20251110  12:02,414.25,414.25,414.15,414.15,2
20251110  12:03,414.2,414.75,414.2,414.75,8
20251110  12:04,414.75,414.75,414.75,414.75,0
20251110  12:05,414.75,414.8,414.75,414.8,5
20251110  12:06,414.95,414.95,414.25,414.25,16
20251110  12:07,414.15,414.15,414.15,414.15,2
20251110  12:08,413.7,413.7,412.85,412.85,8
20251110  12:09,412.7,412.7,412.45,412.45,8
20251110  12:10,413.0,413.15,412.7,412.8,8
20251110  12:11,412.9,412.9,412.9,412.9,2
20251110  12:12,412.9,412.9,412.9,412.9,0
20251110  12:13,412.9,412.9,412.9,412.9,0
20251110  12:14,412.75,412.8,412.75,412.8,3
20251110  12:15,412.7,413.2,412.7,413.2,12
20251110  12:16,413.1,413.1,412.7,412.8,4
20251110  12:17,412.5,412.5,412.35,412.35,6
20251110  12:18,412.35,412.35,412.35,412.35,1
20251110  12:19,412.8,412.85,412.4,412.4,8
20251110  12:20,412.75,412.75,412.75,412.75,2
20251110  12:21,412.75,412.75,412.75,412.75,0
20251110  12:22,412.4,412.4,412.4,412.4,1
20251110  12:23,412.4,412.4,412.4,412.4,0
20251110  12:24,412.2,412.2,412.2,412.2,1
20251110  12:25,412.05,412.25,412.05,412.15,7
20251110  12:26,412.1,412.1,412.05,412.05,4
20251110  12:27,412.3,412.35,412.3,412.35,7
20251110  12:28,412.35,412.55,412.35,412.55,2
20251110  12:29,412.55,412.55,412.55,412.55,0
20251110  12:30,412.3,412.3,412.3,412.3,1
20251110  12:31,412.4,412.4,412.3,412.3,6
20251110  12:32,412.3,412.3,412.3,412.3,0
20251110  12:33,412.3,412.3,412.3,412.3,0
20251110  12:34,412.3,412.3,412.3,412.3,0
20251110  12:35,412.5,412.5,412.1,412.1,2
20251110  12:36,412.2,412.3,412.15,412.15,6
20251110  12:37,412.15,412.15,412.15,412.15,0
20251110  12:38,411.9,411.9,411.45,411.45,4
20251110  12:39,411.3,411.3,411.3,411.3,2
20251110  12:40,411.35,411.35,411.35,411.35,1
20251110  12:41,411.7,411.7,411.7,411.7,1
20251110  12:42,412.0,412.2,412.0,412.2,2
20251110  12:43,412.05,412.3,412.05,412.05,9
20251110  12:44,412.25,412.25,412.1,412.1,3
20251110  12:45,412.1,412.1,412.1,412.1,0
20251110  12:46,412.1,412.1,412.1,412.1,0
20251110  12:47,411.85,411.85,411.85,411.85,3
20251110  12:48,411.95,411.95,411.75,411.75,3
20251110  12:49,412.0,412.0,412.0,412.0,1
20251110  12:50,412.0,412.0,412.0,412.0,0
20251110  12:51,412.0,412.0,412.0,412.0,3
20251110  12:52,412.2,412.35,412.2,412.35,2
20251110  12:53,412.45,412.5,412.45,412.5,2
20251110  12:54,412.5,412.5,412.5,412.5,0
20251110  12:55,412.2,412.25,411.8,412.25,12
20251110  12:56,412.35,412.6,411.95,412.55,22
20251110  12:57,412.5,412.7,412.5,412.6,3
20251110  12:58,412.75,413.0,412.75,413.0,4
20251110  12:59,413.0,413.0,413.0,413.0,0
20251110  13:00,412.2,412.5,412.2,412.5,3
20251110  13:01,412.6,412.6,412.6,412.6,1
20251110  13:02,412.8,412.85,412.8,412.8,8
20251110  13:03,413.6,413.95,413.6,413.95,5
20251110  13:04,413.9,413.95,413.9,413.95,4
20251110  13:05,413.95,414.15,413.55,413.55,7
20251110  13:06,413.3,413.3,413.1,413.2,4
20251110  13:07,413.55,413.55,413.55,413.55,2
20251110  13:08,413.55,413.55,413.55,413.55,0
20251110  13:09,413.8,414.75,413.8,414.6,10
20251110  13:10,414.9,415.0,414.8,414.8,11
20251110  13:11,415.0,415.0,414.5,414.5,4
20251110  13:12,414.6,414.65,414.6,414.65,2
20251110  13:13,414.65,414.65,414.65,414.65,0
20251110  13:14,414.9,414.9,414.9,414.9,1
20251110  13:15,415.0,415.15,414.95,414.95,16
20251110  13:16,414.95,414.95,414.95,414.95,0
20251110  13:17,415.0,415.15,415.0,415.15,2
20251110  13:18,415.25,415.35,415.15,415.25,6
20251110  13:19,415.35,415.4,415.3,415.3,5
20251110  13:20,415.35,415.35,414.65,414.65,9
20251110  13:21,414.5,414.5,413.65,413.65,12
20251110  13:22,413.65,413.65,413.65,413.65,0
20251110  13:23,414.5,414.5,414.5,414.5,1
20251110  13:24,414.35,414.35,414.3,414.3,2
20251110  13:25,414.0,414.35,413.8,414.35,7
20251110  13:26,413.85,413.85,413.65,413.7,10
20251110  13:27,413.85,413.85,413.5,413.5,2
20251110  13:28,413.0,413.0,412.85,412.85,7
20251110  13:29,412.75,412.75,412.75,412.75,1
20251110  13:30,412.55,412.7,412.55,412.55,16
20251111  10:15,414.75,414.85,412.6,414.1,238
20251111  10:16,413.95,414.1,411.95,413.1,77
20251111  10:17,413.0,413.1,412.25,413.05,21
20251111  10:18,413.35,413.35,412.45,412.7,15
20251111  10:19,412.8,412.8,412.8,412.8,1
20251111  10:20,413.05,413.4,412.65,413.0,11
20251111  10:21,413.15,413.7,413.15,413.4,10
20251111  10:22,413.6,413.75,413.15,413.15,16
20251111  10:23,413.5,413.75,413.5,413.75,4
20251111  10:24,413.55,413.6,412.45,412.85,19
20251111  10:25,412.6,412.65,412.2,412.5,13
20251111  10:26,412.15,412.35,412.1,412.15,8
20251111  10:27,412.15,412.15,412.15,412.15,0
20251111  10:28,412.55,412.55,412.5,412.5,2
20251111  10:29,412.3,412.7,412.3,412.7,11
20251111  10:30,412.8,412.85,412.8,412.85,2
20251111  10:31,412.95,413.0,412.95,413.0,2
20251111  10:32,413.15,413.75,413.15,413.75,8
20251111  10:33,413.75,413.75,413.75,413.75,0
20251111  10:34,413.3,413.3,413.2,413.2,4
20251111  10:35,413.4,413.65,413.4,413.65,7
20251111  10:36,413.5,413.65,413.5,413.65,5
20251111  10:37,413.6,413.6,413.6,413.6,1
20251111  10:38,413.6,413.6,413.6,413.6,0
20251111  10:39,413.6,413.6,413.6,413.6,0
20251111  10:40,413.4,413.6,413.4,413.6,3
20251111  10:41,413.6,413.6,413.6,413.6,0
20251111  10:42,413.3,413.3,413.15,413.2,5
20251111  10:43,413.2,413.2,413.2,413.2,0
20251111  10:44,413.2,413.2,413.2,413.2,0
20251111  10:45,413.35,413.75,413.35,413.7,7
20251111  10:46,413.7,413.95,413.65,413.95,4
20251111  10:47,413.8,413.8,413.35,413.35,2
20251111  10:48,413.35,413.35,413.35,413.35,0
20251111  10:49,413.0,413.0,413.0,413.0,1
20251111  10:50,413.1,413.1,412.8,412.8,3
20251111  10:51,413.2,413.2,413.2,413.2,1
20251111  10:52,413.2,413.2,413.2,413.2,1
20251111  10:53,413.2,413.2,413.2,413.2,0
20251111  10:54,413.15,413.15,412.9,412.9,2
20251111  10:55,412.9,412.9,412.9,412.9,0
20251111  10:56,412.9,412.9,412.9,412.9,0
20251111  10:57,412.8,412.95,412.8,412.95,2
20251111  10:58,412.95,412.95,412.95,412.95,0
20251111  10:59,413.2,413.2,413.2,413.2,2
20251111  11:00,413.2,413.2,413.2,413.2,0
20251111  11:01,413.2,413.2,413.2,413.2,0
20251111  11:02,413.25,413.25,413.25,413.25,1
20251111  11:03,413.15,413.15,413.15,413.15,1
20251111  11:04,413.0,413.25,413.0,413.25,4
20251111  11:05,413.25,413.25,413.25,413.25,0
20251111  11:06,412.85,412.9,412.85,412.9,2
20251111  11:07,413.1,413.1,413.1,413.1,1
20251111  11:08,412.9,412.95,412.9,412.95,2
20251111  11:09,412.95,412.95,412.95,412.95,0
20251111  11:10,412.95,412.95,412.95,412.95,0
20251111  11:11,412.85,412.85,412.85,412.85,1
20251111  11:12,412.95,412.95,412.95,412.95,3
20251111  11:13,412.95,412.95,412.95,412.95,0
20251111  11:14,412.95,412.95,412.95,412.95,0
20251111  11:15,412.95,412.95,412.95,412.95,0
20251111  11:16,412.8,412.85,412.8,412.85,2
20251111  11:17,413.1,413.1,413.1,413.1,2
20251111  11:18,412.9,412.9,412.9,412.9,1
20251111  11:19,412.75,412.75,412.75,412.75,2
20251111  11:20,412.9,412.9,412.75,412.75,2
20251111  11:21,412.75,412.75,412.75,412.75,0
20251111  11:22,412.75,412.75,412.75,412.75,0
20251111  11:23,412.75,412.75,412.75,412.75,0
20251111  11:24,412.75,412.75,412.75,412.75,0
20251111  11:25,412.95,412.95,412.95,412.95,1
20251111  11:26,412.85,413.1,412.85,413.1,2
20251111  11:27,413.05,413.25,413.05,413.25,2
20251111  11:28,413.2,413.2,413.15,413.15,2
20251111  11:29,413.15,413.15,413.15,413.15,0
20251111  11:30,413.15,413.15,413.15,413.15,0
20251111  11:31,412.95,412.95,412.95,412.95,1
20251111  11:32,412.95,412.95,412.95,412.95,0
20251111  11:33,412.95,412.95,412.95,412.95,0
20251111  11:34,412.75,412.75,412.75,412.75,2
20251111  11:35,412.5,412.5,411.4,411.4,15
20251111  11:36,411.6,411.7,411.45,411.45,11
20251111  11:37,411.65,411.65,411.65,411.65,1
20251111  11:38,411.5,411.75,411.45,411.45,10
20251111  11:39,411.65,411.7,411.65,411.7,3
20251111  11:40,411.75,412.15,411.75,412.15,3
20251111  11:41,411.7,412.0,411.7,412.0,4
20251111  11:42,412.0,412.0,412.0,412.0,1
20251111  11:43,412.15,412.15,412.15,412.15,1
20251111  11:44,412.2,412.2,412.2,412.2,1
20251111  11:45,412.05,412.05,412.05,412.05,3
20251111  11:46,411.95,411.95,411.95,411.95,2
20251111  11:47,411.7,411.7,411.7,411.7,1
20251111  11:48,412.0,412.3,412.0,412.3,3
20251111  11:49,412.15,412.2,411.95,412.2,7
20251111  11:50,411.75,411.75,411.5,411.5,4
20251111  11:51,411.75,411.75,411.75,411.75,1
20251111  11:52,411.7,411.7,411.7,411.7,1
20251111  11:53,411.85,411.85,411.85,411.85,1
20251111  11:54,411.85,411.85,411.85,411.85,0
20251111  11:55,412.0,412.0,412.0,412.0,1
20251111  11:56,412.0,412.0,412.0,412.0,0
20251111  11:57,412.2,412.6,412.2,412.6,5
20251111  11:58,412.7,412.8,412.7,412.8,4
20251111  11:59,412.8,412.8,412.65,412.65,3
20251111  12:00,412.7,412.7,412.7,412.7,1
20251111  12:01,413.45,413.45,413.45,413.45,1
20251111  12:02,413.75,414.45,413.75,414.45,16
20251111  12:03,414.4,414.45,414.3,414.3,6
20251111  12:04,414.05,414.05,414.05,414.05,1
20251111  12:05,413.55,413.65,413.55,413.65,2
20251111  12:06,413.9,413.9,413.8,413.8,3
20251111  12:07,413.55,413.55,413.5,413.5,3
20251111  12:08,413.4,413.4,413.4,413.4,2
20251111  12:09,413.4,413.4,413.4,413.4,0
20251111  12:10,413.55,413.55,413.55,413.55,1
20251111  12:11,413.75,413.75,413.55,413.55,4
20251111  12:12,413.95,413.95,413.95,413.95,2
20251111  12:13,413.95,413.95,413.95,413.95,0
20251111  12:14,413.95,414.3,413.9,414.3,13
20251111  12:15,414.35,414.6,414.35,414.45,13
20251111  12:16,414.45,414.45,414.45,414.45,1
20251111  12:17,414.45,414.45,414.45,414.45,0
20251111  12:18,414.45,414.45,414.45,414.45,0
20251111  12:19,413.85,414.05,413.85,414.05,4
20251111  12:20,414.05,414.05,414.05,414.05,0
20251111  12:21,414.05,414.05,414.0,414.0,3
20251111  12:22,413.9,413.9,413.9,413.9,1
20251111  12:23,413.65,413.85,413.65,413.85,2
20251111  12:24,413.85,413.85,413.85,413.85,0
20251111  12:25,414.35,414.75,414.35,414.75,4
20251111  12:26,414.7,414.7,414.7,414.7,1
20251111  12:27,414.7,414.7,414.7,414.7,0
20251111  12:28,414.7,414.7,414.7,414.7,0
20251111  12:29,414.7,415.35,414.7,415.35,17
20251111  12:30,415.4,415.75,415.3,415.75,3
20251111  12:31,415.15,415.15,414.6,414.6,5
20251111  12:32,414.65,414.65,414.55,414.55,2
20251111  12:33,414.55,414.55,414.55,414.55,0
20251111  12:34,414.6,414.6,414.6,414.6,3
20251111  12:35,414.6,414.6,414.6,414.6,1
20251111  12:36,414.5,414.5,414.5,414.5,1
20251111  12:37,414.65,414.65,414.65,414.65,1
20251111  12:38,414.65,414.65,414.65,414.65,0
20251111  12:39,414.65,414.65,414.65,414.65,3
20251111  12:40,414.75,414.75,414.75,414.75,1
20251111  12:41,415.1,415.2,415.1,415.2,2
20251111  12:42,415.4,415.85,415.4,415.85,12
20251111  12:43,415.85,415.85,415.85,415.85,0
20251111  12:44,415.95,415.95,415.8,415.8,2
20251111  12:45,415.8,415.8,415.8,415.8,0
20251111  12:46,415.8,415.8,415.8,415.8,0
20251111  12:47,415.85,415.85,415.85,415.85,1
20251111  12:48,415.85,415.85,415.85,415.85,0
20251111  12:49,415.45,415.45,415.45,415.45,1
20251111  12:50,415.95,416.1,415.95,416.1,8
20251111  12:51,416.45,416.45,416.1,416.1,10
20251111  12:52,415.75,415.75,415.75,415.75,3
20251111  12:53,415.7,415.8,415.55,415.55,6
20251111  12:54,415.65,416.1,415.65,416.1,10
20251111  12:55,415.5,415.5,415.35,415.35,3
20251111  12:56,415.85,415.85,415.7,415.7,2
20251111  12:57,416.0,416.05,416.0,416.05,2
20251111  12:58,415.65,415.65,415.65,415.65,1
20251111  12:59,415.7,415.7,415.7,415.7,1
20251111  13:00,415.3,415.3,415.3,415.3,2
20251111  13:01,415.3,415.3,415.3,415.3,0
20251111  13:02,415.05,415.05,415.05,415.05,1
20251111  13:03,415.05,415.05,415.05,415.05,0
20251111  13:04,415.45,415.7,415.1,415.3,9
20251111  13:05,415.7,416.1,415.55,415.75,10
20251111  13:06,415.65,415.65,415.65,415.65,1
20251111  13:07,415.7,416.1,415.7,416.1,11
20251111  13:08,415.95,416.2,415.95,416.2,3
20251111  13:09,416.2,416.2,415.75,416.1,8
20251111  13:10,415.9,415.9,415.9,415.9,3
20251111  13:11,415.9,415.9,415.9,415.9,1
20251111  13:12,415.65,415.95,415.55,415.95,5
20251111  13:13,415.8,415.8,415.8,415.8,1
20251111  13:14,415.8,415.8,415.8,415.8,0
20251111  13:15,415.8,415.8,415.8,415.8,0
20251111  13:16,416.05,416.05,415.9,415.9,2
20251111  13:17,415.9,415.9,415.9,415.9,0
20251111  13:18,415.65,415.65,415.65,415.65,1
20251111  13:19,415.85,415.85,415.85,415.85,1
20251111  13:20,415.55,415.55,415.2,415.25,5
20251111  13:21,415.2,415.2,414.75,414.8,5
20251111  13:22,414.7,414.7,413.6,413.6,5
20251111  13:23,413.7,413.7,413.15,413.3,6
20251111  13:24,413.3,413.55,413.2,413.2,4
20251111  13:25,413.05,413.05,413.05,413.05,1
20251111  13:26,412.8,412.8,412.5,412.5,5
20251111  13:27,412.45,412.5,412.45,412.5,6
20251111  13:28,412.55,412.55,412.2,412.4,6
20251111  13:29,412.3,412.6,412.3,412.35,4
20251111  13:30,412.0,412.0,412.0,412.0,7
20251112  10:15,416.0,418.8,415.0,418.8,209
20251112  10:16,419.0,419.1,416.85,417.0,36
20251112  10:17,417.7,417.9,417.45,417.6,13
20251112  10:18,417.35,418.15,417.35,417.8,18
20251112  10:19,418.65,418.65,418.65,418.65,2
20251112  10:20,419.0,419.95,419.0,419.95,18
20251112  10:21,420.0,420.55,420.0,420.3,24
20251112  10:22,420.2,420.25,419.35,419.35,35
20251112  10:23,419.35,419.55,419.15,419.15,18
20251112  10:24,419.15,419.15,419.15,419.15,2
20251112  10:25,419.25,419.25,418.55,418.65,23
20251112  10:26,418.5,419.4,418.5,419.05,7
20251112  10:27,419.7,419.7,419.7,419.7,1
20251112  10:28,419.15,419.15,418.5,418.6,4
20251112  10:29,418.55,418.6,418.5,418.6,3
20251112  10:30,418.2,418.2,417.55,417.55,3
20251112  10:31,417.5,417.55,417.5,417.5,4
20251112  10:32,417.95,417.95,417.95,417.95,1
20251112  10:33,417.2,417.5,417.2,417.5,15
20251112  10:34,417.1,417.2,416.4,416.55,61
20251112  10:35,417.0,417.0,416.85,416.85,4
20251112  10:36,416.5,416.65,416.3,416.5,11
20251112  10:37,416.5,416.5,415.4,415.4,52
20251112  10:38,415.7,416.0,415.2,416.0,25
20251112  10:39,416.7,416.7,416.7,416.7,3
20251112  10:40,416.15,416.15,416.15,416.15,1
20251112  10:41,416.15,416.15,416.15,416.15,1
20251112  10:42,416.15,416.15,416.15,416.15,0
20251112  10:43,416.0,416.0,416.0,416.0,2
20251112  10:44,416.15,416.35,415.0,415.15,59
20251112  10:45,415.55,415.6,415.55,415.6,3
20251112  10:46,416.15,416.15,416.05,416.05,2
20251112  10:47,416.05,416.05,416.05,416.05,0
20251112  10:48,416.05,416.05,416.05,416.05,1
20251112  10:49,416.05,416.05,416.05,416.05,0
20251112  10:50,415.85,415.85,415.85,415.85,1
20251112  10:51,416.1,416.4,416.1,416.25,24
20251112  10:52,415.95,417.1,415.95,417.1,8
20251112  10:53,417.0,417.0,416.55,416.9,6
20251112  10:54,416.85,417.1,416.85,417.1,5
20251112  10:55,416.8,416.8,416.55,416.8,7
20251112  10:56,416.8,416.8,416.8,416.8,1
20251112  10:57,416.55,416.55,416.55,416.55,1
20251112  10:58,416.55,416.65,416.2,416.45,11
20251112  10:59,416.35,416.35,416.05,416.05,4
20251112  11:00,416.05,416.05,415.3,415.85,40
20251112  11:01,416.25,416.75,416.25,416.35,17
20251112  11:02,416.4,416.4,416.4,416.4,2
20251112  11:03,416.85,417.0,416.65,416.65,8
20251112  11:04,416.65,417.05,416.65,417.0,10
20251112  11:05,417.0,417.2,417.0,417.2,6
20251112  11:06,417.1,417.1,416.95,416.95,3
20251112  11:07,417.0,417.05,416.5,416.5,17
20251112  11:08,416.5,417.35,416.5,417.35,18
20251112  11:09,416.95,417.9,416.9,417.9,15
20251112  11:10,418.05,419.0,417.85,417.85,60
20251112  11:11,417.8,418.45,417.8,418.2,30
20251112  11:12,418.2,418.6,418.2,418.4,15
20251112  11:13,418.75,419.6,418.75,419.45,16
20251112  11:14,418.6,418.6,418.6,418.6,1
20251112  11:15,418.55,418.55,418.05,418.5,7
20251112  11:16,418.4,418.55,418.0,418.35,11
20251112  11:17,418.35,418.35,418.35,418.35,0
20251112  11:18,418.15,418.3,418.15,418.3,2
20251112  11:19,418.2,418.5,418.2,418.5,6
20251112  11:20,418.45,418.45,418.45,418.45,2
20251112  11:21,418.25,419.3,418.25,419.0,6
20251112  11:22,418.9,418.95,418.9,418.95,4
20251112  11:23,417.75,417.75,417.75,417.75,2
20251112  11:24,417.75,418.1,417.6,417.6,11
20251112  11:25,417.9,417.9,417.85,417.85,3
20251112  11:26,417.25,417.25,416.45,417.0,14
20251112  11:27,416.85,416.85,416.65,416.65,3
20251112  11:28,416.8,416.8,416.8,416.8,1
20251112  11:29,416.55,416.55,416.55,416.55,1
20251112  11:30,416.25,417.4,416.25,417.05,11
20251112  11:31,416.4,416.4,416.4,416.4,2
20251112  11:32,416.35,416.9,416.35,416.9,7
20251112  11:33,416.15,416.15,416.1,416.1,2
20251112  11:34,416.65,416.65,416.65,416.65,1
20251112  11:35,415.85,415.85,415.85,415.85,1
20251112  11:36,416.4,417.25,416.4,416.85,6
20251112  11:37,417.15,419.1,417.15,417.9,13
20251112  11:38,417.35,417.55,417.35,417.4,6
20251112  11:39,417.4,417.4,417.4,417.4,0
20251112  11:40,417.8,419.3,417.8,419.3,5
20251112  11:41,418.4,418.45,418.4,418.45,4
20251112  11:42,418.05,418.05,418.05,418.05,1
20251112  11:43,418.3,418.55,418.3,418.55,3
20251112  11:44,418.55,418.8,418.55,418.8,2
20251112  11:45,418.8,418.8,418.75,418.75,3
20251112  11:46,418.6,418.7,418.25,418.25,6
20251112  11:47,418.25,418.25,418.25,418.25,0
20251112  11:48,417.85,417.85,417.85,417.85,1
20251112  11:49,418.1,418.1,418.1,418.1,1
20251112  11:50,418.5,418.95,418.45,418.75,7
20251112  11:51,418.9,418.9,418.9,418.9,1
20251112  11:52,419.35,419.4,419.15,419.15,4
20251112  11:53,419.15,419.15,419.15,419.15,0
20251112  11:54,419.6,420.1,419.55,420.1,13
20251112  11:55,419.75,419.75,419.15,419.3,9
20251112  11:56,419.6,419.75,419.4,419.4,6
20251112  11:57,419.85,419.85,419.85,419.85,2
20251112  11:58,419.5,419.6,419.5,419.6,4
20251112  11:59,419.7,419.7,419.7,419.7,2
20251112  12:00,419.7,419.7,419.7,419.7,0
20251112  12:01,418.05,418.4,417.6,417.9,8
20251112  12:02,418.0,418.35,418.0,418.0,8
20251112  12:03,417.95,417.95,417.95,417.95,1
20251112  12:04,417.75,417.75,417.4,417.5,15
20251112  12:05,417.55,417.55,417.5,417.5,4
20251112  12:06,417.55,417.55,417.5,417.5,3
20251112  12:07,417.5,417.6,417.4,417.5,4
20251112  12:08,417.7,418.1,417.6,417.85,16
20251112  12:09,417.6,417.6,417.6,417.6,1
20251112  12:10,417.55,417.55,417.55,417.55,1
20251112  12:11,417.5,417.5,417.5,417.5,1
20251112  12:12,417.6,417.6,417.6,417.6,1
20251112  12:13,417.6,417.6,417.6,417.6,0
20251112  12:14,417.9,417.9,417.9,417.9,1
20251112  12:15,417.9,417.9,417.9,417.9,0
20251112  12:16,417.9,417.9,417.9,417.9,0
20251112  12:17,417.8,417.8,417.8,417.8,2
20251112  12:18,417.95,417.95,417.95,417.95,2
20251112  12:19,417.95,417.95,417.95,417.95,2
20251112  12:20,417.85,417.85,417.85,417.85,1
20251112  12:21,417.7,417.7,417.7,417.7,2
20251112  12:22,417.35,417.7,417.35,417.7,4
20251112  12:23,417.7,417.7,417.7,417.7,0
20251112  12:24,417.8,418.0,417.8,418.0,4
20251112  12:25,418.35,418.45,418.35,418.45,6
20251112  12:26,418.45,418.45,418.45,418.45,0
20251112  12:27,417.95,417.95,417.95,417.95,2
20251112  12:28,418.25,418.25,417.6,417.6,3
20251112  12:29,417.6,417.6,417.6,417.6,0
20251112  12:30,417.5,417.7,417.5,417.7,3
20251112  12:31,418.05,418.55,418.05,418.55,10
20251112  12:32,418.15,418.4,418.05,418.3,12
20251112  12:33,418.8,418.8,418.8,418.8,2
20251112  12:34,418.75,419.15,418.75,419.15,6
20251112  12:35,418.85,418.9,418.85,418.9,9
20251112  12:36,419.25,419.25,419.25,419.25,1
20251112  12:37,419.4,420.1,419.4,420.1,6
20251112  12:38,420.25,420.25,419.65,419.65,5
20251112  12:39,419.65,419.65,419.5,419.5,2
20251112  12:40,419.2,419.2,419.2,419.2,1
20251112  12:41,419.2,419.2,419.2,419.2,1
20251112  12:42,419.1,419.1,419.0,419.0,2
20251112  12:43,418.75,419.8,418.75,418.85,9
20251112  12:44,418.4,418.4,418.4,418.4,1
20251112  12:45,418.15,418.15,418.05,418.1,4
20251112  12:46,418.1,418.1,418.1,418.1,0
20251112  12:47,418.05,418.2,418.05,418.2,7
20251112  12:48,418.25,418.25,418.05,418.2,10
20251112  12:49,418.45,418.45,418.45,418.45,1
20251112  12:50,418.4,418.4,418.2,418.3,3
20251112  12:51,418.2,418.55,418.2,418.55,3
20251112  12:52,418.25,418.4,418.25,418.4,2
20251112  12:53,418.15,418.15,418.15,418.15,1
20251112  12:54,418.05,418.35,418.05,418.35,6
20251112  12:55,418.8,418.8,418.8,418.8,2
20251112  12:56,418.7,418.75,418.5,418.75,4
20251112  12:57,418.35,418.35,417.7,417.95,59
20251112  12:58,418.5,418.5,418.5,418.5,1
20251112  12:59,417.85,418.45,417.85,418.45,3
20251112  13:00,418.25,418.35,418.15,418.35,4
20251112  13:01,418.05,418.05,418.05,418.05,1
20251112  13:02,418.15,418.15,418.15,418.15,1
20251112  13:03,418.35,418.35,418.35,418.35,1
20251112  13:04,418.4,418.85,418.3,418.85,5
20251112  13:05,418.4,418.4,417.7,417.8,6
20251112  13:06,417.6,417.65,417.55,417.65,3
20251112  13:07,418.05,418.05,418.05,418.05,3
20251112  13:08,418.15,418.15,418.15,418.15,1
20251112  13:09,418.0,418.25,417.75,417.75,5
20251112  13:10,418.15,418.15,418.15,418.15,1
20251112  13:11,417.85,418.2,417.85,418.2,3
20251112  13:12,418.15,418.5,418.15,418.5,5
20251112  13:13,418.0,418.35,418.0,418.35,2
20251112  13:14,418.4,418.4,418.2,418.2,5
20251112  13:15,418.0,418.0,417.55,417.8,9
20251112  13:16,417.55,417.7,417.0,417.0,33
20251112  13:17,417.25,417.25,417.05,417.25,3
20251112  13:18,417.15,417.6,417.15,417.4,14
20251112  13:19,417.65,417.7,417.35,417.45,7
20251112  13:20,417.3,417.3,416.85,416.85,7
20251112  13:21,416.75,417.1,416.55,416.65,12
20251112  13:22,416.55,417.3,416.5,416.8,26
20251112  13:23,416.95,417.75,416.95,417.65,35
20251112  13:24,417.8,417.8,416.85,416.85,6
20251112  13:25,416.55,416.55,416.25,416.25,3
20251112  13:26,416.35,416.35,416.2,416.2,12
20251112  13:27,416.0,416.2,415.75,415.95,15
20251112  13:28,416.2,416.4,416.05,416.4,3
20251112  13:29,416.6,416.6,416.45,416.45,4
20251112  13:30,416.45,416.45,416.25,416.25,2
20251113  10:15,402.25,403.35,400.0,400.3,144
20251113  10:16,400.3,400.4,398.85,398.85,175
20251113  10:17,398.85,399.0,398.75,399.0,7
20251113  10:18,398.95,400.2,398.95,400.0,16
20251113  10:19,400.2,400.2,399.45,399.7,15
20251113  10:20,400.05,400.2,400.05,400.2,4
20251113  10:21,399.65,399.95,399.2,399.2,10
20251113  10:22,399.4,399.9,399.4,399.9,3
20251113  10:23,399.9,400.3,399.9,400.25,11
20251113  10:24,400.6,400.6,400.2,400.2,5
20251113  10:25,400.55,401.25,400.55,401.25,15
20251113  10:26,401.2,401.2,401.2,401.2,1
20251113  10:27,400.3,400.3,399.75,399.75,4
20251113  10:28,400.0,400.0,400.0,400.0,2
20251113  10:29,400.35,400.85,400.35,400.85,3
20251113  10:30,400.25,400.25,400.25,400.25,1
20251113  10:31,400.9,400.95,400.9,400.9,6
20251113  10:32,400.0,400.3,399.9,400.3,3
20251113  10:33,400.5,401.1,400.5,401.0,32
20251113  10:34,401.0,401.0,401.0,401.0,0
20251113  10:35,400.2,400.4,400.2,400.4,6
20251113  10:36,400.65,400.65,400.65,400.65,1
20251113  10:37,400.65,400.65,400.65,400.65,0
20251113  10:38,400.0,400.0,399.7,399.7,2
20251113  10:39,399.5,400.1,399.5,400.1,5
20251113  10:40,399.5,399.5,399.2,399.3,5
20251113  10:41,399.4,399.8,399.3,399.8,4
20251113  10:42,399.95,400.05,399.95,400.05,5
20251113  10:43,400.45,400.45,399.95,399.95,3
20251113  10:44,400.3,401.95,400.3,401.95,34
20251113  10:45,401.75,402.15,400.45,401.75,21
20251113  10:46,400.75,400.75,400.75,400.75,2
20251113  10:47,401.0,401.3,401.0,401.3,5
20251113  10:48,401.65,401.65,401.65,401.65,1
20251113  10:49,401.05,401.05,401.05,401.05,1
20251113  10:50,400.6,400.6,400.0,400.0,6
20251113  10:51,400.65,400.65,400.65,400.65,1
20251113  10:52,401.05,401.05,400.6,400.6,3
20251113  10:53,400.6,400.6,400.6,400.6,0
20251113  10:54,400.6,400.6,400.6,400.6,0
20251113  10:55,400.6,400.6,400.6,400.6,0
20251113  10:56,401.25,401.8,401.25,401.8,3
20251113  10:57,401.2,401.2,401.2,401.2,1
20251113  10:58,401.2,401.2,401.2,401.2,0
20251113  10:59,401.2,401.2,401.2,401.2,0
20251113  11:00,400.8,400.8,400.8,400.8,1
20251113  11:01,400.9,401.05,400.5,401.05,11
20251113  11:02,401.0,401.0,401.0,401.0,1
20251113  11:03,400.9,401.45,400.9,401.35,5
20251113  11:04,401.2,402.15,401.2,401.9,4
20251113  11:05,401.15,401.15,401.15,401.15,1
20251113  11:06,400.75,400.95,400.75,400.95,3
20251113  11:07,401.15,401.2,401.15,401.2,18
20251113  11:08,401.2,401.35,401.05,401.1,6
20251113  11:09,401.0,401.0,401.0,401.0,1
20251113  11:10,401.8,402.35,401.8,402.35,10
20251113  11:11,402.2,402.3,402.2,402.25,3
20251113  11:12,402.1,402.1,401.85,401.95,6
20251113  11:13,401.65,401.95,401.65,401.95,10
20251113  11:14,401.75,401.8,401.65,401.65,3
20251113  11:15,401.3,402.05,401.3,402.05,9
20251113  11:16,401.85,401.85,401.85,401.85,1
20251113  11:17,402.05,402.05,402.05,402.05,2
20251113  11:18,402.2,402.2,401.85,401.85,5
20251113  11:19,401.9,402.0,401.25,401.25,8
20251113  11:20,401.35,401.35,401.35,401.35,1
20251113  11:21,401.35,401.35,400.5,401.2,5
20251113  11:22,401.2,401.2,401.2,401.2,0
20251113  11:23,401.4,401.4,401.4,401.4,1
20251113  11:24,401.25,401.85,400.95,401.85,8
20251113  11:25,402.0,402.0,401.5,401.5,7
20251113  11:26,401.3,401.3,401.2,401.2,3
20251113  11:27,401.2,401.2,401.2,401.2,0
20251113  11:28,401.2,401.2,401.2,401.2,0
20251113  11:29,401.0,401.0,400.6,400.6,10
20251113  11:30,400.6,400.6,400.6,400.6,0
20251113  11:31,401.1,401.4,401.1,401.4,2
20251113  11:32,401.4,401.4,401.4,401.4,0
20251113  11:33,401.4,401.4,401.4,401.4,0
20251113  11:34,401.4,401.4,401.4,401.4,0
20251113  11:35,401.4,401.4,401.4,401.4,0
20251113  11:36,401.4,401.4,401.4,401.4,0
20251113  11:37,401.4,401.4,401.4,401.4,0
20251113  11:38,401.55,401.9,401.55,401.9,4
20251113  11:39,401.9,401.9,401.9,401.9,0
20251113  11:40,401.6,401.6,401.6,401.6,1
20251113  11:41,401.6,401.6,401.6,401.6,0
20251113  11:42,401.6,401.6,401.6,401.6,0
20251113  11:43,401.95,402.15,401.95,402.15,4
20251113  11:44,402.15,402.15,402.15,402.15,0
20251113  11:45,401.45,401.45,401.45,401.45,1
20251113  11:46,401.6,401.6,401.6,401.6,1
20251113  11:47,401.6,401.65,401.6,401.65,6
20251113  11:48,401.85,401.85,401.85,401.85,2
20251113  11:49,401.85,401.85,401.7,401.7,7
20251113  11:50,402.1,402.1,402.1,402.1,4
20251113  11:51,402.3,402.65,402.3,402.5,12
20251113  11:52,402.35,402.35,401.8,401.8,3
20251113  11:53,401.6,401.6,401.5,401.5,2
20251113  11:54,401.5,401.5,401.5,401.5,0
20251113  11:55,401.5,401.5,401.5,401.5,0
20251113  11:56,401.8,401.8,401.8,401.8,1
20251113  11:57,401.45,401.45,401.45,401.45,2
20251113  11:58,401.45,401.45,401.45,401.45,0
20251113  11:59,401.7,401.9,401.7,401.9,10
20251113  12:00,401.9,401.9,401.9,401.9,0
20251113  12:01,401.9,401.9,401.9,401.9,0
20251113  12:02,401.9,401.9,401.9,401.9,0
20251113  12:03,401.9,401.9,401.9,401.9,0
20251113  12:04,402.0,402.0,401.7,401.7,3
20251113  12:05,401.2,401.2,400.9,400.9,10
20251113  12:06,400.8,400.8,400.75,400.75,4
20251113  12:07,400.75,401.5,400.75,401.5,14
20251113  12:08,401.5,401.5,401.5,401.5,0
20251113  12:09,401.55,401.75,401.55,401.75,6
20251113  12:10,401.75,401.75,401.75,401.75,0
20251113  12:11,401.75,401.75,401.75,401.75,0
20251113  12:12,401.85,401.85,401.85,401.85,2
20251113  12:13,401.85,401.85,401.85,401.85,0
20251113  12:14,401.85,401.85,401.85,401.85,0
20251113  12:15,401.85,401.85,401.85,401.85,0
20251113  12:16,401.85,401.85,401.85,401.85,0
20251113  12:17,400.2,400.2,400.2,400.2,1
20251113  12:18,400.25,400.7,400.25,400.7,7
20251113  12:19,400.7,400.7,400.7,400.7,0
20251113  12:20,400.2,400.2,400.2,400.2,21
20251113  12:21,400.2,400.2,399.9,399.95,19
20251113  12:22,399.9,400.1,399.9,400.1,5
20251113  12:23,400.1,400.1,400.1,400.1,0
20251113  12:24,400.7,400.7,400.7,400.7,1
20251113  12:25,400.7,401.0,400.7,401.0,3
20251113  12:26,401.0,401.0,401.0,401.0,0
20251113  12:27,401.0,401.0,401.0,401.0,0
20251113  12:28,400.7,400.75,400.7,400.75,3
20251113  12:29,400.75,400.75,400.75,400.75,0
20251113  12:30,400.75,400.75,400.75,400.75,0
20251113  12:31,400.75,400.75,400.75,400.75,0
20251113  12:32,400.75,400.75,400.75,400.75,0
20251113  12:33,400.95,400.95,400.95,400.95,2
20251113  12:34,400.95,400.95,400.95,400.95,0
20251113  12:35,400.95,400.95,400.95,400.95,0
20251113  12:36,400.95,400.95,400.95,400.95,0
20251113  12:37,400.95,400.95,400.95,400.95,0
20251113  12:38,400.95,400.95,400.95,400.95,1
20251113  12:39,400.95,400.95,400.95,400.95,0
20251113  12:40,400.65,400.65,400.65,400.65,1
20251113  12:41,400.6,400.6,400.6,400.6,2
20251113  12:42,400.25,400.25,400.25,400.25,2
20251113  12:43,399.9,399.9,399.9,399.9,1
20251113  12:44,399.9,399.95,399.9,399.95,2
20251113  12:45,399.9,400.0,399.55,399.55,36
20251113  12:46,399.55,399.55,399.2,399.2,11
20251113  12:47,399.2,399.25,399.05,399.25,10
20251113  12:48,399.3,399.5,399.25,399.5,6
20251113  12:49,399.65,399.65,399.65,399.65,1
20251113  12:50,399.65,399.65,399.65,399.65,0
20251113  12:51,401.3,401.4,400.95,400.95,10
20251113  12:52,400.7,401.0,400.7,400.95,3
20251113  12:53,400.95,400.95,400.95,400.95,0
20251113  12:54,400.95,400.95,400.95,400.95,0
20251113  12:55,400.55,400.55,400.5,400.5,2
20251113  12:56,400.15,400.4,399.9,400.4,16
20251113  12:57,400.7,400.7,400.15,400.15,2
20251113  12:58,400.35,400.35,400.35,400.35,1
20251113  12:59,400.35,400.35,400.35,400.35,0
20251113  13:00,400.35,400.35,400.35,400.35,0
20251113  13:01,400.95,400.95,400.95,400.95,1
20251113  13:02,400.9,400.9,400.9,400.9,1
20251113  13:03,400.5,400.5,400.1,400.1,4
20251113  13:04,400.45,400.45,400.1,400.1,5
20251113  13:05,400.1,400.1,400.1,400.1,0
20251113  13:06,400.1,400.1,400.1,400.1,3
20251113  13:07,400.1,400.1,399.1,399.45,14
20251113  13:08,399.0,399.15,399.0,399.15,31
20251113  13:09,399.15,399.15,399.15,399.15,0
20251113  13:10,399.15,399.25,399.15,399.25,5
20251113  13:11,399.25,399.25,399.25,399.25,0
20251113  13:12,399.25,399.25,399.25,399.25,0
20251113  13:13,400.15,400.15,399.85,399.85,2
20251113  13:14,399.85,399.85,399.85,399.85,0
20251113  13:15,399.05,399.05,399.05,399.05,1
20251113  13:16,398.75,399.0,398.55,399.0,4
20251113  13:17,399.0,399.25,398.95,398.95,15
20251113  13:18,399.4,399.45,399.4,399.45,2
20251113  13:19,399.0,399.0,399.0,399.0,2
20251113  13:20,399.0,399.0,399.0,399.0,0
20251113  13:21,399.0,399.0,399.0,399.0,0
20251113  13:22,399.0,399.0,399.0,399.0,1
20251113  13:23,399.25,399.4,399.25,399.4,5
20251113  13:24,399.0,399.55,399.0,399.25,21
20251113  13:25,399.0,399.4,399.0,399.4,7
20251113  13:26,399.0,399.25,399.0,399.25,2
20251113  13:27,399.05,400.05,399.05,400.05,42
20251113  13:28,400.05,400.1,400.05,400.1,8
20251113  13:29,400.1,400.1,400.1,400.1,0
20251113  13:30,398.9,399.2,398.9,398.95,3
20251114  10:15,400.2,401.5,399.5,399.5,83
20251114  10:16,399.7,400.55,399.5,400.55,19
20251114  10:17,401.3,401.35,401.3,401.3,3
20251114  10:18,400.5,400.95,400.5,400.95,4
20251114  10:19,401.7,402.15,401.7,402.1,6
20251114  10:20,401.7,401.7,401.7,401.7,1
20251114  10:21,400.65,401.1,400.55,401.1,5
20251114  10:22,401.1,401.1,401.1,401.1,0
20251114  10:23,400.95,400.95,400.95,400.95,1
20251114  10:24,400.95,400.95,400.95,400.95,0
20251114  10:25,400.95,400.95,400.95,400.95,0
20251114  10:26,402.05,402.2,402.05,402.2,2
20251114  10:27,402.35,402.35,402.35,402.35,1
20251114  10:28,402.9,402.95,402.9,402.95,4
20251114  10:29,402.95,402.95,402.95,402.95,0
20251114  10:30,402.95,402.95,402.95,402.95,0
20251114  10:31,401.85,401.85,401.85,401.85,1
20251114  10:32,401.85,401.85,401.85,401.85,0
20251114  10:33,401.85,401.85,401.85,401.85,0
20251114  10:34,401.85,401.85,401.85,401.85,0
20251114  10:35,402.0,402.0,401.85,401.85,5
20251114  10:36,401.65,401.65,401.65,401.65,2
20251114  10:37,402.0,402.0,402.0,402.0,1
20251114  10:38,402.0,402.0,402.0,402.0,0
20251114  10:39,402.0,402.0,402.0,402.0,0
20251114  10:40,402.0,402.0,402.0,402.0,0
20251114  10:41,401.95,401.95,401.95,401.95,1
20251114  10:42,401.95,401.95,401.95,401.95,0
20251114  10:43,401.6,401.6,401.6,401.6,2
20251114  10:44,401.5,401.5,401.5,401.5,1
20251114  10:45,401.5,401.5,401.5,401.5,0
20251114  10:46,401.5,401.5,401.5,401.5,0
20251114  10:47,401.5,401.5,401.5,401.5,0
20251114  10:48,401.5,401.5,401.5,401.5,0
20251114  10:49,402.05,402.05,402.05,402.05,1
20251114  10:50,401.5,401.5,401.5,401.5,1
20251114  10:51,402.15,402.2,402.15,402.2,2
20251114  10:52,402.2,402.2,402.2,402.2,0
20251114  10:53,402.2,402.2,402.2,402.2,0
20251114  10:54,402.2,402.2,402.2,402.2,0
20251114  10:55,402.25,402.25,402.25,402.25,1
20251114  10:56,402.25,402.25,402.25,402.25,0
20251114  10:57,402.25,402.25,402.25,402.25,0
20251114  10:58,402.25,402.25,402.25,402.25,0
20251114  10:59,402.0,402.0,402.0,402.0,1
20251114  11:00,402.0,402.0,402.0,402.0,0
20251114  11:01,401.75,401.75,401.4,401.45,6
20251114  11:02,401.25,401.25,401.25,401.25,1
20251114  11:03,401.15,401.15,401.15,401.15,1
20251114  11:04,401.1,401.1,401.1,401.1,1
20251114  11:05,401.1,401.1,401.1,401.1,0
20251114  11:06,400.8,400.8,400.8,400.8,1
20251114  11:07,400.8,400.8,400.8,400.8,0
20251114  11:08,400.6,400.6,400.3,400.3,14
20251114  11:09,400.15,400.15,400.15,400.15,1
20251114  11:10,400.0,400.0,400.0,400.0,1
20251114  11:11,399.8,399.8,399.8,399.8,1
20251114  11:12,399.75,399.75,399.5,399.5,2
20251114  11:13,399.65,399.65,398.85,398.85,46
20251114  11:14,398.85,399.0,398.85,398.85,6
20251114  11:15,399.35,399.45,399.35,399.45,6
20251114  11:16,399.5,399.5,399.5,399.5,2
20251114  11:17,399.45,399.5,399.45,399.5,2
20251114  11:18,399.85,399.85,399.85,399.85,1
20251114  11:19,399.85,399.85,399.85,399.85,0
20251114  11:20,399.85,399.85,399.85,399.85,0
20251114  11:21,399.85,399.85,399.85,399.85,0
20251114  11:22,398.85,398.85,398.85,398.85,14
20251114  11:23,398.85,398.85,398.5,398.5,38
20251114  11:24,398.25,398.25,395.65,395.85,99
20251114  11:25,396.7,396.7,396.1,396.1,5
20251114  11:26,396.0,396.0,396.0,396.0,1
20251114  11:27,395.65,395.65,395.45,395.45,18
20251114  11:28,395.45,395.45,395.0,395.0,38
20251114  11:29,395.25,395.25,395.0,395.1,9
20251114  11:30,395.3,395.8,395.3,395.7,6
20251114  11:31,396.0,396.0,396.0,396.0,18
20251114  11:32,395.7,395.7,395.0,395.0,30
20251114  11:33,395.05,395.05,394.0,394.3,49
20251114  11:34,394.0,394.25,394.0,394.25,23
20251114  11:35,394.3,394.3,394.1,394.1,18
20251114  11:36,394.1,394.1,392.8,393.05,23
20251114  11:37,392.9,392.9,392.65,392.65,5
20251114  11:38,392.75,392.95,392.65,392.9,8
20251114  11:39,393.15,393.3,392.85,393.05,9
20251114  11:40,393.05,393.05,393.05,393.05,1
20251114  11:41,393.35,393.35,393.35,393.35,1
20251114  11:42,393.7,393.7,393.35,393.45,5
20251114  11:43,393.45,393.45,393.45,393.45,0
20251114  11:44,393.0,393.1,393.0,393.1,11
20251114  11:45,393.1,393.1,393.1,393.1,0
20251114  11:46,392.9,392.9,392.9,392.9,1
20251114  11:47,392.9,392.9,392.9,392.9,3
20251114  11:48,393.15,393.15,393.15,393.15,1
20251114  11:49,392.85,392.85,392.85,392.85,3
20251114  11:50,392.9,392.9,392.9,392.9,2
20251114  11:51,392.8,392.8,391.0,391.35,69
20251114  11:52,391.3,391.35,391.0,391.35,12
20251114  11:53,391.35,391.35,391.35,391.35,0
20251114  11:54,391.85,392.35,391.85,392.35,4
20251114  11:55,392.45,392.45,392.4,392.4,2
20251114  11:56,392.4,392.4,392.4,392.4,0
20251114  11:57,391.8,392.3,391.8,392.3,3
20251114  11:58,392.3,392.35,392.25,392.35,11
20251114  11:59,392.35,392.35,392.35,392.35,2
20251114  12:00,392.35,392.35,392.35,392.35,0
20251114  12:01,392.15,392.3,391.95,391.95,7
20251114  12:02,391.95,391.95,391.95,391.95,0
20251114  12:03,391.65,391.65,391.65,391.65,2
20251114  12:04,391.4,391.4,391.35,391.35,2
20251114  12:05,391.35,391.35,391.35,391.35,0
20251114  12:06,391.45,392.0,391.45,392.0,33
20251114  12:07,392.05,392.3,392.0,392.0,10
20251114  12:08,392.45,392.65,392.45,392.65,10
20251114  12:09,392.65,392.65,392.65,392.65,0
20251114  12:10,392.65,392.65,392.65,392.65,0
20251114  12:11,392.5,392.5,392.5,392.5,1
20251114  12:12,392.55,392.6,392.55,392.6,2
20251114  12:13,392.75,392.75,392.75,392.75,1
20251114  12:14,392.75,392.75,392.75,392.75,0
20251114  12:15,393.0,393.25,393.0,393.25,12
20251114  12:16,393.2,393.2,393.0,393.0,2
20251114  12:17,393.0,393.0,393.0,393.0,0
20251114  12:18,393.65,394.4,393.65,394.4,6
20251114  12:19,394.15,394.55,394.0,394.55,39
20251114  12:20,394.55,394.55,394.55,394.55,2
20251114  12:21,394.25,394.25,393.95,393.95,2
20251114  12:22,394.0,394.0,394.0,394.0,1
20251114  12:23,394.0,394.0,394.0,394.0,0
20251114  12:24,394.55,394.55,394.55,394.55,1
20251114  12:25,394.55,394.55,394.55,394.55,0
20251114  12:26,394.9,394.95,394.9,394.95,17
20251114  12:27,394.5,394.9,394.5,394.9,4
20251114  12:28,394.8,394.85,394.8,394.85,2
20251114  12:29,394.85,394.85,394.85,394.85,0
20251114  12:30,393.95,393.95,393.85,393.95,3
20251114  12:31,393.5,393.5,393.5,393.5,2
20251114  12:32,393.85,393.85,393.85,393.85,1
20251114  12:33,394.15,394.15,394.15,394.15,1
20251114  12:34,393.9,393.9,393.9,393.9,1
20251114  12:35,393.25,393.25,393.25,393.25,1
20251114  12:36,393.0,393.0,392.9,393.0,5
20251114  12:37,393.0,393.0,393.0,393.0,0
20251114  12:38,393.0,393.0,392.8,392.8,2
20251114  12:39,392.05,392.05,392.0,392.0,10
20251114  12:40,392.0,392.0,392.0,392.0,0
20251114  12:41,392.4,392.6,392.4,392.6,3
20251114  12:42,392.6,392.6,392.6,392.6,0
20251114  12:43,392.6,392.6,392.6,392.6,0
20251114  12:44,392.0,392.0,392.0,392.0,1
20251114  12:45,392.1,392.2,392.1,392.2,2
20251114  12:46,392.4,392.4,392.4,392.4,3
20251114  12:47,392.0,392.3,392.0,392.3,3
20251114  12:48,392.3,392.3,392.3,392.3,0
20251114  12:49,392.35,392.35,392.0,392.3,5
20251114  12:50,392.65,393.05,392.65,393.05,24
20251114  12:51,393.05,393.05,393.05,393.05,0
20251114  12:52,392.7,392.7,392.7,392.7,1
20251114  12:53,392.7,392.7,392.7,392.7,0
20251114  12:54,393.25,393.25,393.25,393.25,1
20251114  12:55,393.25,393.25,393.25,393.25,0
20251114  12:56,393.45,393.45,393.45,393.45,1
20251114  12:57,393.45,393.5,393.1,393.1,4
20251114  12:58,393.1,393.1,393.1,393.1,0
20251114  12:59,393.1,393.1,393.1,393.1,0
20251114  13:00,393.15,393.2,393.15,393.2,4
20251114  13:01,393.0,393.15,393.0,393.15,2
20251114  13:02,393.2,393.6,393.2,393.5,3
20251114  13:03,393.5,393.5,393.5,393.5,0
20251114  13:04,393.35,393.65,393.2,393.2,8
20251114  13:05,393.1,393.1,393.1,393.1,1
20251114  13:06,393.25,393.25,393.25,393.25,5
20251114  13:07,393.25,393.25,393.25,393.25,0
20251114  13:08,393.75,394.5,393.75,394.5,10
20251114  13:09,394.55,394.55,394.55,394.55,1
20251114  13:10,393.6,393.6,393.6,393.6,6
20251114  13:11,393.6,393.6,393.6,393.6,0
20251114  13:12,393.6,393.6,393.6,393.6,0
20251114  13:13,393.6,393.6,393.6,393.6,0
20251114  13:14,393.25,393.25,393.0,393.0,3
20251114  13:15,392.75,392.75,392.75,392.75,1
20251114  13:16,392.8,392.8,391.45,391.45,3
20251114  13:17,391.75,392.05,391.75,392.05,3
20251114  13:18,392.35,392.35,392.35,392.35,1
20251114  13:19,392.35,392.35,392.35,392.35,0
20251114  13:20,392.35,392.35,392.35,392.35,0
20251114  13:21,392.4,392.4,392.4,392.4,1
20251114  13:22,392.55,393.15,392.55,393.1,19
20251114  13:23,393.1,393.1,393.1,393.1,0
20251114  13:24,393.8,393.8,393.7,393.7,4
20251114  13:25,393.7,393.7,393.7,393.7,0
20251114  13:26,393.7,393.7,393.7,393.7,0
20251114  13:27,393.7,393.7,393.7,393.7,0
20251114  13:28,393.7,393.7,393.7,393.7,0
20251114  13:29,393.7,393.7,393.7,393.7,0
20251114  13:30,393.5,393.75,393.4,393.4,7
20251117  10:15,403.5,404.65,402.0,404.35,205
20251117  10:16,404.45,404.45,403.35,403.9,16
20251117  10:17,404.0,405.35,404.0,405.3,23
20251117  10:18,405.2,405.2,405.2,405.2,1
20251117  10:19,404.55,404.95,404.55,404.95,2
20251117  10:20,403.85,403.85,403.85,403.85,1
20251117  10:21,403.95,403.95,403.95,403.95,1
20251117  10:22,403.95,403.95,403.95,403.95,0
20251117  10:23,402.5,402.5,402.5,402.5,1
20251117  10:24,402.2,402.2,402.0,402.0,5
20251117  10:25,402.0,402.0,402.0,402.0,0
20251117  10:26,401.8,402.2,401.8,402.2,2
20251117  10:27,402.2,402.2,402.2,402.2,1
20251117  10:28,401.85,401.85,401.2,401.2,3
20251117  10:29,401.55,401.55,401.55,401.55,1
20251117  10:30,401.55,401.55,401.55,401.55,0
20251117  10:31,401.55,401.55,401.55,401.55,0
20251117  10:32,402.75,402.75,402.45,402.45,2
20251117  10:33,402.45,402.45,402.45,402.45,0
20251117  10:34,402.35,402.35,402.35,402.35,1
20251117  10:35,402.6,402.9,402.1,402.9,19
20251117  10:36,403.45,403.5,403.35,403.5,4
20251117  10:37,403.5,403.5,403.5,403.5,0
20251117  10:38,403.9,404.0,403.9,404.0,2
20251117  10:39,403.95,404.05,403.6,403.6,3
20251117  10:40,403.6,403.6,403.6,403.6,0
20251117  10:41,403.6,403.6,403.6,403.6,0
20251117  10:42,403.8,403.8,403.8,403.8,1
20251117  10:43,404.0,404.0,404.0,404.0,1
20251117  10:44,404.15,404.15,404.15,404.15,1
20251117  10:45,404.15,404.15,404.15,404.15,0
20251117  10:46,404.15,404.15,404.15,404.15,0
20251117  10:47,404.15,404.15,404.15,404.15,0
20251117  10:48,405.0,405.0,404.95,404.95,3
20251117  10:49,405.0,405.0,404.9,404.9,6
20251117  10:50,405.0,405.0,405.0,405.0,2
20251117  10:51,405.0,405.0,405.0,405.0,0
20251117  10:52,405.0,405.0,405.0,405.0,0
20251117  10:53,405.15,405.15,405.15,405.15,1
20251117  10:54,405.25,406.8,405.25,406.6,21
20251117  10:55,407.15,407.15,407.15,407.15,1
20251117  10:56,407.05,407.05,406.3,406.3,6
20251117  10:57,406.3,406.3,406.3,406.3,0
20251117  10:58,406.7,406.7,406.55,406.55,3
20251117  10:59,406.35,406.35,406.05,406.35,3
20251117  11:00,406.3,406.7,406.3,406.7,9
20251117  11:01,406.8,406.8,406.8,406.8,1
20251117  11:02,406.8,406.8,406.8,406.8,0
20251117  11:03,406.8,406.8,406.8,406.8,0
20251117  11:04,406.8,406.8,406.8,406.8,0
20251117  11:05,406.8,406.8,406.8,406.8,0
20251117  11:06,406.8,406.8,406.8,406.8,0
20251117  11:07,407.95,407.95,407.95,407.95,1
20251117  11:08,407.95,407.95,407.95,407.95,0
20251117  11:09,407.8,407.8,407.8,407.8,1
20251117  11:10,407.8,407.8,407.8,407.8,0
20251117  11:11,407.8,407.8,407.8,407.8,0
20251117  11:12,407.8,407.8,407.8,407.8,0
20251117  11:13,407.0,407.0,407.0,407.0,1
20251117  11:14,407.0,407.0,407.0,407.0,0
20251117  11:15,407.15,407.15,407.15,407.15,2
20251117  11:16,407.15,407.15,407.15,407.15,0
20251117  11:17,407.0,407.0,407.0,407.0,1
20251117  11:18,407.0,407.0,407.0,407.0,0
20251117  11:19,407.0,407.0,407.0,407.0,0
20251117  11:20,407.0,407.0,407.0,407.0,0
20251117  11:21,407.0,407.0,407.0,407.0,0
20251117  11:22,407.3,407.3,407.3,407.3,1
20251117  11:23,407.0,407.0,407.0,407.0,1
20251117  11:24,407.0,407.0,407.0,407.0,0
20251117  11:25,407.0,407.0,407.0,407.0,0
20251117  11:26,407.0,407.0,407.0,407.0,0
20251117  11:27,407.0,407.0,407.0,407.0,0
20251117  11:28,407.0,407.0,407.0,407.0,0
20251117  11:29,407.0,407.0,406.25,406.25,8
20251117  11:30,406.25,406.25,406.25,406.25,0
20251117  11:31,406.95,406.95,406.95,406.95,1
20251117  11:32,406.95,406.95,406.95,406.95,0
20251117  11:33,406.95,406.95,406.95,406.95,0
20251117  11:34,407.2,407.2,407.2,407.2,1
20251117  11:35,407.25,407.25,407.1,407.1,2
20251117  11:36,407.1,407.1,407.1,407.1,0
20251117  11:37,406.95,406.95,406.95,406.95,1
20251117  11:38,406.95,406.95,406.95,406.95,0
20251117  11:39,406.95,406.95,406.95,406.95,0
20251117  11:40,406.95,406.95,406.95,406.95,0
20251117  11:41,406.95,406.95,406.95,406.95,0
20251117  11:42,406.75,406.8,405.5,405.5,10
20251117  11:43,405.5,405.5,405.5,405.5,0
20251117  11:44,405.5,405.5,405.5,405.5,0
20251117  11:45,405.5,405.5,405.5,405.5,0
20251117  11:46,405.35,405.35,405.35,405.35,1
20251117  11:47,405.35,405.35,405.35,405.35,0
20251117  11:48,405.35,405.35,405.35,405.35,0
20251117  11:49,405.35,405.35,405.35,405.35,0
20251117  11:50,405.85,405.85,405.85,405.85,1
20251117  11:51,405.85,405.85,405.85,405.85,0
20251117  11:52,406.35,406.35,406.15,406.15,7
20251117  11:53,406.05,406.15,406.05,406.15,4
20251117  11:54,406.35,406.35,406.35,406.35,1
20251117  11:55,406.35,406.35,406.35,406.35,4
20251117  11:56,406.35,406.35,406.35,406.35,0
20251117  11:57,405.8,406.05,405.8,406.05,3
20251117  11:58,406.35,406.35,406.35,406.35,1
20251117  11:59,405.05,405.05,405.05,405.05,1
20251117  12:00,405.05,405.05,405.05,405.05,1
20251117  12:01,405.35,405.35,405.35,405.35,1
20251117  12:02,405.7,405.7,405.7,405.7,1
20251117  12:03,406.2,406.25,406.2,406.25,2
20251117  12:04,406.25,406.25,406.25,406.25,0
20251117  12:05,406.25,406.25,406.25,406.25,0
20251117  12:06,406.7,406.8,406.7,406.8,2
20251117  12:07,406.8,406.8,406.8,406.8,0
20251117  12:08,406.8,406.8,406.8,406.8,0
20251117  12:09,406.8,406.8,406.8,406.8,0
20251117  12:10,406.8,406.8,406.8,406.8,0
20251117  12:11,406.8,406.8,406.8,406.8,0
20251117  12:12,406.8,406.8,406.8,406.8,0
20251117  12:13,406.8,406.8,406.8,406.8,0
20251117  12:14,406.8,406.8,406.8,406.8,0
20251117  12:15,406.8,406.8,406.8,406.8,0
20251117  12:16,406.8,406.8,406.8,406.8,0
20251117  12:17,406.8,406.8,406.8,406.8,0
20251117  12:18,405.6,405.6,405.5,405.5,4
20251117  12:19,405.25,405.25,405.05,405.1,4
20251117  12:20,405.3,405.3,405.3,405.3,1
20251117  12:21,405.1,405.1,405.1,405.1,1
20251117  12:22,405.1,405.1,405.1,405.1,0
20251117  12:23,405.1,405.1,405.1,405.1,0
20251117  12:24,405.1,405.1,405.1,405.1,0
20251117  12:25,405.45,405.45,405.1,405.1,3
20251117  12:26,405.1,405.1,405.1,405.1,0
20251117  12:27,405.1,405.1,405.1,405.1,0
20251117  12:28,405.1,405.1,405.1,405.1,0
20251117  12:29,405.1,405.1,405.1,405.1,0
20251117  12:30,405.1,405.1,405.1,405.1,0
20251117  12:31,405.1,405.1,405.1,405.1,0
20251117  12:32,405.8,405.8,405.8,405.8,1
20251117  12:33,405.8,405.8,405.8,405.8,0
20251117  12:34,405.8,405.8,405.8,405.8,0
20251117  12:35,405.8,405.8,405.8,405.8,0
20251117  12:36,405.8,405.8,405.8,405.8,0
20251117  12:37,405.8,405.8,405.8,405.8,0
20251117  12:38,404.35,405.05,404.35,405.05,4
20251117  12:39,405.05,405.05,405.05,405.05,0
20251117  12:40,405.05,405.05,405.05,405.05,0
20251117  12:41,405.05,405.05,405.05,405.05,0
20251117  12:42,405.05,405.05,405.05,405.05,0
20251117  12:43,404.45,404.45,404.45,404.45,2
20251117  12:44,404.45,404.45,404.45,404.45,0
20251117  12:45,404.75,404.9,404.75,404.9,4
20251117  12:46,405.25,405.6,405.25,405.6,10
20251117  12:47,405.6,405.6,405.6,405.6,0
20251117  12:48,405.55,405.55,405.55,405.55,1
20251117  12:49,405.15,405.15,405.15,405.15,1
20251117  12:50,405.15,405.15,405.15,405.15,0
20251117  12:51,405.15,405.15,405.15,405.15,0
20251117  12:52,405.0,405.55,405.0,405.55,9
20251117  12:53,405.4,405.4,405.4,405.4,1
20251117  12:54,405.3,405.3,405.3,405.3,1
20251117  12:55,405.3,405.3,405.3,405.3,0
20251117  12:56,405.4,406.05,405.4,405.7,14
20251117  12:57,405.7,405.7,405.7,405.7,0
20251117  12:58,405.7,405.7,405.7,405.7,0
20251117  12:59,405.7,405.7,405.7,405.7,0
20251117  13:00,405.7,405.7,405.7,405.7,0
20251117  13:01,405.7,405.7,405.7,405.7,0
20251117  13:02,405.7,405.7,405.7,405.7,0
20251117  13:03,406.0,406.0,406.0,406.0,4
20251117  13:04,406.0,406.0,406.0,406.0,0
20251117  13:05,406.4,406.4,405.9,405.9,7
20251117  13:06,405.9,405.9,405.9,405.9,0
20251117  13:07,405.8,406.8,405.8,406.8,11
20251117  13:08,406.15,406.15,406.15,406.15,1
20251117  13:09,406.15,406.15,406.15,406.15,0
20251117  13:10,405.85,406.15,405.85,406.15,2
20251117  13:11,406.15,406.15,406.15,406.15,0
20251117  13:12,406.15,406.15,406.15,406.15,0
20251117  13:13,406.15,406.15,406.15,406.15,0
20251117  13:14,406.15,406.15,406.15,406.15,0
20251117  13:15,406.15,406.15,406.15,406.15,0
20251117  13:16,406.15,406.15,406.15,406.15,0
20251117  13:17,406.15,406.15,406.15,406.15,0
20251117  13:18,405.15,405.3,405.0,405.3,8
20251117  13:19,404.3,404.3,403.8,404.0,6
20251117  13:20,403.7,404.0,403.7,404.0,4
20251117  13:21,403.9,403.9,403.9,403.9,1
20251117  13:22,403.9,403.9,403.9,403.9,1
20251117  13:23,403.9,403.9,403.9,403.9,0
20251117  13:24,403.9,403.9,403.9,403.9,0
20251117  13:25,403.9,403.9,403.9,403.9,0
20251117  13:26,403.9,403.9,403.9,403.9,0
20251117  13:27,403.9,403.9,403.9,403.9,0
20251117  13:28,403.9,403.9,403.9,403.9,0
20251117  13:29,404.5,404.5,404.5,404.5,1
20251117  13:30,404.55,404.55,404.55,404.55,1
20251118  10:15,404.55,407.4,404.25,406.0,95
20251118  10:16,405.7,405.75,404.55,404.55,9
20251118  10:17,404.6,404.65,404.6,404.65,5
20251118  10:18,404.4,404.7,404.2,404.2,7
20251118  10:19,404.4,404.4,404.4,404.4,1
20251118  10:20,405.0,405.0,405.0,405.0,1
20251118  10:21,405.0,405.0,405.0,405.0,0
20251118  10:22,405.35,405.35,405.35,405.35,1
20251118  10:23,405.35,405.35,405.35,405.35,0
20251118  10:24,405.0,405.0,405.0,405.0,1
20251118  10:25,405.0,405.0,405.0,405.0,1
20251118  10:26,404.6,404.6,404.5,404.5,2
20251118  10:27,404.5,404.5,403.1,403.1,6
20251118  10:28,403.05,403.05,403.05,403.05,1
20251118  10:29,403.35,403.35,403.35,403.35,1
20251118  10:30,403.5,403.5,403.3,403.3,2
20251118  10:31,403.75,403.75,403.2,403.2,5
20251118  10:32,403.5,403.5,403.5,403.5,2
20251118  10:33,403.0,403.0,403.0,403.0,4
20251118  10:34,403.0,403.0,403.0,403.0,2
20251118  10:35,403.3,403.3,403.3,403.3,1
20251118  10:36,403.3,403.3,403.3,403.3,0
20251118  10:37,403.3,403.3,403.3,403.3,0
20251118  10:38,403.9,403.9,403.9,403.9,1
20251118  10:39,403.85,405.0,403.85,405.0,34
20251118  10:40,405.0,405.0,405.0,405.0,0
20251118  10:41,405.0,405.0,405.0,405.0,0
20251118  10:42,404.2,404.2,403.8,403.8,2
20251118  10:43,404.05,404.1,404.05,404.1,5
20251118  10:44,404.2,404.2,404.2,404.2,1
20251118  10:45,404.15,404.15,404.15,404.15,1
20251118  10:46,404.1,404.1,404.1,404.1,1
20251118  10:47,404.2,404.2,404.2,404.2,3
20251118  10:48,404.55,404.55,404.55,404.55,1
20251118  10:49,404.85,404.85,404.85,404.85,1
20251118  10:50,404.85,404.85,404.85,404.85,0
20251118  10:51,404.85,404.85,404.85,404.85,0
20251118  10:52,404.85,404.85,404.85,404.85,0
20251118  10:53,404.85,404.85,404.85,404.85,0
20251118  10:54,404.85,404.85,404.85,404.85,0
20251118  10:55,404.85,404.85,404.85,404.85,0
20251118  10:56,404.85,404.85,404.85,404.85,0
20251118  10:57,404.85,404.85,404.85,404.85,0
20251118  10:58,404.85,404.85,404.85,404.85,0
20251118  10:59,404.85,404.85,404.85,404.85,0
20251118  11:00,404.85,404.85,404.85,404.85,4
20251118  11:01,404.75,404.75,404.65,404.65,3
20251118  11:02,404.65,404.65,404.65,404.65,0
20251118  11:03,404.0,404.3,404.0,404.3,3
20251118  11:04,404.2,404.2,404.2,404.2,2
20251118  11:05,404.2,404.2,404.2,404.2,0
20251118  11:06,404.2,404.2,404.2,404.2,0
20251118  11:07,404.2,404.2,404.2,404.2,0
20251118  11:08,404.2,404.2,404.2,404.2,0
20251118  11:09,404.2,404.2,404.2,404.2,0
20251118  11:10,404.0,404.0,404.0,404.0,2
20251118  11:11,404.0,404.0,404.0,404.0,0
20251118  11:12,404.0,404.0,404.0,404.0,0
20251118  11:13,404.6,404.6,404.6,404.6,1
20251118  11:14,404.6,404.6,404.6,404.6,0
20251118  11:15,404.6,404.6,404.6,404.6,0
20251118  11:16,404.6,404.6,404.6,404.6,0
20251118  11:17,404.05,404.05,404.0,404.0,2
20251118  11:18,404.0,404.0,404.0,404.0,0
20251118  11:19,404.0,404.0,404.0,404.0,0
20251118  11:20,404.0,404.0,404.0,404.0,0
20251118  11:21,404.0,404.0,404.0,404.0,0
20251118  11:22,404.6,404.6,404.6,404.6,1
20251118  11:23,404.6,404.6,404.6,404.6,0
20251118  11:24,404.6,404.6,404.6,404.6,0
20251118  11:25,404.6,404.6,404.6,404.6,0
20251118  11:26,404.6,404.6,404.6,404.6,0
20251118  11:27,404.85,404.9,404.85,404.9,2
20251118  11:28,404.9,404.9,404.9,404.9,0
20251118  11:29,404.9,404.9,404.9,404.9,0
20251118  11:30,404.9,404.9,404.9,404.9,0
20251118  11:31,404.9,404.9,404.9,404.9,0
20251118  11:32,404.65,404.65,404.65,404.65,1
20251118  11:33,404.65,404.65,404.65,404.65,0
20251118  11:34,404.65,404.65,404.65,404.65,0
20251118  11:35,404.65,404.65,404.65,404.65,0
20251118  11:36,404.65,404.65,404.65,404.65,0
20251118  11:37,404.65,404.65,404.65,404.65,0
20251118  11:38,404.65,404.65,404.65,404.65,0
20251118  11:39,404.95,404.95,404.95,404.95,1
20251118  11:40,405.0,405.0,405.0,405.0,2
20251118  11:41,405.0,405.0,405.0,405.0,0
20251118  11:42,405.0,405.0,405.0,405.0,0
20251118  11:43,405.0,405.0,405.0,405.0,0
20251118  11:44,405.0,405.0,405.0,405.0,0
20251118  11:45,405.0,405.0,405.0,405.0,0
20251118  11:46,405.0,405.0,405.0,405.0,0
20251118  11:47,405.0,405.0,405.0,405.0,0
20251118  11:48,405.55,405.55,405.55,405.55,2
20251118  11:49,405.55,405.55,405.55,405.55,0
20251118  11:50,406.15,406.15,406.15,406.15,1
20251118  11:51,406.15,406.15,406.15,406.15,0
20251118  11:52,406.15,406.15,406.15,406.15,0
20251118  11:53,406.15,406.15,406.15,406.15,0
20251118  11:54,406.15,406.15,406.15,406.15,0
20251118  11:55,405.7,405.7,405.7,405.7,1
20251118  11:56,405.7,405.7,405.7,405.7,0
20251118  11:57,405.7,405.7,405.7,405.7,0
20251118  11:58,405.7,405.7,405.7,405.7,0
20251118  11:59,405.7,405.7,405.7,405.7,0
20251118  12:00,406.3,406.35,406.3,406.35,2
20251118  12:01,406.35,406.35,406.35,406.35,0
20251118  12:02,405.45,405.45,405.45,405.45,1
20251118  12:03,405.45,405.45,405.45,405.45,0
20251118  12:04,405.4,405.4,405.4,405.4,1
20251118  12:05,405.4,405.4,405.4,405.4,0
20251118  12:06,405.55,405.55,405.55,405.55,1
20251118  12:07,405.8,405.8,405.05,405.05,4
20251118  12:08,404.65,405.5,404.65,405.5,9
20251118  12:09,405.5,405.5,405.5,405.5,0
20251118  12:10,405.5,405.5,405.5,405.5,0
20251118  12:11,405.4,405.4,405.4,405.4,1
20251118  12:12,405.55,405.6,405.55,405.6,2
20251118  12:13,405.8,405.85,405.7,405.85,6
20251118  12:14,405.85,405.85,405.85,405.85,0
20251118  12:15,405.85,405.85,405.85,405.85,0
20251118  12:16,406.5,406.5,406.5,406.5,1
20251118  12:17,406.05,406.05,406.05,406.05,1
20251118  12:18,406.05,406.05,406.05,406.05,0
20251118  12:19,405.6,405.75,405.6,405.75,6
20251118  12:20,405.7,405.7,405.7,405.7,1
20251118  12:21,405.7,405.7,405.7,405.7,0
20251118  12:22,405.7,405.7,405.7,405.7,0
20251118  12:23,405.7,405.7,405.7,405.7,0
20251118  12:24,405.7,405.7,405.7,405.7,0
20251118  12:25,405.4,405.4,405.4,405.4,1
20251118  12:26,405.85,405.85,405.85,405.85,1
20251118  12:27,405.85,405.85,405.85,405.85,0
20251118  12:28,405.9,406.8,405.9,406.8,4
20251118  12:29,406.8,406.8,406.8,406.8,0
20251118  12:30,406.8,406.8,406.8,406.8,0
20251118  12:31,406.8,406.8,406.8,406.8,0
20251118  12:32,406.8,406.8,406.8,406.8,0
20251118  12:33,406.8,406.8,406.8,406.8,1
20251118  12:34,406.8,406.8,406.8,406.8,0
20251118  12:35,406.8,406.8,406.8,406.8,0
20251118  12:36,406.8,406.8,406.8,406.8,0
20251118  12:37,405.45,405.45,405.45,405.45,1
20251118  12:38,405.45,405.45,405.45,405.45,0
20251118  12:39,405.45,405.45,405.45,405.45,0
20251118  12:40,405.45,405.45,405.45,405.45,0
20251118  12:41,405.45,405.45,405.45,405.45,0
20251118  12:42,405.45,405.45,405.45,405.45,0
20251118  12:43,405.45,405.45,405.45,405.45,0
20251118  12:44,405.45,405.45,405.45,405.45,0
20251118  12:45,405.45,405.45,405.45,405.45,0
20251118  12:46,405.6,405.95,405.6,405.95,6
20251118  12:47,405.95,405.95,405.95,405.95,0
20251118  12:48,405.95,405.95,405.95,405.95,0
20251118  12:49,407.0,407.0,407.0,407.0,1
20251118  12:50,407.0,407.0,407.0,407.0,0
20251118  12:51,407.3,407.3,407.3,407.3,1
20251118  12:52,407.55,407.7,407.55,407.7,3
20251118  12:53,407.7,407.7,407.7,407.7,0
20251118  12:54,408.6,408.6,408.6,408.6,4
20251118  12:55,408.6,408.6,408.6,408.6,0
20251118  12:56,408.3,408.3,408.3,408.3,1
20251118  12:57,408.3,408.3,408.3,408.3,0
20251118  12:58,407.4,407.4,407.4,407.4,1
20251118  12:59,407.4,407.4,407.4,407.4,0
20251118  13:00,407.4,407.4,407.4,407.4,0
20251118  13:01,407.65,407.65,407.65,407.65,1
20251118  13:02,407.55,407.55,407.55,407.55,1
20251118  13:03,407.55,407.55,407.55,407.55,0
20251118  13:04,407.55,407.55,407.55,407.55,0
20251118  13:05,407.55,407.55,407.55,407.55,0
20251118  13:06,407.55,407.55,407.55,407.55,0
20251118  13:07,406.8,406.8,406.8,406.8,1
20251118  13:08,406.8,406.8,406.8,406.8,0
20251118  13:09,406.8,406.8,406.8,406.8,0
20251118  13:10,407.25,407.25,407.25,407.25,1
20251118  13:11,407.25,407.25,407.25,407.25,0
20251118  13:12,407.25,407.25,407.25,407.25,0
20251118  13:13,407.05,407.05,406.9,406.9,2
20251118  13:14,406.9,406.9,406.9,406.9,0
20251118  13:15,406.9,406.9,406.9,406.9,0
20251118  13:16,406.5,406.5,406.5,406.5,2
20251118  13:17,406.5,406.5,406.5,406.5,0
20251118  13:18,406.7,406.7,406.7,406.7,7
20251118  13:19,406.75,406.75,406.75,406.75,1
20251118  13:20,406.65,406.8,406.65,406.8,12
20251118  13:21,406.55,406.55,406.5,406.5,2
20251118  13:22,406.5,406.8,406.5,406.8,19
20251118  13:23,406.85,406.85,406.7,406.85,4
20251118  13:24,406.85,406.85,406.85,406.85,2
20251118  13:25,406.85,406.85,406.85,406.85,0
20251118  13:26,406.5,406.65,406.5,406.5,5
20251118  13:27,406.65,406.65,406.65,406.65,1
20251118  13:28,406.7,406.8,406.7,406.8,8
20251118  13:29,406.8,406.8,406.8,406.8,1
20251118  13:30,406.5,406.5,406.2,406.2,13
20251119  10:15,415.35,415.35,409.0,409.0,16
20251119  10:16,407.5,407.5,407.5,407.5,1
20251119  10:17,405.55,405.55,405.0,405.0,9
20251119  10:18,405.0,405.0,405.0,405.0,0
20251119  10:19,405.0,405.0,405.0,405.0,0
20251119  10:20,405.0,405.0,405.0,405.0,0
20251119  10:21,405.0,405.0,405.0,405.0,0
20251119  10:22,405.0,405.0,405.0,405.0,0
20251119  10:23,405.0,405.0,405.0,405.0,0
20251119  10:24,405.0,405.0,405.0,405.0,0
20251119  10:25,405.0,405.0,405.0,405.0,0
20251119  10:26,405.0,405.0,405.0,405.0,0
20251119  10:27,405.0,405.0,405.0,405.0,0
20251119  10:28,405.0,405.0,405.0,405.0,0
20251119  10:29,407.1,407.1,407.1,407.1,1
20251119  10:30,407.1,407.1,407.1,407.1,0
20251119  10:31,407.1,407.1,407.1,407.1,0
20251119  10:32,407.1,407.1,407.1,407.1,0
20251119  10:33,407.1,407.1,407.1,407.1,0
20251119  10:34,407.1,407.1,407.1,407.1,0
20251119  10:35,407.1,407.1,407.1,407.1,0
20251119  10:36,407.1,407.1,407.1,407.1,0
20251119  10:37,407.0,407.0,407.0,407.0,1
20251119  10:38,407.0,407.0,407.0,407.0,0
20251119  10:39,407.0,407.0,407.0,407.0,0
20251119  10:40,407.0,407.0,407.0,407.0,0
20251119  10:41,407.0,407.0,407.0,407.0,0
20251119  10:42,407.0,407.0,407.0,407.0,0
20251119  10:43,407.0,407.0,407.0,407.0,0
20251119  10:44,407.0,407.0,407.0,407.0,0
20251119  10:45,407.0,407.0,407.0,407.0,0
20251119  10:46,407.0,407.0,407.0,407.0,0
20251119  10:47,407.0,407.0,407.0,407.0,0
20251119  10:48,407.0,407.0,407.0,407.0,0
20251119  10:49,407.0,407.0,407.0,407.0,0
20251119  10:50,407.0,407.0,407.0,407.0,0
20251119  10:51,407.0,407.0,407.0,407.0,0
20251119  10:52,407.0,407.0,407.0,407.0,0
20251119  10:53,407.0,407.0,407.0,407.0,0
20251119  10:54,407.0,407.0,407.0,407.0,0
20251119  10:55,407.0,407.0,407.0,407.0,0
20251119  10:56,407.0,407.0,407.0,407.0,0
20251119  10:57,407.0,407.0,407.0,407.0,0
20251119  10:58,407.0,407.0,407.0,407.0,0
20251119  10:59,407.0,407.0,407.0,407.0,0
20251119  11:00,407.0,407.0,407.0,407.0,0
20251119  11:01,407.0,407.0,407.0,407.0,0
20251119  11:02,407.0,407.0,407.0,407.0,0
20251119  11:03,406.3,406.3,406.3,406.3,1
20251119  11:04,405.0,405.0,405.0,405.0,10
20251119  11:05,405.0,405.0,405.0,405.0,0
20251119  11:06,405.0,405.0,405.0,405.0,0
20251119  11:07,405.0,405.0,405.0,405.0,0
20251119  11:08,405.0,405.0,405.0,405.0,0
20251119  11:09,405.0,405.0,405.0,405.0,0
20251119  11:10,405.0,405.0,405.0,405.0,0
20251119  11:11,405.0,405.0,405.0,405.0,0
20251119  11:12,405.0,405.0,405.0,405.0,0
20251119  11:13,405.0,405.0,405.0,405.0,0
20251119  11:14,405.0,405.0,405.0,405.0,0
20251119  11:15,405.0,405.0,405.0,405.0,0
20251119  11:16,405.0,405.0,405.0,405.0,0
20251119  11:17,405.0,405.0,405.0,405.0,0
20251119  11:18,405.0,405.0,405.0,405.0,0
20251119  11:19,405.0,405.0,405.0,405.0,0
20251119  11:20,405.0,405.0,405.0,405.0,0
20251119  11:21,405.0,405.0,405.0,405.0,0
20251119  11:22,405.0,405.0,405.0,405.0,0
20251119  11:23,405.0,405.0,405.0,405.0,0
20251119  11:24,405.0,405.0,405.0,405.0,0
20251119  11:25,405.0,405.0,405.0,405.0,0
20251119  11:26,405.0,405.0,405.0,405.0,0
20251119  11:27,407.15,407.15,407.15,407.15,1
20251119  11:28,407.15,407.15,407.15,407.15,0
20251119  11:29,407.15,407.15,407.15,407.15,0
20251119  11:30,407.15,407.15,407.15,407.15,0
20251119  11:31,407.15,407.15,407.15,407.15,0
20251119  11:32,405.0,405.0,405.0,405.0,1
20251119  11:33,405.0,405.0,405.0,405.0,1
20251119  11:34,405.0,405.0,405.0,405.0,0
20251119  11:35,405.0,405.0,405.0,405.0,0
20251119  11:36,405.0,405.0,405.0,405.0,0
20251119  11:37,405.0,405.0,405.0,405.0,0
20251119  11:38,405.0,405.0,405.0,405.0,0
20251119  11:39,405.0,405.0,405.0,405.0,0
20251119  11:40,405.0,405.0,405.0,405.0,0
20251119  11:41,405.0,405.0,405.0,405.0,0
20251119  11:42,405.0,405.0,405.0,405.0,0
20251119  11:43,405.0,405.0,405.0,405.0,0
20251119  11:44,405.0,405.0,405.0,405.0,0
20251119  11:45,405.0,405.0,405.0,405.0,0
20251119  11:46,405.0,405.0,405.0,405.0,0
20251119  11:47,405.0,405.0,405.0,405.0,0
20251119  11:48,405.0,405.0,405.0,405.0,0
20251119  11:49,405.0,405.0,405.0,405.0,0
20251119  11:50,405.0,405.0,405.0,405.0,0
20251119  11:51,405.0,405.0,405.0,405.0,0
20251119  11:52,405.0,405.0,405.0,405.0,0
20251119  11:53,405.0,405.0,405.0,405.0,0
20251119  11:54,405.0,405.0,405.0,405.0,0
20251119  11:55,405.0,405.0,405.0,405.0,0
20251119  11:56,403.6,403.6,403.6,403.6,3
20251119  11:57,403.6,403.6,403.6,403.6,0
20251119  11:58,403.6,403.6,403.6,403.6,0
20251119  11:59,403.6,403.6,403.6,403.6,0
20251119  12:00,403.6,403.6,403.6,403.6,0
20251119  12:01,403.6,403.6,403.6,403.6,0
20251119  12:02,403.6,403.6,403.6,403.6,0
20251119  12:03,403.6,403.6,403.6,403.6,0
20251119  12:04,403.6,403.6,403.6,403.6,0
20251119  12:05,403.6,403.6,403.6,403.6,0
20251119  12:06,403.6,403.6,403.6,403.6,0
20251119  12:07,403.6,403.6,403.6,403.6,0
20251119  12:08,403.6,403.6,403.6,403.6,0
20251119  12:09,403.6,403.6,403.6,403.6,0
20251119  12:10,403.6,403.6,403.6,403.6,0
20251119  12:11,403.6,403.6,403.6,403.6,0
20251119  12:12,408.3,408.3,408.3,408.3,1
20251119  12:13,408.3,408.3,408.3,408.3,0
20251119  12:14,408.3,408.3,408.3,408.3,0
20251119  12:15,408.3,408.3,408.3,408.3,0
20251119  12:16,408.3,408.3,408.3,408.3,0
20251119  12:17,408.3,408.3,408.3,408.3,0
20251119  12:18,408.3,408.3,408.3,408.3,0
20251119  12:19,408.3,408.3,408.3,408.3,0
20251119  12:20,408.3,408.3,408.3,408.3,0
20251119  12:21,408.3,408.3,408.3,408.3,0
20251119  12:22,408.3,408.3,408.3,408.3,0
20251119  12:23,408.3,408.3,408.3,408.3,0
20251119  12:24,408.3,408.3,408.3,408.3,0
20251119  12:25,408.3,408.3,408.3,408.3,0
20251119  12:26,408.3,408.3,408.3,408.3,0
20251119  12:27,408.3,408.3,408.3,408.3,0
20251119  12:28,408.3,408.3,408.3,408.3,0
20251119  12:29,408.3,408.3,408.3,408.3,0
20251119  12:30,408.3,408.3,408.3,408.3,0
20251119  12:31,408.3,408.3,408.3,408.3,0
20251119  12:32,408.3,408.3,408.3,408.3,0
20251119  12:33,408.3,408.3,408.3,408.3,0
20251119  12:34,408.3,408.3,408.3,408.3,0
20251119  12:35,408.3,408.3,408.3,408.3,0
20251119  12:36,408.3,408.3,408.3,408.3,0
20251119  12:37,408.3,408.3,408.3,408.3,0
20251119  12:38,408.3,408.3,408.3,408.3,0
20251119  12:39,408.3,408.3,408.3,408.3,0
20251119  12:40,408.3,408.3,408.3,408.3,0
20251119  12:41,408.3,408.3,408.3,408.3,0
20251119  12:42,408.3,408.3,408.3,408.3,0
20251119  12:43,408.3,408.3,408.3,408.3,0
20251119  12:44,408.3,408.3,408.3,408.3,0
20251119  12:45,408.3,408.3,408.3,408.3,0
20251119  12:46,408.3,408.3,408.3,408.3,0
20251119  12:47,408.3,408.3,408.3,408.3,0
20251119  12:48,408.3,408.3,408.3,408.3,0
20251119  12:49,408.3,408.3,408.3,408.3,0
20251119  12:50,408.3,408.3,408.3,408.3,0
20251119  12:51,408.3,408.3,408.3,408.3,0
20251119  12:52,408.3,408.3,408.3,408.3,0
20251119  12:53,408.3,408.3,408.3,408.3,0
20251119  12:54,408.3,408.3,408.3,408.3,0
20251119  12:55,408.3,408.3,408.3,408.3,0
20251119  12:56,408.3,408.3,408.3,408.3,0
20251119  12:57,407.65,407.65,407.65,407.65,1
20251119  12:58,407.4,407.4,407.4,407.4,1
20251119  12:59,407.4,407.4,407.4,407.4,0
20251119  13:00,407.4,407.4,407.4,407.4,0
20251119  13:01,407.4,407.4,407.4,407.4,0
20251119  13:02,407.4,407.4,407.4,407.4,0
20251119  13:03,407.4,407.4,407.4,407.4,0
20251119  13:04,407.4,407.4,407.4,407.4,0
20251119  13:05,407.4,407.4,407.4,407.4,0
20251119  13:06,407.4,407.4,407.4,407.4,0
20251119  13:07,405.0,405.0,405.0,405.0,1
20251119  13:08,405.0,405.0,405.0,405.0,0
20251119  13:09,405.0,405.0,405.0,405.0,0
20251119  13:10,405.0,405.0,405.0,405.0,0
20251119  13:11,405.0,405.0,405.0,405.0,0
20251119  13:12,405.0,405.0,405.0,405.0,0
20251119  13:13,405.0,405.0,405.0,405.0,0
20251119  13:14,405.0,405.0,405.0,405.0,0
20251119  13:15,405.0,405.0,405.0,405.0,0
20251119  13:16,405.0,405.0,405.0,405.0,0
20251119  13:17,405.0,405.0,405.0,405.0,0
20251119  13:18,405.0,405.0,405.0,405.0,0
20251119  13:19,405.0,405.0,405.0,405.0,0
20251119  13:20,405.0,405.0,405.0,405.0,0
20251119  13:21,405.0,405.0,405.0,405.0,0
20251119  13:22,405.0,405.0,405.0,405.0,0
20251119  13:23,405.0,405.0,405.0,405.0,0
20251119  13:24,405.0,405.0,405.0,405.0,0
20251119  13:25,403.7,403.75,403.65,403.65,3
20251119  13:26,403.65,403.65,403.65,403.65,0
20251119  13:27,403.65,403.65,403.65,403.65,0
20251119  13:28,403.65,403.65,403.65,403.65,0
20251119  13:29,403.65,403.65,403.65,403.65,0
20251119  13:30,403.65,403.65,403.65,403.65,0
20251120  10:15,405.8,405.8,405.8,405.8,1
20251120  10:16,405.8,405.8,405.8,405.8,0
20251120  10:17,405.8,405.8,405.8,405.8,0
20251120  10:18,405.8,405.8,405.8,405.8,0
20251120  10:19,405.8,405.8,405.8,405.8,0
20251120  10:20,405.8,405.8,405.8,405.8,0
20251120  10:21,405.8,405.8,405.8,405.8,0
20251120  10:22,405.8,405.8,405.8,405.8,0
20251120  10:23,405.8,405.8,405.8,405.8,0
20251120  10:24,405.8,405.8,405.8,405.8,0
20251120  10:25,405.8,405.8,405.8,405.8,0
20251120  10:26,405.8,405.8,405.8,405.8,0
20251120  10:27,405.8,405.8,405.8,405.8,0
20251120  10:28,405.8,405.8,405.8,405.8,0
20251120  10:29,405.8,405.8,405.8,405.8,0
20251120  10:30,405.8,405.8,405.8,405.8,0
20251120  10:31,405.8,405.8,405.8,405.8,0
20251120  10:32,405.8,405.8,405.8,405.8,0
20251120  10:33,405.8,405.8,405.8,405.8,0
20251120  10:34,405.8,405.8,405.8,405.8,0
20251120  10:35,405.8,405.8,405.8,405.8,0
20251120  10:36,405.8,405.8,405.8,405.8,0
20251120  10:37,405.8,405.8,405.8,405.8,0
20251120  10:38,405.8,405.8,405.8,405.8,0
20251120  10:39,405.8,405.8,405.8,405.8,0
20251120  10:40,405.8,405.8,405.8,405.8,0
20251120  10:41,405.8,405.8,405.8,405.8,0
20251120  10:42,405.8,405.8,405.8,405.8,0
20251120  10:43,405.8,405.8,405.8,405.8,0
20251120  10:44,405.8,405.8,405.8,405.8,0
20251120  10:45,405.8,405.8,405.8,405.8,0
20251120  10:46,405.8,405.8,405.8,405.8,0
20251120  10:47,405.8,405.8,405.8,405.8,0
20251120  10:48,405.8,405.8,405.8,405.8,0
20251120  10:49,407.8,407.8,407.8,407.8,1
20251120  10:50,407.8,407.8,407.8,407.8,0
20251120  10:51,407.8,407.8,407.8,407.8,0
20251120  10:52,407.8,407.8,407.8,407.8,0
20251120  10:53,407.8,407.8,407.8,407.8,0
20251120  10:54,407.8,407.8,407.8,407.8,0
20251120  10:55,407.8,407.8,407.8,407.8,0
20251120  10:56,407.8,407.8,407.8,407.8,0
20251120  10:57,407.8,407.8,407.8,407.8,0
20251120  10:58,407.8,407.8,407.8,407.8,0
20251120  10:59,407.8,407.8,407.8,407.8,0
20251120  11:00,407.8,407.8,407.8,407.8,0
20251120  11:01,407.8,407.8,407.8,407.8,0
20251120  11:02,407.8,407.8,407.8,407.8,0
20251120  11:03,407.8,407.8,407.8,407.8,0
20251120  11:04,407.8,407.8,407.8,407.8,0
20251120  11:05,407.8,407.8,407.8,407.8,0
20251120  11:06,407.8,407.8,407.8,407.8,0
20251120  11:07,407.8,407.8,407.8,407.8,0
20251120  11:08,407.8,407.8,407.8,407.8,0
20251120  11:09,407.8,407.8,407.8,407.8,0
20251120  11:10,407.8,407.8,407.8,407.8,0
20251120  11:11,407.8,407.8,407.8,407.8,0
20251120  11:12,407.8,407.8,407.8,407.8,0
20251120  11:13,407.8,407.8,407.8,407.8,0
20251120  11:14,407.8,407.8,407.8,407.8,0
20251120  11:15,407.8,407.8,407.8,407.8,0
20251120  11:16,407.8,407.8,407.8,407.8,0
20251120  11:17,407.8,407.8,407.8,407.8,0
20251120  11:18,407.8,407.8,407.8,407.8,0
20251120  11:19,407.8,407.8,407.8,407.8,0
20251120  11:20,407.8,407.8,407.8,407.8,0
20251120  11:21,407.8,407.8,407.8,407.8,0
20251120  11:22,407.8,407.8,407.8,407.8,0
20251120  11:23,407.8,407.8,407.8,407.8,0
20251120  11:24,407.8,407.8,407.8,407.8,0
20251120  11:25,407.8,407.8,407.8,407.8,0
20251120  11:26,407.8,407.8,407.8,407.8,0
20251120  11:27,407.8,407.8,407.8,407.8,0
20251120  11:28,407.8,407.8,407.8,407.8,0
20251120  11:29,407.8,407.8,407.8,407.8,0
20251120  11:30,407.8,407.8,407.8,407.8,0
20251120  11:31,407.8,407.8,407.8,407.8,0
20251120  11:32,407.8,407.8,407.8,407.8,0
20251120  11:33,407.8,407.8,407.8,407.8,0
20251120  11:34,407.8,407.8,407.8,407.8,0
20251120  11:35,407.8,407.8,407.8,407.8,0
20251120  11:36,407.8,407.8,407.8,407.8,0
20251120  11:37,407.8,407.8,407.8,407.8,0
20251120  11:38,407.8,407.8,407.8,407.8,0
20251120  11:39,407.8,407.8,407.8,407.8,0
20251120  11:40,407.8,407.8,407.8,407.8,0
20251120  11:41,407.8,407.8,407.8,407.8,0
20251120  11:42,407.8,407.8,407.8,407.8,0
20251120  11:43,407.8,407.8,407.8,407.8,0
20251120  11:44,407.8,407.8,407.8,407.8,0
20251120  11:45,407.8,407.8,407.8,407.8,0
20251120  11:46,407.8,407.8,407.8,407.8,0
20251120  11:47,407.8,407.8,407.8,407.8,0
20251120  11:48,407.8,407.8,407.8,407.8,0
20251120  11:49,407.8,407.8,407.8,407.8,0
20251120  11:50,407.8,407.8,407.8,407.8,0
20251120  11:51,407.8,407.8,407.8,407.8,0
20251120  11:52,407.8,407.8,407.8,407.8,0
20251120  11:53,407.8,407.8,407.8,407.8,0
20251120  11:54,407.8,407.8,407.8,407.8,0
20251120  11:55,407.8,407.8,407.8,407.8,0
20251120  11:56,407.8,407.8,407.8,407.8,0
20251120  11:57,407.8,407.8,407.8,407.8,0
20251120  11:58,407.8,407.8,407.8,407.8,0
20251120  11:59,407.8,407.8,407.8,407.8,0
20251120  12:00,407.8,407.8,407.8,407.8,0
20251120  12:01,407.8,407.8,407.8,407.8,0
20251120  12:02,407.8,407.8,407.8,407.8,0
20251120  12:03,407.8,407.8,407.8,407.8,0
20251120  12:04,407.8,407.8,407.8,407.8,0
20251120  12:05,407.8,407.8,407.8,407.8,0
20251120  12:06,407.8,407.8,407.8,407.8,0
20251120  12:07,407.8,407.8,407.8,407.8,0
20251120  12:08,407.8,407.8,407.8,407.8,0
20251120  12:09,407.8,407.8,407.8,407.8,0
20251120  12:10,407.8,407.8,407.8,407.8,0
20251120  12:11,407.8,407.8,407.8,407.8,0
20251120  12:12,407.8,407.8,407.8,407.8,0
20251120  12:13,407.8,407.8,407.8,407.8,0
20251120  12:14,407.8,407.8,407.8,407.8,0
20251120  12:15,407.8,407.8,407.8,407.8,0
20251120  12:16,407.8,407.8,407.8,407.8,0
20251120  12:17,407.8,407.8,407.8,407.8,0
20251120  12:18,407.8,407.8,407.8,407.8,0
20251120  12:19,407.8,407.8,407.8,407.8,0
20251120  12:20,407.8,407.8,407.8,407.8,0
20251120  12:21,407.8,407.8,407.8,407.8,0
20251120  12:22,407.8,407.8,407.8,407.8,0
20251120  12:23,407.8,407.8,407.8,407.8,0
20251120  12:24,407.8,407.8,407.8,407.8,0
20251120  12:25,407.8,407.8,407.8,407.8,0
20251120  12:26,407.8,407.8,407.8,407.8,0
20251120  12:27,407.8,407.8,407.8,407.8,0
20251120  12:28,407.8,407.8,407.8,407.8,0
20251120  12:29,407.8,407.8,407.8,407.8,0
20251120  12:30,407.8,407.8,407.8,407.8,0
20251120  12:31,407.8,407.8,407.8,407.8,0
20251120  12:32,407.8,407.8,407.8,407.8,0
20251120  12:33,407.8,407.8,407.8,407.8,0
20251120  12:34,407.8,407.8,407.8,407.8,0
20251120  12:35,407.8,407.8,407.8,407.8,0
20251120  12:36,407.8,407.8,407.8,407.8,0
20251120  12:37,407.8,407.8,407.8,407.8,0
20251120  12:38,407.8,407.8,407.8,407.8,0
20251120  12:39,407.8,407.8,407.8,407.8,0
20251120  12:40,407.8,407.8,407.8,407.8,0
20251120  12:41,407.8,407.8,407.8,407.8,0
20251120  12:42,407.8,407.8,407.8,407.8,0
20251120  12:43,407.8,407.8,407.8,407.8,0
20251120  12:44,407.8,407.8,407.8,407.8,0
20251120  12:45,407.8,407.8,407.8,407.8,0
20251120  12:46,407.8,407.8,407.8,407.8,0
20251120  12:47,407.8,407.8,407.8,407.8,0
20251120  12:48,407.8,407.8,407.8,407.8,0
20251120  12:49,407.8,407.8,407.8,407.8,0
20251120  12:50,407.8,407.8,407.8,407.8,0
20251120  12:51,407.8,407.8,407.8,407.8,0
20251120  12:52,407.8,407.8,407.8,407.8,0
20251120  12:53,407.8,407.8,407.8,407.8,0
20251120  12:54,407.8,407.8,407.8,407.8,0
20251120  12:55,407.8,407.8,407.8,407.8,0
20251120  12:56,407.8,407.8,407.8,407.8,0
20251120  12:57,407.8,407.8,407.8,407.8,0
20251120  12:58,407.8,407.8,407.8,407.8,0
20251120  12:59,407.8,407.8,407.8,407.8,0
20251120  13:00,407.8,407.8,407.8,407.8,0
20251120  13:01,407.8,407.8,407.8,407.8,0
20251120  13:02,407.8,407.8,407.8,407.8,0
20251120  13:03,407.8,407.8,407.8,407.8,0
20251120  13:04,407.8,407.8,407.8,407.8,0
20251120  13:05,407.8,407.8,407.8,407.8,0
20251120  13:06,407.8,407.8,407.8,407.8,0
20251120  13:07,407.8,407.8,407.8,407.8,0
20251120  13:08,407.8,407.8,407.8,407.8,0
20251120  13:09,407.8,407.8,407.8,407.8,0
20251120  13:10,407.8,407.8,407.8,407.8,0
20251120  13:11,407.8,407.8,407.8,407.8,0
20251120  13:12,407.8,407.8,407.8,407.8,0
20251120  13:13,407.8,407.8,407.8,407.8,0
20251120  13:14,407.8,407.8,407.8,407.8,0
20251120  13:15,407.8,407.8,407.8,407.8,0
20251120  13:16,407.8,407.8,407.8,407.8,0
20251120  13:17,407.8,407.8,407.8,407.8,0
20251120  13:18,407.8,407.8,407.8,407.8,0
20251120  13:19,407.8,407.8,407.8,407.8,0
20251120  13:20,407.8,407.8,407.8,407.8,0
20251120  13:21,407.8,407.8,407.8,407.8,0
20251120  13:22,407.8,407.8,407.8,407.8,0
20251120  13:23,407.8,407.8,407.8,407.8,0
20251120  13:24,407.8,407.8,407.8,407.8,0
20251120  13:25,407.8,407.8,407.8,407.8,0
20251120  13:26,407.8,407.8,407.8,407.8,0
20251120  13:27,407.8,407.8,407.8,407.8,0
20251120  13:28,407.8,407.8,407.8,407.8,0
20251120  13:29,407.8,407.8,407.8,407.8,0
20251120  13:30,407.8,407.8,407.8,407.8,0
20251121  10:15,402.05,402.05,383.55,383.55,46
20251121  10:16,385.85,385.85,385.85,385.85,1
20251121  10:17,385.15,385.15,385.15,385.15,1
20251121  10:18,386.0,386.0,386.0,386.0,1
20251121  10:19,385.0,385.0,385.0,385.0,1
20251121  10:20,385.0,385.0,385.0,385.0,0
20251121  10:21,383.75,383.75,383.75,383.75,2
20251121  10:22,383.5,383.5,383.5,383.5,3
20251121  10:23,383.5,383.5,383.5,383.5,3
20251121  10:24,383.5,383.5,383.5,383.5,0
20251121  10:25,384.55,384.55,384.55,384.55,1
20251121  10:26,384.55,384.55,384.55,384.55,0
20251121  10:27,384.55,384.55,384.55,384.55,0
20251121  10:28,384.55,384.55,384.55,384.55,0
20251121  10:29,384.55,384.55,384.55,384.55,0
20251121  10:30,384.55,384.55,384.55,384.55,0
20251121  10:31,384.55,384.55,384.55,384.55,0
20251121  10:32,384.9,384.9,384.9,384.9,1
20251121  10:33,384.9,384.9,384.9,384.9,0
20251121  10:34,384.9,384.9,384.9,384.9,0
20251121  10:35,386.3,386.3,386.3,386.3,1
20251121  10:36,386.8,387.0,386.8,387.0,3
20251121  10:37,387.5,387.95,387.5,387.95,4
20251121  10:38,387.95,387.95,387.95,387.95,0
20251121  10:39,387.95,387.95,387.95,387.95,0
20251121  10:40,387.95,387.95,387.95,387.95,0
20251121  10:41,387.95,387.95,387.95,387.95,0
20251121  10:42,387.95,387.95,387.95,387.95,0
20251121  10:43,387.95,387.95,387.95,387.95,0
20251121  10:44,387.95,387.95,387.95,387.95,0
20251121  10:45,387.95,387.95,387.95,387.95,0
20251121  10:46,387.95,387.95,387.95,387.95,0
20251121  10:47,387.95,387.95,387.95,387.95,0
20251121  10:48,387.95,387.95,387.95,387.95,0
20251121  10:49,387.95,387.95,387.95,387.95,0
20251121  10:50,387.95,387.95,387.95,387.95,0
20251121  10:51,387.95,387.95,387.95,387.95,0
20251121  10:52,387.95,387.95,387.95,387.95,0
20251121  10:53,387.95,387.95,387.95,387.95,0
20251121  10:54,391.0,391.0,391.0,391.0,1
20251121  10:55,391.0,391.0,391.0,391.0,3
20251121  10:56,391.0,391.0,391.0,391.0,0
20251121  10:57,391.0,391.0,391.0,391.0,0
20251121  10:58,391.0,391.0,391.0,391.0,0
20251121  10:59,391.0,391.0,391.0,391.0,0
20251121  11:00,391.0,391.0,391.0,391.0,0
20251121  11:01,391.0,391.0,391.0,391.0,0
20251121  11:02,391.0,391.0,391.0,391.0,0
20251121  11:03,391.0,391.0,391.0,391.0,0
20251121  11:04,391.0,391.0,391.0,391.0,0
20251121  11:05,391.0,391.0,391.0,391.0,0
20251121  11:06,391.0,391.0,391.0,391.0,0
20251121  11:07,391.0,391.0,391.0,391.0,0
20251121  11:08,391.0,391.0,391.0,391.0,0
20251121  11:09,391.0,391.0,391.0,391.0,0
20251121  11:10,391.0,391.0,391.0,391.0,0
20251121  11:11,391.0,391.0,391.0,391.0,0
20251121  11:12,391.0,391.0,391.0,391.0,0
20251121  11:13,391.0,391.0,391.0,391.0,0
20251121  11:14,391.0,391.0,391.0,391.0,0
20251121  11:15,391.0,391.0,391.0,391.0,0
20251121  11:16,391.0,391.0,391.0,391.0,0
20251121  11:17,391.0,391.0,391.0,391.0,0
20251121  11:18,391.0,391.0,391.0,391.0,0
20251121  11:19,391.0,391.0,391.0,391.0,0
20251121  11:20,391.0,391.0,391.0,391.0,0
20251121  11:21,391.0,391.0,391.0,391.0,0
20251121  11:22,391.0,391.0,391.0,391.0,0
20251121  11:23,391.0,391.0,391.0,391.0,0
20251121  11:24,391.0,391.0,391.0,391.0,0
20251121  11:25,388.4,388.4,388.4,388.4,2
20251121  11:26,388.4,388.4,388.4,388.4,0
20251121  11:27,388.4,388.4,388.4,388.4,0
20251121  11:28,388.4,388.4,388.4,388.4,0
20251121  11:29,388.4,388.4,388.4,388.4,0
20251121  11:30,388.4,388.4,388.4,388.4,0
20251121  11:31,388.4,388.4,388.4,388.4,0
20251121  11:32,388.4,388.4,388.4,388.4,0
20251121  11:33,388.4,388.4,388.4,388.4,0
20251121  11:34,388.4,388.4,388.4,388.4,0
20251121  11:35,388.4,388.4,388.4,388.4,0
20251121  11:36,388.4,388.4,388.4,388.4,0
20251121  11:37,388.4,388.4,388.4,388.4,0
20251121  11:38,389.1,389.1,389.1,389.1,1
20251121  11:39,389.1,389.1,389.1,389.1,0
20251121  11:40,389.1,389.1,389.1,389.1,0
20251121  11:41,389.1,389.1,389.1,389.1,0
20251121  11:42,389.1,389.1,389.1,389.1,0
20251121  11:43,389.1,389.1,389.1,389.1,0
20251121  11:44,389.1,389.1,389.1,389.1,0
20251121  11:45,389.1,389.1,389.1,389.1,0
20251121  11:46,389.1,389.1,389.1,389.1,0
20251121  11:47,389.1,389.1,389.1,389.1,0
20251121  11:48,389.1,389.1,389.1,389.1,0
20251121  11:49,389.1,389.1,389.1,389.1,0
20251121  11:50,389.1,389.1,389.1,389.1,0
20251121  11:51,389.1,389.1,389.1,389.1,0
20251121  11:52,389.1,389.1,389.1,389.1,0
20251121  11:53,389.1,389.1,389.1,389.1,0
20251121  11:54,389.1,389.1,389.1,389.1,0
20251121  11:55,389.1,389.1,389.1,389.1,0
20251121  11:56,389.1,389.1,389.1,389.1,0
20251121  11:57,389.1,389.1,389.1,389.1,0
20251121  11:58,389.1,389.1,389.1,389.1,0
20251121  11:59,389.1,389.1,389.1,389.1,0
20251121  12:00,389.1,389.1,389.1,389.1,0
20251121  12:01,389.1,389.1,389.1,389.1,0
20251121  12:02,389.1,389.1,389.1,389.1,0
20251121  12:03,389.1,389.1,389.1,389.1,0
20251121  12:04,389.1,389.1,389.1,389.1,0
20251121  12:05,389.1,389.1,389.1,389.1,0
20251121  12:06,389.1,389.1,389.1,389.1,0
20251121  12:07,389.1,389.1,389.1,389.1,0
20251121  12:08,389.1,389.1,389.1,389.1,0
20251121  12:09,389.1,389.1,389.1,389.1,0
20251121  12:10,389.1,389.1,389.1,389.1,0
20251121  12:11,389.1,389.1,389.1,389.1,0
20251121  12:12,389.1,389.1,389.1,389.1,0
20251121  12:13,389.1,389.1,389.1,389.1,0
20251121  12:14,389.1,389.1,389.1,389.1,0
20251121  12:15,389.1,389.1,389.1,389.1,0
20251121  12:16,389.1,389.1,389.1,389.1,0
20251121  12:17,389.1,389.1,389.1,389.1,0
20251121  12:18,389.1,389.1,389.1,389.1,0
20251121  12:19,389.1,389.1,389.1,389.1,0
20251121  12:20,389.1,389.1,389.1,389.1,0
20251121  12:21,389.1,389.1,389.1,389.1,0
20251121  12:22,389.1,389.1,389.1,389.1,0
20251121  12:23,389.1,389.1,389.1,389.1,0
20251121  12:24,389.1,389.1,389.1,389.1,0
20251121  12:25,389.1,389.1,389.1,389.1,0
20251121  12:26,389.1,389.1,389.1,389.1,0
20251121  12:27,389.1,389.1,389.1,389.1,0
20251121  12:28,389.1,389.1,389.1,389.1,0
20251121  12:29,389.1,389.1,389.1,389.1,0
20251121  12:30,389.1,389.1,389.1,389.1,0
20251121  12:31,389.1,389.1,389.1,389.1,0
20251121  12:32,389.1,389.1,389.1,389.1,0
20251121  12:33,389.1,389.1,389.1,389.1,0
20251121  12:34,389.1,389.1,389.1,389.1,0
20251121  12:35,389.1,389.1,389.1,389.1,0
20251121  12:36,389.1,389.1,389.1,389.1,0
20251121  12:37,389.1,389.1,389.1,389.1,0
20251121  12:38,389.1,389.1,389.1,389.1,0
20251121  12:39,389.1,389.1,389.1,389.1,0
20251121  12:40,389.1,389.1,389.1,389.1,0
20251121  12:41,389.1,389.1,389.1,389.1,0
20251121  12:42,389.1,389.1,389.1,389.1,0
20251121  12:43,389.1,389.1,389.1,389.1,0
20251121  12:44,389.1,389.1,389.1,389.1,0
20251121  12:45,389.1,389.1,389.1,389.1,0
20251121  12:46,389.1,389.1,389.1,389.1,0
20251121  12:47,389.1,389.1,389.1,389.1,0
20251121  12:48,389.1,389.1,389.1,389.1,0
20251121  12:49,389.1,389.1,389.1,389.1,0
20251121  12:50,389.1,389.1,389.1,389.1,0
20251121  12:51,389.1,389.1,389.1,389.1,0
20251121  12:52,389.1,389.1,389.1,389.1,0
20251121  12:53,389.1,389.1,389.1,389.1,0
20251121  12:54,389.1,389.1,389.1,389.1,0
20251121  12:55,389.1,389.1,389.1,389.1,0
20251121  12:56,389.1,389.1,389.1,389.1,0
20251121  12:57,389.1,389.1,389.1,389.1,0
20251121  12:58,389.1,389.1,389.1,389.1,0
20251121  12:59,389.1,389.1,389.1,389.1,0
20251121  13:00,389.1,389.1,389.1,389.1,0
20251121  13:01,389.1,389.1,389.1,389.1,0
20251121  13:02,389.1,389.1,389.1,389.1,0
20251121  13:03,389.1,389.1,389.1,389.1,0
20251121  13:04,389.1,389.1,389.1,389.1,0
20251121  13:05,389.1,389.1,389.1,389.1,0
20251121  13:06,389.1,389.1,389.1,389.1,0
20251121  13:07,389.1,389.1,389.1,389.1,0
20251121  13:08,389.1,389.1,389.1,389.1,0
20251121  13:09,389.1,389.1,389.1,389.1,0
20251121  13:10,389.1,389.1,389.1,389.1,0
20251121  13:11,389.1,389.1,389.1,389.1,0
20251121  13:12,389.1,389.1,389.1,389.1,2
20251121  13:13,389.1,389.1,389.1,389.1,0
20251121  13:14,389.1,389.1,389.1,389.1,0
20251121  13:15,388.1,388.1,386.2,386.2,3
20251121  13:16,386.2,386.2,386.2,386.2,0
20251121  13:17,386.2,386.2,386.2,386.2,0
20251121  13:18,386.2,386.2,386.2,386.2,0
20251121  13:19,386.2,386.2,386.2,386.2,0
20251121  13:20,386.2,386.2,386.2,386.2,0
20251121  13:21,386.2,386.2,386.2,386.2,0
20251121  13:22,386.2,386.2,386.2,386.2,0
20251121  13:23,386.2,386.2,386.2,386.2,0
20251121  13:24,386.2,386.2,386.2,386.2,0
20251121  13:25,386.2,386.2,386.2,386.2,0
20251121  13:26,386.2,386.2,386.2,386.2,0
20251121  13:27,386.2,386.2,386.2,386.2,0
20251121  13:28,386.2,386.2,386.2,386.2,0
20251121  13:29,386.2,386.2,386.2,386.2,0
20251121  13:30,386.2,386.2,386.2,386.2,0
20251124  10:46,399.9,399.9,399.9,399.9,1
20251124  10:47,399.9,399.9,399.9,399.9,0
20251124  10:48,399.9,399.9,399.9,399.9,0
20251124  10:49,399.9,399.9,399.9,399.9,0
20251124  10:50,399.9,399.9,399.9,399.9,0
20251124  10:51,399.9,399.9,399.9,399.9,0
20251124  10:52,399.9,399.9,399.9,399.9,0
20251124  10:53,399.9,399.9,399.9,399.9,0
20251124  10:54,399.9,399.9,399.9,399.9,0
20251124  10:55,399.9,399.9,399.9,399.9,0
20251124  10:56,399.9,399.9,399.9,399.9,0
20251124  10:57,399.9,399.9,399.9,399.9,0
20251124  10:58,399.9,399.9,399.9,399.9,0
20251124  10:59,399.9,399.9,399.9,399.9,0
20251124  11:00,399.9,399.9,399.9,399.9,0
20251124  11:01,399.9,399.9,399.9,399.9,0
20251124  11:02,399.9,399.9,399.9,399.9,0
20251124  11:03,399.9,399.9,399.9,399.9,0
20251124  11:04,399.9,399.9,399.9,399.9,0
20251124  11:05,399.9,399.9,399.9,399.9,0
20251124  11:06,399.9,399.9,399.9,399.9,0
20251124  11:07,399.9,399.9,399.9,399.9,0
20251124  11:08,399.9,399.9,399.9,399.9,0
20251124  11:09,399.9,399.9,399.9,399.9,0
20251124  11:10,399.9,399.9,399.9,399.9,0
20251124  11:11,399.9,399.9,399.9,399.9,0
20251124  11:12,399.9,399.9,399.9,399.9,0
20251124  11:13,399.9,399.9,399.9,399.9,0
20251124  11:14,399.9,399.9,399.9,399.9,0
20251124  11:15,399.9,399.9,399.9,399.9,0
20251124  11:16,399.9,399.9,399.9,399.9,0
20251124  11:17,399.9,399.9,399.9,399.9,0
20251124  11:18,399.9,399.9,399.9,399.9,0
20251124  11:19,399.9,399.9,399.9,399.9,0
20251124  11:20,399.9,399.9,399.9,399.9,0
20251124  11:21,399.9,399.9,399.9,399.9,0
20251124  11:22,399.9,399.9,399.9,399.9,0
20251124  11:23,399.9,399.9,399.9,399.9,0
20251124  11:24,399.9,399.9,399.9,399.9,0
20251124  11:25,399.9,399.9,399.9,399.9,0
20251124  11:26,399.9,399.9,399.9,399.9,0
20251124  11:27,399.9,399.9,399.9,399.9,0
20251124  11:28,399.9,399.9,399.9,399.9,0
20251124  11:29,399.9,399.9,399.9,399.9,0
20251124  11:30,399.9,399.9,399.9,399.9,0
20251124  11:31,399.9,399.9,399.9,399.9,0
20251124  11:32,399.9,399.9,399.9,399.9,0
20251124  11:33,399.9,399.9,399.9,399.9,0
20251124  11:34,399.9,399.9,399.9,399.9,0
20251124  11:35,399.9,399.9,399.9,399.9,0
20251124  11:36,399.9,399.9,399.9,399.9,0
20251124  11:37,399.9,399.9,399.9,399.9,0
20251124  11:38,399.9,399.9,399.9,399.9,0
20251124  11:39,399.9,399.9,399.9,399.9,0
20251124  11:40,399.9,399.9,399.9,399.9,0
20251124  11:41,399.9,399.9,399.9,399.9,0
20251124  11:42,399.9,399.9,399.9,399.9,0
20251124  11:43,399.9,399.9,399.9,399.9,0
20251124  11:44,399.9,399.9,399.9,399.9,0
20251124  11:45,399.9,399.9,399.9,399.9,0
20251124  11:46,399.9,399.9,399.9,399.9,0
20251124  11:47,399.9,399.9,399.9,399.9,0
20251124  11:48,399.9,399.9,399.9,399.9,0
20251124  11:49,399.9,399.9,399.9,399.9,0
20251124  11:50,399.9,399.9,399.9,399.9,0
20251124  11:51,399.9,399.9,399.9,399.9,0
20251124  11:52,399.9,399.9,399.9,399.9,0
20251124  11:53,399.9,399.9,399.9,399.9,0
20251124  11:54,399.9,399.9,399.9,399.9,0
20251124  11:55,399.9,399.9,399.9,399.9,0
20251124  11:56,399.9,399.9,399.9,399.9,0
20251124  11:57,399.9,399.9,399.9,399.9,0
20251124  11:58,399.9,399.9,399.9,399.9,0
20251124  11:59,399.9,399.9,399.9,399.9,0
20251124  12:00,399.9,399.9,399.9,399.9,0
20251124  12:01,399.9,399.9,399.9,399.9,0
20251124  12:02,399.9,399.9,399.9,399.9,0
20251124  12:03,399.9,399.9,399.9,399.9,0
20251124  12:04,399.9,399.9,399.9,399.9,0
20251124  12:05,399.9,399.9,399.9,399.9,0
20251124  12:06,399.9,399.9,399.9,399.9,0
20251124  12:07,399.9,399.9,399.9,399.9,0
20251124  12:08,399.9,399.9,399.9,399.9,0
20251124  12:09,399.9,399.9,399.9,399.9,0
20251124  12:10,399.9,399.9,399.9,399.9,0
20251124  12:11,399.9,399.9,399.9,399.9,0
20251124  12:12,399.9,399.9,399.9,399.9,0
20251124  12:13,399.9,399.9,399.9,399.9,0
20251124  12:14,399.9,399.9,399.9,399.9,0
20251124  12:15,399.9,399.9,399.9,399.9,0
20251124  12:16,399.9,399.9,399.9,399.9,0
20251124  12:17,399.9,399.9,399.9,399.9,0
20251124  12:18,399.9,399.9,399.9,399.9,0
20251124  12:19,399.9,399.9,399.9,399.9,0
20251124  12:20,399.9,399.9,399.9,399.9,0
20251124  12:21,399.9,399.9,399.9,399.9,0
20251124  12:22,399.9,399.9,399.9,399.9,0
20251124  12:23,399.9,399.9,399.9,399.9,0
20251124  12:24,399.9,399.9,399.9,399.9,0
20251124  12:25,399.9,399.9,399.9,399.9,0
20251124  12:26,399.9,399.9,399.9,399.9,0
20251124  12:27,399.9,399.9,399.9,399.9,0
20251124  12:28,399.9,399.9,399.9,399.9,0
20251124  12:29,399.9,399.9,399.9,399.9,0
20251124  12:30,399.9,399.9,399.9,399.9,0
20251124  12:31,399.9,399.9,399.9,399.9,0
20251124  12:32,399.9,399.9,399.9,399.9,0
20251124  12:33,399.9,399.9,399.9,399.9,0
20251124  12:34,399.9,399.9,399.9,399.9,0
20251124  12:35,399.9,399.9,399.9,399.9,0
20251124  12:36,399.9,399.9,399.9,399.9,0
20251124  12:37,399.9,399.9,399.9,399.9,0
20251124  12:38,399.9,399.9,399.9,399.9,0
20251124  12:39,399.9,399.9,399.9,399.9,0
20251124  12:40,399.9,399.9,399.9,399.9,0
20251124  12:41,399.9,399.9,399.9,399.9,0
20251124  12:42,399.9,399.9,399.9,399.9,0
20251124  12:43,399.9,399.9,399.9,399.9,0
20251124  12:44,399.9,399.9,399.9,399.9,0
20251124  12:45,399.9,399.9,399.9,399.9,0
20251124  12:46,399.9,399.9,399.9,399.9,0
20251124  12:47,399.9,399.9,399.9,399.9,0
20251124  12:48,399.9,399.9,399.9,399.9,0
20251124  12:49,399.9,399.9,399.9,399.9,0
20251124  12:50,399.9,399.9,399.9,399.9,0
20251124  12:51,399.9,399.9,399.9,399.9,0
20251124  12:52,399.9,399.9,399.9,399.9,0
20251124  12:53,399.9,399.9,399.9,399.9,0
20251124  12:54,399.9,399.9,399.9,399.9,0
20251124  12:55,399.9,399.9,399.9,399.9,0
20251124  12:56,399.9,399.9,399.9,399.9,0
20251124  12:57,399.9,399.9,399.9,399.9,0
20251124  12:58,399.9,399.9,399.9,399.9,0
20251124  12:59,399.9,399.9,399.9,399.9,0
20251124  13:00,399.9,399.9,399.9,399.9,0
20251124  13:01,399.9,399.9,399.9,399.9,0
20251124  13:02,399.9,399.9,399.9,399.9,0
20251124  13:03,399.9,399.9,399.9,399.9,0
20251124  13:04,399.9,399.9,399.9,399.9,0
20251124  13:05,399.9,399.9,399.9,399.9,0
20251124  13:06,399.9,399.9,399.9,399.9,0
20251124  13:07,399.9,399.9,399.9,399.9,0
20251124  13:08,399.9,399.9,399.9,399.9,0
20251124  13:09,399.9,399.9,399.9,399.9,0
20251124  13:10,399.9,399.9,399.9,399.9,0
20251124  13:11,399.9,399.9,399.9,399.9,0
20251124  13:12,399.9,399.9,399.9,399.9,0
20251124  13:13,399.9,399.9,399.9,399.9,0
20251124  13:14,399.9,399.9,399.9,399.9,0
20251124  13:15,399.9,399.9,399.9,399.9,0
20251124  13:16,399.9,399.9,399.9,399.9,0
20251124  13:17,399.9,399.9,399.9,399.9,0
20251124  13:18,399.9,399.9,399.9,399.9,0
20251124  13:19,399.9,399.9,399.9,399.9,0
20251124  13:20,399.9,399.9,399.9,399.9,0
20251124  13:21,399.9,399.9,399.9,399.9,0
20251124  13:22,399.9,399.9,399.9,399.9,0
20251124  13:23,399.9,399.9,399.9,399.9,0
20251124  13:24,399.9,399.9,399.9,399.9,0
20251124  13:25,399.9,399.9,399.9,399.9,0
20251124  13:26,399.9,399.9,399.9,399.9,0
20251124  13:27,399.9,399.9,399.9,399.9,0
20251124  13:28,399.9,399.9,399.9,399.9,0
20251124  13:29,399.9,399.9,399.9,399.9,0
20251124  13:30,399.9,399.9,399.9,399.9,0
20251125  11:03,409.2,409.2,409.2,409.2,1
20251125  11:04,409.2,409.2,409.2,409.2,0
20251125  11:05,409.2,409.2,409.2,409.2,0
20251125  11:06,409.2,409.2,409.2,409.2,0
20251125  11:07,409.5,409.5,409.5,409.5,1
20251125  11:08,409.5,409.5,409.5,409.5,0
20251125  11:09,409.5,409.5,409.5,409.5,0
20251125  11:10,409.5,409.5,409.5,409.5,0
20251125  11:11,409.5,409.5,409.5,409.5,0
20251125  11:12,409.5,409.5,409.5,409.5,0
20251125  11:13,409.5,409.5,409.5,409.5,0
20251125  11:14,409.5,409.5,409.5,409.5,0
20251125  11:15,409.5,409.5,409.5,409.5,0
20251125  11:16,409.5,409.5,409.5,409.5,0
20251125  11:17,409.5,409.5,409.5,409.5,0
20251125  11:18,409.5,409.5,409.5,409.5,0
20251125  11:19,409.5,409.5,409.5,409.5,0
20251125  11:20,409.5,409.5,409.5,409.5,0
20251125  11:21,409.5,409.5,409.5,409.5,0
20251125  11:22,409.5,409.5,409.5,409.5,0
20251125  11:23,409.5,409.5,409.5,409.5,0
20251125  11:24,409.5,409.5,409.5,409.5,0
20251125  11:25,409.5,409.5,409.5,409.5,0
20251125  11:26,409.5,409.5,409.5,409.5,0
20251125  11:27,409.5,409.5,409.5,409.5,0
20251125  11:28,409.5,409.5,409.5,409.5,0
20251125  11:29,409.5,409.5,409.5,409.5,0
20251125  11:30,409.5,409.5,409.5,409.5,0
20251125  11:31,409.5,409.5,409.5,409.5,0
20251125  11:32,409.5,409.5,409.5,409.5,0
20251125  11:33,409.5,409.5,409.5,409.5,0
20251125  11:34,409.5,409.5,409.5,409.5,0
20251125  11:35,409.5,409.5,409.5,409.5,0
20251125  11:36,409.5,409.5,409.5,409.5,0
20251125  11:37,409.5,409.5,409.5,409.5,0
20251125  11:38,409.5,409.5,409.5,409.5,0
20251125  11:39,409.5,409.5,409.5,409.5,0
20251125  11:40,409.5,409.5,409.5,409.5,0
20251125  11:41,409.5,409.5,409.5,409.5,0
20251125  11:42,409.5,409.5,409.5,409.5,0
20251125  11:43,409.5,409.5,409.5,409.5,0
20251125  11:44,409.5,409.5,409.5,409.5,0
20251125  11:45,409.5,409.5,409.5,409.5,0
20251125  11:46,409.5,409.5,409.5,409.5,0
20251125  11:47,409.5,409.5,409.5,409.5,0
20251125  11:48,409.5,409.5,409.5,409.5,0
20251125  11:49,409.5,409.5,409.5,409.5,0
20251125  11:50,409.5,409.5,409.5,409.5,0
20251125  11:51,409.5,409.5,409.5,409.5,0
20251125  11:52,409.5,409.5,409.5,409.5,0
20251125  11:53,409.5,409.5,409.5,409.5,0
20251125  11:54,409.5,409.5,409.5,409.5,0
20251125  11:55,409.5,409.5,409.5,409.5,0
20251125  11:56,409.5,409.5,409.5,409.5,0
20251125  11:57,409.5,409.5,409.5,409.5,0
20251125  11:58,409.5,409.5,409.5,409.5,0
20251125  11:59,409.5,409.5,409.5,409.5,0
20251125  12:00,409.5,409.5,409.5,409.5,0
20251125  12:01,409.5,409.5,409.5,409.5,0
20251125  12:02,409.5,409.5,409.5,409.5,0
20251125  12:03,409.5,409.5,409.5,409.5,0
20251125  12:04,409.5,409.5,409.5,409.5,0
20251125  12:05,409.5,409.5,409.5,409.5,0
20251125  12:06,409.5,409.5,409.5,409.5,0
20251125  12:07,409.5,409.5,409.5,409.5,0
20251125  12:08,409.5,409.5,409.5,409.5,0
20251125  12:09,409.5,409.5,409.5,409.5,0
20251125  12:10,409.5,409.5,409.5,409.5,0
20251125  12:11,409.5,409.5,409.5,409.5,0
20251125  12:12,409.5,409.5,409.5,409.5,0
20251125  12:13,409.5,409.5,409.5,409.5,0
20251125  12:14,409.5,409.5,409.5,409.5,0
20251125  12:15,409.5,409.5,409.5,409.5,0
20251125  12:16,409.5,409.5,409.5,409.5,0
20251125  12:17,409.5,409.5,409.5,409.5,0
20251125  12:18,409.5,409.5,409.5,409.5,0
20251125  12:19,409.5,409.5,409.5,409.5,0
20251125  12:20,409.5,409.5,409.5,409.5,0
20251125  12:21,409.5,409.5,409.5,409.5,0
20251125  12:22,409.5,409.5,409.5,409.5,0
20251125  12:23,409.5,409.5,409.5,409.5,0
20251125  12:24,409.5,409.5,409.5,409.5,0
20251125  12:25,409.5,409.5,409.5,409.5,0
20251125  12:26,409.5,409.5,409.5,409.5,0
20251125  12:27,409.5,409.5,409.5,409.5,0
20251125  12:28,409.5,409.5,409.5,409.5,0
20251125  12:29,405.0,405.0,405.0,405.0,4
20251125  12:30,405.0,405.0,405.0,405.0,0
20251125  12:31,405.0,405.0,405.0,405.0,0
20251125  12:32,405.0,405.0,405.0,405.0,0
20251125  12:33,405.0,405.0,405.0,405.0,0
20251125  12:34,405.0,405.0,405.0,405.0,0
20251125  12:35,405.0,405.0,405.0,405.0,0
20251125  12:36,405.0,405.0,405.0,405.0,0
20251125  12:37,405.0,405.0,405.0,405.0,0
20251125  12:38,405.0,405.0,405.0,405.0,0
20251125  12:39,405.0,405.0,405.0,405.0,0
20251125  12:40,405.0,405.0,405.0,405.0,0
20251125  12:41,405.0,405.0,405.0,405.0,1
20251125  12:42,405.0,405.0,405.0,405.0,0
20251125  12:43,405.0,405.0,405.0,405.0,0
20251125  12:44,405.0,405.0,405.0,405.0,0
20251125  12:45,405.0,405.0,405.0,405.0,0
20251125  12:46,405.0,405.0,405.0,405.0,0
20251125  12:47,405.0,405.0,405.0,405.0,0
20251125  12:48,405.0,405.0,405.0,405.0,0
20251125  12:49,405.0,405.0,405.0,405.0,0
20251125  12:50,405.0,405.0,405.0,405.0,0
20251125  12:51,405.0,405.0,405.0,405.0,0
20251125  12:52,405.0,405.0,405.0,405.0,0
20251125  12:53,405.0,405.0,405.0,405.0,0
20251125  12:54,405.0,405.0,405.0,405.0,0
20251125  12:55,405.0,405.0,405.0,405.0,1
20251125  12:56,405.0,405.0,405.0,405.0,0
20251125  12:57,405.0,405.0,405.0,405.0,0
20251125  12:58,405.35,405.35,405.35,405.35,1
20251125  12:59,405.35,405.35,405.35,405.35,0
20251125  13:00,405.35,405.35,405.35,405.35,0
20251125  13:01,405.35,405.35,405.35,405.35,0
20251125  13:02,405.35,405.35,405.35,405.35,0
20251125  13:03,405.35,405.35,405.35,405.35,0
20251125  13:04,405.35,405.35,405.35,405.35,0
20251125  13:05,405.35,405.35,405.35,405.35,0
20251125  13:06,405.35,405.35,405.35,405.35,0
20251125  13:07,405.35,405.35,405.35,405.35,0
20251125  13:08,405.35,405.35,405.35,405.35,0
20251125  13:09,405.35,405.35,405.35,405.35,0
20251125  13:10,405.35,405.35,405.35,405.35,0
20251125  13:11,405.35,405.35,405.35,405.35,0
20251125  13:12,405.35,405.35,405.35,405.35,0
20251125  13:13,405.35,405.35,405.35,405.35,0
20251125  13:14,405.35,405.35,405.35,405.35,0
20251125  13:15,405.35,405.35,405.35,405.35,0
20251125  13:16,405.35,405.35,405.35,405.35,0
20251125  13:17,405.35,405.35,405.35,405.35,0
20251125  13:18,405.35,405.35,405.35,405.35,0
20251125  13:19,405.35,405.35,405.35,405.35,0
20251125  13:20,405.35,405.35,405.35,405.35,0
20251125  13:21,405.35,405.35,405.35,405.35,0
20251125  13:22,405.35,405.35,405.35,405.35,0
20251125  13:23,405.35,405.35,405.35,405.35,0
20251125  13:24,405.35,405.35,405.35,405.35,0
20251125  13:25,405.35,405.35,405.35,405.35,0
20251125  13:26,405.35,405.35,405.35,405.35,0
20251125  13:27,405.35,405.35,405.35,405.35,0
20251125  13:28,405.35,405.35,405.35,405.35,0
20251125  13:29,405.35,405.35,405.35,405.35,0
20251125  13:30,405.35,405.35,405.35,405.35,0
20251201  11:22,407.05,407.2,407.05,407.2,5
20251201  11:23,407.2,407.2,407.2,407.2,0
20251201  11:24,407.2,407.2,407.2,407.2,0
20251201  11:25,407.2,407.2,407.2,407.2,0
20251201  11:26,407.2,407.2,407.2,407.2,0
20251201  11:27,407.2,407.2,407.2,407.2,0
20251201  11:28,407.2,407.2,407.2,407.2,0
20251201  11:29,407.2,407.2,407.2,407.2,0
20251201  11:30,407.2,407.2,407.2,407.2,0
20251201  11:31,407.2,407.2,407.2,407.2,0
20251201  11:32,407.2,407.2,407.2,407.2,0
20251201  11:33,407.2,407.2,407.2,407.2,0
20251201  11:34,407.2,407.2,407.2,407.2,0
20251201  11:35,407.1,407.1,407.1,407.1,5
20251201  11:36,407.1,407.1,407.1,407.1,0
20251201  11:37,407.1,407.1,407.1,407.1,0
20251201  11:38,407.1,407.1,407.1,407.1,0
20251201  11:39,407.1,407.1,407.1,407.1,0
20251201  11:40,407.1,407.1,407.1,407.1,0
20251201  11:41,407.1,407.1,407.1,407.1,0
20251201  11:42,407.1,407.1,407.1,407.1,0
20251201  11:43,407.1,407.1,407.1,407.1,0
20251201  11:44,407.1,407.1,407.1,407.1,0
20251201  11:45,407.1,407.1,407.1,407.1,0
20251201  11:46,407.1,407.1,407.1,407.1,0
20251201  11:47,407.1,407.1,407.1,407.1,0
20251201  11:48,407.1,407.1,407.1,407.1,0
20251201  11:49,407.1,407.1,407.1,407.1,0
20251201  11:50,407.1,407.1,407.1,407.1,0
20251201  11:51,407.1,407.1,407.1,407.1,0
20251201  11:52,407.1,407.1,407.1,407.1,0
20251201  11:53,407.1,407.1,407.1,407.1,0
20251201  11:54,407.1,407.1,407.1,407.1,0
20251201  11:55,407.1,407.1,407.1,407.1,0
20251201  11:56,407.1,407.1,407.1,407.1,0
20251201  11:57,407.1,407.1,407.1,407.1,0
20251201  11:58,407.1,407.1,407.1,407.1,0
20251201  11:59,407.1,407.1,407.1,407.1,0
20251201  12:00,407.1,407.1,407.1,407.1,0
20251201  12:01,407.1,407.1,407.1,407.1,0
20251201  12:02,407.1,407.1,407.1,407.1,0
20251201  12:03,407.1,407.1,407.1,407.1,0
20251201  12:04,407.1,407.1,407.1,407.1,0
20251201  12:05,407.1,407.1,407.1,407.1,0
20251201  12:06,407.1,407.1,407.1,407.1,0
20251201  12:07,407.1,407.1,407.1,407.1,1
20251201  12:08,407.1,407.1,407.1,407.1,0
20251201  12:09,407.1,407.1,407.1,407.1,0
20251201  12:10,407.1,407.1,407.1,407.1,2
20251201  12:11,407.1,407.1,407.1,407.1,0
20251201  12:12,407.1,407.1,407.1,407.1,0
20251201  12:13,407.1,407.1,407.1,407.1,0
20251201  12:14,407.1,407.1,407.1,407.1,0
20251201  12:15,407.1,407.1,407.1,407.1,0
20251201  12:16,407.1,407.1,407.1,407.1,0
20251201  12:17,407.1,407.1,407.1,407.1,0
20251201  12:18,407.1,407.1,407.1,407.1,0
20251201  12:19,407.1,407.1,407.1,407.1,0
20251201  12:20,407.1,407.1,407.1,407.1,0
20251201  12:21,407.1,407.1,407.1,407.1,0
20251201  12:22,407.1,407.1,407.1,407.1,0
20251201  12:23,407.1,407.1,407.1,407.1,0
20251201  12:24,407.1,407.1,407.1,407.1,0
20251201  12:25,407.1,407.1,407.1,407.1,0
20251201  12:26,407.1,407.1,407.1,407.1,0
20251201  12:27,407.1,407.1,407.1,407.1,0
20251201  12:28,407.1,407.1,407.1,407.1,0
20251201  12:29,407.1,407.1,407.1,407.1,0
20251201  12:30,407.1,407.1,407.1,407.1,0
20251201  12:31,407.1,407.1,407.1,407.1,0
20251201  12:32,407.1,407.1,407.1,407.1,0
20251201  12:33,407.1,407.1,407.1,407.1,0
20251201  12:34,407.1,407.1,407.1,407.1,0
20251201  12:35,407.1,407.1,407.1,407.1,0
20251201  12:36,407.1,407.1,407.1,407.1,0
20251201  12:37,407.1,407.1,407.1,407.1,0
20251201  12:38,407.1,407.1,407.1,407.1,0
20251201  12:39,407.1,407.1,407.1,407.1,0
20251201  12:40,407.1,407.1,407.1,407.1,0
20251201  12:41,407.1,407.1,407.1,407.1,0
20251201  12:42,407.1,407.1,407.1,407.1,0
20251201  12:43,407.1,407.1,407.1,407.1,0
20251201  12:44,407.1,407.1,407.1,407.1,0
20251201  12:45,407.1,407.1,407.1,407.1,0
20251201  12:46,407.1,407.1,407.1,407.1,0
20251201  12:47,407.1,407.1,407.1,407.1,0
20251201  12:48,407.1,407.1,407.1,407.1,0
20251201  12:49,407.1,407.1,407.1,407.1,0
20251201  12:50,407.1,407.1,407.1,407.1,0
20251201  12:51,407.1,407.1,407.1,407.1,0
20251201  12:52,407.1,407.1,407.1,407.1,0
20251201  12:53,407.1,407.1,407.1,407.1,0
20251201  12:54,407.1,407.1,407.1,407.1,0
20251201  12:55,407.1,407.1,407.1,407.1,0
20251201  12:56,407.1,407.1,407.1,407.1,0
20251201  12:57,407.1,407.1,407.1,407.1,0
20251201  12:58,407.1,407.1,407.1,407.1,0
20251201  12:59,407.1,407.1,407.1,407.1,0
20251201  13:00,407.1,407.1,407.1,407.1,0
20251201  13:01,407.1,407.1,407.1,407.1,0
20251201  13:02,407.1,407.1,407.1,407.1,0
20251201  13:03,407.1,407.1,407.1,407.1,0
20251201  13:04,407.1,407.1,407.1,407.1,0
20251201  13:05,407.1,407.1,407.1,407.1,0
20251201  13:06,407.1,407.1,407.1,407.1,0
20251201  13:07,407.1,407.1,407.1,407.1,0
20251201  13:08,407.1,407.1,407.1,407.1,0
20251201  13:09,407.1,407.1,407.1,407.1,0
20251201  13:10,407.1,407.1,407.1,407.1,0
20251201  13:11,407.1,407.1,407.1,407.1,0
20251201  13:12,407.1,407.1,407.1,407.1,0
20251201  13:13,407.1,407.1,407.1,407.1,0
20251201  13:14,407.1,407.1,407.1,407.1,0
20251201  13:15,407.1,407.1,407.1,407.1,0
20251201  13:16,407.1,407.1,407.1,407.1,0
20251201  13:17,407.1,407.1,407.1,407.1,0
20251201  13:18,407.1,407.1,407.1,407.1,0
20251201  13:19,407.1,407.1,407.1,407.1,0
20251201  13:20,407.1,407.1,407.1,407.1,0
20251201  13:21,407.1,407.1,407.1,407.1,0
20251201  13:22,407.1,407.1,407.1,407.1,0
20251201  13:23,407.1,407.1,407.1,407.1,0
20251201  13:24,407.1,407.1,407.1,407.1,0
20251201  13:25,407.1,407.1,407.1,407.1,0
20251201  13:26,407.1,407.1,407.1,407.1,0
20251201  13:27,407.1,407.1,407.1,407.1,0
20251201  13:28,407.1,407.1,407.1,407.1,0
20251201  13:29,407.1,407.1,407.1,407.1,0
20251201  13:30,407.1,407.1,407.1,407.1,0
20251202  10:17,409.45,409.45,409.45,409.45,1
20251202  10:18,409.45,409.45,409.45,409.45,0
20251202  10:19,409.45,409.45,409.45,409.45,0
20251202  10:20,409.45,409.45,409.45,409.45,0
20251202  10:21,409.45,409.45,409.45,409.45,0
20251202  10:22,409.45,409.45,409.45,409.45,0
20251202  10:23,410.1,410.1,410.1,410.1,1
20251202  10:24,410.1,410.1,410.1,410.1,0
20251202  10:25,410.1,410.1,410.1,410.1,0
20251202  10:26,410.1,410.1,410.1,410.1,0
20251202  10:27,410.1,410.1,410.1,410.1,0
20251202  10:28,410.1,410.1,410.1,410.1,0
20251202  10:29,410.1,410.1,410.1,410.1,0
20251202  10:30,410.1,410.1,410.1,410.1,0
20251202  10:31,410.1,410.1,410.1,410.1,0
20251202  10:32,410.1,410.1,410.1,410.1,0
20251202  10:33,410.1,410.1,410.1,410.1,0
20251202  10:34,410.1,410.1,410.1,410.1,0
20251202  10:35,410.1,410.1,410.1,410.1,0
20251202  10:36,410.1,410.1,410.1,410.1,0
20251202  10:37,410.1,410.1,410.1,410.1,0
20251202  10:38,410.1,410.1,410.1,410.1,0
20251202  10:39,410.1,410.1,410.1,410.1,0
20251202  10:40,410.1,410.1,410.1,410.1,0
20251202  10:41,410.1,410.1,410.1,410.1,0
20251202  10:42,410.1,410.1,410.1,410.1,0
20251202  10:43,410.1,410.1,410.1,410.1,0
20251202  10:44,410.1,410.1,410.1,410.1,0
20251202  10:45,410.1,410.1,410.1,410.1,0
20251202  10:46,410.1,410.1,410.1,410.1,0
20251202  10:47,410.1,410.1,410.1,410.1,0
20251202  10:48,410.1,410.1,410.1,410.1,0
20251202  10:49,410.1,410.1,410.1,410.1,0
20251202  10:50,410.1,410.1,410.1,410.1,0
20251202  10:51,410.1,410.1,410.1,410.1,0
20251202  10:52,410.1,410.1,410.1,410.1,0
20251202  10:53,410.1,410.1,410.1,410.1,0
20251202  10:54,410.1,410.1,410.1,410.1,0
20251202  10:55,410.1,410.1,410.1,410.1,0
20251202  10:56,410.1,410.1,410.1,410.1,0
20251202  10:57,410.1,410.1,410.1,410.1,0
20251202  10:58,410.1,410.1,410.1,410.1,0
20251202  10:59,410.1,410.1,410.1,410.1,0
20251202  11:00,410.1,410.1,410.1,410.1,0
20251202  11:01,410.1,410.1,410.1,410.1,0
20251202  11:02,410.1,410.1,410.1,410.1,0
20251202  11:03,410.1,410.1,410.1,410.1,0
20251202  11:04,410.1,410.1,410.1,410.1,0
20251202  11:05,410.1,410.1,410.1,410.1,0
20251202  11:06,410.1,410.1,410.1,410.1,0
20251202  11:07,410.1,410.1,410.1,410.1,0
20251202  11:08,410.1,410.1,410.1,410.1,0
20251202  11:09,410.1,410.1,410.1,410.1,0
20251202  11:10,410.1,410.1,410.1,410.1,0
20251202  11:11,410.1,410.1,410.1,410.1,0
20251202  11:12,410.1,410.1,410.1,410.1,0
20251202  11:13,410.1,410.1,410.1,410.1,0
20251202  11:14,410.1,410.1,410.1,410.1,0
20251202  11:15,410.1,410.1,410.1,410.1,0
20251202  11:16,410.1,410.1,410.1,410.1,0
20251202  11:17,410.1,410.1,410.1,410.1,0
20251202  11:18,410.1,410.1,410.1,410.1,0
20251202  11:19,410.1,410.1,410.1,410.1,0
20251202  11:20,410.1,410.1,410.1,410.1,0
20251202  11:21,410.1,410.1,410.1,410.1,0
20251202  11:22,410.1,410.1,410.1,410.1,0
20251202  11:23,410.1,410.1,410.1,410.1,0
20251202  11:24,410.1,410.1,410.1,410.1,0
20251202  11:25,410.1,410.1,410.1,410.1,0
20251202  11:26,410.1,410.1,410.1,410.1,0
20251202  11:27,410.1,410.1,410.1,410.1,0
20251202  11:28,410.1,410.1,410.1,410.1,0
20251202  11:29,408.9,408.9,408.9,408.9,4
20251202  11:30,408.9,408.9,408.9,408.9,0
20251202  11:31,408.9,408.9,408.9,408.9,0
20251202  11:32,408.9,408.9,408.9,408.9,0
20251202  11:33,408.9,408.9,408.9,408.9,0
20251202  11:34,408.9,408.9,408.9,408.9,0
20251202  11:35,408.9,408.9,408.9,408.9,0
20251202  11:36,408.9,408.9,408.9,408.9,0
20251202  11:37,408.9,408.9,408.9,408.9,0
20251202  11:38,408.9,408.9,408.9,408.9,0
20251202  11:39,408.9,408.9,408.9,408.9,0
20251202  11:40,408.9,408.9,408.9,408.9,0
20251202  11:41,408.9,408.9,408.9,408.9,0
20251202  11:42,408.9,408.9,408.9,408.9,0
20251202  11:43,408.9,408.9,408.9,408.9,0
20251202  11:44,408.9,408.9,408.9,408.9,0
20251202  11:45,408.9,408.9,408.9,408.9,0
20251202  11:46,408.9,408.9,408.9,408.9,0
20251202  11:47,408.9,408.9,408.9,408.9,0
20251202  11:48,408.9,408.9,408.9,408.9,0
20251202  11:49,408.9,408.9,408.9,408.9,0
20251202  11:50,408.9,408.9,408.9,408.9,0
20251202  11:51,408.9,408.9,408.9,408.9,0
20251202  11:52,408.9,408.9,408.9,408.9,0
20251202  11:53,408.9,408.9,408.9,408.9,0
20251202  11:54,408.9,408.9,408.9,408.9,0
20251202  11:55,408.9,408.9,408.9,408.9,0
20251202  11:56,408.9,408.9,408.9,408.9,0
20251202  11:57,408.9,408.9,408.9,408.9,0
20251202  11:58,408.9,408.9,408.9,408.9,0
20251202  11:59,408.9,408.9,408.9,408.9,0
20251202  12:00,408.9,408.9,408.9,408.9,0
20251202  12:01,408.9,408.9,408.9,408.9,0
20251202  12:02,408.9,408.9,408.9,408.9,0
20251202  12:03,408.9,408.9,408.9,408.9,0
20251202  12:04,408.9,408.9,408.9,408.9,0
20251202  12:05,408.9,408.9,408.9,408.9,0
20251202  12:06,408.9,408.9,408.9,408.9,0
20251202  12:07,408.9,408.9,408.9,408.9,0
20251202  12:08,408.9,408.9,408.9,408.9,0
20251202  12:09,408.9,408.9,408.9,408.9,0
20251202  12:10,408.9,408.9,408.9,408.9,0
20251202  12:11,408.9,408.9,408.9,408.9,0
20251202  12:12,408.9,408.9,408.9,408.9,0
20251202  12:13,408.9,408.9,408.9,408.9,0
20251202  12:14,408.9,408.9,408.9,408.9,0
20251202  12:15,408.9,408.9,408.9,408.9,0
20251202  12:16,408.9,408.9,408.9,408.9,0
20251202  12:17,408.9,408.9,408.9,408.9,0
20251202  12:18,408.9,408.9,408.9,408.9,0
20251202  12:19,408.9,408.9,408.9,408.9,0
20251202  12:20,408.9,408.9,408.9,408.9,0
20251202  12:21,408.9,408.9,408.9,408.9,0
20251202  12:22,408.9,408.9,408.9,408.9,0
20251202  12:23,408.9,408.9,408.9,408.9,0
20251202  12:24,408.9,408.9,408.9,408.9,0
20251202  12:25,408.9,408.9,408.9,408.9,0
20251202  12:26,408.9,408.9,408.9,408.9,0
20251202  12:27,408.9,408.9,408.9,408.9,0
20251202  12:28,408.9,408.9,408.9,408.9,0
20251202  12:29,408.9,408.9,408.9,408.9,0
20251202  12:30,408.9,408.9,408.9,408.9,0
20251202  12:31,408.9,408.9,408.9,408.9,0
20251202  12:32,408.9,408.9,408.9,408.9,0
20251202  12:33,408.9,408.9,408.9,408.9,0
20251202  12:34,408.9,408.9,408.9,408.9,0
20251202  12:35,408.9,408.9,408.9,408.9,0
20251202  12:36,408.9,408.9,408.9,408.9,0
20251202  12:37,408.9,408.9,408.9,408.9,0
20251202  12:38,408.9,408.9,408.9,408.9,0
20251202  12:39,408.9,408.9,408.9,408.9,0
20251202  12:40,408.9,408.9,408.9,408.9,0
20251202  12:41,408.9,408.9,408.9,408.9,0
20251202  12:42,408.9,408.9,408.9,408.9,0
20251202  12:43,408.9,408.9,408.9,408.9,0
20251202  12:44,408.9,408.9,408.9,408.9,0
20251202  12:45,408.9,408.9,408.9,408.9,0
20251202  12:46,408.9,408.9,408.9,408.9,0
20251202  12:47,408.9,408.9,408.9,408.9,0
20251202  12:48,408.9,408.9,408.9,408.9,0
20251202  12:49,408.9,408.9,408.9,408.9,0
20251202  12:50,408.9,408.9,408.9,408.9,0
20251202  12:51,408.9,408.9,408.9,408.9,0
20251202  12:52,408.9,408.9,408.9,408.9,0
20251202  12:53,408.9,408.9,408.9,408.9,0
20251202  12:54,408.9,408.9,408.9,408.9,0
20251202  12:55,408.9,408.9,408.9,408.9,0
20251202  12:56,408.9,408.9,408.9,408.9,0
20251202  12:57,408.9,408.9,408.9,408.9,0
20251202  12:58,408.9,408.9,408.9,408.9,0
20251202  12:59,408.9,408.9,408.9,408.9,0
20251202  13:00,408.9,408.9,408.9,408.9,0
20251202  13:01,408.9,408.9,408.9,408.9,0
20251202  13:02,408.9,408.9,408.9,408.9,0
20251202  13:03,408.9,408.9,408.9,408.9,0
20251202  13:04,408.9,408.9,408.9,408.9,0
20251202  13:05,408.9,408.9,408.9,408.9,0
20251202  13:06,408.9,408.9,408.9,408.9,0
20251202  13:07,408.9,408.9,408.9,408.9,0
20251202  13:08,408.9,408.9,408.9,408.9,0
20251202  13:09,408.9,408.9,408.9,408.9,0
20251202  13:10,408.9,408.9,408.9,408.9,0
20251202  13:11,408.9,408.9,408.9,408.9,0
20251202  13:12,408.9,408.9,408.9,408.9,0
20251202  13:13,408.9,408.9,408.9,408.9,0
20251202  13:14,408.9,408.9,408.9,408.9,0
20251202  13:15,408.9,408.9,408.9,408.9,0
20251202  13:16,408.9,408.9,408.9,408.9,0
20251202  13:17,408.9,408.9,408.9,408.9,0
20251202  13:18,408.9,408.9,408.9,408.9,0
20251202  13:19,408.9,408.9,408.9,408.9,0
20251202  13:20,408.9,408.9,408.9,408.9,0
20251202  13:21,408.9,408.9,408.9,408.9,0
20251202  13:22,408.9,408.9,408.9,408.9,0
20251202  13:23,408.9,408.9,408.9,408.9,0
20251202  13:24,408.9,408.9,408.9,408.9,0
20251202  13:25,408.9,408.9,408.9,408.9,0
20251202  13:26,408.9,408.9,408.9,408.9,0
20251202  13:27,408.9,408.9,408.9,408.9,0
20251202  13:28,408.9,408.9,408.9,408.9,0
20251202  13:29,408.9,408.9,408.9,408.9,0
20251202  13:30,408.9,408.9,408.9,408.9,0
20251208  11:06,403.4,405.6,403.25,405.6,4
20251208  11:07,405.6,405.6,405.6,405.6,0
20251208  11:08,405.6,405.6,405.6,405.6,0
20251208  11:09,405.6,405.6,405.6,405.6,0
20251208  11:10,405.6,405.6,405.6,405.6,0
20251208  11:11,405.6,405.6,405.6,405.6,0
20251208  11:12,405.6,405.6,405.6,405.6,0
20251208  11:13,405.6,405.6,405.6,405.6,0
20251208  11:14,405.6,405.6,405.6,405.6,0
20251208  11:15,405.6,405.6,405.6,405.6,0
20251208  11:16,405.6,405.6,405.6,405.6,0
20251208  11:17,405.6,405.6,405.6,405.6,0
20251208  11:18,405.6,405.6,405.6,405.6,0
20251208  11:19,405.6,405.6,405.6,405.6,0
20251208  11:20,405.6,405.6,405.6,405.6,0
20251208  11:21,405.6,405.6,405.6,405.6,0
20251208  11:22,405.6,405.6,405.6,405.6,0
20251208  11:23,405.6,405.6,405.6,405.6,0
20251208  11:24,405.6,405.6,405.6,405.6,0
20251208  11:25,405.6,405.6,405.6,405.6,0
20251208  11:26,405.6,405.6,405.6,405.6,0
20251208  11:27,405.6,405.6,405.6,405.6,0
20251208  11:28,405.6,405.6,405.6,405.6,0
20251208  11:29,405.6,405.6,405.6,405.6,0
20251208  11:30,405.6,405.6,405.6,405.6,0
20251208  11:31,405.6,405.6,405.6,405.6,0
20251208  11:32,405.6,405.6,405.6,405.6,0
20251208  11:33,405.6,405.6,405.6,405.6,0
20251208  11:34,405.6,405.6,405.6,405.6,0
20251208  11:35,405.6,405.6,405.6,405.6,0
20251208  11:36,405.6,405.6,405.6,405.6,0
20251208  11:37,405.6,405.6,405.6,405.6,0
20251208  11:38,405.6,405.6,405.6,405.6,0
20251208  11:39,405.6,405.6,405.6,405.6,0
20251208  11:40,405.6,405.6,405.6,405.6,0
20251208  11:41,405.6,405.6,405.6,405.6,0
20251208  11:42,405.6,405.6,405.6,405.6,0
20251208  11:43,405.6,405.6,405.6,405.6,0
20251208  11:44,405.6,405.6,405.6,405.6,0
20251208  11:45,405.6,405.6,405.6,405.6,0
20251208  11:46,405.6,405.6,405.6,405.6,0
20251208  11:47,405.6,405.6,405.6,405.6,0
20251208  11:48,405.6,405.6,405.6,405.6,0
20251208  11:49,405.6,405.6,405.6,405.6,0
20251208  11:50,405.6,405.6,405.6,405.6,0
20251208  11:51,405.6,405.6,405.6,405.6,0
20251208  11:52,405.6,405.6,405.6,405.6,0
20251208  11:53,405.6,405.6,405.6,405.6,0
20251208  11:54,405.6,405.6,405.6,405.6,0
20251208  11:55,405.6,405.6,405.6,405.6,0
20251208  11:56,405.6,405.6,405.6,405.6,0
20251208  11:57,405.6,405.6,405.6,405.6,0
20251208  11:58,405.6,405.6,405.6,405.6,0
20251208  11:59,405.6,405.6,405.6,405.6,0
20251208  12:00,405.6,405.6,405.6,405.6,0
20251208  12:01,405.6,405.6,405.6,405.6,0
20251208  12:02,405.6,405.6,405.6,405.6,0
20251208  12:03,405.6,405.6,405.6,405.6,0
20251208  12:04,405.6,405.6,405.6,405.6,0
20251208  12:05,405.6,405.6,405.6,405.6,0
20251208  12:06,405.6,405.6,405.6,405.6,0
20251208  12:07,405.6,405.6,405.6,405.6,0
20251208  12:08,405.6,405.6,405.6,405.6,0
20251208  12:09,405.6,405.6,405.6,405.6,0
20251208  12:10,405.6,405.6,405.6,405.6,0
20251208  12:11,405.6,405.6,405.6,405.6,0
20251208  12:12,405.6,405.6,405.6,405.6,0
20251208  12:13,405.6,405.6,405.6,405.6,0
20251208  12:14,405.6,405.6,405.6,405.6,0
20251208  12:15,405.6,405.6,405.6,405.6,0
20251208  12:16,405.6,405.6,405.6,405.6,0
20251208  12:17,405.6,405.6,405.6,405.6,0
20251208  12:18,405.6,405.6,405.6,405.6,0
20251208  12:19,405.6,405.6,405.6,405.6,0
20251208  12:20,405.6,405.6,405.6,405.6,0
20251208  12:21,405.6,405.6,405.6,405.6,0
20251208  12:22,405.6,405.6,405.6,405.6,0
20251208  12:23,405.6,405.6,405.6,405.6,0
20251208  12:24,405.6,405.6,405.6,405.6,0
20251208  12:25,405.6,405.6,405.6,405.6,0
20251208  12:26,405.6,405.6,405.6,405.6,0
20251208  12:27,405.6,405.6,405.6,405.6,0
20251208  12:28,405.6,405.6,405.6,405.6,0
20251208  12:29,405.6,405.6,405.6,405.6,0
20251208  12:30,405.6,405.6,405.6,405.6,0
20251208  12:31,405.6,405.6,405.6,405.6,0
20251208  12:32,405.6,405.6,405.6,405.6,0
20251208  12:33,405.6,405.6,405.6,405.6,0
20251208  12:34,405.6,405.6,405.6,405.6,0
20251208  12:35,405.6,405.6,405.6,405.6,0
20251208  12:36,405.6,405.6,405.6,405.6,0
20251208  12:37,405.6,405.6,405.6,405.6,0
20251208  12:38,405.6,405.6,405.6,405.6,0
20251208  12:39,405.6,405.6,405.6,405.6,0
20251208  12:40,405.6,405.6,405.6,405.6,0
20251208  12:41,405.6,405.6,405.6,405.6,0
20251208  12:42,405.6,405.6,405.6,405.6,0
20251208  12:43,405.6,405.6,405.6,405.6,0
20251208  12:44,405.6,405.6,405.6,405.6,0
20251208  12:45,405.6,405.6,405.6,405.6,0
20251208  12:46,405.6,405.6,405.6,405.6,0
20251208  12:47,405.6,405.6,405.6,405.6,0
20251208  12:48,405.6,405.6,405.6,405.6,0
20251208  12:49,405.6,405.6,405.6,405.6,0
20251208  12:50,405.6,405.6,405.6,405.6,0
20251208  12:51,405.6,405.6,405.6,405.6,0
20251208  12:52,405.6,405.6,405.6,405.6,0
20251208  12:53,405.6,405.6,405.6,405.6,0
20251208  12:54,405.6,405.6,405.6,405.6,0
20251208  12:55,405.6,405.6,405.6,405.6,0
20251208  12:56,405.6,405.6,405.6,405.6,0
20251208  12:57,405.6,405.6,405.6,405.6,0
20251208  12:58,405.6,405.6,405.6,405.6,0
20251208  12:59,405.6,405.6,405.6,405.6,0
20251208  13:00,405.6,405.6,405.6,405.6,0
20251208  13:01,405.6,405.6,405.6,405.6,0
20251208  13:02,405.6,405.6,405.6,405.6,0
20251208  13:03,405.6,405.6,405.6,405.6,0
20251208  13:04,405.6,405.6,405.6,405.6,0
20251208  13:05,405.6,405.6,405.6,405.6,0
20251208  13:06,405.6,405.6,405.6,405.6,0
20251208  13:07,405.6,405.6,405.6,405.6,0
20251208  13:08,405.6,405.6,405.6,405.6,0
20251208  13:09,405.6,405.6,405.6,405.6,0
20251208  13:10,405.6,405.6,405.6,405.6,0
20251208  13:11,405.6,405.6,405.6,405.6,0
20251208  13:12,405.6,405.6,405.6,405.6,0
20251208  13:13,405.6,405.6,405.6,405.6,0
20251208  13:14,405.6,405.6,405.6,405.6,0
20251208  13:15,405.6,405.6,405.6,405.6,0
20251208  13:16,405.6,405.6,405.6,405.6,0
20251208  13:17,405.6,405.6,405.6,405.6,0
20251208  13:18,405.6,405.6,405.6,405.6,0
20251208  13:19,405.6,405.6,405.6,405.6,0
20251208  13:20,405.6,405.6,405.6,405.6,0
20251208  13:21,405.6,405.6,405.6,405.6,0
20251208  13:22,405.6,405.6,405.6,405.6,0
20251208  13:23,405.6,405.6,405.6,405.6,0
20251208  13:24,405.6,405.6,405.6,405.6,0
20251208  13:25,405.6,405.6,405.6,405.6,0
20251208  13:26,405.6,405.6,405.6,405.6,0
20251208  13:27,405.6,405.6,405.6,405.6,0
20251208  13:28,405.6,405.6,405.6,405.6,0
20251208  13:29,405.6,405.6,405.6,405.6,0
20251208  13:30,405.6,405.6,405.6,405.6,0
20251212  11:17,404.45,404.45,404.45,404.45,1
20251212  11:18,404.05,404.05,404.05,404.05,1
20251212  11:19,404.05,404.05,404.05,404.05,0
20251212  11:20,404.05,404.05,404.05,404.05,0
20251212  11:21,404.05,404.05,404.05,404.05,0
20251212  11:22,404.05,404.05,404.05,404.05,0
20251212  11:23,404.05,404.05,404.05,404.05,0
20251212  11:24,404.05,404.05,404.05,404.05,0
20251212  11:25,404.05,404.05,404.05,404.05,0
20251212  11:26,404.05,404.05,404.05,404.05,0
20251212  11:27,404.05,404.05,404.05,404.05,0
20251212  11:28,402.15,402.15,402.15,402.15,1
20251212  11:29,402.15,402.15,402.15,402.15,0
20251212  11:30,402.15,402.15,402.15,402.15,0
20251212  11:31,402.15,402.15,402.15,402.15,0
20251212  11:32,402.15,402.15,402.15,402.15,0
20251212  11:33,402.15,402.15,402.15,402.15,0
20251212  11:34,402.15,402.15,402.15,402.15,0
20251212  11:35,402.15,402.15,402.15,402.15,0
20251212  11:36,402.15,402.15,402.15,402.15,0
20251212  11:37,402.15,402.15,402.15,402.15,0
20251212  11:38,402.15,402.15,402.15,402.15,0
20251212  11:39,402.15,402.15,402.15,402.15,0
20251212  11:40,402.15,402.15,402.15,402.15,0
20251212  11:41,402.15,402.15,402.15,402.15,0
20251212  11:42,402.15,402.15,402.15,402.15,0
20251212  11:43,402.15,402.15,402.15,402.15,0
20251212  11:44,402.15,402.15,402.15,402.15,0
20251212  11:45,402.15,402.15,402.15,402.15,0
20251212  11:46,402.15,402.15,402.15,402.15,0
20251212  11:47,402.15,402.15,402.15,402.15,0
20251212  11:48,402.15,402.15,402.15,402.15,0
20251212  11:49,402.15,402.15,402.15,402.15,0
20251212  11:50,402.15,402.15,402.15,402.15,0
20251212  11:51,402.15,402.15,402.15,402.15,0
20251212  11:52,402.15,402.15,402.15,402.15,0
20251212  11:53,402.15,402.15,402.15,402.15,0
20251212  11:54,402.15,402.15,402.15,402.15,0
20251212  11:55,402.15,402.15,402.15,402.15,0
20251212  11:56,402.15,402.15,402.15,402.15,0
20251212  11:57,402.15,402.15,402.15,402.15,0
20251212  11:58,402.15,402.15,402.15,402.15,0
20251212  11:59,402.15,402.15,402.15,402.15,0
20251212  12:00,402.15,402.15,402.15,402.15,0
20251212  12:01,402.15,402.15,402.15,402.15,0
20251212  12:02,402.15,402.15,402.15,402.15,0
20251212  12:03,402.15,402.15,402.15,402.15,0
20251212  12:04,402.15,402.15,402.15,402.15,0
20251212  12:05,402.15,402.15,402.15,402.15,0
20251212  12:06,402.15,402.15,402.15,402.15,0
20251212  12:07,402.15,402.15,402.15,402.15,0
20251212  12:08,402.15,402.15,402.15,402.15,0
20251212  12:09,402.15,402.15,402.15,402.15,0
20251212  12:10,402.15,402.15,402.15,402.15,0
20251212  12:11,402.15,402.15,402.15,402.15,0
20251212  12:12,402.15,402.15,402.15,402.15,0
20251212  12:13,402.15,402.15,402.15,402.15,0
20251212  12:14,402.15,402.15,402.15,402.15,0
20251212  12:15,402.15,402.15,402.15,402.15,0
20251212  12:16,402.15,402.15,402.15,402.15,0
20251212  12:17,402.15,402.15,402.15,402.15,0
20251212  12:18,402.15,402.15,402.15,402.15,0
20251212  12:19,402.15,402.15,402.15,402.15,0
20251212  12:20,402.15,402.15,402.15,402.15,0
20251212  12:21,402.15,402.15,402.15,402.15,0
20251212  12:22,402.15,402.15,402.15,402.15,0
20251212  12:23,402.15,402.15,402.15,402.15,0
20251212  12:24,402.15,402.15,402.15,402.15,0
20251212  12:25,402.15,402.15,402.15,402.15,0
20251212  12:26,402.15,402.15,402.15,402.15,0
20251212  12:27,402.15,402.15,402.15,402.15,0
20251212  12:28,402.15,402.15,402.15,402.15,0
20251212  12:29,402.15,402.15,402.15,402.15,0
20251212  12:30,402.15,402.15,402.15,402.15,0
20251212  12:31,402.15,402.15,402.15,402.15,0
20251212  12:32,402.15,402.15,402.15,402.15,0
20251212  12:33,402.15,402.15,402.15,402.15,0
20251212  12:34,402.15,402.15,402.15,402.15,0
20251212  12:35,402.15,402.15,402.15,402.15,0
20251212  12:36,402.15,402.15,402.15,402.15,0
20251212  12:37,402.15,402.15,402.15,402.15,0
20251212  12:38,402.15,402.15,402.15,402.15,0
20251212  12:39,402.15,402.15,402.15,402.15,0
20251212  12:40,402.15,402.15,402.15,402.15,0
20251212  12:41,402.15,402.15,402.15,402.15,0
20251212  12:42,402.15,402.15,402.15,402.15,0
20251212  12:43,402.15,402.15,402.15,402.15,0
20251212  12:44,402.15,402.15,402.15,402.15,0
20251212  12:45,402.15,402.15,402.15,402.15,0
20251212  12:46,402.15,402.15,402.15,402.15,0
20251212  12:47,402.15,402.15,402.15,402.15,0
20251212  12:48,402.15,402.15,402.15,402.15,0
20251212  12:49,402.15,402.15,402.15,402.15,0
20251212  12:50,402.15,402.15,402.15,402.15,0
20251212  12:51,402.15,402.15,402.15,402.15,0
20251212  12:52,402.15,402.15,402.15,402.15,0
20251212  12:53,402.15,402.15,402.15,402.15,0
20251212  12:54,402.15,402.15,402.15,402.15,0
20251212  12:55,402.15,402.15,402.15,402.15,0
20251212  12:56,402.15,402.15,402.15,402.15,0
20251212  12:57,402.15,402.15,402.15,402.15,0
20251212  12:58,402.15,402.15,402.15,402.15,0
20251212  12:59,402.15,402.15,402.15,402.15,0
20251212  13:00,402.15,402.15,402.15,402.15,0
20251212  13:01,402.15,402.15,402.15,402.15,0
20251212  13:02,402.15,402.15,402.15,402.15,0
20251212  13:03,402.15,402.15,402.15,402.15,0
20251212  13:04,402.15,402.15,402.15,402.15,0
20251212  13:05,402.15,402.15,402.15,402.15,0
20251212  13:06,402.15,402.15,402.15,402.15,0
20251212  13:07,402.15,402.15,402.15,402.15,0
20251212  13:08,402.15,402.15,402.15,402.15,0
20251212  13:09,402.15,402.15,402.15,402.15,0
20251212  13:10,402.15,402.15,402.15,402.15,0
20251212  13:11,402.15,402.15,402.15,402.15,0
20251212  13:12,402.15,402.15,402.15,402.15,0
20251212  13:13,402.15,402.15,402.15,402.15,0
20251212  13:14,402.15,402.15,402.15,402.15,0
20251212  13:15,402.15,402.15,402.15,402.15,0
20251212  13:16,402.15,402.15,402.15,402.15,0
20251212  13:17,402.15,402.15,402.15,402.15,0
20251212  13:18,402.15,402.15,402.15,402.15,0
20251212  13:19,402.15,402.15,402.15,402.15,0
20251212  13:20,402.15,402.15,402.15,402.15,0
20251212  13:21,402.15,402.15,402.15,402.15,0
20251212  13:22,402.15,402.15,402.15,402.15,0
20251212  13:23,402.15,402.15,402.15,402.15,0
20251212  13:24,402.15,402.15,402.15,402.15,0
20251212  13:25,402.15,402.15,402.15,402.15,0
20251212  13:26,402.15,402.15,402.15,402.15,0
20251212  13:27,402.15,402.15,402.15,402.15,0
20251212  13:28,402.15,402.15,402.15,402.15,0
20251212  13:29,402.15,402.15,402.15,402.15,0
20251212  13:30,402.15,402.15,402.15,402.15,0
20251215  10:43,397.5,397.5,397.5,397.5,1
20251215  10:44,397.5,397.5,397.5,397.5,0
20251215  10:45,397.5,397.5,397.5,397.5,0
20251215  10:46,397.5,397.5,397.5,397.5,0
20251215  10:47,397.5,397.5,397.5,397.5,0
20251215  10:48,397.5,397.5,397.5,397.5,0
20251215  10:49,397.5,397.5,397.5,397.5,0
20251215  10:50,397.5,397.5,397.5,397.5,0
20251215  10:51,397.5,397.5,397.5,397.5,0
20251215  10:52,397.5,397.5,397.5,397.5,0
20251215  10:53,397.5,397.5,397.5,397.5,0
20251215  10:54,397.5,397.5,397.5,397.5,0
20251215  10:55,397.5,397.5,397.5,397.5,0
20251215  10:56,397.5,397.5,397.5,397.5,0
20251215  10:57,397.5,397.5,397.5,397.5,0
20251215  10:58,397.5,397.5,397.5,397.5,0
20251215  10:59,397.5,397.5,397.5,397.5,0
20251215  11:00,397.5,397.5,397.5,397.5,0
20251215  11:01,397.5,397.5,397.5,397.5,0
20251215  11:02,397.5,397.5,397.5,397.5,0
20251215  11:03,397.5,397.5,397.5,397.5,0
20251215  11:04,397.5,397.5,397.5,397.5,0
20251215  11:05,397.5,397.5,397.5,397.5,0
20251215  11:06,397.5,397.5,397.5,397.5,0
20251215  11:07,397.5,397.5,397.5,397.5,0
20251215  11:08,397.5,397.5,397.5,397.5,0
20251215  11:09,397.5,397.5,397.5,397.5,0
20251215  11:10,397.5,397.5,397.5,397.5,0
20251215  11:11,397.5,397.5,397.5,397.5,0
20251215  11:12,397.5,397.5,397.5,397.5,0
20251215  11:13,397.5,397.5,397.5,397.5,0
20251215  11:14,397.5,397.5,397.5,397.5,0
20251215  11:15,397.5,397.5,397.5,397.5,0
20251215  11:16,397.5,397.5,397.5,397.5,0
20251215  11:17,397.5,397.5,397.5,397.5,0
20251215  11:18,397.5,397.5,397.5,397.5,0
20251215  11:19,397.5,397.5,397.5,397.5,0
20251215  11:20,397.5,397.5,397.5,397.5,0
20251215  11:21,397.5,397.5,397.5,397.5,0
20251215  11:22,397.5,397.5,397.5,397.5,0
20251215  11:23,397.5,397.5,397.5,397.5,0
20251215  11:24,397.5,397.5,397.5,397.5,0
20251215  11:25,397.5,397.5,397.5,397.5,0
20251215  11:26,397.5,397.5,397.5,397.5,0
20251215  11:27,397.5,397.5,397.5,397.5,0
20251215  11:28,397.5,397.5,397.5,397.5,0
20251215  11:29,397.5,397.5,397.5,397.5,0
20251215  11:30,397.5,397.5,397.5,397.5,0
20251215  11:31,397.5,397.5,397.5,397.5,0
20251215  11:32,397.5,397.5,397.5,397.5,0
20251215  11:33,397.5,397.5,397.5,397.5,0
20251215  11:34,397.5,397.5,397.5,397.5,0
20251215  11:35,397.5,397.5,397.5,397.5,0
20251215  11:36,397.5,397.5,397.5,397.5,0
20251215  11:37,397.5,397.5,397.5,397.5,0
20251215  11:38,397.5,397.5,397.5,397.5,0
20251215  11:39,397.5,397.5,397.5,397.5,0
20251215  11:40,397.5,397.5,397.5,397.5,0
20251215  11:41,397.5,397.5,397.5,397.5,0
20251215  11:42,397.5,397.5,397.5,397.5,0
20251215  11:43,397.5,397.5,397.5,397.5,0
20251215  11:44,397.5,397.5,397.5,397.5,0
20251215  11:45,397.5,397.5,397.5,397.5,0
20251215  11:46,397.5,397.5,397.5,397.5,0
20251215  11:47,397.5,397.5,397.5,397.5,0
20251215  11:48,397.5,397.5,397.5,397.5,0
20251215  11:49,397.5,397.5,397.5,397.5,0
20251215  11:50,397.5,397.5,397.5,397.5,0
20251215  11:51,397.5,397.5,397.5,397.5,0
20251215  11:52,397.5,397.5,397.5,397.5,0
20251215  11:53,397.5,397.5,397.5,397.5,0
20251215  11:54,397.5,397.5,397.5,397.5,0
20251215  11:55,397.5,397.5,397.5,397.5,0
20251215  11:56,397.5,397.5,397.5,397.5,0
20251215  11:57,397.5,397.5,397.5,397.5,0
20251215  11:58,397.5,397.5,397.5,397.5,0
20251215  11:59,397.5,397.5,397.5,397.5,0
20251215  12:00,397.5,397.5,397.5,397.5,0
20251215  12:01,397.5,397.5,397.5,397.5,0
20251215  12:02,397.5,397.5,397.5,397.5,0
20251215  12:03,397.5,397.5,397.5,397.5,0
20251215  12:04,397.5,397.5,397.5,397.5,0
20251215  12:05,397.5,397.5,397.5,397.5,0
20251215  12:06,397.5,397.5,397.5,397.5,0
20251215  12:07,397.5,397.5,397.5,397.5,0
20251215  12:08,397.5,397.5,397.5,397.5,0
20251215  12:09,397.5,397.5,397.5,397.5,0
20251215  12:10,397.5,397.5,397.5,397.5,0
20251215  12:11,397.5,397.5,397.5,397.5,0
20251215  12:12,397.5,397.5,397.5,397.5,0
20251215  12:13,397.5,397.5,397.5,397.5,0
20251215  12:14,397.5,397.5,397.5,397.5,0
20251215  12:15,397.5,397.5,397.5,397.5,0
20251215  12:16,397.5,397.5,397.5,397.5,0
20251215  12:17,397.5,397.5,397.5,397.5,0
20251215  12:18,397.5,397.5,397.5,397.5,0
20251215  12:19,397.5,397.5,397.5,397.5,0
20251215  12:20,397.5,397.5,397.5,397.5,0
20251215  12:21,397.5,397.5,397.5,397.5,0
20251215  12:22,391.5,391.5,391.5,391.5,3
20251215  12:23,391.5,391.5,391.5,391.5,0
20251215  12:24,391.5,391.5,391.5,391.5,0
20251215  12:25,391.5,391.5,391.5,391.5,0
20251215  12:26,391.5,391.5,391.5,391.5,0
20251215  12:27,391.5,391.5,391.5,391.5,0
20251215  12:28,391.5,391.5,391.5,391.5,0
20251215  12:29,391.5,391.5,391.5,391.5,0
20251215  12:30,391.5,391.5,391.5,391.5,0
20251215  12:31,391.5,391.5,391.5,391.5,0
20251215  12:32,391.5,391.5,391.5,391.5,0
20251215  12:33,391.5,391.5,391.5,391.5,0
20251215  12:34,391.5,391.5,391.5,391.5,0
20251215  12:35,391.5,391.5,391.5,391.5,0
20251215  12:36,391.5,391.5,391.5,391.5,0
20251215  12:37,391.5,391.5,391.5,391.5,0
20251215  12:38,391.5,391.5,391.5,391.5,0
20251215  12:39,391.5,391.5,391.5,391.5,0
20251215  12:40,391.5,391.5,391.5,391.5,0
20251215  12:41,391.5,391.5,391.5,391.5,0
20251215  12:42,391.5,391.5,391.5,391.5,0
20251215  12:43,391.5,391.5,391.5,391.5,0
20251215  12:44,391.5,391.5,391.5,391.5,0
20251215  12:45,391.5,391.5,391.5,391.5,0
20251215  12:46,391.5,391.5,391.5,391.5,0
20251215  12:47,391.5,391.5,391.5,391.5,0
20251215  12:48,391.5,391.5,391.5,391.5,0
20251215  12:49,391.5,391.5,391.5,391.5,0
20251215  12:50,391.5,391.5,391.5,391.5,0
20251215  12:51,391.5,391.5,391.5,391.5,0
20251215  12:52,391.5,391.5,391.5,391.5,0
20251215  12:53,391.5,391.5,391.5,391.5,0
20251215  12:54,391.5,391.5,391.5,391.5,0
20251215  12:55,391.5,391.5,391.5,391.5,0
20251215  12:56,391.5,391.5,391.5,391.5,0
20251215  12:57,391.5,391.5,391.5,391.5,0
20251215  12:58,391.5,391.5,391.5,391.5,0
20251215  12:59,391.5,391.5,391.5,391.5,0
20251215  13:00,391.5,391.5,391.5,391.5,0
20251215  13:01,391.5,391.5,391.5,391.5,0
20251215  13:02,391.5,391.5,391.5,391.5,0
20251215  13:03,391.5,391.5,391.5,391.5,0
20251215  13:04,391.5,391.5,391.5,391.5,0
20251215  13:05,391.5,391.5,391.5,391.5,0
20251215  13:06,391.5,391.5,391.5,391.5,0
20251215  13:07,391.5,391.5,391.5,391.5,0
20251215  13:08,391.5,391.5,391.5,391.5,0
20251215  13:09,391.5,391.5,391.5,391.5,0
20251215  13:10,391.5,391.5,391.5,391.5,0
20251215  13:11,391.5,391.5,391.5,391.5,0
20251215  13:12,391.5,391.5,391.5,391.5,0
20251215  13:13,391.5,391.5,391.5,391.5,0
20251215  13:14,391.5,391.5,391.5,391.5,0
20251215  13:15,391.5,391.5,391.5,391.5,0
20251215  13:16,391.5,391.5,391.5,391.5,0
20251215  13:17,391.5,391.5,391.5,391.5,0
20251215  13:18,391.5,391.5,391.5,391.5,0
20251215  13:19,391.5,391.5,391.5,391.5,0
20251215  13:20,391.5,391.5,391.5,391.5,0
20251215  13:21,391.5,391.5,391.5,391.5,0
20251215  13:22,391.5,391.5,391.5,391.5,0
20251215  13:23,391.5,391.5,391.5,391.5,0
20251215  13:24,391.5,391.5,391.5,391.5,0
20251215  13:25,391.5,391.5,391.5,391.5,0
20251215  13:26,391.5,391.5,391.5,391.5,0
20251215  13:27,391.5,391.5,391.5,391.5,0
20251215  13:28,391.5,391.5,391.5,391.5,0
20251215  13:29,391.5,391.5,391.5,391.5,0
20251215  13:30,391.5,391.5,391.5,391.5,0
20251216  13:07,382.0,382.0,382.0,382.0,6
20251216  13:08,382.0,382.0,382.0,382.0,0
20251216  13:09,382.0,382.0,382.0,382.0,0
20251216  13:10,382.0,382.0,382.0,382.0,0
20251216  13:11,382.0,382.0,382.0,382.0,0
20251216  13:12,382.0,382.0,382.0,382.0,0
20251216  13:13,382.0,382.0,382.0,382.0,0
20251216  13:14,382.0,382.0,382.0,382.0,0
20251216  13:15,382.0,382.0,382.0,382.0,0
20251216  13:16,382.0,382.0,382.0,382.0,0
20251216  13:17,382.0,382.0,382.0,382.0,0
20251216  13:18,383.8,383.8,383.8,383.8,1
20251216  13:19,383.8,383.8,383.8,383.8,0
20251216  13:20,383.8,383.8,383.8,383.8,0
20251216  13:21,383.8,383.8,383.8,383.8,0
20251216  13:22,383.8,383.8,383.8,383.8,0
20251216  13:23,383.8,383.8,383.8,383.8,0
20251216  13:24,383.8,383.8,383.8,383.8,0
20251216  13:25,383.8,383.8,383.8,383.8,0
20251216  13:26,383.8,383.8,383.8,383.8,0
20251216  13:27,383.8,383.8,383.8,383.8,0
20251216  13:28,383.8,383.8,383.8,383.8,0
20251216  13:29,383.8,383.8,383.8,383.8,0
20251216  13:30,383.8,383.8,383.8,383.8,0
